2356.32 -2356.32
4708.89 -4708.89
7057.69 -7057.69
9363.32 -9363.32
11327.3 -11327.3
12910.4 -12910.4
14178.1 -14178.1
15104.3 -15104.3
15694.1 -15694.1
15567.8 -15567.8
15263.3 -15263.3
15870.1 -15870.1
16344 -16344
16887.4 -16887.4
17412.4 -17412.4
17872.5 -17872.5
18107.8 -18107.8
18342.2 -18342.2
18576.2 -18576.2
18809.7 -18809.7
18985.4 -18985.4
18834.3 -18834.3
18638 -18638
18441.5 -18441.5
18245 -18245
18048.3 -18048.3
17948 -17948
17973 -17973
18089.1 -18089.1
18256.7 -18256.7
18468.1 -18468.1
18703.3 -18703.3
18938.5 -18938.5
19172 -19172
19412.5 -19412.5
19689.3 -19689.3
20047.1 -20047.1
20406.7 -20406.7
20766.2 -20766.2
21119.9 -21119.9
21469.3 -21469.3
21818.4 -21818.4
22163 -22163
22499.8 -22499.8
22773.9 -22773.9
22424.9 -22424.9
22446.6 -22446.6
22486.5 -22486.5
22526 -22526
22565.2 -22565.2
22603.9 -22603.9
22642.2 -22642.2
22653.4 -22653.4
22648.6 -22648.6
22694.2 -22694.2
22745.2 -22745.2
22795.3 -22795.3
22853.3 -22853.3
22900.6 -22900.6
22947.7 -22947.7
22994.7 -22994.7
23041.8 -23041.8
23088.8 -23088.8
23135.6 -23135.6
23182.3 -23182.3
23228.9 -23228.9
23275.3 -23275.3
23321.6 -23321.6
23367.8 -23367.8
23413.9 -23413.9
23460 -23460
23506.3 -23506.3
23552.4 -23552.4
23598.4 -23598.4
23644.3 -23644.3
23689.9 -23689.9
23735.5 -23735.5
23780.9 -23780.9
23826.1 -23826.1
23871.2 -23871.2
23916.2 -23916.2
23961 -23961
24005.6 -24005.6
24050.1 -24050.1
24094.5 -24094.5
24138.7 -24138.7
24182.7 -24182.7
24230.5 -24230.5
24281 -24281
24331.6 -24331.6
24382.1 -24382.1
24432.3 -24432.3
24481.8 -24481.8
24531.1 -24531.1
24580.2 -24580.2
24629.1 -24629.1
24677.8 -24677.8
24726.3 -24726.3
24774.6 -24774.6
24822.7 -24822.7
24870.6 -24870.6
24918.3 -24918.3
24965.7 -24965.7
25013 -25013
25060 -25060
25106.8 -25106.8
25153.5 -25153.5
25200.8 -25200.8
25247.8 -25247.8
25293.9 -25293.9
25339.9 -25339.9
24848.4 -24848.4
24357 -24357
23865.7 -23865.7
23374.5 -23374.5
22883.5 -22883.5
22392.8 -22392.8
21902.3 -21902.3
21412.2 -21412.2
20922.4 -20922.4
20432.9 -20432.9
19943.9 -19943.9
19455.4 -19455.4
18967.3 -18967.3
18479.8 -18479.8
17992.8 -17992.8
17506.5 -17506.5
17020.8 -17020.8
16535.8 -16535.8
16051.6 -16051.6
15568.1 -15568.1
15085.4 -15085.4
14603.5 -14603.5
14122.6 -14122.6
13642.6 -13642.6
13163.6 -13163.6
12685.6 -12685.6
12208.7 -12208.7
11732.9 -11732.9
11258.3 -11258.3
10785 -10785
10312.9 -10312.9
9842.1 -9842.1
9372.71 -9372.71
8904.76 -8904.76
8438.31 -8438.31
7973.42 -7973.42
7510.14 -7510.14
7048.53 -7048.53
6588.67 -6588.67
6130.62 -6130.62
5674.45 -5674.45
5220.22 -5220.22
4768.01 -4768.01
4317.88 -4317.88
3869.93 -3869.93
3424.22 -3424.22
2980.84 -2980.84
2539.86 -2539.86
2101.37 -2101.37
1665.47 -1665.47
1241.85 -1241.85
818.417 -818.417
393.606 -393.606
-51.6111 51.6111
-830.987 830.987
-1697.43 1697.43
-2529.35 2529.35
-3329.24 3329.24
-4098.66 4098.66
-4837.74 4837.74
-5546.74 5546.74
-6226.06 6226.06
-6869.9 6869.9
-7476.62 7476.62
-8057.48 8057.48
-8607.77 8607.77
-9127.98 9127.98
-9621.74 9621.74
-10088.4 10088.4
-10530.8 10530.8
-10948.5 10948.5
-11349.1 11349.1
-11733.4 11733.4
-12079.9 12079.9
-12401.5 12401.5
-12711.2 12711.2
-12993.5 12993.5
-13264.6 13264.6
-13526.3 13526.3
-13778.9 13778.9
-14022.8 14022.8
-14258.1 14258.1
-14485.4 14485.4
-14702.9 14702.9
-14907.6 14907.6
-15105 15105
-15295.5 15295.5
-15479.8 15479.8
-15658 15658
-15830.4 15830.4
-15997.4 15997.4
-16173.4 16173.4
-16349.5 16349.5
-16520.6 16520.6
-16686.7 16686.7
-16817.2 16817.2
-16918.6 16918.6
-17014.8 17014.8
-17107.5 17107.5
-17196.9 17196.9
-17283.2 17283.2
-17366.4 17366.4
-17446.8 17446.8
-17524.4 17524.4
-17599.4 17599.4
-17671.9 17671.9
-17742 17742
-17809.7 17809.7
-17875.4 17875.4
-17938.9 17938.9
-18000.5 18000.5
-18060.3 18060.3
-18118.2 18118.2
-18174.4 18174.4
-18229 18229
-18282 18282
-18334 18334
-18393.1 18393.1
-18450.9 18450.9
-18507.3 18507.3
-18562.4 18562.4
-18616.4 18616.4
-18669.2 18669.2
-18720.9 18720.9
-18771.5 18771.5
-19354.6 19354.6
-20049.6 20049.6
-20730.3 20730.3
-21297.4 21297.4
-21872.8 21872.8
-22445.8 22445.8
-23002.2 23002.2
-23558.2 23558.2
-24101.3 24101.3
-24637.9 24637.9
-25170.9 25170.9
-25696.6 25696.6
-26281.7 26281.7
-26870.7 26870.7
-27488.7 27488.7
-28090 28090
-28704.4 28704.4
-29326.5 29326.5
-29959.3 29959.3
-30626.7 30626.7
-31306 31306
-31964.6 31964.6
-32618.8 32618.8
-33272.5 33272.5
-33864.5 33864.5
-34452.4 34452.4
-35040.5 35040.5
-35635.8 35635.8
-36229.6 36229.6
-36821.4 36821.4
-37416 37416
-38009.8 38009.8
-38617.7 38617.7
-39220.4 39220.4
-39814.5 39814.5
-40408.1 40408.1
-40996.1 40996.1
-41576.3 41576.3
-42120 42120
-42624.1 42624.1
-43127.6 43127.6
-43630.4 43630.4
-44132.2 44132.2
-44632.9 44632.9
-45132.3 45132.3
-45633.3 45633.3
-46169.4 46169.4
-46702.1 46702.1
-47245.2 47245.2
-47789.9 47789.9
-48332.1 48332.1
-48871.2 48871.2
-49392.1 49392.1
-49892.2 49892.2
-50357.8 50357.8
-50732.3 50732.3
-50942.7 50942.7
-51062.2 51062.2
-51167.2 51167.2
-51270.1 51270.1
-51373.3 51373.3
-51476 51476
-51578.1 51578.1
-51679.8 51679.8
-51780.9 51780.9
-51881.5 51881.5
-51981.7 51981.7
-52081.2 52081.2
-52174 52174
-52235.1 52235.1
-52296 52296
-52356.6 52356.6
-52417.1 52417.1
-52477.4 52477.4
-52537.5 52537.5
-52597.4 52597.4
-52653.8 52653.8
-52697.2 52697.2
-52740.5 52740.5
-52783.7 52783.7
-52826.8 52826.8
-52869.8 52869.8
-52912.7 52912.7
-52955.5 52955.5
-52998.1 52998.1
-53040.7 53040.7
-53083.1 53083.1
-53125.5 53125.5
-53167.7 53167.7
-53209.8 53209.8
-53251.9 53251.9
-53293.7 53293.7
-53335.5 53335.5
-53377.2 53377.2
-53418.8 53418.8
-53460.2 53460.2
-53501.5 53501.5
-52770.3 52770.3
-52039.1 52039.1
-51307.9 51307.9
-50576.8 50576.8
-49845.6 49845.6
-49114.6 49114.6
-48383.6 48383.6
-47652.7 47652.7
-46921.8 46921.8
-46191.1 46191.1
-45460.4 45460.4
-44729.9 44729.9
-43999.5 43999.5
-43269.2 43269.2
-42539.1 42539.1
-41809.4 41809.4
-41083.7 41083.7
-40360.8 40360.8
-39638 39638
-38915.4 38915.4
-38193 38193
-37470.9 37470.9
-36748.9 36748.9
-36027.2 36027.2
-35305.8 35305.8
-34584.6 34584.6
-33863.7 33863.7
-33143.1 33143.1
-32422.8 32422.8
-31702.8 31702.8
-30983.2 30983.2
-30263.9 30263.9
-29544.9 29544.9
-28826.3 28826.3
-28108.1 28108.1
-27390.3 27390.3
-26672.9 26672.9
-25956 25956
-25239.5 25239.5
-24523.4 24523.4
-23807.8 23807.8
-23092.7 23092.7
-22378.1 22378.1
-21664.1 21664.1
-20950.5 20950.5
-20237.6 20237.6
-19532.8 19532.8
-18828.5 18828.5
-18130.6 18130.6
-17437.9 17437.9
-16745.9 16745.9
-16054.5 16054.5
-15363.8 15363.8
-14673.7 14673.7
-13984.3 13984.3
-13295.6 13295.6
-12607.6 12607.6
-11950 11950
-11301.3 11301.3
-10653.5 10653.5
-10006.2 10006.2
-9359.85 9359.85
-8714.44 8714.44
-8144.38 8144.38
-7596.02 7596.02
-7049.75 7049.75
-6505.75 6505.75
-5964.56 5964.56
-5426.28 5426.28
-4897.21 4897.21
-4376.1 4376.1
-3858.08 3858.08
-3343.87 3343.87
-2844.11 2844.11
-2352.41 2352.41
-1878.84 1878.84
-1420.85 1420.85
-976.992 976.992
-544.886 544.886
-132.114 132.114
171.309 -171.309
472.912 -472.912
783.425 -783.425
1137.72 -1137.72
1507.13 -1507.13
1885.23 -1885.23
2260.9 -2260.9
2634.06 -2634.06
3004.63 -3004.63
3372.54 -3372.54
3737.71 -3737.71
4100.06 -4100.06
4459.51 -4459.51
4815.98 -4815.98
5169.36 -5169.36
5519.58 -5519.58
5866.55 -5866.55
6210.2 -6210.2
6550.44 -6550.44
6887.17 -6887.17
7220.29 -7220.29
7549.73 -7549.73
7875.38 -7875.38
8197.16 -8197.16
8514.97 -8514.97
8828.72 -8828.72
9138.31 -9138.31
9443.65 -9443.65
9744.65 -9744.65
10041.2 -10041.2
10333.3 -10333.3
10620.7 -10620.7
10903.5 -10903.5
11181.5 -11181.5
11454.6 -11454.6
11722.8 -11722.8
11986 -11986
12244.2 -12244.2
12497.3 -12497.3
12745.2 -12745.2
12987.9 -12987.9
13225.3 -13225.3
13457.4 -13457.4
13684.3 -13684.3
13905.8 -13905.8
14122 -14122
14332.8 -14332.8
14538.3 -14538.3
14738.5 -14738.5
14933.4 -14933.4
15123 -15123
15307.4 -15307.4
15486.7 -15486.7
15660.8 -15660.8
15829.9 -15829.9
15994.1 -15994.1
16153.3 -16153.3
16307.7 -16307.7
16457.5 -16457.5
16602.5 -16602.5
16743.1 -16743.1
16879.3 -16879.3
17011.1 -17011.1
17138.8 -17138.8
17262.3 -17262.3
17382 -17382
17497.7 -17497.7
17609.7 -17609.7
17718.1 -17718.1
17823.1 -17823.1
17924.6 -17924.6
18022.8 -18022.8
18118 -18118
18210 -18210
18299.2 -18299.2
18385.5 -18385.5
18469.2 -18469.2
18550.2 -18550.2
18628.8 -18628.8
18704.9 -18704.9
18778.8 -18778.8
18850.4 -18850.4
18919.9 -18919.9
18987.4 -18987.4
19053 -19053
19116.6 -19116.6
19178.5 -19178.5
19238.7 -19238.7
19297.2 -19297.2
19354.1 -19354.1
19409.5 -19409.5
19463.5 -19463.5
19516 -19516
19567.3 -19567.3
19617.2 -19617.2
19665.9 -19665.9
19713.5 -19713.5
19759.9 -19759.9
19805.2 -19805.2
19849.4 -19849.4
19892.7 -19892.7
19935 -19935
19976.4 -19976.4
20016.9 -20016.9
20056.5 -20056.5
20095.3 -20095.3
20133.3 -20133.3
20170.6 -20170.6
20207.1 -20207.1
20243 -20243
20278.1 -20278.1
20312.6 -20312.6
20346.5 -20346.5
20379.8 -20379.8
20412.4 -20412.4
20444.6 -20444.6
20476.2 -20476.2
20507.2 -20507.2
20537.8 -20537.8
20567.9 -20567.9
20597.5 -20597.5
20626.6 -20626.6
20655.3 -20655.3
20683.6 -20683.6
20711.5 -20711.5
20739 -20739
20766.1 -20766.1
20792.8 -20792.8
20819.2 -20819.2
20845.2 -20845.2
20870.9 -20870.9
20896.3 -20896.3
20921.3 -20921.3
20946.1 -20946.1
20970.5 -20970.5
20994.7 -20994.7
21018.6 -21018.6
21042.2 -21042.2
21065.6 -21065.6
21088.7 -21088.7
21111.5 -21111.5
21134.1 -21134.1
21156.5 -21156.5
21178.7 -21178.7
21200.6 -21200.6
21222.3 -21222.3
21243.9 -21243.9
21265.2 -21265.2
21286.3 -21286.3
21307.2 -21307.2
21328 -21328
21348.5 -21348.5
21368.9 -21368.9
21389.1 -21389.1
21409.2 -21409.2
21429.1 -21429.1
21448.8 -21448.8
21468.3 -21468.3
21487.8 -21487.8
21507 -21507
21526.1 -21526.1
21545.1 -21545.1
21564 -21564
21582.7 -21582.7
21601.2 -21601.2
21619.7 -21619.7
21638 -21638
21656.2 -21656.2
21674.3 -21674.3
21692.2 -21692.2
21710.1 -21710.1
21727.8 -21727.8
21745.4 -21745.4
21763 -21763
21780.4 -21780.4
21797.7 -21797.7
21814.9 -21814.9
21832 -21832
21849 -21849
21865.9 -21865.9
21882.7 -21882.7
21899.5 -21899.5
21916.1 -21916.1
21932.7 -21932.7
21949.1 -21949.1
21965.5 -21965.5
21981.8 -21981.8
21998 -21998
22014.2 -22014.2
22030.2 -22030.2
22046.2 -22046.2
22062.1 -22062.1
22078 -22078
22093.7 -22093.7
22109.4 -22109.4
22125 -22125
22140.6 -22140.6
22156.1 -22156.1
22171.5 -22171.5
22186.8 -22186.8
22202.1 -22202.1
22217.3 -22217.3
22232.5 -22232.5
22247.6 -22247.6
22262.6 -22262.6
22277.6 -22277.6
22292.5 -22292.5
22307.4 -22307.4
22322.2 -22322.2
22336.9 -22336.9
22351.6 -22351.6
22366.3 -22366.3
22380.9 -22380.9
22395.4 -22395.4
22409.9 -22409.9
22424.3 -22424.3
22438.7 -22438.7
22453 -22453
22467.3 -22467.3
22481.6 -22481.6
22495.7 -22495.7
22509.9 -22509.9
22524 -22524
22538 -22538
22552 -22552
22565.9 -22565.9
22579.8 -22579.8
22593.7 -22593.7
22607.3 -22607.3
22620.9 -22620.9
22634.4 -22634.4
22647.8 -22647.8
22661.2 -22661.2
22674.6 -22674.6
22687.9 -22687.9
22701.2 -22701.2
22714.5 -22714.5
22727.7 -22727.7
22740.9 -22740.9
22754.1 -22754.1
22767.2 -22767.2
22780.3 -22780.3
22793.4 -22793.4
22806.4 -22806.4
22819.4 -22819.4
22832.3 -22832.3
22845.2 -22845.2
22858.1 -22858.1
22871 -22871
22883.8 -22883.8
22896.6 -22896.6
22909.4 -22909.4
22922.1 -22922.1
22934.9 -22934.9
22947.5 -22947.5
22960.2 -22960.2
22972.8 -22972.8
22985.4 -22985.4
22998 -22998
23010.5 -23010.5
23023 -23023
23035.5 -23035.5
23048 -23048
23060.4 -23060.4
23072.8 -23072.8
23085.2 -23085.2
23109.2 -23109.2
23162.7 -23162.7
23216.1 -23216.1
23269.4 -23269.4
23322.7 -23322.7
23375.9 -23375.9
23429 -23429
23482 -23482
23534.9 -23534.9
23587.8 -23587.8
23640.5 -23640.5
23693.2 -23693.2
23745.7 -23745.7
23798.2 -23798.2
23850.6 -23850.6
23902.8 -23902.8
23954.9 -23954.9
24006.9 -24006.9
24058.8 -24058.8
24110.5 -24110.5
24162.1 -24162.1
24213.6 -24213.6
24264.8 -24264.8
24315.9 -24315.9
24366.8 -24366.8
24417.5 -24417.5
24468 -24468
24518.3 -24518.3
24568.3 -24568.3
24618.1 -24618.1
24667.5 -24667.5
24716.7 -24716.7
24765.5 -24765.5
24813.9 -24813.9
24862 -24862
24909.6 -24909.6
24956.8 -24956.8
25003.5 -25003.5
25049.6 -25049.6
25094.8 -25094.8
25139.1 -25139.1
25182.8 -25182.8
25225.8 -25225.8
25268 -25268
25309.2 -25309.2
25349.6 -25349.6
25389 -25389
25426.9 -25426.9
25463.7 -25463.7
25499.1 -25499.1
25531.9 -25531.9
25563.6 -25563.6
25594.2 -25594.2
25623.7 -25623.7
25652 -25652
25675.9 -25675.9
25697.4 -25697.4
25717.5 -25880.2
23966.4 -23966.4
24057.2 -24057.2
24218.2 -24218.2
23837.3 -23837.3
23456.5 -23456.5
23075.8 -23075.8
22695.2 -22695.2
22314.8 -22314.8
21934.6 -21934.6
21554.5 -21554.5
21174.8 -21174.8
20795.2 -20795.2
20416 -20416
20037 -20037
19658.4 -19658.4
19280 -19280
18902 -18902
18524.4 -18524.4
18147.2 -18147.2
17770.4 -17770.4
17393.9 -17393.9
17018 -17018
16642.4 -16642.4
16267.4 -16267.4
15892.8 -15892.8
15518.8 -15518.8
15145.3 -15145.3
14772.3 -14772.3
14399.9 -14399.9
14028.1 -14028.1
13656.9 -13656.9
13286.3 -13286.3
12916.4 -12916.4
12547.2 -12547.2
12178.6 -12178.6
11810.8 -11810.8
11443.7 -11443.7
11077.3 -11077.3
10711.8 -10711.8
10347 -10347
9983.11 -9983.11
9620.05 -9620.05
9257.89 -9257.89
8896.63 -8896.63
8536.31 -8536.31
8177.1 -8177.1
7819.2 -7819.2
7462.31 -7462.31
7106.48 -7106.48
6751.72 -6751.72
6398.08 -6398.08
6045.58 -6045.58
5697.78 -5697.78
5355.36 -5355.36
5014.22 -5014.22
4674.4 -4674.4
4335.95 -4335.95
3998.88 -3998.88
3663.26 -3663.26
3329.12 -3329.12
2996.49 -2996.49
2665.42 -2665.42
2335.96 -2335.96
2008.15 -2008.15
1687.51 -1687.51
1377.36 -1377.36
1069.04 -1069.04
762.618 -762.618
462.611 -462.611
178.997 -178.997
-85.0765 85.0765
-343.29 343.29
-605.265 605.265
-866.487 866.487
-1127.26 1127.26
-1388.8 1388.8
-1650.1 1650.1
-1910.79 1910.79
-2170.95 2170.95
-2431.01 2431.01
-2689.07 2689.07
-2945.09 2945.09
-3199.02 3199.02
-3450.81 3450.81
-3700.42 3700.42
-3947.8 3947.8
-4192.91 4192.91
-4435.69 4435.69
-4676.1 4676.1
-4914.11 4914.11
-5149.65 5149.65
-5382.69 5382.69
-5613.18 5613.18
-5841.09 5841.09
-6066.36 6066.36
-6338.41 6338.41
-6645.81 6645.81
-6952.52 6952.52
-7251.4 7251.4
-7542.5 7542.5
-7825.87 7825.87
-8101.59 8101.59
-8369.74 8369.74
-8630.41 8630.41
-8883.7 8883.7
-9129.73 9129.73
-9368.62 9368.62
-9600.5 9600.5
-9825.52 9825.52
-10043.8 10043.8
-10255.6 10255.6
-10460.9 10460.9
-10660 10660
-10852.9 10852.9
-11040 11040
-11221.3 11221.3
-11397.1 11397.1
-11567.4 11567.4
-11732.6 11732.6
-11892.6 11892.6
-12047.8 12047.8
-12198.2 12198.2
-12344 12344
-12485.5 12485.5
-12622.7 12622.7
-12755.8 12755.8
-12885 12885
-13010.3 13010.3
-13132 13132
-13250.2 13250.2
-13365 13365
-13476.5 13476.5
-13584.9 13584.9
-13690.3 13690.3
-13792.8 13792.8
-13892.5 13892.5
-13989.6 13989.6
-14084 14084
-14176 14176
-14265.7 14265.7
-14353 14353
-14438.2 14438.2
-14521.2 14521.2
-14602.2 14602.2
-14681.3 14681.3
-14758.5 14758.5
-14833.9 14833.9
-14907.6 14907.6
-14979.6 14979.6
-15050.1 15050.1
-15118.9 15118.9
-15186.3 15186.3
-15252.3 15252.3
-15316.9 15316.9
-15380.2 15380.2
-15442.2 15442.2
-15503 15503
-15562.6 15562.6
-15621 15621
-15678.4 15678.4
-15734.7 15734.7
-15790 15790
-15844.3 15844.3
-15897.6 15897.6
-15950.1 15950.1
-16001.6 16001.6
-16052.3 16052.3
-16102.1 16102.1
-16151.2 16151.2
-16199.5 16199.5
-16247 16247
-16293.9 16293.9
-16340 16340
-16385.4 16385.4
-16430.2 16430.2
-16474.4 16474.4
-16517.9 16517.9
-16560.9 16560.9
-16603.2 16603.2
-16645 16645
-16686.3 16686.3
-16727.1 16727.1
-16767.3 16767.3
-16807 16807
-16846.3 16846.3
-16885.1 16885.1
-16923.4 16923.4
-16961.3 16961.3
-16998.8 16998.8
-17035.8 17035.8
-17072.4 17072.4
-17108.7 17108.7
-17144.6 17144.6
-17180 17180
-17215.2 17215.2
-17249.9 17249.9
-17284.4 17284.4
-17318.5 17318.5
-17352.2 17352.2
-17385.7 17385.7
-17418.8 17418.8
-17451.6 17451.6
-17484.2 17484.2
-17516.4 17516.4
-17548.4 17548.4
-17580.1 17580.1
-17611.5 17611.5
-17642.6 17642.6
-17673.5 17673.5
-17704.2 17704.2
-17734.6 17734.6
-17764.7 17764.7
-17794.6 17794.6
-17824.3 17824.3
-17853.8 17853.8
-17883 17883
-17912.1 17912.1
-17940.9 17940.9
-17969.5 17969.5
-17997.9 17997.9
-18026.1 18026.1
-18054.1 18054.1
-18081.9 18081.9
-18109.6 18109.6
-18137 18137
-18164.3 18164.3
-18191.4 18191.4
-18218.3 18218.3
-18245 18245
-18271.6 18271.6
-18298 18298
-18324.2 18324.2
-18350.3 18350.3
-18376.3 18376.3
-18402 18402
-18427.7 18427.7
-18453.1 18453.1
-18478.5 18478.5
-18503.6 18503.6
-18528.7 18528.7
-18553.6 18553.6
-18578.3 18578.3
-18603 18603
-18627.5 18627.5
-18651.8 18651.8
-18676 18676
-18700.2 18700.2
-18724.1 18724.1
-18748 18748
-18771.7 18771.7
-18795.3 18795.3
-18818.8 18818.8
-18842.2 18842.2
-18865.4 18865.4
-18888.6 18888.6
-18911.6 18911.6
-18934.5 18934.5
-18957.3 18957.3
-18980 18980
-19002.6 19002.6
-19025.1 19025.1
-19047.5 19047.5
-19069.8 19069.8
-19091.9 19091.9
-19114 19114
-19136 19136
-19157.9 19157.9
-19179.6 19179.6
-19201.3 19201.3
-19222.9 19222.9
-19244.4 19244.4
-19265.8 19265.8
-19287.1 19287.1
-19308.3 19308.3
-19329.4 19329.4
-19350.5 19350.5
-19371.4 19371.4
-19392.3 19392.3
-19413 19413
-19433.7 19433.7
-19454.3 19454.3
-19474.9 19474.9
-19495.3 19495.3
-19515.6 19515.6
-19535.9 19535.9
-19556.1 19556.1
-19576.2 19576.2
-19596.2 19596.2
-19616.2 19616.2
-19636.1 19636.1
-19655.8 19655.8
-19675.6 19675.6
-19695.2 19695.2
-19714.8 19714.8
-19734.3 19734.3
-19753.7 19753.7
-19773 19773
-19792.3 19792.3
-19811.5 19811.5
-19830.6 19830.6
-19849.7 19849.7
-19868.7 19868.7
-19887.6 19887.6
-19906.5 19906.5
-19925.2 19925.2
-19944 19944
-19962.6 19962.6
-19981.2 19981.2
-19999.7 19999.7
-20018.1 20018.1
-20036.5 20036.5
-20054.8 20054.8
-20073.1 20073.1
-20091.3 20091.3
-20109.4 20109.4
-20127.5 20127.5
-20145.5 20145.5
-20163.4 20163.4
-20181.3 20181.3
-20199.1 20199.1
-20216.9 20216.9
-20234.5 20234.5
-20252.2 20252.2
-20269.8 20269.8
-20287.3 20287.3
-20304.7 20304.7
-20322.1 20322.1
-20339.5 20339.5
-20356.8 20356.8
-20374 20374
-20391.2 20391.2
-20408.3 20408.3
-20425.3 20425.3
-20442.3 20442.3
-20459.3 20459.3
-20476.2 20476.2
-20493 20493
-20509.8 20509.8
-20526.6 20526.6
-20543.2 20543.2
-20559.9 20559.9
-20576.4 20576.4
-20593 20593
-20609.4 20609.4
-20625.9 20625.9
-20642.2 20642.2
-20658.6 20658.6
-20674.8 20674.8
-20691 20691
-20707.2 20707.2
-20723.3 20723.3
-20739.4 20739.4
-20755.4 20755.4
-20771.4 20771.4
-21105.3 21105.3
-21720.1 21720.1
-22334 22334
-22947.1 22947.1
-23559.4 23559.4
-24171 24171
-24781.7 24781.7
-25391.7 25391.7
-26000.9 26000.9
-26609.4 26609.4
-27217.1 27217.1
-27847.2 27847.2
-28480.7 28480.7
-29113.3 29113.3
-29745 29745
-30376 30376
-31006.2 31006.2
-31635.5 31635.5
-32264.1 32264.1
-32891.8 32891.8
-33518.8 33518.8
-34144.9 34144.9
-34770.1 34770.1
-35394.5 35394.5
-36018 36018
-36640.4 36640.4
-37261.8 37261.8
-37882 37882
-38500.9 38500.9
-39118.4 39118.4
-39734.2 39734.2
-40348.1 40348.1
-40959.8 40959.8
-41568.9 41568.9
-42175.1 42175.1
-42777.7 42777.7
-43377.6 43377.6
-43976.4 43976.4
-44569 44569
-45154 45154
-45730.2 45730.2
-46295.7 46295.7
-46848.5 46848.5
-47386.2 47386.2
-47906 47906
-48404.7 48404.7
-48878.8 48878.8
-49324.6 49324.6
-49738.6 49738.6
-50118 50118
-50461.1 50461.1
-50765.6 50765.6
-51036.5 51036.5
-51275 51275
-51488.8 51488.8
-51681.7 51681.7
-51857.2 51857.2
-52018.1 52018.1
-52167 52167
-52304.9 52304.9
-52428.5 52428.5
-52544.5 52544.5
-52654.1 52654.1
-52757.9 52757.9
-52854.1 52854.1
-52944.9 52944.9
-53031.5 53031.5
-53114.3 53114.3
-53193.5 53193.5
-53269.6 53269.6
-53342.8 53342.8
-53413.3 53413.3
-53481.4 53481.4
-53547.2 53547.2
-53610.9 53610.9
-53672.6 53672.6
-53732.6 53732.6
-53791 53791
-53847.8 53847.8
-53903.2 53903.2
-53957.3 53957.3
-54010.2 54010.2
-54061.9 54061.9
-54112.5 54112.5
-54162.1 54162.1
-54210.8 54210.8
-54258.6 54258.6
-54305.6 54305.6
-54351.8 54351.8
-54397.3 54397.3
-54442.1 54442.1
-54486.2 54486.2
-54529.7 54529.7
-54572.7 54572.7
-54615.1 54615.1
-54656.9 54656.9
-54698.3 54698.3
-54739.1 54739.1
-54779.6 54779.6
-54819.6 54819.6
-54859.2 54859.2
-54898.3 54898.3
-54937.2 54937.2
-54975.6 54975.6
-55013.7 55013.7
-55051.5 55051.5
-55088.9 55088.9
-55126.1 55126.1
-55162.9 55162.9
-55199.5 55199.5
-55235.8 55235.8
-55271.8 55271.8
-55307.5 55307.5
-55343 55343
-55378.3 55378.3
-55413.3 55413.3
-55448 55448
-55482.6 55482.6
-55516.9 55516.9
-55551 55551
-55584.9 55584.9
-55618.5 55618.5
-55652 55652
-55685.3 55685.3
-55718.3 55718.3
-55751.2 55751.2
-55783.9 55783.9
-55816.4 55816.4
-55848.7 55848.7
-55880.8 55880.8
-55912.7 55912.7
-55944.5 55944.5
-55976 55976
-56007.4 56007.4
-56038.6 56038.6
-56069.7 56069.7
-56100.5 56100.5
-56131.2 56131.2
-56161.7 56161.7
-56192 56192
-56222.1 56222.1
-56252 56252
-56281.7 56281.7
-56311.2 56311.2
-56340.5 56340.5
-56369.6 56369.6
-56398.6 56398.6
-56427.3 56427.3
-56455.9 56455.9
-56484.3 56484.3
-56512.4 56512.4
-56540.4 56540.4
-56568.2 56568.2
-56595.8 56595.8
-56623.2 56623.2
-56650.3 56650.3
-56661.3 56661.3
-56671.9 56671.9
-56682.4 56682.4
-56692.8 56692.8
-56703.1 56703.1
-56713.3 56713.3
-56723.4 56723.4
-56733.4 56733.4
-56743.2 56743.2
-56753 56753
-56762.7 56762.7
-56772.3 56772.3
-56781.8 56781.8
-56791.1 56791.1
-56800.4 56800.4
-56809.5 56809.5
-56818.5 56818.5
-56827.4 56827.4
-56836.2 56836.2
-56844.8 56844.8
-56853.4 56853.4
-56861.8 56861.8
-56870 56870
-56878.1 56878.1
-56886.1 56886.1
-56893.9 56893.9
-56901.6 56901.6
-56909.1 56909.1
-56916.4 56916.4
-56923.6 56923.6
-56930.5 56930.5
-56937.3 56937.3
-56943.8 56943.8
-56950 56950
-56956 56956
-56961.7 56961.7
-56967.1 56967.1
-56972.1 56972.1
-56976.6 56976.6
-56980.7 56980.7
-56984.2 56984.2
-56987 56987
-56988.9 56988.9
-56989.7 56989.7
-56989 56989
-56986.3 56986.3
-56980.4 56980.4
-56968.6 56968.6
-56940.1 56940.1
-56577.2 56577.2
-56709.5 56709.5
-56704.1 56704.1
-56698 56698
-56691.4 56691.4
-56684 56684
-56676 56676
-56667.2 56667.2
-56657.7 56657.7
-56647.3 56647.3
-56636.1 56636.1
-56623.9 56623.9
-56610.7 56610.7
-56596.5 56596.5
-56581 56581
-56567.7 56567.7
-56592.4 56592.4
-56617.1 56617.1
-56641.8 56641.8
-56666.4 56666.4
-56691 56691
-56715.5 56715.5
-56740 56740
-56764.5 56764.5
-56788.9 56788.9
-56813.3 56813.3
-56837.6 56837.6
-56861.9 56861.9
-56886.1 56886.1
-56910.3 56910.3
-56934.4 56934.4
-56955.9 56955.9
-56972.2 56972.2
-56988.5 56988.5
-57004.7 57004.7
-57020.8 57020.8
-56300.3 56300.3
-55580 55580
-54859.7 54859.7
-54139.5 54139.5
-53419.6 53419.6
-52699.8 52699.8
-51980.2 51980.2
-51260.8 51260.8
-50541.7 50541.7
-49822.8 49822.8
-49104.2 49104.2
-48385.9 48385.9
-47668 47668
-46950.3 46950.3
-46233.1 46233.1
-45530.3 45530.3
-44831.6 44831.6
-44133.3 44133.3
-43435.5 43435.5
-42738.1 42738.1
-42041.2 42041.2
-41344.7 41344.7
-40648.8 40648.8
-39953.3 39953.3
-39258.4 39258.4
-38564.1 38564.1
-37870.3 37870.3
-37177.1 37177.1
-36484.5 36484.5
-35792.5 35792.5
-35101.2 35101.2
-34410.5 34410.5
-33720.5 33720.5
-33031.2 33031.2
-32346.7 32346.7
-31673.3 31673.3
-31003.1 31003.1
-30333.7 30333.7
-29665 29665
-28997.1 28997.1
-28330 28330
-27663.7 27663.7
-26998.3 26998.3
-26333.6 26333.6
-25669.9 25669.9
-25007 25007
-24345.1 24345.1
-23684.1 23684.1
-23024 23024
-22364.9 22364.9
-21706.8 21706.8
-21049.7 21049.7
-20393.7 20393.7
-19738.7 19738.7
-19084.8 19084.8
-18432 18432
-17780.3 17780.3
-17129.8 17129.8
-16491.6 16491.6
-15879.2 15879.2
-15288.7 15288.7
-14699.7 14699.7
-14112.2 14112.2
-13526.4 13526.4
-12942.2 12942.2
-12359.6 12359.6
-11778.7 11778.7
-11199.5 11199.5
-10622 10622
-10046.3 10046.3
-9472.11 9472.11
-8899.73 8899.73
-8329.4 8329.4
-7772.54 7772.54
-7217.87 7217.87
-6672.96 6672.96
-6138.87 6138.87
-5736.3 5736.3
-5418.74 5418.74
-5101.54 5101.54
-4784.7 4784.7
-4468.23 4468.23
-4152.14 4152.14
-3836.42 3836.42
-3547.15 3547.15
-3261.52 3261.52
-2976.83 2976.83
-2693.08 2693.08
-2410.47 2410.47
-2129.96 2129.96
-1852.58 1852.58
-1576.47 1576.47
-1303.71 1303.71
-1032.64 1032.64
-764.451 764.451
-498.464 498.464
-236.977 236.977
14.3455 -14.3455
256.646 -256.646
505.61 -505.61
758.107 -758.107
1010.33 -1010.33
1261.52 -1261.52
1511.67 -1511.67
1766.24 -1766.24
2048.12 -2048.12
2328.38 -2328.38
2606.98 -2606.98
2889.16 -2889.16
3170.93 -3170.93
3450.81 -3450.81
3728.77 -3728.77
4004.78 -4004.78
4278.81 -4278.81
4550.81 -4550.81
4820.75 -4820.75
5090.18 -5090.18
5357.57 -5357.57
5622.75 -5622.75
5885.68 -5885.68
6146.33 -6146.33
6404.66 -6404.66
6660.64 -6660.64
6914.22 -6914.22
7165.37 -7165.37
7414.06 -7414.06
7660.24 -7660.24
7903.88 -7903.88
8144.95 -8144.95
8383.41 -8383.41
8619.23 -8619.23
8852.37 -8852.37
9082.8 -9082.8
9310.49 -9310.49
9535.41 -9535.41
9757.53 -9757.53
9976.81 -9976.81
10193.2 -10193.2
10406.8 -10406.8
10617.4 -10617.4
10825.1 -10825.1
11029.9 -11029.9
11231.7 -11231.7
11430.5 -11430.5
11626.2 -11626.2
11819 -11819
12008.7 -12008.7
12195.4 -12195.4
12379 -12379
12559.6 -12559.6
12737.1 -12737.1
12911.6 -12911.6
13083 -13083
13251.3 -13251.3
13416.6 -13416.6
13578.9 -13578.9
13738.1 -13738.1
13894.3 -13894.3
14047.6 -14047.6
14197.9 -14197.9
14345.2 -14345.2
14489.6 -14489.6
14631.1 -14631.1
14769.7 -14769.7
14905.5 -14905.5
15038.4 -15038.4
15168.5 -15168.5
15295.9 -15295.9
15420.5 -15420.5
15542.5 -15542.5
15661.8 -15661.8
15778.5 -15778.5
15892.6 -15892.6
16004.3 -16004.3
16113.4 -16113.4
16220.1 -16220.1
16324.5 -16324.5
16426.5 -16426.5
16526.2 -16526.2
16623.7 -16623.7
16719 -16719
16812.1 -16812.1
16903.1 -16903.1
16992.1 -16992.1
17079.1 -17079.1
17164.1 -17164.1
17247.3 -17247.3
17328.5 -17328.5
17408 -17408
17485.6 -17485.6
17561.6 -17561.6
17635.9 -17635.9
17708.5 -17708.5
17779.5 -17779.5
17849 -17849
17917 -17917
17983.5 -17983.5
18048.6 -18048.6
18112.3 -18112.3
18174.7 -18174.7
18235.7 -18235.7
18295.5 -18295.5
18354 -18354
18411.4 -18411.4
18467.5 -18467.5
18522.6 -18522.6
18576.5 -18576.5
18629.4 -18629.4
18681.2 -18681.2
18732 -18732
18781.8 -18781.8
18830.7 -18830.7
18878.7 -18878.7
18925.8 -18925.8
18972 -18972
19017.4 -19017.4
19061.9 -19061.9
19105.7 -19105.7
19148.7 -19148.7
19190.9 -19190.9
19232.4 -19232.4
19273.3 -19273.3
19313.4 -19313.4
19352.9 -19352.9
19391.7 -19391.7
19429.9 -19429.9
19467.5 -19467.5
19504.5 -19504.5
19541 -19541
19576.8 -19576.8
19612.2 -19612.2
19647 -19647
19681.3 -19681.3
19715.1 -19715.1
19748.4 -19748.4
19781.3 -19781.3
19813.6 -19813.6
19845.6 -19845.6
19877.1 -19877.1
19908.2 -19908.2
19938.9 -19938.9
19969.1 -19969.1
19999 -19999
20028.6 -20028.6
20057.7 -20057.7
20086.5 -20086.5
20114.9 -20114.9
20143 -20143
20170.8 -20170.8
20198.2 -20198.2
20225.3 -20225.3
20252.1 -20252.1
20278.7 -20278.7
20304.9 -20304.9
20330.8 -20330.8
20356.5 -20356.5
20381.9 -20381.9
20407 -20407
20431.8 -20431.8
20456.5 -20456.5
20480.8 -20480.8
20504.9 -20504.9
20528.8 -20528.8
20552.5 -20552.5
20575.9 -20575.9
20599.1 -20599.1
20622.2 -20622.2
20644.9 -20644.9
20667.5 -20667.5
20689.9 -20689.9
20712.1 -20712.1
20734.1 -20734.1
20755.9 -20755.9
20777.6 -20777.6
20799 -20799
20820.3 -20820.3
20841.4 -20841.4
20862.4 -20862.4
20883.2 -20883.2
20903.8 -20903.8
20924.2 -20924.2
20944.6 -20944.6
20964.7 -20964.7
20984.7 -20984.7
21004.6 -21004.6
21024.3 -21024.3
21043.9 -21043.9
21063.4 -21063.4
21082.7 -21082.7
21101.9 -21101.9
21120.9 -21120.9
21139.9 -21139.9
21158.7 -21158.7
21177.4 -21177.4
21196 -21196
21214.4 -21214.4
21232.8 -21232.8
21251 -21251
21269.1 -21269.1
21287.1 -21287.1
21305 -21305
21322.9 -21322.9
21340.6 -21340.6
21358.2 -21358.2
21375.7 -21375.7
21393.1 -21393.1
21410.4 -21410.4
21427.6 -21427.6
21444.8 -21444.8
21461.8 -21461.8
21478.8 -21478.8
21495.6 -21495.6
21512.4 -21512.4
21529.1 -21529.1
21545.7 -21545.7
21562.3 -21562.3
21578.7 -21578.7
21595.1 -21595.1
21611.4 -21611.4
21627.7 -21627.7
21643.8 -21643.8
21659.9 -21659.9
21675.9 -21675.9
21691.8 -21691.8
21707.7 -21707.7
21723.5 -21723.5
21739.2 -21739.2
21754.9 -21754.9
21770.5 -21770.5
21786 -21786
21801.5 -21801.5
21816.9 -21816.9
21832.3 -21832.3
21847.6 -21847.6
21862.8 -21862.8
21878 -21878
21893.1 -21893.1
21908.1 -21908.1
21923.1 -21923.1
21938.1 -21938.1
21953 -21953
21967.8 -21967.8
21982.6 -21982.6
21997.3 -21997.3
22012 -22012
22026.6 -22026.6
22041.2 -22041.2
22055.8 -22055.8
22070.2 -22070.2
22084.7 -22084.7
22099.1 -22099.1
22113.4 -22113.4
22127.7 -22127.7
22141.9 -22141.9
22156.2 -22156.2
22170.3 -22170.3
22184.4 -22184.4
22198.5 -22198.5
22212.5 -22212.5
22226.5 -22226.5
22240.5 -22240.5
22254.4 -22254.4
22268.3 -22268.3
22282.1 -22282.1
22295.9 -22295.9
22309.6 -22309.6
22323.3 -22323.3
22337 -22337
22350.6 -22350.6
22364.2 -22364.2
22377.8 -22377.8
22391.3 -22391.3
22404.8 -22404.8
22418.3 -22418.3
22431.7 -22431.7
22445.1 -22445.1
22458.4 -22458.4
22471.8 -22471.8
22485.1 -22485.1
22498.3 -22498.3
22511.5 -22511.5
22524.7 -22524.7
22537.9 -22537.9
22551 -22551
22564.1 -22564.1
22577.2 -22577.2
22590.2 -22590.2
22603.2 -22603.2
22616.2 -22616.2
22629.2 -22629.2
22642.1 -22642.1
22655 -22655
22667.8 -22667.8
22680.7 -22680.7
22693.5 -22693.5
22706.3 -22706.3
22719 -22719
22731.7 -22731.7
22744.4 -22744.4
22757.1 -22757.1
22769.8 -22769.8
22782.4 -22782.4
22795 -22795
22807.6 -22807.6
22820.1 -22820.1
22832.6 -22832.6
22845.1 -22845.1
22857.6 -22857.6
22870.1 -22870.1
22882.5 -22882.5
22894.9 -22894.9
22907.3 -22907.3
22919.6 -22919.6
22932 -22932
22944.3 -22944.3
22956.6 -22956.6
22968.9 -22968.9
22981.1 -22981.1
22993.3 -22993.3
23005.5 -23005.5
23017.7 -23017.7
23029.9 -23029.9
23042 -23042
23054.2 -23054.2
23066.3 -23066.3
23078.3 -23078.3
23090.4 -23090.4
23102.5 -23102.5
23114.5 -23114.5
23126.5 -23126.5
23138.5 -23138.5
23150.4 -23150.4
23162.4 -23162.4
23174.3 -23174.3
23186.2 -23186.2
23198.1 -23198.1
23210 -23210
23221.8 -23221.8
23233.7 -23233.7
23245.5 -23245.5
23257.3 -23257.3
23269.1 -23269.1
23280.9 -23280.9
23292.6 -23292.6
23304.3 -23304.3
23316.1 -23316.1
23327.8 -23327.8
23339.4 -23339.4
23351.1 -23351.1
23362.8 -23362.8
23374.4 -23374.4
23386 -23386
23397.6 -23397.6
23409.2 -23409.2
23420.8 -23420.8
23432.3 -23432.3
23443.9 -23443.9
23455.4 -23455.4
23466.9 -23466.9
23478.4 -23478.4
23489.9 -23489.9
23501.4 -23501.4
23512.8 -23512.8
23524.2 -23524.2
23535.7 -23535.7
23547.1 -23547.1
23558.5 -23558.5
23569.8 -23569.8
23581.2 -23581.2
23592.6 -23592.6
23603.9 -23603.9
23615.2 -23615.2
23626.5 -23626.5
23637.8 -23637.8
23649.1 -23649.1
23660.4 -23660.4
23671.6 -23671.6
23682.8 -23682.8
23694.1 -23694.1
23705.2 -23705.2
23716.4 -23716.4
23727.3 -23727.3
23738.1 -23738.1
23748.9 -23748.9
23759.7 -23759.7
23770.5 -23770.5
23781.2 -23781.2
23791.9 -23791.9
23802.7 -23802.7
23813.4 -23813.4
23824.1 -23824.1
23834.9 -23834.9
23845.9 -23845.9
23856.8 -23856.8
23867.8 -23867.8
23878.7 -23878.7
23889.6 -23889.6
23900.5 -23900.5
23911.4 -23911.4
23922.3 -23922.3
23933.1 -23933.1
23944 -23944
23954.8 -23954.8
23965.7 -23965.7
23976.5 -23976.5
23987.3 -23987.3
23998.1 -23998.1
24008.9 -24008.9
24019.7 -24019.7
24030.4 -24030.4
24041.2 -24041.2
24052 -24052
24062.7 -24062.7
24073.4 -24073.4
24084.1 -24084.1
24094.9 -24094.9
24105.6 -24105.6
24116.2 -24116.2
24126.9 -24126.9
24137.6 -24137.6
24148.3 -24148.3
24158.9 -24158.9
24169.5 -24169.5
24180.2 -24180.2
24190.8 -24190.8
24201.4 -24201.4
24212 -24212
24222.6 -24222.6
24233.2 -24233.2
24243.8 -24243.8
24254.3 -24254.3
24264.9 -24264.9
24275.4 -24275.4
24286 -24286
24296.5 -24296.5
24307 -24307
24317.5 -24317.5
24328 -24328
24338.5 -24338.5
24349 -24349
24359.5 -24359.5
24369.9 -24369.9
24380.4 -24380.4
24390.8 -24390.8
24401.3 -24401.3
24411.7 -24411.7
24422.1 -24422.1
24432.5 -24432.5
24442.9 -24442.9
24453.3 -24453.3
24463.7 -24463.7
24474.1 -24474.1
24484.5 -24484.5
24494.8 -24494.8
24505.2 -24505.2
24515.5 -24515.5
24525.8 -24525.8
24536.2 -24536.2
24546.5 -24546.5
24556.8 -24556.8
24567.1 -24567.1
24577.4 -24577.4
24587.7 -24587.7
24598 -24598
24608.2 -24608.2
24618.5 -24618.5
24628.7 -24628.7
24639 -24639
24649.2 -24649.2
24659.4 -24659.4
24669.7 -24669.7
24679.9 -24679.9
24690.1 -24690.1
24700.3 -24700.3
24710.4 -24710.4
24720.6 -24720.6
24730.8 -24730.8
24740.9 -24740.9
24751.1 -24751.1
24761.2 -24761.2
24771.4 -24771.4
24781.5 -24781.5
24791.6 -24791.6
24801.7 -24801.7
24811.8 -24811.8
24821.9 -24821.9
24832 -24832
24842.1 -24842.1
24852.2 -24852.2
24862.2 -24862.2
24872.3 -24872.3
24882.3 -24882.3
24526.8 -24526.8
24171.3 -24171.3
23816 -23816
23460.8 -23460.8
23105.8 -23105.8
22751 -22751
22396.4 -22396.4
22042.1 -22042.1
21688 -21688
21334.2 -21334.2
20980.8 -20980.8
20627.6 -20627.6
20274.8 -20274.8
19922.4 -19922.4
19570.3 -19570.3
19218.6 -19218.6
18867.4 -18867.4
18516.6 -18516.6
18166.2 -18166.2
17816.3 -17816.3
17466.9 -17466.9
17118 -17118
16769.7 -16769.7
16422.3 -16422.3
16075.5 -16075.5
15729.2 -15729.2
15383.6 -15383.6
15038.6 -15038.6
14694.2 -14694.2
14350.5 -14350.5
14007.5 -14007.5
13665.2 -13665.2
13323.7 -13323.7
12982.8 -12982.8
12642.8 -12642.8
12303.5 -12303.5
11965.1 -11965.1
11627.5 -11627.5
11290.7 -11290.7
10954.9 -10954.9
10620 -10620
10286 -10286
9953 -9953
9620.99 -9620.99
9290.01 -9290.01
8960.08 -8960.08
8631.23 -8631.23
8303.49 -8303.49
7976.9 -7976.9
7651.48 -7651.48
7327.26 -7327.26
7004.29 -7004.29
6682.58 -6682.58
6362.18 -6362.18
6043.12 -6043.12
5725.44 -5725.44
5409.17 -5409.17
5095.6 -5095.6
4784.53 -4784.53
4474.95 -4474.95
4166.9 -4166.9
3860.43 -3860.43
3555.56 -3555.56
3252.35 -3252.35
2950.83 -2950.83
2651.7 -2651.7
2358.33 -2358.33
2069.32 -2069.32
1782.05 -1782.05
1505.46 -1505.46
1241.15 -1241.15
993.339 -993.339
747.208 -747.208
504.636 -504.636
266.328 -266.328
34.8509 -34.8509
-202.402 202.402
-448.25 448.25
-696.396 696.396
-944.372 944.372
-1191.26 1191.26
-1438.14 1438.14
-1683.92 1683.92
-1929.27 1929.27
-2172.6 2172.6
-2415.65 2415.65
-2657.49 2657.49
-2897.11 2897.11
-3134.47 3134.47
-3369.53 3369.53
-3602.25 3602.25
-3832.6 3832.6
-4060.53 4060.53
-4286.01 4286.01
-4509.01 4509.01
-4729.49 4729.49
-4947.42 4947.42
-5162.76 5162.76
-5375.49 5375.49
-5585.57 5585.57
-5792.98 5792.98
-5997.7 5997.7
-6199.69 6199.69
-6398.94 6398.94
-6595.43 6595.43
-6789.13 6789.13
-6980.03 6980.03
-7168.13 7168.13
-7353.4 7353.4
-7535.83 7535.83
-7758.79 7758.79
-7989.95 7989.95
-8216.22 8216.22
-8436.25 8436.25
-8650.32 8650.32
-8859.21 8859.21
-9062.95 9062.95
-9261.13 9261.13
-9453.6 9453.6
-9640.5 9640.5
-9821.98 9821.98
-9998.19 9998.19
-10169.3 10169.3
-10335.4 10335.4
-10496.7 10496.7
-10653.3 10653.3
-10805.4 10805.4
-10953.1 10953.1
-11096.5 11096.5
-11235.8 11235.8
-11371.2 11371.2
-11502.7 11502.7
-11630.5 11630.5
-11754.7 11754.7
-11875.5 11875.5
-11992.9 11992.9
-12107.1 12107.1
-12218.3 12218.3
-12326.4 12326.4
-12431.6 12431.6
-12534.1 12534.1
-12633.8 12633.8
-12731 12731
-12825.7 12825.7
-12918.1 12918.1
-13008 13008
-13095.8 13095.8
-13181.4 13181.4
-13265 13265
-13346.6 13346.6
-13426.2 13426.2
-13504 13504
-13580 13580
-13654.3 13654.3
-13726.9 13726.9
-13797.9 13797.9
-13867.4 13867.4
-13935.3 13935.3
-14001.9 14001.9
-14067.1 14067.1
-14130.9 14130.9
-14193.4 14193.4
-14254.7 14254.7
-14314.8 14314.8
-14373.7 14373.7
-14431.5 14431.5
-14488.2 14488.2
-14543.8 14543.8
-14598.5 14598.5
-14652.1 14652.1
-14704.8 14704.8
-14756.6 14756.6
-14807.5 14807.5
-14857.5 14857.5
-14906.7 14906.7
-14955.1 14955.1
-15002.7 15002.7
-15049.6 15049.6
-15095.7 15095.7
-15141.1 15141.1
-15185.8 15185.8
-15229.8 15229.8
-15273.2 15273.2
-15316 15316
-15358.2 15358.2
-15399.7 15399.7
-15440.7 15440.7
-15481.1 15481.1
-15521 15521
-15560.4 15560.4
-15599.2 15599.2
-15637.5 15637.5
-15675.4 15675.4
-15712.8 15712.8
-15749.7 15749.7
-15786.2 15786.2
-15822.2 15822.2
-15857.8 15857.8
-15893 15893
-15927.8 15927.8
-15962.2 15962.2
-15996.2 15996.2
-16029.9 16029.9
-16063.2 16063.2
-16096.1 16096.1
-16128.7 16128.7
-16161 16161
-16192.9 16192.9
-16224.5 16224.5
-16255.8 16255.8
-16286.8 16286.8
-16317.4 16317.4
-16347.8 16347.8
-16377.9 16377.9
-16407.8 16407.8
-16437.3 16437.3
-16466.6 16466.6
-16495.7 16495.7
-16524.4 16524.4
-16553 16553
-16581.3 16581.3
-16609.3 16609.3
-16637.1 16637.1
-16664.7 16664.7
-16692.1 16692.1
-16719.2 16719.2
-16746.1 16746.1
-16772.9 16772.9
-16799.4 16799.4
-16825.7 16825.7
-16851.8 16851.8
-16877.7 16877.7
-16903.4 16903.4
-16929 16929
-16954.4 16954.4
-16979.5 16979.5
-17004.5 17004.5
-17029.4 17029.4
-17054 17054
-17078.5 17078.5
-17102.9 17102.9
-17127 17127
-17151.1 17151.1
-17174.9 17174.9
-17198.6 17198.6
-17222.2 17222.2
-17245.6 17245.6
-17268.9 17268.9
-17292 17292
-17315 17315
-17337.8 17337.8
-17360.6 17360.6
-17383.1 17383.1
-17405.6 17405.6
-17427.9 17427.9
-17450.1 17450.1
-17472.2 17472.2
-17494.1 17494.1
-17516 17516
-17537.7 17537.7
-17559.3 17559.3
-17580.8 17580.8
-17602.1 17602.1
-17623.4 17623.4
-17644.6 17644.6
-17665.6 17665.6
-17686.5 17686.5
-17707.4 17707.4
-17728.1 17728.1
-17748.7 17748.7
-17769.2 17769.2
-17789.7 17789.7
-17810 17810
-17830.2 17830.2
-17850.4 17850.4
-17870.4 17870.4
-17890.4 17890.4
-17910.2 17910.2
-17930 17930
-17949.7 17949.7
-17969.3 17969.3
-17988.8 17988.8
-18008.2 18008.2
-18027.6 18027.6
-18046.8 18046.8
-18066 18066
-18085.1 18085.1
-18104.1 18104.1
-18123 18123
-18141.9 18141.9
-18160.7 18160.7
-18179.4 18179.4
-18198 18198
-18216.6 18216.6
-18235.1 18235.1
-18253.5 18253.5
-18271.8 18271.8
-18290.1 18290.1
-18308.3 18308.3
-18326.4 18326.4
-18344.5 18344.5
-18362.5 18362.5
-18380.4 18380.4
-18398.3 18398.3
-18416.1 18416.1
-18433.9 18433.9
-18451.5 18451.5
-18469.1 18469.1
-18486.7 18486.7
-18504.2 18504.2
-18521.6 18521.6
-18539 18539
-18556.3 18556.3
-18573.5 18573.5
-18590.7 18590.7
-18607.9 18607.9
-18624.9 18624.9
-18642 18642
-18658.9 18658.9
-18675.8 18675.8
-18692.7 18692.7
-18709.5 18709.5
-18726.3 18726.3
-18743 18743
-18759.6 18759.6
-18776.2 18776.2
-18792.7 18792.7
-18809.2 18809.2
-18825.7 18825.7
-18842.1 18842.1
-18858.4 18858.4
-18874.7 18874.7
-18890.9 18890.9
-18907.1 18907.1
-18923.3 18923.3
-18939.4 18939.4
-18955.5 18955.5
-18971.5 18971.5
-18987.4 18987.4
-19003.3 19003.3
-19019.2 19019.2
-19035.1 19035.1
-19050.8 19050.8
-19066.6 19066.6
-19082.3 19082.3
-19098 19098
-19113.6 19113.6
-19129.1 19129.1
-19144.7 19144.7
-19160.2 19160.2
-19175.6 19175.6
-19191 19191
-19206.4 19206.4
-19221.7 19221.7
-19237 19237
-19252.3 19252.3
-19267.5 19267.5
-19282.7 19282.7
-19297.8 19297.8
-19312.9 19312.9
-19328 19328
-19343 19343
-19358 19358
-19372.9 19372.9
-19387.9 19387.9
-19402.7 19402.7
-19417.6 19417.6
-19432.4 19432.4
-19447.2 19447.2
-19461.9 19461.9
-19476.6 19476.6
-19491.3 19491.3
-19505.9 19505.9
-19520.5 19520.5
-19535.1 19535.1
-19549.7 19549.7
-19564.2 19564.2
-19578.6 19578.6
-19593.1 19593.1
-19607.5 19607.5
-19621.9 19621.9
-19636.2 19636.2
-19650.5 19650.5
-19664.8 19664.8
-19679.1 19679.1
-19693.3 19693.3
-19707.5 19707.5
-19721.7 19721.7
-19735.8 19735.8
-19749.9 19749.9
-19764 19764
-19778 19778
-19792.1 19792.1
-19806 19806
-19820 19820
-19833.9 19833.9
-19847.8 19847.8
-19861.7 19861.7
-19875.6 19875.6
-19889.4 19889.4
-19903.2 19903.2
-19917 19917
-19930.7 19930.7
-19944.4 19944.4
-19958.1 19958.1
-19971.8 19971.8
-19985.4 19985.4
-19999 19999
-20012.6 20012.6
-20026.2 20026.2
-20039.7 20039.7
-20053.2 20053.2
-20066.7 20066.7
-20080.1 20080.1
-20093.6 20093.6
-20107 20107
-20120.4 20120.4
-20133.7 20133.7
-20147.1 20147.1
-20160.4 20160.4
-20173.7 20173.7
-20186.9 20186.9
-20200.2 20200.2
-20213.4 20213.4
-20226.6 20226.6
-20239.8 20239.8
-20252.9 20252.9
-20266.1 20266.1
-20279.2 20279.2
-20292.3 20292.3
-20305.3 20305.3
-20318.4 20318.4
-20331.4 20331.4
-20344.4 20344.4
-20357.4 20357.4
-20370.3 20370.3
-20383.3 20383.3
-20396.2 20396.2
-20409.1 20409.1
-20422 20422
-20434.8 20434.8
-20447.6 20447.6
-20460.4 20460.4
-20473.2 20473.2
-20486 20486
-20498.8 20498.8
-20511.5 20511.5
-20524.2 20524.2
-20536.9 20536.9
-20549.6 20549.6
-20562.2 20562.2
-20574.9 20574.9
-20587.5 20587.5
-20600.1 20600.1
-20612.7 20612.7
-20625.2 20625.2
-20637.8 20637.8
-20650.3 20650.3
-20662.8 20662.8
-20675.3 20675.3
-20687.7 20687.7
-20700.2 20700.2
-20712.6 20712.6
-20725 20725
-20737.4 20737.4
-20749.8 20749.8
-20762.2 20762.2
-20774.5 20774.5
-20786.8 20786.8
-20799.1 20799.1
-20811.4 20811.4
-20823.7 20823.7
-20836 20836
-20848.2 20848.2
-20860.4 20860.4
-20872.6 20872.6
-20884.8 20884.8
-20897 20897
-20909.2 20909.2
-20921.3 20921.3
-20933.4 20933.4
-20945.6 20945.6
-20957.7 20957.7
-20969.7 20969.7
-20981.8 20981.8
-20993.8 20993.8
-21005.9 21005.9
-21017.9 21017.9
-21029.9 21029.9
-21041.9 21041.9
-21053.9 21053.9
-21065.8 21065.8
-21077.8 21077.8
-21089.7 21089.7
-21101.6 21101.6
-21113.5 21113.5
-21125.4 21125.4
-21137.3 21137.3
-21149.1 21149.1
-21160.9 21160.9
-21172.8 21172.8
-21184.6 21184.6
-21196.4 21196.4
-21208.2 21208.2
-21219.9 21219.9
-21231.7 21231.7
-21243.4 21243.4
-21255.2 21255.2
-21266.9 21266.9
-21278.6 21278.6
-21290.3 21290.3
-21301.9 21301.9
-21313.6 21313.6
-21325.3 21325.3
-21336.9 21336.9
-21348.5 21348.5
-21360.1 21360.1
-21371.7 21371.7
-21383.3 21383.3
-21717.5 21717.5
-22236.8 22236.8
-22755.9 22755.9
-23274.9 23274.9
-23793.6 23793.6
-24312.1 24312.1
-24830.4 24830.4
-25348.5 25348.5
-25866.4 25866.4
-26384.1 26384.1
-26901.6 26901.6
-27418.8 27418.8
-27935.8 27935.8
-28452.5 28452.5
-28968.9 28968.9
-29485.1 29485.1
-30000.9 30000.9
-30516.3 30516.3
-31031.4 31031.4
-31546.1 31546.1
-32060.3 32060.3
-32574 32574
-33087.2 33087.2
-33629.2 33629.2
-34184.3 34184.3
-34738.5 34738.5
-35291.7 35291.7
-35844 35844
-36395 36395
-36944.8 36944.8
-37493.2 37493.2
-38040 38040
-38585.2 38585.2
-39147.2 39147.2
-39711.7 39711.7
-40273.6 40273.6
-40832.4 40832.4
-41387.9 41387.9
-41939.7 41939.7
-42487.5 42487.5
-43031 43031
-43569.6 43569.6
-44102.9 44102.9
-44630.4 44630.4
-45151.6 45151.6
-45665.9 45665.9
-46172.7 46172.7
-46671.4 46671.4
-47161.1 47161.1
-47641.3 47641.3
-48111.1 48111.1
-48569.8 48569.8
-49016.4 49016.4
-49450.3 49450.3
-49870.7 49870.7
-50276.6 50276.6
-50667.6 50667.6
-51042.8 51042.8
-51401.7 51401.7
-51743.9 51743.9
-52069.1 52069.1
-52377.2 52377.2
-52668.2 52668.2
-52942.3 52942.3
-53199.9 53199.9
-53441.5 53441.5
-53667.7 53667.7
-53879.3 53879.3
-54077.2 54077.2
-54262.2 54262.2
-54435.4 54435.4
-54597.6 54597.6
-54749.7 54749.7
-54029.9 54029.9
-53310.2 53310.2
-52590.7 52590.7
-51871.2 51871.2
-51151.9 51151.9
-50432.8 50432.8
-49713.9 49713.9
-48995.3 48995.3
-48276.9 48276.9
-47558.8 47558.8
-46840.9 46840.9
-46123.4 46123.4
-45406.2 45406.2
-44689.4 44689.4
-43975.7 43975.7
-43277.4 43277.4
-42579.5 42579.5
-41882.1 41882.1
-41185.1 41185.1
-40488.6 40488.6
-39792.6 39792.6
-39097 39097
-38402 38402
-37707.5 37707.5
-37013.6 37013.6
-36320.3 36320.3
-35627.5 35627.5
-34935.4 34935.4
-34247.3 34247.3
-33571.5 33571.5
-32898.4 32898.4
-32225.9 32225.9
-31554.1 31554.1
-30883.1 30883.1
-30212.7 30212.7
-29543 29543
-28874.1 28874.1
-28206 28206
-27538.7 27538.7
-26872.2 26872.2
-26206.5 26206.5
-25541.6 25541.6
-24877.6 24877.6
-24214.5 24214.5
-23552.3 23552.3
-22891.1 22891.1
-22230.8 22230.8
-21571.4 21571.4
-20913.1 20913.1
-20255.8 20255.8
-19599.5 19599.5
-18944.2 18944.2
-18290.1 18290.1
-17637.1 17637.1
-16985.2 16985.2
-16352.5 16352.5
-15738.2 15738.2
-15146.4 15146.4
-14556.3 14556.3
-13967.8 13967.8
-13380.9 13380.9
-12795.6 12795.6
-12211.9 12211.9
-11629.9 11629.9
-11049.6 11049.6
-10471.1 10471.1
-9894.26 9894.26
-9319.15 9319.15
-8747.66 8747.66
-8188.15 8188.15
-7660.03 7660.03
-7166.56 7166.56
-6833.73 6833.73
-6514.41 6514.41
-6195.43 6195.43
-5876.81 5876.81
-5558.54 5558.54
-5240.63 5240.63
-4923.08 4923.08
-4605.9 4605.9
-4289.08 4289.08
-3988.35 3988.35
-3699.69 3699.69
-3413.32 3413.32
-3128.3 3128.3
-2844.23 2844.23
-2561.14 2561.14
-2279.58 2279.58
-2000.89 2000.89
-1724.23 1724.23
-1449.89 1449.89
-1178.08 1178.08
-908.728 908.728
-641.898 641.898
-376.632 376.632
-120.164 120.164
121.524 -121.524
364.147 -364.147
610.166 -610.166
859.339 -859.339
1107.51 -1107.51
1354.67 -1354.67
1600.8 -1600.8
1845.87 -1845.87
2089.86 -2089.86
2341.52 -2341.52
2615.39 -2615.39
2887.6 -2887.6
3158.13 -3158.13
3426.95 -3426.95
3695.26 -3695.26
3966.68 -3966.68
4236.17 -4236.17
4503.69 -4503.69
4769.2 -4769.2
5032.67 -5032.67
5294.07 -5294.07
5553.35 -5553.35
5810.5 -5810.5
6065.47 -6065.47
6318.22 -6318.22
6568.72 -6568.72
6818.29 -6818.29
7065.62 -7065.62
7310.56 -7310.56
7553.08 -7553.08
7793.13 -7793.13
8030.68 -8030.68
8265.71 -8265.71
8498.18 -8498.18
8728.06 -8728.06
8955.31 -8955.31
9179.91 -9179.91
9401.82 -9401.82
9621.03 -9621.03
9837.5 -9837.5
10051.2 -10051.2
10262.1 -10262.1
10470.2 -10470.2
10675.5 -10675.5
10877.9 -10877.9
11077.5 -11077.5
11274.1 -11274.1
11467.9 -11467.9
11658.7 -11658.7
11846.6 -11846.6
12031.6 -12031.6
12213.6 -12213.6
12392.7 -12392.7
12568.8 -12568.8
12742 -12742
12912.2 -12912.2
13079.4 -13079.4
13243.7 -13243.7
13405.1 -13405.1
13563.6 -13563.6
13719.1 -13719.1
13871.7 -13871.7
14021.5 -14021.5
14168.4 -14168.4
14312.4 -14312.4
14453.7 -14453.7
14592.1 -14592.1
14727.8 -14727.8
14860.7 -14860.7
14990.9 -14990.9
15118.5 -15118.5
15243.4 -15243.4
15365.7 -15365.7
15485.5 -15485.5
15602.7 -15602.7
15717.4 -15717.4
15829.7 -15829.7
15939.5 -15939.5
16047 -16047
16152.2 -16152.2
16255.1 -16255.1
16355.8 -16355.8
16454.2 -16454.2
16550.5 -16550.5
16644.7 -16644.7
16736.9 -16736.9
16827 -16827
16915.2 -16915.2
17001.4 -17001.4
17085.8 -17085.8
17168.3 -17168.3
17249.1 -17249.1
17328.1 -17328.1
17405.3 -17405.3
17481 -17481
17555 -17555
17627.4 -17627.4
17698.3 -17698.3
17767.7 -17767.7
17835.6 -17835.6
17902.1 -17902.1
17967.2 -17967.2
18031 -18031
18093.4 -18093.4
18154.6 -18154.6
18214.6 -18214.6
18273.3 -18273.3
18330.9 -18330.9
18387.4 -18387.4
18442.7 -18442.7
18497 -18497
18550.2 -18550.2
18602.4 -18602.4
18653.6 -18653.6
18703.8 -18703.8
18753.2 -18753.2
18801.6 -18801.6
18849.2 -18849.2
18895.9 -18895.9
18941.7 -18941.7
18986.8 -18986.8
19031.1 -19031.1
19074.6 -19074.6
19117.4 -19117.4
19159.5 -19159.5
19200.8 -19200.8
19241.5 -19241.5
19281.6 -19281.6
19321 -19321
19359.8 -19359.8
19397.9 -19397.9
19435.5 -19435.5
19472.5 -19472.5
19509 -19509
19544.9 -19544.9
19580.3 -19580.3
19615.2 -19615.2
19649.6 -19649.6
19683.5 -19683.5
19716.9 -19716.9
19749.9 -19749.9
19782.4 -19782.4
19814.5 -19814.5
19846.2 -19846.2
19877.4 -19877.4
19908.3 -19908.3
19938.7 -19938.7
19968.8 -19968.8
19998.5 -19998.5
20027.9 -20027.9
20056.9 -20056.9
20085.5 -20085.5
20113.8 -20113.8
20141.8 -20141.8
20169.5 -20169.5
20196.8 -20196.8
20223.9 -20223.9
20250.6 -20250.6
20277.1 -20277.1
20303.3 -20303.3
20329.2 -20329.2
20354.8 -20354.8
20380.2 -20380.2
20405.3 -20405.3
20430.2 -20430.2
20454.8 -20454.8
20479.2 -20479.2
20503.3 -20503.3
20527.3 -20527.3
20551 -20551
20574.4 -20574.4
20597.7 -20597.7
20620.8 -20620.8
20643.6 -20643.6
20666.3 -20666.3
20688.7 -20688.7
20711 -20711
20733.1 -20733.1
20755 -20755
20776.7 -20776.7
20798.3 -20798.3
20819.6 -20819.6
20840.8 -20840.8
20861.9 -20861.9
20882.8 -20882.8
20903.5 -20903.5
20924.1 -20924.1
20944.5 -20944.5
20964.7 -20964.7
20984.9 -20984.9
21004.8 -21004.8
21024.7 -21024.7
21044.4 -21044.4
21064 -21064
21083.4 -21083.4
21102.7 -21102.7
21121.9 -21121.9
21140.9 -21140.9
21159.9 -21159.9
21178.7 -21178.7
21197.4 -21197.4
21216 -21216
21234.4 -21234.4
21252.8 -21252.8
21271 -21271
21289.2 -21289.2
21307.2 -21307.2
21325.2 -21325.2
21343 -21343
21360.7 -21360.7
21378.4 -21378.4
21395.9 -21395.9
21413.3 -21413.3
21430.7 -21430.7
21448 -21448
21465.1 -21465.1
21482.2 -21482.2
21499.2 -21499.2
21516.1 -21516.1
21532.9 -21532.9
21549.7 -21549.7
21566.4 -21566.4
21582.9 -21582.9
21599.4 -21599.4
21615.9 -21615.9
21632.2 -21632.2
21648.5 -21648.5
21664.7 -21664.7
21680.8 -21680.8
21696.9 -21696.9
21712.9 -21712.9
21728.8 -21728.8
21744.7 -21744.7
21760.4 -21760.4
21776.2 -21776.2
21791.8 -21791.8
21807.4 -21807.4
21822.9 -21822.9
21838.4 -21838.4
21853.8 -21853.8
21869.2 -21869.2
21884.4 -21884.4
21899.7 -21899.7
21914.8 -21914.8
21930 -21930
21945 -21945
21960 -21960
21975 -21975
21989.9 -21989.9
22004.7 -22004.7
22019.5 -22019.5
22034.2 -22034.2
22048.9 -22048.9
22063.5 -22063.5
22078.1 -22078.1
22092.7 -22092.7
22107.2 -22107.2
22121.6 -22121.6
22136 -22136
22150.4 -22150.4
22164.7 -22164.7
22178.9 -22178.9
22193.1 -22193.1
22207.3 -22207.3
22221.4 -22221.4
22235.5 -22235.5
22249.6 -22249.6
22263.6 -22263.6
22277.5 -22277.5
22291.5 -22291.5
22305.3 -22305.3
22319.2 -22319.2
22333 -22333
22346.7 -22346.7
22360.5 -22360.5
22374.2 -22374.2
22387.8 -22387.8
22401.4 -22401.4
22415 -22415
22428.5 -22428.5
22442.1 -22442.1
22455.5 -22455.5
22469 -22469
22482.4 -22482.4
22495.7 -22495.7
22509.1 -22509.1
22522.4 -22522.4
22535.7 -22535.7
22548.9 -22548.9
22562.1 -22562.1
22575.3 -22575.3
22588.4 -22588.4
22601.5 -22601.5
22614.6 -22614.6
22627.7 -22627.7
22640.7 -22640.7
22653.7 -22653.7
22666.7 -22666.7
22679.6 -22679.6
22692.5 -22692.5
22705.4 -22705.4
22718.2 -22718.2
22731.1 -22731.1
22743.8 -22743.8
22756.6 -22756.6
22769.4 -22769.4
22782.1 -22782.1
22794.8 -22794.8
22807.4 -22807.4
22820.1 -22820.1
22832.7 -22832.7
22845.3 -22845.3
22857.8 -22857.8
22870.4 -22870.4
22882.9 -22882.9
22895.4 -22895.4
22907.8 -22907.8
22920.3 -22920.3
22932.7 -22932.7
22945.1 -22945.1
22957.5 -22957.5
22969.8 -22969.8
22982.2 -22982.2
22994.5 -22994.5
23006.7 -23006.7
23019 -23019
23031.3 -23031.3
23043.5 -23043.5
23055.7 -23055.7
23067.8 -23067.8
23080 -23080
23092.1 -23092.1
23104.3 -23104.3
23116.3 -23116.3
23128.4 -23128.4
23140.5 -23140.5
23152.5 -23152.5
23164.5 -23164.5
23176.5 -23176.5
23188.5 -23188.5
23200.5 -23200.5
23212.4 -23212.4
23224.3 -23224.3
23236.2 -23236.2
23248.1 -23248.1
23260 -23260
23271.8 -23271.8
23283.6 -23283.6
23295.5 -23295.5
23307.2 -23307.2
23319 -23319
23330.8 -23330.8
23342.5 -23342.5
23354.2 -23354.2
23366 -23366
23377.6 -23377.6
23389.3 -23389.3
23401 -23401
23412.6 -23412.6
23424.3 -23424.3
23435.9 -23435.9
23447.5 -23447.5
23459 -23459
23470.6 -23470.6
23482.1 -23482.1
23493.7 -23493.7
23505.2 -23505.2
23516.7 -23516.7
23528.2 -23528.2
23539.6 -23539.6
23551.1 -23551.1
23562.5 -23562.5
23574 -23574
23585.4 -23585.4
23596.8 -23596.8
23608.2 -23608.2
23619.5 -23619.5
23630.9 -23630.9
23642.2 -23642.2
23653.6 -23653.6
23664.9 -23664.9
23676.2 -23676.2
23687.5 -23687.5
23698.7 -23698.7
23710 -23710
23721.2 -23721.2
23732.5 -23732.5
23743.7 -23743.7
23754.9 -23754.9
23766.1 -23766.1
23777.3 -23777.3
23788.5 -23788.5
23799.6 -23799.6
23810.8 -23810.8
23821.9 -23821.9
23833 -23833
23844.1 -23844.1
23855.2 -23855.2
23866.3 -23866.3
23877.4 -23877.4
23888.4 -23888.4
23899.5 -23899.5
23910.5 -23910.5
23921.5 -23921.5
23932.5 -23932.5
23943.5 -23943.5
23954.5 -23954.5
23965.5 -23965.5
23976.5 -23976.5
23987.4 -23987.4
23998.4 -23998.4
24009.3 -24009.3
24020.2 -24020.2
24031.1 -24031.1
24042 -24042
24052.9 -24052.9
24063.8 -24063.8
24074.6 -24074.6
24085.5 -24085.5
24096.3 -24096.3
24107.2 -24107.2
24118 -24118
24128.8 -24128.8
24139.6 -24139.6
24150.4 -24150.4
24161.2 -24161.2
24172 -24172
24182.7 -24182.7
24193.5 -24193.5
24204.2 -24204.2
24214.9 -24214.9
24225.7 -24225.7
24236.4 -24236.4
24247.1 -24247.1
24257.8 -24257.8
24268.4 -24268.4
24279.1 -24279.1
24289.8 -24289.8
24300.4 -24300.4
24311.1 -24311.1
24321.7 -24321.7
24332.3 -24332.3
24342.9 -24342.9
24353.5 -24353.5
24364.1 -24364.1
24374.7 -24374.7
24385.3 -24385.3
24395.9 -24395.9
24406.4 -24406.4
24417 -24417
24427.5 -24427.5
24438 -24438
24448.6 -24448.6
24459.1 -24459.1
24469.6 -24469.6
24480.1 -24480.1
24490.5 -24490.5
24501 -24501
24511.5 -24511.5
24521.9 -24521.9
24532.4 -24532.4
24542.8 -24542.8
24553.3 -24553.3
24563.7 -24563.7
24574.1 -24574.1
24584.5 -24584.5
24594.9 -24594.9
24605.3 -24605.3
24615.7 -24615.7
24626 -24626
24636.4 -24636.4
24646.7 -24646.7
24657.1 -24657.1
24667.4 -24667.4
24677.7 -24677.7
24688 -24688
24698.4 -24698.4
24708.6 -24708.6
24718.9 -24718.9
24729.2 -24729.2
24739.5 -24739.5
24749.8 -24749.8
24760 -24760
24770.3 -24770.3
24780.5 -24780.5
24790.7 -24790.7
24800.9 -24800.9
24811.2 -24811.2
24821.4 -24821.4
24831.6 -24831.6
24841.7 -24841.7
24851.9 -24851.9
24862.1 -24862.1
24872.2 -24872.2
24882.4 -24882.4
24892.5 -24892.5
24902.5 -24902.5
24912.5 -24912.5
24922.6 -24922.6
24932.6 -24932.6
24942.6 -24942.6
24952.6 -24952.6
24962.6 -24962.6
24972.6 -24972.6
24982.6 -24982.6
24992.6 -24992.6
25002.5 -25002.5
25012.5 -25012.5
25022.4 -25022.4
25032.4 -25032.4
25042.3 -25042.3
25052.2 -25052.2
25062.1 -25062.1
25072 -25072
25081.9 -25081.9
25091.8 -25091.8
25101.6 -25101.6
25111.5 -25111.5
25121.4 -25121.4
25131.2 -25131.2
25141 -25141
25150.9 -25150.9
25160.7 -25160.7
25170.5 -25170.5
25180.3 -25180.3
25190.1 -25190.1
25199.9 -25199.9
25209.6 -25209.6
25219.4 -25219.4
25229.1 -25229.1
25238.9 -25238.9
25248.6 -25248.6
25258.3 -25258.3
25268 -25268
25277.7 -25277.7
25287.4 -25287.4
25297 -25297
25306.7 -25306.7
25316.4 -25316.4
25326 -25326
25335.6 -25335.6
25345.2 -25345.2
25354.8 -25354.8
25364.4 -25364.4
25374 -25374
25383.6 -25383.6
25393.1 -25393.1
25402.7 -25402.7
25412.2 -25412.2
25421.7 -25421.7
25431.2 -25431.2
25440.7 -25440.7
25450.2 -25450.2
25459.6 -25459.6
25469.1 -25469.1
25478.5 -25478.5
25488 -25488
25497.4 -25497.4
25506.8 -25506.8
25516.2 -25516.2
25525.5 -25525.5
25534.9 -25534.9
25544.2 -25544.2
25553.5 -25553.5
25562.8 -25562.8
25572.1 -25572.1
25581.3 -25581.3
25590.6 -25590.6
25599.8 -25599.8
25609 -25609
25618.2 -25618.2
25627.3 -25627.3
25636.4 -25636.4
25645.5 -25645.5
25654.5 -25654.5
25663.5 -25663.5
25672.5 -25672.5
25681.4 -25681.4
25690.4 -25690.4
25699.2 -25699.2
25708.1 -25708.1
25716.9 -25716.9
25725.7 -25725.7
25734.4 -25734.4
25743.1 -25743.1
25751.8 -25751.8
25760.4 -25760.4
25769 -25769
25777.6 -25777.6
25786.1 -25786.1
25794.5 -25794.5
25802.9 -25802.9
25811.3 -25811.3
25819.6 -25819.6
25827.9 -25827.9
25836.1 -25836.1
25844.2 -25844.2
25852.3 -25852.3
25860.4 -25860.4
25868.4 -25868.4
25876.3 -25876.3
25884.2 -25884.2
25892 -25892
25899.7 -25899.7
25907.4 -25907.4
25915 -25915
25922.6 -25922.6
25930.1 -25930.1
25937.5 -25937.5
25944.9 -25944.9
25952.2 -25952.2
25959.5 -25959.5
25966.7 -25966.7
25973.8 -25973.8
25980.9 -25980.9
25988 -25988
25995 -25995
26001.9 -26001.9
26008.8 -26008.8
26015.7 -26015.7
26022.5 -26022.5
26029.3 -26029.3
26036.1 -26036.1
26042.8 -26042.8
26049.5 -26049.5
26056.2 -26056.2
26062.8 -26062.8
26069.4 -26069.4
26076 -26076
26082.5 -26082.5
26089.1 -26089.1
26095.6 -26095.6
26102.1 -26102.1
26108.6 -26108.6
26115 -26115
26121.5 -26121.5
26127.9 -26127.9
26134.4 -26134.4
26140.8 -26140.8
26147.2 -26147.2
26153.6 -26153.6
26160 -26160
26166.4 -26166.4
26172.8 -26172.8
25822 -25822
25471.3 -25471.3
25120.7 -25120.7
24770.3 -24770.3
24420 -24420
24070 -24070
23720.1 -23720.1
23370.5 -23370.5
23021.2 -23021.2
22672.2 -22672.2
22323.4 -22323.4
21975 -21975
21626.9 -21626.9
21279.2 -21279.2
20931.8 -20931.8
20584.9 -20584.9
20238.3 -20238.3
19892.2 -19892.2
19546.6 -19546.6
19201.4 -19201.4
18856.7 -18856.7
18512.5 -18512.5
18168.9 -18168.9
17825.8 -17825.8
17483.2 -17483.2
17141.3 -17141.3
16800 -16800
16459.3 -16459.3
16119.3 -16119.3
15779.9 -15779.9
15441.3 -15441.3
15103.4 -15103.4
14766.2 -14766.2
14429.8 -14429.8
14094.3 -14094.3
13759.5 -13759.5
13425.6 -13425.6
13092.6 -13092.6
12760.5 -12760.5
12429.3 -12429.3
12099.1 -12099.1
11769.9 -11769.9
11441.7 -11441.7
11114.6 -11114.6
10790 -10790
10467.5 -10467.5
10146.1 -10146.1
9825.91 -9825.91
9506.88 -9506.88
9189.07 -9189.07
8872.51 -8872.51
8557.24 -8557.24
8243.29 -8243.29
7930.7 -7930.7
7619.5 -7619.5
7309.72 -7309.72
7001.41 -7001.41
6694.6 -6694.6
6389.32 -6389.32
6085.63 -6085.63
5783.54 -5783.54
5483.11 -5483.11
5184.36 -5184.36
4887.35 -4887.35
4592.1 -4592.1
4298.66 -4298.66
4007.07 -4007.07
3717.37 -3717.37
3429.59 -3429.59
3143.78 -3143.78
2861.03 -2861.03
2583.52 -2583.52
2310.27 -2310.27
2039 -2039
1769.75 -1769.75
1502.56 -1502.56
1237.46 -1237.46
974.493 -974.493
715.427 -715.427
461.214 -461.214
212.59 -212.59
-27.2618 27.2618
-282.745 282.745
-533.044 533.044
-782.449 782.449
-1019.42 1019.42
-1247.29 1247.29
-1474.11 1474.11
-1699.62 1699.62
-1923.99 1923.99
-2146.08 2146.08
-2366.98 2366.98
-2586.65 2586.65
-2803.9 2803.9
-3018.71 3018.71
-3231.04 3231.04
-3440.89 3440.89
-3648.23 3648.23
-3853.06 3853.06
-4055.34 4055.34
-4255.07 4255.07
-4452.24 4452.24
-4646.83 4646.83
-4838.83 4838.83
-5028.24 5028.24
-5215.05 5215.05
-5399.25 5399.25
-5580.84 5580.84
-5759.82 5759.82
-5936.18 5936.18
-6109.93 6109.93
-6281.07 6281.07
-6449.61 6449.61
-6615.54 6615.54
-6778.89 6778.89
-6939.65 6939.65
-7097.83 7097.83
-7253.46 7253.46
-7406.54 7406.54
-7557.09 7557.09
-7705.12 7705.12
-7850.66 7850.66
-7993.72 7993.72
-8134.31 8134.31
-8272.46 8272.46
-8408.21 8408.21
-8541.56 8541.56
-8672.56 8672.56
-8801.23 8801.23
-8927.58 8927.58
-9051.67 9051.67
-9173.5 9173.5
-9293.11 9293.11
-9410.54 9410.54
-9525.82 9525.82
-9638.97 9638.97
-9750.03 9750.03
-9859.04 9859.04
-9966.02 9966.02
-10071 10071
-10174.1 10174.1
-10275.2 10275.2
-10374.4 10374.4
-10471.8 10471.8
-10567.4 10567.4
-10661.2 10661.2
-10753.2 10753.2
-10843.5 10843.5
-10932.2 10932.2
-11019.2 11019.2
-11104.6 11104.6
-11188.5 11188.5
-11270.8 11270.8
-11351.6 11351.6
-11430.9 11430.9
-11508.8 11508.8
-11585.3 11585.3
-11660.4 11660.4
-11734.2 11734.2
-11806.7 11806.7
-11877.8 11877.8
-11947.8 11947.8
-12016.5 12016.5
-12084 12084
-12150.3 12150.3
-12215.5 12215.5
-12279.7 12279.7
-12342.7 12342.7
-12404.7 12404.7
-12465.6 12465.6
-12525.5 12525.5
-12584.5 12584.5
-12642.5 12642.5
-12699.6 12699.6
-12755.7 12755.7
-12811 12811
-12865.4 12865.4
-12919 12919
-12971.8 12971.8
-13023.7 13023.7
-13074.9 13074.9
-13125.3 13125.3
-13175 13175
-13223.9 13223.9
-13272.1 13272.1
-13319.7 13319.7
-13366.6 13366.6
-13412.8 13412.8
-13458.4 13458.4
-13503.3 13503.3
-13547.7 13547.7
-13591.4 13591.4
-13634.6 13634.6
-13677.2 13677.2
-13719.3 13719.3
-13760.8 13760.8
-13801.8 13801.8
-13842.2 13842.2
-13882.2 13882.2
-13921.7 13921.7
-13960.7 13960.7
-13999.3 13999.3
-14037.4 14037.4
-14075 14075
-14112.2 14112.2
-14149 14149
-14185.4 14185.4
-14221.4 14221.4
-14257 14257
-14292.2 14292.2
-14327 14327
-14361.4 14361.4
-14395.5 14395.5
-14429.2 14429.2
-14462.6 14462.6
-14495.7 14495.7
-14528.4 14528.4
-14560.8 14560.8
-14592.8 14592.8
-14624.6 14624.6
-14656.1 14656.1
-14687.2 14687.2
-14718.1 14718.1
-14748.7 14748.7
-14779 14779
-14809.1 14809.1
-14838.9 14838.9
-14868.4 14868.4
-14897.6 14897.6
-14926.6 14926.6
-14955.4 14955.4
-14983.9 14983.9
-15012.2 15012.2
-15040.3 15040.3
-15068.1 15068.1
-15095.7 15095.7
-15123.1 15123.1
-15150.3 15150.3
-15177.2 15177.2
-15204 15204
-15230.5 15230.5
-15256.9 15256.9
-15283 15283
-15309 15309
-15334.8 15334.8
-15360.4 15360.4
-15385.8 15385.8
-15411 15411
-15436.1 15436.1
-15461 15461
-15485.7 15485.7
-15510.3 15510.3
-15534.7 15534.7
-15558.9 15558.9
-15583 15583
-15606.9 15606.9
-15630.7 15630.7
-15654.3 15654.3
-15677.8 15677.8
-15701.1 15701.1
-15724.3 15724.3
-15747.3 15747.3
-15770.3 15770.3
-15793 15793
-15815.7 15815.7
-15839.6 15839.6
-15863.6 15863.6
-15887.4 15887.4
-15911.1 15911.1
-15934.6 15934.6
-15958 15958
-15981.2 15981.2
-16004.3 16004.3
-16027.3 16027.3
-16050.1 16050.1
-16072.8 16072.8
-16095.4 16095.4
-16117.8 16117.8
-16140.2 16140.2
-16162.4 16162.4
-16184.4 16184.4
-16206.4 16206.4
-16228.2 16228.2
-16249.9 16249.9
-16271.6 16271.6
-16293 16293
-16314.4 16314.4
-16335.7 16335.7
-16356.9 16356.9
-16377.9 16377.9
-16398.9 16398.9
-16419.8 16419.8
-16440.6 16440.6
-16461.3 16461.3
-16482 16482
-16502.5 16502.5
-16523 16523
-16543.3 16543.3
-16563.6 16563.6
-16583.7 16583.7
-16603.8 16603.8
-16623.8 16623.8
-16643.7 16643.7
-16663.5 16663.5
-16683.2 16683.2
-16702.8 16702.8
-16722.4 16722.4
-16741.9 16741.9
-16761.3 16761.3
-16780.6 16780.6
-16799.8 16799.8
-16818.9 16818.9
-16838 16838
-16857 16857
-16875.9 16875.9
-16894.7 16894.7
-16913.5 16913.5
-16932.2 16932.2
-16950.8 16950.8
-16969.4 16969.4
-16987.8 16987.8
-17006.3 17006.3
-17024.6 17024.6
-17042.9 17042.9
-17061.1 17061.1
-17079.2 17079.2
-17097.3 17097.3
-17115.3 17115.3
-17133.2 17133.2
-17151.1 17151.1
-17168.9 17168.9
-17186.7 17186.7
-17204.4 17204.4
-17222 17222
-17239.6 17239.6
-17257.1 17257.1
-17274.5 17274.5
-17291.9 17291.9
-17309.3 17309.3
-17326.6 17326.6
-17343.8 17343.8
-17361 17361
-17378.1 17378.1
-17395.1 17395.1
-17412.1 17412.1
-17429.1 17429.1
-17446 17446
-17462.8 17462.8
-17479.7 17479.7
-17496.4 17496.4
-17513.1 17513.1
-17529.8 17529.8
-17546.4 17546.4
-17563 17563
-17579.5 17579.5
-17595.9 17595.9
-17612.4 17612.4
-17628.7 17628.7
-17645.1 17645.1
-17661.3 17661.3
-17677.6 17677.6
-17693.8 17693.8
-17709.9 17709.9
-17726 17726
-17742 17742
-17758.1 17758.1
-17774 17774
-17789.9 17789.9
-17805.8 17805.8
-17821.6 17821.6
-17837.4 17837.4
-17853.2 17853.2
-17868.9 17868.9
-17884.6 17884.6
-17900.2 17900.2
-17915.8 17915.8
-17931.3 17931.3
-17946.9 17946.9
-17962.3 17962.3
-17977.8 17977.8
-17993.2 17993.2
-18008.5 18008.5
-18023.8 18023.8
-18039.1 18039.1
-18054.4 18054.4
-18069.6 18069.6
-18084.7 18084.7
-18099.9 18099.9
-18115 18115
-18130 18130
-18145.1 18145.1
-18160.1 18160.1
-18175 18175
-18190 18190
-18204.8 18204.8
-18219.7 18219.7
-18234.5 18234.5
-18249.3 18249.3
-18264.1 18264.1
-18278.8 18278.8
-18293.5 18293.5
-18308.2 18308.2
-18322.8 18322.8
-18337.4 18337.4
-18351.9 18351.9
-18366.5 18366.5
-18381 18381
-18395.5 18395.5
-18409.9 18409.9
-18424.3 18424.3
-18438.7 18438.7
-18453.1 18453.1
-18467.4 18467.4
-18481.7 18481.7
-18495.9 18495.9
-18510.2 18510.2
-18524.4 18524.4
-18538.6 18538.6
-18552.7 18552.7
-18566.8 18566.8
-18580.9 18580.9
-18595 18595
-18609 18609
-18623.1 18623.1
-18637 18637
-18651 18651
-18664.9 18664.9
-18678.8 18678.8
-18692.7 18692.7
-18706.6 18706.6
-18720.4 18720.4
-18734.2 18734.2
-18748 18748
-18761.7 18761.7
-18775.5 18775.5
-18789.2 18789.2
-18802.9 18802.9
-18816.5 18816.5
-18830.1 18830.1
-18843.7 18843.7
-18857.3 18857.3
-18870.9 18870.9
-18884.4 18884.4
-18897.9 18897.9
-18911.4 18911.4
-18924.9 18924.9
-18938.3 18938.3
-18951.7 18951.7
-18965.1 18965.1
-18978.5 18978.5
-18991.9 18991.9
-19005.2 19005.2
-19018.5 19018.5
-19031.8 19031.8
-19045 19045
-19058.3 19058.3
-19071.5 19071.5
-19084.7 19084.7
-19097.9 19097.9
-19111 19111
-19124.2 19124.2
-19137.3 19137.3
-19150.4 19150.4
-19163.4 19163.4
-19176.5 19176.5
-19189.5 19189.5
-19202.5 19202.5
-19215.5 19215.5
-19228.5 19228.5
-19241.5 19241.5
-19254.4 19254.4
-19267.3 19267.3
-19280.2 19280.2
-19293.1 19293.1
-19305.9 19305.9
-19318.8 19318.8
-19331.6 19331.6
-19344.4 19344.4
-19357.2 19357.2
-19369.9 19369.9
-19382.7 19382.7
-19395.4 19395.4
-19408.1 19408.1
-19420.8 19420.8
-19433.4 19433.4
-19446.1 19446.1
-19458.7 19458.7
-19471.3 19471.3
-19483.9 19483.9
-19496.5 19496.5
-19509.1 19509.1
-19521.6 19521.6
-19534.2 19534.2
-19546.7 19546.7
-19559.2 19559.2
-19571.7 19571.7
-19584.1 19584.1
-19596.6 19596.6
-19609 19609
-19621.4 19621.4
-19633.8 19633.8
-19646.2 19646.2
-19658.5 19658.5
-19670.9 19670.9
-19683.2 19683.2
-19695.5 19695.5
-19707.8 19707.8
-19720.1 19720.1
-19732.4 19732.4
-19744.6 19744.6
-19756.9 19756.9
-19769.1 19769.1
-19781.3 19781.3
-19793.5 19793.5
-19805.7 19805.7
-19817.8 19817.8
-19830 19830
-19842.1 19842.1
-19854.3 19854.3
-19866.4 19866.4
-19878.4 19878.4
-19890.5 19890.5
-19902.6 19902.6
-19914.6 19914.6
-19926.7 19926.7
-19938.7 19938.7
-19950.7 19950.7
-19962.7 19962.7
-19974.7 19974.7
-19986.6 19986.6
-19998.6 19998.6
-20010.5 20010.5
-20022.4 20022.4
-20034.4 20034.4
-20046.2 20046.2
-20058.1 20058.1
-20070 20070
-20081.9 20081.9
-20093.7 20093.7
-20105.5 20105.5
-20117.3 20117.3
-20129.2 20129.2
-20140.9 20140.9
-20152.7 20152.7
-20164.5 20164.5
-20176.2 20176.2
-20188 20188
-20199.7 20199.7
-20211.4 20211.4
-20223.1 20223.1
-20234.8 20234.8
-20246.5 20246.5
-20258.2 20258.2
-20269.8 20269.8
-20281.5 20281.5
-20293.1 20293.1
-20304.7 20304.7
-20316.3 20316.3
-20327.9 20327.9
-20339.5 20339.5
-20351 20351
-20362.6 20362.6
-20374.2 20374.2
-20385.7 20385.7
-20397.2 20397.2
-20408.7 20408.7
-20420.2 20420.2
-20431.7 20431.7
-20443.2 20443.2
-20454.7 20454.7
-20466.1 20466.1
-20477.6 20477.6
-20489 20489
-20500.4 20500.4
-20511.8 20511.8
-20523.2 20523.2
-20534.6 20534.6
-20546 20546
-20557.4 20557.4
-20568.7 20568.7
-20580.1 20580.1
-20591.4 20591.4
-20602.7 20602.7
-20614.1 20614.1
-20625.4 20625.4
-20636.7 20636.7
-20647.9 20647.9
-20659.2 20659.2
-20670.5 20670.5
-20681.7 20681.7
-20693 20693
-20704.2 20704.2
-20715.4 20715.4
-20726.7 20726.7
-20737.9 20737.9
-20749.1 20749.1
-20760.2 20760.2
-20771.4 20771.4
-20782.6 20782.6
-20793.7 20793.7
-20804.9 20804.9
-20816 20816
-20827.2 20827.2
-20838.3 20838.3
-20849.4 20849.4
-20860.5 20860.5
-20871.6 20871.6
-20882.7 20882.7
-20893.7 20893.7
-20904.8 20904.8
-20915.8 20915.8
-20926.9 20926.9
-20937.9 20937.9
-20949 20949
-20960 20960
-20971 20971
-20982 20982
-20993 20993
-21004 21004
-21014.9 21014.9
-21025.9 21025.9
-21036.9 21036.9
-21047.8 21047.8
-21058.7 21058.7
-21069.7 21069.7
-21080.6 21080.6
-21091.5 21091.5
-21102.4 21102.4
-21113.3 21113.3
-21124.2 21124.2
-21135.1 21135.1
-21146 21146
-21156.8 21156.8
-21167.7 21167.7
-21178.5 21178.5
-21189.4 21189.4
-21200.2 21200.2
-21211 21211
-21221.8 21221.8
-21232.6 21232.6
-21243.4 21243.4
-21254.2 21254.2
-21265 21265
-21275.8 21275.8
-21286.6 21286.6
-21297.3 21297.3
-21308.1 21308.1
-21318.8 21318.8
-21329.6 21329.6
-21340.3 21340.3
-21351 21351
-21361.8 21361.8
-21372.5 21372.5
-21383.2 21383.2
-21393.9 21393.9
-21404.5 21404.5
-21415.2 21415.2
-21425.9 21425.9
-21436.6 21436.6
-21447.2 21447.2
-21457.9 21457.9
-21468.5 21468.5
-21479.2 21479.2
-21489.8 21489.8
-21500.4 21500.4
-21511 21511
-21521.7 21521.7
-21532.3 21532.3
-21733.5 21733.5
-22245.1 22245.1
-22756.6 22756.6
-23267.9 23267.9
-23779.2 23779.2
-24290.3 24290.3
-24801.4 24801.4
-25312.3 25312.3
-25823.1 25823.1
-26333.7 26333.7
-26844.2 26844.2
-27354.6 27354.6
-27864.8 27864.8
-28374.8 28374.8
-28884.6 28884.6
-29394.1 29394.1
-29903.4 29903.4
-30412.4 30412.4
-30921.1 30921.1
-31429.4 31429.4
-31937.4 31937.4
-32444.8 32444.8
-32951.8 32951.8
-33488.2 33488.2
-34036.5 34036.5
-34584 34584
-35130.7 35130.7
-35676.3 35676.3
-36220.9 36220.9
-36764.2 36764.2
-37306.2 37306.2
-37846.8 37846.8
-38385.7 38385.7
-38922.8 38922.8
-39459.9 39459.9
-40015.5 40015.5
-40568.3 40568.3
-41117.9 41117.9
-41664.1 41664.1
-42206.5 42206.5
-42744.7 42744.7
-43278.5 43278.5
-43807.3 43807.3
-44330.7 44330.7
-44848.2 44848.2
-45359.3 45359.3
-45863.5 45863.5
-46360.1 46360.1
-46848.6 46848.6
-47328.3 47328.3
-47798.5 47798.5
-48258.4 48258.4
-48707.4 48707.4
-49144.7 49144.7
-49569.6 49569.6
-49981.3 49981.3
-50379.2 50379.2
-50762.5 50762.5
-51130.8 51130.8
-51483.4 51483.4
-51819.9 51819.9
-52140.1 52140.1
-52443.9 52443.9
-52731.2 52731.2
-53002.1 53002.1
-53257.1 53257.1
-53496.4 53496.4
-53720.8 53720.8
-53930.8 53930.8
-54127.2 54127.2
-54311 54311
-54482.8 54482.8
-54643.7 54643.7
-54793 54793
-54925.7 54925.7
-55050.2 55050.2
-55167 55167
-55277.1 55277.1
-55380.9 55380.9
-55479.1 55479.1
-55557.2 55557.2
-55629.6 55629.6
-55698.5 55698.5
-55764.3 55764.3
-55827.2 55827.2
-55887.4 55887.4
-55942.2 55942.2
-55994.7 55994.7
-56045 56045
-56093.3 56093.3
-56139.8 56139.8
-56184.6 56184.6
-56227.8 56227.8
-56269.4 56269.4
-56309.6 56309.6
-56348.4 56348.4
-56386 56386
-56422.3 56422.3
-56457.4 56457.4
-56491.5 56491.5
-56524.4 56524.4
-56556.3 56556.3
-56587.2 56587.2
-56617 56617
-56645.8 56645.8
-56673.5 56673.5
-56700.1 56700.1
-56725.7 56725.7
-56750 56750
-56773.1 56773.1
-56794.7 56794.7
-56814.7 56814.7
-56832.7 56832.7
-56848.1 56848.1
-56860 56860
-56865.9 56865.9
-56857 56857
-56618 56618
-52030.5 52030.5
-52506.9 52506.9
-52963.2 52963.2
-53406.2 53406.2
-53833.7 53833.7
-54242.8 54242.8
-54628.9 54628.9
-54974.8 54974.8
-55250.1 55250.1
-55481.5 55481.5
-55662.6 55662.6
-55764.3 55764.3
-55708 55708
-56040.6 56040.6
-56466 56466
-56487 56487
-56500.5 56500.5
-56514 56514
-56527.5 56527.5
-56541 56541
-56554.5 56554.5
-56568 56568
-56581.5 56581.5
-56594.9 56594.9
-56608.4 56608.4
-56621.8 56621.8
-56635.2 56635.2
-56648.6 56648.6
-56662 56662
-56675.4 56675.4
-56688.8 56688.8
-56705.7 56705.7
-56727.1 56727.1
-56748.5 56748.5
-56769.9 56769.9
-56791.3 56791.3
-56812.6 56812.6
-56834 56834
-56855.4 56855.4
-56876.7 56876.7
-56898 56898
-56919.3 56919.3
-56940.7 56940.7
-56962 56962
-56983.3 56983.3
-57004.6 57004.6
-57025.9 57025.9
-57047.1 57047.1
-57068.4 57068.4
-57089.7 57089.7
-57111 57111
-57132.2 57132.2
-57153.5 57153.5
-57174.7 57174.7
-57196 57196
-57217.2 57217.2
-57238.5 57238.5
-57259.7 57259.7
-57281 57281
-57302.2 57302.2
-57323.4 57323.4
-57344.7 57344.7
-57365.9 57365.9
-57387.1 57387.1
-57408.3 57408.3
-57429.5 57429.5
-57450.7 57450.7
-57471.9 57471.9
-57493.1 57493.1
-57514.3 57514.3
-57535.5 57535.5
-57556.7 57556.7
-57577.9 57577.9
-57599.1 57599.1
-57620.2 57620.2
-57641.4 57641.4
-57662.6 57662.6
-57683.7 57683.7
-57704.9 57704.9
-57726 57726
-57747.2 57747.2
-57768.3 57768.3
-57789.5 57789.5
-57810.6 57810.6
-57831.7 57831.7
-57852.8 57852.8
-57874 57874
-57895.1 57895.1
-57916.2 57916.2
-57937.3 57937.3
-57958.4 57958.4
-57979.5 57979.5
-58000.6 58000.6
-58021.7 58021.7
-58042.7 58042.7
-58063.8 58063.8
-58084.9 58084.9
-58106 58106
-58127 58127
-58148.1 58148.1
-58169.1 58169.1
-58190.2 58190.2
-57466.6 57466.6
-56743.2 56743.2
-56019.9 56019.9
-55296.7 55296.7
-54573.7 54573.7
-53851 53851
-53128.5 53128.5
-52406.3 52406.3
-51684.4 51684.4
-50962.9 50962.9
-50241.6 50241.6
-49520.8 49520.8
-48800.3 48800.3
-48080.2 48080.2
-47360.6 47360.6
-46641.4 46641.4
-45922.7 45922.7
-45204.4 45204.4
-44497.2 44497.2
-43791.9 43791.9
-43093.6 43093.6
-42405.3 42405.3
-41725 41725
-41047.6 41047.6
-40390.5 40390.5
-39733.9 39733.9
-39078.1 39078.1
-38422.9 38422.9
-37768.4 37768.4
-37114.7 37114.7
-36461.7 36461.7
-35809.5 35809.5
-35158 35158
-34507.4 34507.4
-33857.6 33857.6
-33208.6 33208.6
-32560.5 32560.5
-31913.3 31913.3
-31267 31267
-30621.7 30621.7
-29977.3 29977.3
-29333.8 29333.8
-28691.4 28691.4
-28050 28050
-27409.7 27409.7
-26770.4 26770.4
-26132.2 26132.2
-25495.1 25495.1
-24859.1 24859.1
-24224.3 24224.3
-23590.7 23590.7
-22958.3 22958.3
-22327.1 22327.1
-21697.2 21697.2
-21068.5 21068.5
-20441.2 20441.2
-19815.2 19815.2
-19190.5 19190.5
-18567.3 18567.3
-17947 17947
-17335.5 17335.5
-16726 16726
-16121.7 16121.7
-15521.6 15521.6
-14922.9 14922.9
-14331.4 14331.4
-13756.4 13756.4
-13259.2 13259.2
-12806.2 12806.2
-12482.3 12482.3
-12160 12160
-11838.1 11838.1
-11516.5 11516.5
-11195.2 11195.2
-10874.2 10874.2
-10553.6 10553.6
-10233.3 10233.3
-9913.4 9913.4
-9593.8 9593.8
-9274.56 9274.56
-8955.65 8955.65
-8637.01 8637.01
-8318.73 8318.73
-8000.83 8000.83
-7683.29 7683.29
-7366.12 7366.12
-7049.34 7049.34
-6732.94 6732.94
-6417.57 6417.57
-6105.76 6105.76
-5794.37 5794.37
-5483.43 5483.43
-5172.93 5172.93
-4862.88 4862.88
-4553.28 4553.28
-4244.15 4244.15
-3935.48 3935.48
-3628.61 3628.61
-3322.92 3322.92
-3019.57 3019.57
-2730.47 2730.47
-2442.42 2442.42
-2156.49 2156.49
-1873.16 1873.16
-1591.35 1591.35
-1324.8 1324.8
-1059.81 1059.81
-797.652 797.652
-537.674 537.674
-280.818 280.818
-32.4643 32.4643
198.255 -198.255
434.322 -434.322
672.01 -672.01
912.836 -912.836
1152.69 -1152.69
1391.46 -1391.46
1629.14 -1629.14
1865.71 -1865.71
2101.15 -2101.15
2335.44 -2335.44
2568.54 -2568.54
2800.46 -2800.46
3031.16 -3031.16
3280.52 -3280.52
3537.15 -3537.15
3791.98 -3791.98
4044.97 -4044.97
4296.1 -4296.1
4545.34 -4545.34
4792.65 -4792.65
5038.02 -5038.02
5281.4 -5281.4
5522.78 -5522.78
5766.47 -5766.47
6008.63 -6008.63
6248.56 -6248.56
6486.23 -6486.23
6721.61 -6721.61
6954.68 -6954.68
7185.4 -7185.4
7413.75 -7413.75
7639.71 -7639.71
7863.24 -7863.24
8084.33 -8084.33
8302.95 -8302.95
8519.08 -8519.08
8732.69 -8732.69
8943.77 -8943.77
9152.29 -9152.29
9358.24 -9358.24
9561.61 -9561.61
9762.36 -9762.36
9960.5 -9960.5
10156 -10156
10348.9 -10348.9
10539.1 -10539.1
10726.6 -10726.6
10911.5 -10911.5
11093.7 -11093.7
11273.2 -11273.2
11450.5 -11450.5
11625.4 -11625.4
11797.5 -11797.5
11966.8 -11966.8
12133.5 -12133.5
12297.5 -12297.5
12458.8 -12458.8
12617.4 -12617.4
12773.3 -12773.3
12926.5 -12926.5
13077.1 -13077.1
13225.1 -13225.1
13370.5 -13370.5
13513.2 -13513.2
13653.4 -13653.4
13791.1 -13791.1
13926.2 -13926.2
14058.8 -14058.8
14188.9 -14188.9
14316.6 -14316.6
14441.8 -14441.8
14564.7 -14564.7
14685.2 -14685.2
14803.3 -14803.3
14919.2 -14919.2
15032.8 -15032.8
15144.1 -15144.1
15253.3 -15253.3
15360.2 -15360.2
15465.1 -15465.1
15567.8 -15567.8
15668.5 -15668.5
15767.1 -15767.1
15863.8 -15863.8
15958.5 -15958.5
16051.3 -16051.3
16142.3 -16142.3
16231.3 -16231.3
16318.6 -16318.6
16404.1 -16404.1
16487.9 -16487.9
16570 -16570
16650.4 -16650.4
16729.2 -16729.2
16806.4 -16806.4
16882.1 -16882.1
16956.2 -16956.2
17028.9 -17028.9
17100.1 -17100.1
17169.9 -17169.9
17238.4 -17238.4
17305.4 -17305.4
17371.2 -17371.2
17435.7 -17435.7
17498.9 -17498.9
17560.9 -17560.9
17621.7 -17621.7
17681.4 -17681.4
17739.9 -17739.9
17797.3 -17797.3
17853.7 -17853.7
17909 -17909
17963.2 -17963.2
18016.5 -18016.5
18068.8 -18068.8
18120.2 -18120.2
18170.6 -18170.6
18220.2 -18220.2
18268.8 -18268.8
18316.6 -18316.6
18363.6 -18363.6
18409.8 -18409.8
18455.2 -18455.2
18499.8 -18499.8
18543.7 -18543.7
18586.8 -18586.8
18629.3 -18629.3
18671 -18671
18712.1 -18712.1
18752.5 -18752.5
18792.3 -18792.3
18831.5 -18831.5
18870 -18870
18908 -18908
18945.4 -18945.4
18982.2 -18982.2
19018.5 -19018.5
19054.3 -19054.3
19089.6 -19089.6
19124.3 -19124.3
19158.6 -19158.6
19192.4 -19192.4
19225.7 -19225.7
19258.6 -19258.6
19291 -19291
19323 -19323
19354.6 -19354.6
19385.8 -19385.8
19416.6 -19416.6
19446.9 -19446.9
19477 -19477
19506.6 -19506.6
19535.9 -19535.9
19564.8 -19564.8
19593.4 -19593.4
19621.7 -19621.7
19649.6 -19649.6
19677.2 -19677.2
19704.5 -19704.5
19731.5 -19731.5
19758.2 -19758.2
19784.6 -19784.6
19810.7 -19810.7
19836.5 -19836.5
19862.1 -19862.1
19887.4 -19887.4
19912.5 -19912.5
19937.3 -19937.3
19961.8 -19961.8
19986.1 -19986.1
20010.2 -20010.2
20034.1 -20034.1
20057.7 -20057.7
20081.1 -20081.1
20104.3 -20104.3
20127.3 -20127.3
20150 -20150
20172.6 -20172.6
20195 -20195
20217.1 -20217.1
20239.1 -20239.1
20260.9 -20260.9
20282.6 -20282.6
20304 -20304
20325.3 -20325.3
20346.4 -20346.4
20367.3 -20367.3
20388.1 -20388.1
20408.7 -20408.7
20429.1 -20429.1
20449.4 -20449.4
20469.6 -20469.6
20489.6 -20489.6
20509.4 -20509.4
20529.1 -20529.1
20548.7 -20548.7
20568.1 -20568.1
20587.5 -20587.5
20606.6 -20606.6
20625.7 -20625.7
20644.6 -20644.6
20663.4 -20663.4
20682 -20682
20700.6 -20700.6
20719 -20719
20737.3 -20737.3
20755.6 -20755.6
20773.6 -20773.6
20791.6 -20791.6
20809.5 -20809.5
20827.3 -20827.3
20845 -20845
20862.5 -20862.5
20880 -20880
20897.4 -20897.4
20914.6 -20914.6
20931.8 -20931.8
20948.9 -20948.9
20965.9 -20965.9
20982.8 -20982.8
20999.6 -20999.6
21016.4 -21016.4
21033 -21033
21049.6 -21049.6
21066 -21066
21082.4 -21082.4
21098.8 -21098.8
21115 -21115
21131.2 -21131.2
21147.2 -21147.2
21163.3 -21163.3
21179.2 -21179.2
21195.1 -21195.1
21210.9 -21210.9
21226.6 -21226.6
21242.2 -21242.2
21257.8 -21257.8
21273.3 -21273.3
21288.8 -21288.8
21304.2 -21304.2
21319.5 -21319.5
21334.8 -21334.8
21350 -21350
21365.1 -21365.1
21380.2 -21380.2
21395.2 -21395.2
21410.2 -21410.2
21425.1 -21425.1
21439.9 -21439.9
21454.7 -21454.7
21469.4 -21469.4
21484.1 -21484.1
21498.7 -21498.7
21513.3 -21513.3
21527.8 -21527.8
21542.3 -21542.3
21556.7 -21556.7
21571.1 -21571.1
21585.4 -21585.4
21599.7 -21599.7
21613.9 -21613.9
21628.1 -21628.1
21642.2 -21642.2
21656.3 -21656.3
21670.3 -21670.3
21684.3 -21684.3
21698.2 -21698.2
21712.1 -21712.1
21726 -21726
21739.8 -21739.8
21753.6 -21753.6
21767.3 -21767.3
21781 -21781
21794.7 -21794.7
21808.3 -21808.3
21821.9 -21821.9
21835.4 -21835.4
21848.9 -21848.9
21862.3 -21862.3
21875.8 -21875.8
21889.1 -21889.1
21902.5 -21902.5
21915.8 -21915.8
21929.1 -21929.1
21942.3 -21942.3
21955.5 -21955.5
21968.7 -21968.7
21981.8 -21981.8
21994.9 -21994.9
22008 -22008
22021 -22021
22034 -22034
22047 -22047
22059.9 -22059.9
22072.8 -22072.8
22085.7 -22085.7
22098.5 -22098.5
22111.4 -22111.4
22124.1 -22124.1
22136.9 -22136.9
22149.6 -22149.6
22162.3 -22162.3
22175 -22175
22187.6 -22187.6
22200.2 -22200.2
22212.8 -22212.8
22225.4 -22225.4
22237.9 -22237.9
22250.4 -22250.4
22262.9 -22262.9
22275.3 -22275.3
22287.7 -22287.7
22300.1 -22300.1
22312.5 -22312.5
22324.8 -22324.8
22337.1 -22337.1
22349.4 -22349.4
22361.7 -22361.7
22374 -22374
22386.2 -22386.2
22398.4 -22398.4
22410.5 -22410.5
22422.7 -22422.7
22434.8 -22434.8
22446.9 -22446.9
22459 -22459
22471.1 -22471.1
22483.1 -22483.1
22495.1 -22495.1
22507.1 -22507.1
22519.1 -22519.1
22531 -22531
22543 -22543
22554.9 -22554.9
22566.7 -22566.7
22578.6 -22578.6
22590.5 -22590.5
22602.3 -22602.3
22614.1 -22614.1
22625.9 -22625.9
22637.6 -22637.6
22649.4 -22649.4
22661.1 -22661.1
22672.8 -22672.8
22684.5 -22684.5
22696.2 -22696.2
22707.8 -22707.8
22719.4 -22719.4
22731.1 -22731.1
22742.7 -22742.7
22754.2 -22754.2
22765.8 -22765.8
22777.3 -22777.3
22788.9 -22788.9
22800.4 -22800.4
22811.8 -22811.8
22823.3 -22823.3
22834.8 -22834.8
22846.2 -22846.2
22857.6 -22857.6
22869 -22869
22880.4 -22880.4
22891.8 -22891.8
22903.1 -22903.1
22914.5 -22914.5
22925.8 -22925.8
22937.1 -22937.1
22948.4 -22948.4
22959.7 -22959.7
22970.9 -22970.9
22982.2 -22982.2
22993.4 -22993.4
23004.6 -23004.6
23015.8 -23015.8
23027 -23027
23038.2 -23038.2
23049.3 -23049.3
23060.5 -23060.5
23071.6 -23071.6
23082.7 -23082.7
23093.8 -23093.8
23104.9 -23104.9
23115.9 -23115.9
23127 -23127
23138 -23138
23149.1 -23149.1
23160.1 -23160.1
23171.1 -23171.1
23182.1 -23182.1
23193 -23193
23204 -23204
23214.9 -23214.9
23225.9 -23225.9
23236.8 -23236.8
23247.7 -23247.7
23258.6 -23258.6
23269.5 -23269.5
23280.3 -23280.3
23291.2 -23291.2
23302 -23302
23312.9 -23312.9
23323.7 -23323.7
23334.5 -23334.5
23345.3 -23345.3
23356.1 -23356.1
23366.8 -23366.8
23377.6 -23377.6
23388.3 -23388.3
23399.1 -23399.1
23409.8 -23409.8
23420.5 -23420.5
23431.2 -23431.2
23441.9 -23441.9
23452.6 -23452.6
23463.2 -23463.2
23473.9 -23473.9
23484.5 -23484.5
23495.1 -23495.1
23505.8 -23505.8
23516.4 -23516.4
23527 -23527
23537.5 -23537.5
23548.1 -23548.1
23558.7 -23558.7
23569.2 -23569.2
23579.8 -23579.8
23590.3 -23590.3
23600.8 -23600.8
23611.3 -23611.3
23621.8 -23621.8
23632.3 -23632.3
23642.8 -23642.8
23653.3 -23653.3
23663.7 -23663.7
23674.2 -23674.2
23684.6 -23684.6
23695 -23695
23705.5 -23705.5
23715.9 -23715.9
23726.3 -23726.3
23736.7 -23736.7
23747 -23747
23757.4 -23757.4
23767.8 -23767.8
23778.1 -23778.1
23788.4 -23788.4
23798.8 -23798.8
23809.1 -23809.1
23819.4 -23819.4
23829.7 -23829.7
23840 -23840
23850.3 -23850.3
23860.5 -23860.5
23870.8 -23870.8
23881.1 -23881.1
23891.3 -23891.3
23901.5 -23901.5
23911.8 -23911.8
23922 -23922
23932.2 -23932.2
23942.4 -23942.4
23952.6 -23952.6
23962.7 -23962.7
23972.9 -23972.9
23983.1 -23983.1
23993.2 -23993.2
24003.4 -24003.4
24013.5 -24013.5
24023.6 -24023.6
24033.7 -24033.7
24043.8 -24043.8
24053.9 -24053.9
24064 -24064
24074.1 -24074.1
24084.2 -24084.2
24094.3 -24094.3
24104.3 -24104.3
24114.4 -24114.4
24124.4 -24124.4
24134.4 -24134.4
24144.4 -24144.4
24154.5 -24154.5
24164.5 -24164.5
24174.4 -24174.4
24184.4 -24184.4
24194.4 -24194.4
24204.4 -24204.4
24214.3 -24214.3
24224.3 -24224.3
24234.2 -24234.2
24244.2 -24244.2
24254.1 -24254.1
24264 -24264
24273.9 -24273.9
24283.8 -24283.8
24293.7 -24293.7
24303.6 -24303.6
24313.5 -24313.5
24323.4 -24323.4
24333.2 -24333.2
24343.1 -24343.1
24352.9 -24352.9
24362.8 -24362.8
24372.6 -24372.6
24382.4 -24382.4
24392.2 -24392.2
24402 -24402
24411.8 -24411.8
24421.6 -24421.6
24431.4 -24431.4
24441.2 -24441.2
24451 -24451
24460.7 -24460.7
24470.5 -24470.5
24480.2 -24480.2
24489.9 -24489.9
24499.7 -24499.7
24509.4 -24509.4
24519.1 -24519.1
24528.8 -24528.8
24538.5 -24538.5
24548.2 -24548.2
24557.8 -24557.8
24567.5 -24567.5
24577.2 -24577.2
24586.8 -24586.8
24596.5 -24596.5
24606.1 -24606.1
24615.8 -24615.8
24625.4 -24625.4
24635 -24635
24644.6 -24644.6
24654.2 -24654.2
24663.8 -24663.8
24673.4 -24673.4
24682.9 -24682.9
24692.5 -24692.5
24702.1 -24702.1
24711.6 -24711.6
24721.2 -24721.2
24730.7 -24730.7
24740.2 -24740.2
24749.8 -24749.8
24759.3 -24759.3
24768.8 -24768.8
24778.3 -24778.3
24787.8 -24787.8
24797.2 -24797.2
24806.7 -24806.7
24816.2 -24816.2
24825.6 -24825.6
24835.1 -24835.1
24844.5 -24844.5
24854 -24854
24863.4 -24863.4
24872.8 -24872.8
24882.2 -24882.2
24891.6 -24891.6
24901 -24901
24910.4 -24910.4
24919.8 -24919.8
24929.1 -24929.1
24938.5 -24938.5
24947.8 -24947.8
24957.2 -24957.2
24966.5 -24966.5
24975.9 -24975.9
24985.2 -24985.2
24994.5 -24994.5
25003.8 -25003.8
25013.1 -25013.1
25022.4 -25022.4
25031.7 -25031.7
25040.9 -25040.9
25050.2 -25050.2
25059.5 -25059.5
25068.7 -25068.7
25077.9 -25077.9
25087.2 -25087.2
25096.4 -25096.4
25105.6 -25105.6
25114.8 -25114.8
25124 -25124
25133.2 -25133.2
25142.4 -25142.4
25151.5 -25151.5
25160.7 -25160.7
25169.9 -25169.9
25179 -25179
25188.1 -25188.1
25197.3 -25197.3
25206.4 -25206.4
25215.5 -25215.5
25224.6 -25224.6
25233.7 -25233.7
25242.8 -25242.8
25251.9 -25251.9
25260.9 -25260.9
25270 -25270
25279 -25279
25288.1 -25288.1
25297.1 -25297.1
25306.1 -25306.1
25315.1 -25315.1
25324.2 -25324.2
25333.1 -25333.1
25342.1 -25342.1
25351.1 -25351.1
25360.1 -25360.1
25369 -25369
25378 -25378
25386.9 -25386.9
25395.9 -25395.9
25404.8 -25404.8
25413.7 -25413.7
25422.6 -25422.6
25431.5 -25431.5
25440.4 -25440.4
25449.3 -25449.3
25458.1 -25458.1
25467 -25467
25475.8 -25475.8
25484.6 -25484.6
25493.4 -25493.4
25502.2 -25502.2
25511 -25511
25519.7 -25519.7
25528.5 -25528.5
25537.3 -25537.3
25546 -25546
25554.7 -25554.7
25563.4 -25563.4
25572.1 -25572.1
25580.8 -25580.8
25589.5 -25589.5
25598.2 -25598.2
25606.9 -25606.9
25615.5 -25615.5
25624.2 -25624.2
25632.8 -25632.8
25641.4 -25641.4
25650 -25650
25658.6 -25658.6
25667.2 -25667.2
25675.8 -25675.8
25684.4 -25684.4
25692.9 -25692.9
25701.5 -25701.5
25710 -25710
25718.5 -25718.5
25727 -25727
25735.5 -25735.5
25744 -25744
25752.5 -25752.5
25760.9 -25760.9
25769.4 -25769.4
25777.8 -25777.8
25786.2 -25786.2
25794.7 -25794.7
25803.1 -25803.1
25811.4 -25811.4
25819.8 -25819.8
25828.2 -25828.2
25836.5 -25836.5
25844.9 -25844.9
25853.2 -25853.2
25861.5 -25861.5
25869.8 -25869.8
25878.1 -25878.1
25886.4 -25886.4
25894.6 -25894.6
25902.9 -25902.9
25911.1 -25911.1
25919.4 -25919.4
25927.6 -25927.6
25935.8 -25935.8
25944 -25944
25952.1 -25952.1
25960.3 -25960.3
25968.4 -25968.4
25976.6 -25976.6
25984.7 -25984.7
25992.8 -25992.8
26000.9 -26000.9
26008.9 -26008.9
26017 -26017
26025 -26025
26033 -26033
26041 -26041
26049 -26049
26056.9 -26056.9
26064.9 -26064.9
26072.8 -26072.8
26080.8 -26080.8
26088.7 -26088.7
26096.6 -26096.6
26104.5 -26104.5
26112.3 -26112.3
26120.2 -26120.2
26128 -26128
26135.8 -26135.8
26143.7 -26143.7
26151.5 -26151.5
26159.2 -26159.2
26167 -26167
26174.8 -26174.8
26182.5 -26182.5
26190.2 -26190.2
26198 -26198
26205.7 -26205.7
26213.3 -26213.3
26221 -26221
26228.7 -26228.7
26236.3 -26236.3
26243.9 -26243.9
26251.5 -26251.5
26259.1 -26259.1
26266.7 -26266.7
26274.3 -26274.3
26281.9 -26281.9
26289.4 -26289.4
26296.9 -26296.9
26304.4 -26304.4
26311.9 -26311.9
26319.4 -26319.4
26326.9 -26326.9
26334.4 -26334.4
26341.8 -26341.8
26349.2 -26349.2
26356.6 -26356.6
26364 -26364
26371.4 -26371.4
26378.8 -26378.8
26386.2 -26386.2
26393.5 -26393.5
26400.8 -26400.8
26408.1 -26408.1
26415.4 -26415.4
26422.7 -26422.7
26430 -26430
26437.3 -26437.3
26444.5 -26444.5
26451.8 -26451.8
26459 -26459
26466.2 -26466.2
26473.4 -26473.4
26480.6 -26480.6
26487.8 -26487.8
26495 -26495
26502.1 -26502.1
26509.3 -26509.3
26516.4 -26516.4
26523.5 -26523.5
26530.6 -26530.6
26537.7 -26537.7
26544.8 -26544.8
26551.8 -26551.8
26558.9 -26558.9
26565.9 -26565.9
26572.9 -26572.9
26580 -26580
26587 -26587
26593.9 -26593.9
26600.9 -26600.9
26607.9 -26607.9
26614.8 -26614.8
26621.8 -26621.8
26628.7 -26628.7
26635.6 -26635.6
26642.5 -26642.5
26649.4 -26649.4
26656.3 -26656.3
26663.1 -26663.1
26670 -26670
26676.8 -26676.8
26683.7 -26683.7
26690.5 -26690.5
26341.3 -26341.3
25992.2 -25992.2
25643.2 -25643.2
25294.4 -25294.4
24945.8 -24945.8
24597.4 -24597.4
24249.2 -24249.2
23901.2 -23901.2
23553.6 -23553.6
23206.3 -23206.3
22859.3 -22859.3
22512.7 -22512.7
22166.5 -22166.5
21821 -21821
21478.4 -21478.4
21136.2 -21136.2
20794.6 -20794.6
20453.4 -20453.4
20112.8 -20112.8
19772.7 -19772.7
19433.2 -19433.2
19094.4 -19094.4
18756.1 -18756.1
18418.5 -18418.5
18081.6 -18081.6
17745.5 -17745.5
17410 -17410
17075.4 -17075.4
16741.5 -16741.5
16408.4 -16408.4
16076.3 -16076.3
15745 -15745
15414.6 -15414.6
15085.1 -15085.1
14756.6 -14756.6
14429.1 -14429.1
14102.7 -14102.7
13777.3 -13777.3
13453 -13453
13129.8 -13129.8
12807.8 -12807.8
12486.9 -12486.9
12167.3 -12167.3
11848.9 -11848.9
11531.8 -11531.8
11216 -11216
10901.5 -10901.5
10588.4 -10588.4
10276.6 -10276.6
9966.35 -9966.35
9657.52 -9657.52
9350.19 -9350.19
9044.38 -9044.38
8740.12 -8740.12
8437.45 -8437.45
8136.39 -8136.39
7836.99 -7836.99
7539.26 -7539.26
7243.24 -7243.24
6948.97 -6948.97
6656.46 -6656.46
6365.76 -6365.76
6076.89 -6076.89
5789.88 -5789.88
5504.76 -5504.76
5221.56 -5221.56
4940.31 -4940.31
4661.04 -4661.04
4383.78 -4383.78
4108.55 -4108.55
3835.39 -3835.39
3566.59 -3566.59
3302.74 -3302.74
3041.79 -3041.79
2782.87 -2782.87
2526 -2526
2271.22 -2271.22
2018.53 -2018.53
1767.97 -1767.97
1519.56 -1519.56
1273.32 -1273.32
1029.27 -1029.27
788.833 -788.833
552.466 -552.466
320.698 -320.698
94.2621 -94.2621
-131.873 131.873
-368.251 368.251
-608.276 608.276
-846.199 846.199
-1082.32 1082.32
-1316.86 1316.86
-1549.26 1549.26
-1780.01 1780.01
-2008.6 2008.6
-2234.2 2234.2
-2458.17 2458.17
-2680.05 2680.05
-2898.84 2898.84
-3108.75 3108.75
-3312.95 3312.95
-3514.37 3514.37
-3713.02 3713.02
-3908.9 3908.9
-4097.57 4097.57
-4274.9 4274.9
-4449.92 4449.92
-4622.66 4622.66
-4793.1 4793.1
-4961.26 4961.26
-5127.14 5127.14
-5290.74 5290.74
-5452.08 5452.08
-5611.16 5611.16
-5767.99 5767.99
-5922.58 5922.58
-6074.95 6074.95
-6225.1 6225.1
-6373.05 6373.05
-6518.8 6518.8
-6662.38 6662.38
-6803.81 6803.81
-6943.08 6943.08
-7080.23 7080.23
-7215.27 7215.27
-7348.21 7348.21
-7479.08 7479.08
-7607.9 7607.9
-7734.67 7734.67
-7859.42 7859.42
-7982.18 7982.18
-8102.97 8102.97
-8221.8 8221.8
-8338.71 8338.71
-8453.72 8453.72
-8566.85 8566.85
-8678.12 8678.12
-8787.56 8787.56
-8895.19 8895.19
-9001.03 9001.03
-9105.12 9105.12
-9207.48 9207.48
-9308.13 9308.13
-9407.1 9407.1
-9504.41 9504.41
-9600.1 9600.1
-9694.18 9694.18
-9786.69 9786.69
-9877.64 9877.64
-9967.07 9967.07
-10055 10055
-10141.5 10141.5
-10226.5 10226.5
-10310.1 10310.1
-10392.3 10392.3
-10473.1 10473.1
-10552.6 10552.6
-10630.8 10630.8
-10707.6 10707.6
-10783.3 10783.3
-10857.6 10857.6
-10930.8 10930.8
-11002.7 11002.7
-11073.5 11073.5
-11143.2 11143.2
-11211.7 11211.7
-11279.1 11279.1
-11345.5 11345.5
-11410.8 11410.8
-11475 11475
-11538.3 11538.3
-11600.5 11600.5
-11661.8 11661.8
-11722.2 11722.2
-11781.6 11781.6
-11840.1 11840.1
-11897.8 11897.8
-11954.5 11954.5
-12010.5 12010.5
-12065.6 12065.6
-12119.8 12119.8
-12173.3 12173.3
-12226 12226
-12278 12278
-12329.2 12329.2
-12379.7 12379.7
-12429.5 12429.5
-12478.6 12478.6
-12527 12527
-12574.7 12574.7
-12621.9 12621.9
-12668.3 12668.3
-12714.2 12714.2
-12759.4 12759.4
-12804.1 12804.1
-12848.2 12848.2
-12891.7 12891.7
-12934.6 12934.6
-12977.1 12977.1
-13019 13019
-13060.3 13060.3
-13101.2 13101.2
-13141.6 13141.6
-13181.5 13181.5
-13220.9 13220.9
-13259.9 13259.9
-13298.4 13298.4
-13336.4 13336.4
-13374.1 13374.1
-13411.3 13411.3
-13448.1 13448.1
-13484.5 13484.5
-13520.5 13520.5
-13556.1 13556.1
-13591.3 13591.3
-13626.2 13626.2
-13660.6 13660.6
-13694.8 13694.8
-13728.6 13728.6
-13762 13762
-13795.1 13795.1
-13827.9 13827.9
-13860.3 13860.3
-13892.5 13892.5
-13924.3 13924.3
-13955.8 13955.8
-13987.1 13987.1
-14018 14018
-14048.7 14048.7
-14079.1 14079.1
-14109.2 14109.2
-14139 14139
-14168.6 14168.6
-14197.9 14197.9
-14227 14227
-14255.8 14255.8
-14284.4 14284.4
-14312.7 14312.7
-14340.9 14340.9
-14368.7 14368.7
-14396.4 14396.4
-14423.8 14423.8
-14451 14451
-14478 14478
-14504.8 14504.8
-14531.4 14531.4
-14557.8 14557.8
-14584 14584
-14610 14610
-14635.8 14635.8
-14661.4 14661.4
-14686.9 14686.9
-14712.1 14712.1
-14737.2 14737.2
-14762.1 14762.1
-14786.9 14786.9
-14811.4 14811.4
-14835.8 14835.8
-14860 14860
-14884.1 14884.1
-14908 14908
-14931.8 14931.8
-14955.4 14955.4
-14978.9 14978.9
-15002.2 15002.2
-15025.3 15025.3
-15048.4 15048.4
-15071.3 15071.3
-15094 15094
-15116.6 15116.6
-15139.1 15139.1
-15161.4 15161.4
-15183.6 15183.6
-15205.7 15205.7
-15227.7 15227.7
-15249.5 15249.5
-15271.2 15271.2
-15292.8 15292.8
-15314.3 15314.3
-15335.7 15335.7
-15356.9 15356.9
-15378 15378
-15399 15399
-15420 15420
-15440.8 15440.8
-15461.4 15461.4
-15482 15482
-15502.5 15502.5
-15522.9 15522.9
-15543.2 15543.2
-15563.3 15563.3
-15583.4 15583.4
-15603.4 15603.4
-15623.3 15623.3
-15643.1 15643.1
-15662.8 15662.8
-15682.4 15682.4
-15701.9 15701.9
-15721.3 15721.3
-15740.7 15740.7
-15759.9 15759.9
-15779.1 15779.1
-15798.2 15798.2
-15817.2 15817.2
-15836.1 15836.1
-15854.9 15854.9
-15873.7 15873.7
-15892.3 15892.3
-15910.9 15910.9
-15929.5 15929.5
-15947.9 15947.9
-15966.3 15966.3
-15984.5 15984.5
-16002.8 16002.8
-16020.9 16020.9
-16039 16039
-16057 16057
-16074.9 16074.9
-16092.7 16092.7
-16110.5 16110.5
-16128.2 16128.2
-16145.9 16145.9
-16163.5 16163.5
-16181 16181
-16198.5 16198.5
-16215.8 16215.8
-16233.2 16233.2
-16250.4 16250.4
-16267.6 16267.6
-16284.8 16284.8
-16301.8 16301.8
-16318.9 16318.9
-16335.8 16335.8
-16352.7 16352.7
-16369.6 16369.6
-16386.3 16386.3
-16403.1 16403.1
-16419.7 16419.7
-16436.4 16436.4
-16452.9 16452.9
-16469.4 16469.4
-16485.9 16485.9
-16502.3 16502.3
-16518.6 16518.6
-16534.9 16534.9
-16551.1 16551.1
-16567.3 16567.3
-16583.4 16583.4
-16599.5 16599.5
-16615.6 16615.6
-16631.5 16631.5
-16647.5 16647.5
-16663.4 16663.4
-16679.2 16679.2
-16695 16695
-16710.7 16710.7
-16726.4 16726.4
-16742.1 16742.1
-16757.7 16757.7
-16773.3 16773.3
-16788.8 16788.8
-16804.2 16804.2
-16819.7 16819.7
-16835.1 16835.1
-16850.4 16850.4
-16865.7 16865.7
-16880.9 16880.9
-16896.1 16896.1
-16911.3 16911.3
-16926.4 16926.4
-16941.5 16941.5
-16956.6 16956.6
-16971.6 16971.6
-16986.6 16986.6
-17001.5 17001.5
-17016.4 17016.4
-17031.2 17031.2
-17046 17046
-17060.8 17060.8
-17075.5 17075.5
-17090.2 17090.2
-17104.9 17104.9
-17119.5 17119.5
-17134.1 17134.1
-17148.6 17148.6
-17163.1 17163.1
-17177.6 17177.6
-17192.1 17192.1
-17206.5 17206.5
-17220.8 17220.8
-17235.2 17235.2
-17249.5 17249.5
-17263.7 17263.7
-17278 17278
-17292.2 17292.2
-17306.3 17306.3
-17320.5 17320.5
-17334.6 17334.6
-17348.6 17348.6
-17362.7 17362.7
-17376.7 17376.7
-17390.7 17390.7
-17404.6 17404.6
-17418.5 17418.5
-17432.4 17432.4
-17446.2 17446.2
-17460 17460
-17473.8 17473.8
-17487.6 17487.6
-17501.3 17501.3
-17515 17515
-17528.7 17528.7
-17542.3 17542.3
-17555.9 17555.9
-17569.5 17569.5
-17583.1 17583.1
-17596.6 17596.6
-17610.1 17610.1
-17623.6 17623.6
-17637 17637
-17650.4 17650.4
-17663.8 17663.8
-17677.2 17677.2
-17690.5 17690.5
-17703.8 17703.8
-17717.1 17717.1
-17730.3 17730.3
-17743.5 17743.5
-17756.7 17756.7
-17769.9 17769.9
-17783.1 17783.1
-17796.2 17796.2
-17809.3 17809.3
-17822.3 17822.3
-17835.4 17835.4
-17848.4 17848.4
-17861.4 17861.4
-17874.4 17874.4
-17887.3 17887.3
-17900.3 17900.3
-17913.2 17913.2
-17926 17926
-17938.9 17938.9
-17951.7 17951.7
-17964.5 17964.5
-17977.3 17977.3
-17990.1 17990.1
-18002.8 18002.8
-18015.5 18015.5
-18028.2 18028.2
-18040.9 18040.9
-18053.5 18053.5
-18066.1 18066.1
-18078.7 18078.7
-18091.3 18091.3
-18103.9 18103.9
-18116.4 18116.4
-18128.9 18128.9
-18141.4 18141.4
-18153.9 18153.9
-18166.3 18166.3
-18178.8 18178.8
-18191.2 18191.2
-18203.6 18203.6
-18215.9 18215.9
-18228.3 18228.3
-18240.6 18240.6
-18252.9 18252.9
-18265.2 18265.2
-18277.5 18277.5
-18289.7 18289.7
-18301.9 18301.9
-18314.1 18314.1
-18326.3 18326.3
-18338.5 18338.5
-18350.6 18350.6
-18362.8 18362.8
-18374.9 18374.9
-18387 18387
-18399 18399
-18411.1 18411.1
-18423.1 18423.1
-18435.1 18435.1
-18447.1 18447.1
-18459.1 18459.1
-18471.1 18471.1
-18483 18483
-18494.9 18494.9
-18506.8 18506.8
-18518.7 18518.7
-18530.6 18530.6
-18542.4 18542.4
-18554.3 18554.3
-18566.1 18566.1
-18577.9 18577.9
-18589.7 18589.7
-18601.4 18601.4
-18613.2 18613.2
-18624.9 18624.9
-18636.6 18636.6
-18648.3 18648.3
-18660 18660
-18671.6 18671.6
-18683.3 18683.3
-18694.9 18694.9
-18706.5 18706.5
-18718.1 18718.1
-18729.7 18729.7
-18741.3 18741.3
-18752.8 18752.8
-18764.3 18764.3
-18775.9 18775.9
-18787.4 18787.4
-18798.8 18798.8
-18810.3 18810.3
-18821.8 18821.8
-18833.2 18833.2
-18844.6 18844.6
-18856 18856
-18867.4 18867.4
-18878.8 18878.8
-18890.1 18890.1
-18901.5 18901.5
-18912.8 18912.8
-18924.1 18924.1
-18935.4 18935.4
-18946.7 18946.7
-18958 18958
-18969.2 18969.2
-18980.5 18980.5
-18991.7 18991.7
-19002.9 19002.9
-19014.1 19014.1
-19025.3 19025.3
-19036.4 19036.4
-19047.6 19047.6
-19058.7 19058.7
-19069.8 19069.8
-19080.9 19080.9
-19092 19092
-19103.1 19103.1
-19114.2 19114.2
-19125.2 19125.2
-19136.3 19136.3
-19147.3 19147.3
-19158.3 19158.3
-19169.3 19169.3
-19180.3 19180.3
-19191.3 19191.3
-19202.2 19202.2
-19213.2 19213.2
-19224.1 19224.1
-19235 19235
-19245.9 19245.9
-19256.8 19256.8
-19267.7 19267.7
-19278.5 19278.5
-19289.4 19289.4
-19300.2 19300.2
-19311.1 19311.1
-19321.9 19321.9
-19332.7 19332.7
-19343.4 19343.4
-19354.2 19354.2
-19365 19365
-19375.7 19375.7
-19386.5 19386.5
-19397.2 19397.2
-19409.2 19409.2
-19421.2 19421.2
-19433.2 19433.2
-19445.3 19445.3
-19457.3 19457.3
-19469.3 19469.3
-19481.3 19481.3
-19493.2 19493.2
-19505.2 19505.2
-19517.1 19517.1
-19529.1 19529.1
-19541 19541
-19552.9 19552.9
-19564.8 19564.8
-19576.7 19576.7
-19588.6 19588.6
-19600.4 19600.4
-19612.3 19612.3
-19624.1 19624.1
-19635.9 19635.9
-19647.8 19647.8
-19659.6 19659.6
-19671.4 19671.4
-19683.1 19683.1
-19694.9 19694.9
-19706.7 19706.7
-19718.4 19718.4
-19730.1 19730.1
-19741.9 19741.9
-19753.6 19753.6
-19765.3 19765.3
-19777 19777
-19788.7 19788.7
-19800.3 19800.3
-19812 19812
-19823.6 19823.6
-19835.3 19835.3
-19846.9 19846.9
-19858.5 19858.5
-19870.1 19870.1
-19881.7 19881.7
-19893.3 19893.3
-19904.9 19904.9
-19916.4 19916.4
-19928 19928
-19939.5 19939.5
-19951 19951
-19962.6 19962.6
-19974.1 19974.1
-19985.6 19985.6
-19997.1 19997.1
-20008.5 20008.5
-20020 20020
-20031.5 20031.5
-20042.9 20042.9
-20054.4 20054.4
-20065.8 20065.8
-20077.2 20077.2
-20088.6 20088.6
-20100 20100
-20111.4 20111.4
-20122.8 20122.8
-20134.2 20134.2
-20145.6 20145.6
-20156.9 20156.9
-20168.3 20168.3
-20179.6 20179.6
-20190.9 20190.9
-20202.2 20202.2
-20213.5 20213.5
-20224.8 20224.8
-20236.1 20236.1
-20247.4 20247.4
-20258.7 20258.7
-20270 20270
-20281.3 20281.3
-20292.6 20292.6
-20303.8 20303.8
-20315.1 20315.1
-20326.3 20326.3
-20337.6 20337.6
-20348.8 20348.8
-20360 20360
-20371.2 20371.2
-20382.4 20382.4
-20393.6 20393.6
-20404.8 20404.8
-20416 20416
-20427.2 20427.2
-20438.3 20438.3
-20449.5 20449.5
-20460.6 20460.6
-20471.8 20471.8
-20482.9 20482.9
-20494 20494
-20505.1 20505.1
-20516.2 20516.2
-20527.3 20527.3
-20538.4 20538.4
-20549.5 20549.5
-20560.6 20560.6
-20571.6 20571.6
-20582.7 20582.7
-20593.7 20593.7
-20604.8 20604.8
-20615.8 20615.8
-20626.8 20626.8
-20637.8 20637.8
-20648.8 20648.8
-20659.8 20659.8
-20670.8 20670.8
-20681.8 20681.8
-20692.8 20692.8
-20703.8 20703.8
-20714.7 20714.7
-20725.7 20725.7
-20736.6 20736.6
-20747.6 20747.6
-20758.5 20758.5
-20769.4 20769.4
-20780.3 20780.3
-20791.2 20791.2
-20802.1 20802.1
-20813 20813
-20823.9 20823.9
-20834.8 20834.8
-20845.7 20845.7
-20856.5 20856.5
-20867.4 20867.4
-20878.2 20878.2
-20889.1 20889.1
-20899.9 20899.9
-20910.8 20910.8
-20921.6 20921.6
-20932.4 20932.4
-20943.2 20943.2
-20954 20954
-20964.8 20964.8
-20975.6 20975.6
-20986.4 20986.4
-20997.1 20997.1
-21007.9 21007.9
-21018.7 21018.7
-21029.4 21029.4
-21040.2 21040.2
-21050.9 21050.9
-21061.6 21061.6
-21072.4 21072.4
-21083.1 21083.1
-21093.8 21093.8
-21104.5 21104.5
-21115.2 21115.2
-21125.9 21125.9
-21136.6 21136.6
-21147.3 21147.3
-21158 21158
-21168.6 21168.6
-21179.3 21179.3
-21189.9 21189.9
-21200.6 21200.6
-21211.2 21211.2
-21221.9 21221.9
-21232.5 21232.5
-21243.1 21243.1
-21253.7 21253.7
-21264.4 21264.4
-21275 21275
-21285.6 21285.6
-21296.2 21296.2
-21306.7 21306.7
-21317.3 21317.3
-21327.9 21327.9
-21338.5 21338.5
-21349 21349
-21359.6 21359.6
-21370.1 21370.1
-21380.7 21380.7
-21391.2 21391.2
-21401.8 21401.8
-21412.3 21412.3
-21422.8 21422.8
-21433.3 21433.3
-21443.8 21443.8
-21454.3 21454.3
-21464.8 21464.8
-21475.3 21475.3
-21485.8 21485.8
-21496.3 21496.3
-21506.8 21506.8
-21517.2 21517.2
-21527.7 21527.7
-21538.2 21538.2
-21548.6 21548.6
-21559.1 21559.1
-21569.5 21569.5
-21580 21580
-21590.4 21590.4
-21600.8 21600.8
-21611.2 21611.2
-21621.6 21621.6
-21632.1 21632.1
-21642.5 21642.5
-21652.9 21652.9
-21663.3 21663.3
-21673.6 21673.6
-21684 21684
-21694.4 21694.4
-21704.8 21704.8
-21715.1 21715.1
-21725.5 21725.5
-21735.9 21735.9
-21746.2 21746.2
-21756.6 21756.6
-21766.9 21766.9
-21777.3 21777.3
-21787.6 21787.6
-21798 21798
-21808.3 21808.3
-21818.6 21818.6
-21828.9 21828.9
-21839.2 21839.2
-21849.5 21849.5
-21859.8 21859.8
-21870.1 21870.1
-21880.4 21880.4
-21890.7 21890.7
-21901 21901
-21911.3 21911.3
-21921.6 21921.6
-21931.8 21931.8
-21942.1 21942.1
-21952.4 21952.4
-21962.6 21962.6
-21972.9 21972.9
-21983.1 21983.1
-22108.1 22108.1
-22552.2 22552.2
-22996.2 22996.2
-23440.2 23440.2
-23884 23884
-24327.8 24327.8
-24771.5 24771.5
-25219.1 25219.1
-25694.5 25694.5
-26180.3 26180.3
-26666 26666
-27151.4 27151.4
-27643.1 27643.1
-28136.2 28136.2
-28642.9 28642.9
-29158 29158
-29672.7 29672.7
-30186.9 30186.9
-30700.6 30700.6
-31213.7 31213.7
-31726.2 31726.2
-32250.6 32250.6
-32777.4 32777.4
-33303.3 33303.3
-33828.2 33828.2
-34351.9 34351.9
-34874.5 34874.5
-35395.8 35395.8
-35915.7 35915.7
-36434 36434
-36950.7 36950.7
-37465.5 37465.5
-37978.5 37978.5
-38489.4 38489.4
-38998 38998
-39504.2 39504.2
-40007.9 40007.9
-40508.8 40508.8
-41006.7 41006.7
-41501.4 41501.4
-41992.8 41992.8
-42480.5 42480.5
-42964.3 42964.3
-43443.9 43443.9
-43919.2 43919.2
-44389.7 44389.7
-44855.2 44855.2
-45315.4 45315.4
-45769.9 45769.9
-46218.3 46218.3
-46660.4 46660.4
-47095.7 47095.7
-47523.9 47523.9
-47944.5 47944.5
-48357.3 48357.3
-48769.2 48769.2
-49173.5 49173.5
-49567.2 49567.2
-49949.8 49949.8
-50321.1 50321.1
-50680.8 50680.8
-51028.7 51028.7
-51364.5 51364.5
-51688.2 51688.2
-51999.6 51999.6
-52298.9 52298.9
-52586 52586
-52861 52861
-53124.3 53124.3
-53375.9 53375.9
-53616.3 53616.3
-53845.8 53845.8
-54064.7 54064.7
-54273.5 54273.5
-54472.6 54472.6
-54662.5 54662.5
-54843.6 54843.6
-55016.5 55016.5
-55181.6 55181.6
-55339.4 55339.4
-55490.3 55490.3
-55634.7 55634.7
-55773.2 55773.2
-55903.5 55903.5
-56016.5 56016.5
-55293.1 55293.1
-54569.8 54569.8
-53846.6 53846.6
-53123.7 53123.7
-52400.9 52400.9
-51678.4 51678.4
-50956.7 50956.7
-50237.8 50237.8
-49519.3 49519.3
-48801 48801
-48083.1 48083.1
-47365.5 47365.5
-46648.3 46648.3
-45931.5 45931.5
-45215.1 45215.1
-44499.1 44499.1
-43792.4 43792.4
-43092.8 43092.8
-42393.8 42393.8
-41708.2 41708.2
-41027.1 41027.1
-40360.3 40360.3
-39702.3 39702.3
-39045 39045
-38388.4 38388.4
-37732.4 37732.4
-37077.1 37077.1
-36422.5 36422.5
-35768.7 35768.7
-35115.6 35115.6
-34463.3 34463.3
-33811.7 33811.7
-33161 33161
-32511.2 32511.2
-31862.2 31862.2
-31214.1 31214.1
-30566.9 30566.9
-29920.6 29920.6
-29275.2 29275.2
-28630.9 28630.9
-27987.5 27987.5
-27345.1 27345.1
-26703.8 26703.8
-26063.5 26063.5
-25424.3 25424.3
-24786.3 24786.3
-24149.3 24149.3
-23513.5 23513.5
-22878.9 22878.9
-22253.2 22253.2
-21630.3 21630.3
-21008.6 21008.6
-20390.2 20390.2
-19777.9 19777.9
-19167.2 19167.2
-18557.8 18557.8
-17949.7 17949.7
-17350.2 17350.2
-16758.7 16758.7
-16189.5 16189.5
-15689.4 15689.4
-15247.3 15247.3
-14912.5 14912.5
-14578 14578
-14243.8 14243.8
-13915.8 13915.8
-13588.9 13588.9
-13262.3 13262.3
-12936.1 12936.1
-12611.4 12611.4
-12288.9 12288.9
-11966.9 11966.9
-11645.3 11645.3
-11324.1 11324.1
-11003.4 11003.4
-10683.1 10683.1
-10363.3 10363.3
-10044.1 10044.1
-9725.33 9725.33
-9407.1 9407.1
-9089.41 9089.41
-8772.26 8772.26
-8455.61 8455.61
-8139.55 8139.55
-7824.1 7824.1
-7509.28 7509.28
-7195.11 7195.11
-6881.59 6881.59
-6568.76 6568.76
-6256.63 6256.63
-5948.61 5948.61
-5641.65 5641.65
-5335.46 5335.46
-5030.07 5030.07
-4725.49 4725.49
-4421.74 4421.74
-4118.84 4118.84
-3816.82 3816.82
-3519.54 3519.54
-3235.95 3235.95
-2953.42 2953.42
-2671.97 2671.97
-2392 2392
-2114.76 2114.76
-1839.99 1839.99
-1566.8 1566.8
-1307.3 1307.3
-1051.03 1051.03
-797.676 797.676
-546.727 546.727
-298.526 298.526
-58.6419 58.6419
164.531 -164.531
390.384 -390.384
618.399 -618.399
847.632 -847.632
1077.09 -1077.09
1305.25 -1305.25
1532.09 -1532.09
1757.6 -1757.6
1981.75 -1981.75
2204.54 -2204.54
2425.94 -2425.94
2645.95 -2645.95
2864.54 -2864.54
3081.71 -3081.71
3297.44 -3297.44
3511.7 -3511.7
3728.49 -3728.49
3966.19 -3966.19
4201.89 -4201.89
4435.58 -4435.58
4667.25 -4667.25
4896.87 -4896.87
5124.44 -5124.44
5349.95 -5349.95
5573.37 -5573.37
5794.7 -5794.7
6013.92 -6013.92
6235.13 -6235.13
6454.22 -6454.22
6671.04 -6671.04
6885.6 -6885.6
7097.87 -7097.87
7307.86 -7307.86
7515.55 -7515.55
7720.94 -7720.94
7924.03 -7924.03
8124.8 -8124.8
8323.26 -8323.26
8519.4 -8519.4
8713.23 -8713.23
8904.73 -8904.73
9093.91 -9093.91
9280.77 -9280.77
9465.3 -9465.3
9647.52 -9647.52
9827.41 -9827.41
10005 -10005
10180.3 -10180.3
10353.2 -10353.2
10523.9 -10523.9
10692.3 -10692.3
10858.4 -10858.4
11022.2 -11022.2
11183.7 -11183.7
11343 -11343
11500 -11500
11654.8 -11654.8
11807.3 -11807.3
11957.7 -11957.7
12105.8 -12105.8
12251.7 -12251.7
12395.5 -12395.5
12537.1 -12537.1
12676.5 -12676.5
12813.8 -12813.8
12949 -12949
13082.1 -13082.1
13213.1 -13213.1
13342.1 -13342.1
13469 -13469
13593.9 -13593.9
13716.7 -13716.7
13837.6 -13837.6
13956.6 -13956.6
14073.6 -14073.6
14188.6 -14188.6
14301.8 -14301.8
14413.1 -14413.1
14522.5 -14522.5
14630.2 -14630.2
14736.1 -14736.1
14840.2 -14840.2
14942.6 -14942.6
15043.2 -15043.2
15142.1 -15142.1
15239.2 -15239.2
15334.7 -15334.7
15428.6 -15428.6
15520.8 -15520.8
15611.4 -15611.4
15700.5 -15700.5
15788 -15788
15874 -15874
15958.4 -15958.4
16041.4 -16041.4
16123 -16123
16203.1 -16203.1
16281.8 -16281.8
16359.2 -16359.2
16435.2 -16435.2
16509.8 -16509.8
16583.2 -16583.2
16655.3 -16655.3
16726.1 -16726.1
16795.7 -16795.7
16864.1 -16864.1
16931.3 -16931.3
16997.3 -16997.3
17062.3 -17062.3
17126 -17126
17188.7 -17188.7
17250.4 -17250.4
17310.9 -17310.9
17370.5 -17370.5
17429 -17429
17486.6 -17486.6
17543.2 -17543.2
17598.8 -17598.8
17653.6 -17653.6
17707.4 -17707.4
17760.3 -17760.3
17812.4 -17812.4
17863.6 -17863.6
17914 -17914
17963.5 -17963.5
18012.3 -18012.3
18060.3 -18060.3
18107.5 -18107.5
18154 -18154
18199.8 -18199.8
18244.9 -18244.9
18289.2 -18289.2
18332.9 -18332.9
18375.9 -18375.9
18418.3 -18418.3
18460.1 -18460.1
18501.2 -18501.2
18541.7 -18541.7
18581.6 -18581.6
18620.9 -18620.9
18659.7 -18659.7
18697.9 -18697.9
18735.6 -18735.6
18772.8 -18772.8
18809.4 -18809.4
18845.6 -18845.6
18881.2 -18881.2
18916.4 -18916.4
18951.1 -18951.1
18985.3 -18985.3
19019.1 -19019.1
19052.4 -19052.4
19085.4 -19085.4
19117.9 -19117.9
19150 -19150
19181.6 -19181.6
19213 -19213
19243.9 -19243.9
19274.4 -19274.4
19304.6 -19304.6
19334.4 -19334.4
19363.9 -19363.9
19393.1 -19393.1
19421.9 -19421.9
19450.3 -19450.3
19478.5 -19478.5
19506.4 -19506.4
19533.9 -19533.9
19561.1 -19561.1
19588.1 -19588.1
19614.8 -19614.8
19641.1 -19641.1
19667.3 -19667.3
19693.1 -19693.1
19718.7 -19718.7
19744 -19744
19769.1 -19769.1
19793.9 -19793.9
19818.5 -19818.5
19842.9 -19842.9
19867 -19867
19890.9 -19890.9
19914.6 -19914.6
19938 -19938
19961.3 -19961.3
19984.3 -19984.3
20007.1 -20007.1
20029.8 -20029.8
20052.2 -20052.2
20074.4 -20074.4
20096.5 -20096.5
20118.4 -20118.4
20140.1 -20140.1
20161.6 -20161.6
20182.9 -20182.9
20204.1 -20204.1
20225.1 -20225.1
20245.9 -20245.9
20266.6 -20266.6
20287.1 -20287.1
20307.5 -20307.5
20327.7 -20327.7
20347.8 -20347.8
20367.7 -20367.7
20387.5 -20387.5
20407.1 -20407.1
20426.6 -20426.6
20445.9 -20445.9
20465.2 -20465.2
20484.3 -20484.3
20503.2 -20503.2
20522.1 -20522.1
20540.8 -20540.8
20559.4 -20559.4
20577.9 -20577.9
20596.2 -20596.2
20614.5 -20614.5
20632.6 -20632.6
20650.6 -20650.6
20668.5 -20668.5
20686.3 -20686.3
20704 -20704
20721.6 -20721.6
20739.1 -20739.1
20756.5 -20756.5
20773.8 -20773.8
20791 -20791
20808 -20808
20825 -20825
20842 -20842
20858.8 -20858.8
20875.5 -20875.5
20892.1 -20892.1
20908.7 -20908.7
20925.2 -20925.2
20941.5 -20941.5
20957.8 -20957.8
20974.1 -20974.1
20990.2 -20990.2
21006.3 -21006.3
21022.3 -21022.3
21038.2 -21038.2
21054 -21054
21069.7 -21069.7
21085.4 -21085.4
21101 -21101
21116.6 -21116.6
21132.1 -21132.1
21147.5 -21147.5
21162.8 -21162.8
21178.1 -21178.1
21193.3 -21193.3
21208.4 -21208.4
21223.5 -21223.5
21238.5 -21238.5
21253.4 -21253.4
21268.3 -21268.3
21283.2 -21283.2
21297.9 -21297.9
21312.6 -21312.6
21327.3 -21327.3
21341.9 -21341.9
21356.4 -21356.4
21370.9 -21370.9
21385.3 -21385.3
21399.7 -21399.7
21414 -21414
21428.3 -21428.3
21442.5 -21442.5
21456.7 -21456.7
21470.8 -21470.8
21484.9 -21484.9
21498.9 -21498.9
21512.9 -21512.9
21526.8 -21526.8
21540.7 -21540.7
21554.5 -21554.5
21568.3 -21568.3
21582 -21582
21595.7 -21595.7
21609.4 -21609.4
21623 -21623
21636.5 -21636.5
21650 -21650
21663.5 -21663.5
21677 -21677
21690.3 -21690.3
21703.7 -21703.7
21717 -21717
21730.3 -21730.3
21743.5 -21743.5
21756.7 -21756.7
21769.9 -21769.9
21783 -21783
21796.1 -21796.1
21809.1 -21809.1
21822.1 -21822.1
21835.1 -21835.1
21848 -21848
21860.9 -21860.9
21873.8 -21873.8
21886.6 -21886.6
21899.4 -21899.4
21912.2 -21912.2
21924.9 -21924.9
21937.6 -21937.6
21950.3 -21950.3
21962.9 -21962.9
21975.5 -21975.5
21988.1 -21988.1
22000.6 -22000.6
22013.1 -22013.1
22025.6 -22025.6
22038.1 -22038.1
22050.5 -22050.5
22062.9 -22062.9
22075.2 -22075.2
22087.6 -22087.6
22099.9 -22099.9
22112.1 -22112.1
22124.4 -22124.4
22136.6 -22136.6
22148.8 -22148.8
22161 -22161
22173.1 -22173.1
22185.2 -22185.2
22197.3 -22197.3
22209.3 -22209.3
22221.4 -22221.4
22233.4 -22233.4
22245.4 -22245.4
22257.3 -22257.3
22269.2 -22269.2
22281.1 -22281.1
22293 -22293
22304.9 -22304.9
22316.7 -22316.7
22328.5 -22328.5
22340.3 -22340.3
22352.1 -22352.1
22363.8 -22363.8
22375.5 -22375.5
22387.2 -22387.2
22398.9 -22398.9
22410.5 -22410.5
22422.2 -22422.2
22433.8 -22433.8
22445.3 -22445.3
22456.9 -22456.9
22468.4 -22468.4
22480 -22480
22491.5 -22491.5
22502.9 -22502.9
22514.4 -22514.4
22525.8 -22525.8
22537.3 -22537.3
22548.7 -22548.7
22560 -22560
22571.4 -22571.4
22582.7 -22582.7
22594 -22594
22605.3 -22605.3
22616.6 -22616.6
22627.9 -22627.9
22639.1 -22639.1
22650.4 -22650.4
22661.6 -22661.6
22672.7 -22672.7
22683.9 -22683.9
22695.1 -22695.1
22706.2 -22706.2
22717.3 -22717.3
22728.4 -22728.4
22739.5 -22739.5
22750.6 -22750.6
22761.6 -22761.6
22772.6 -22772.6
22783.7 -22783.7
22794.6 -22794.6
22805.6 -22805.6
22816.6 -22816.6
22827.5 -22827.5
22838.5 -22838.5
22849.4 -22849.4
22860.3 -22860.3
22871.2 -22871.2
22882 -22882
22892.9 -22892.9
22903.7 -22903.7
22914.5 -22914.5
22925.3 -22925.3
22936.1 -22936.1
22946.9 -22946.9
22957.7 -22957.7
22968.4 -22968.4
22979.1 -22979.1
22989.9 -22989.9
23000.6 -23000.6
23011.3 -23011.3
23021.9 -23021.9
23032.6 -23032.6
23043.2 -23043.2
23053.9 -23053.9
23064.5 -23064.5
23075.1 -23075.1
23085.7 -23085.7
23096.2 -23096.2
23106.8 -23106.8
23117.3 -23117.3
23127.9 -23127.9
23138.4 -23138.4
23148.9 -23148.9
23159.4 -23159.4
23169.9 -23169.9
23180.4 -23180.4
23190.8 -23190.8
23201.3 -23201.3
23211.7 -23211.7
23222.1 -23222.1
23232.5 -23232.5
23242.9 -23242.9
23253.3 -23253.3
23263.6 -23263.6
23274 -23274
23284.3 -23284.3
23294.7 -23294.7
23305 -23305
23315.3 -23315.3
23325.6 -23325.6
23335.9 -23335.9
23346.1 -23346.1
23356.4 -23356.4
23366.6 -23366.6
23376.9 -23376.9
23387.1 -23387.1
23397.3 -23397.3
23407.5 -23407.5
23417.7 -23417.7
23427.9 -23427.9
23438.1 -23438.1
23448.2 -23448.2
23458.4 -23458.4
23468.5 -23468.5
23478.6 -23478.6
23488.7 -23488.7
23498.8 -23498.8
23508.9 -23508.9
23519 -23519
23529.1 -23529.1
23539.1 -23539.1
23549.2 -23549.2
23559.2 -23559.2
23569.2 -23569.2
23579.3 -23579.3
23589.3 -23589.3
23599.3 -23599.3
23609.3 -23609.3
23619.2 -23619.2
23629.2 -23629.2
23639.1 -23639.1
23649.1 -23649.1
23659 -23659
23669 -23669
23678.9 -23678.9
23688.8 -23688.8
23698.7 -23698.7
23708.6 -23708.6
23718.4 -23718.4
23728.3 -23728.3
23738.2 -23738.2
23748 -23748
23757.8 -23757.8
23767.7 -23767.7
23777.5 -23777.5
23787.3 -23787.3
23797.1 -23797.1
23806.9 -23806.9
23816.7 -23816.7
23826.4 -23826.4
23836.2 -23836.2
23846 -23846
23855.7 -23855.7
23865.4 -23865.4
23875.2 -23875.2
23884.9 -23884.9
23894.6 -23894.6
23904.3 -23904.3
23914 -23914
23923.7 -23923.7
23933.3 -23933.3
23943 -23943
23952.7 -23952.7
23962.3 -23962.3
23971.9 -23971.9
23981.6 -23981.6
23991.2 -23991.2
24000.8 -24000.8
24010.4 -24010.4
24020 -24020
24029.6 -24029.6
24039.2 -24039.2
24048.7 -24048.7
24058.3 -24058.3
24067.9 -24067.9
24077.4 -24077.4
24086.9 -24086.9
24096.5 -24096.5
24106 -24106
24115.5 -24115.5
24125 -24125
24134.5 -24134.5
24144 -24144
24153.5 -24153.5
24162.9 -24162.9
24172.4 -24172.4
24181.8 -24181.8
24191.3 -24191.3
24200.7 -24200.7
24210.2 -24210.2
24219.6 -24219.6
24229 -24229
24238.4 -24238.4
24247.8 -24247.8
24257.2 -24257.2
24266.6 -24266.6
24275.9 -24275.9
24285.3 -24285.3
24294.7 -24294.7
24304 -24304
24313.4 -24313.4
24322.7 -24322.7
24332 -24332
24341.4 -24341.4
24350.7 -24350.7
24360 -24360
24369.3 -24369.3
24378.6 -24378.6
24387.9 -24387.9
24397.1 -24397.1
24406.4 -24406.4
24415.7 -24415.7
24424.9 -24424.9
24434.2 -24434.2
24443.4 -24443.4
24452.6 -24452.6
24461.9 -24461.9
24471.1 -24471.1
24480.3 -24480.3
24489.5 -24489.5
24498.7 -24498.7
24507.9 -24507.9
24517.1 -24517.1
24526.2 -24526.2
24535.4 -24535.4
24544.6 -24544.6
24553.7 -24553.7
24562.8 -24562.8
24572 -24572
24581.1 -24581.1
24590.2 -24590.2
24599.4 -24599.4
24608.5 -24608.5
24617.6 -24617.6
24626.7 -24626.7
24635.8 -24635.8
24644.8 -24644.8
24653.9 -24653.9
24663 -24663
24672 -24672
24681.1 -24681.1
24690.1 -24690.1
24699.2 -24699.2
24708.2 -24708.2
24717.2 -24717.2
24726.3 -24726.3
24735.3 -24735.3
24744.3 -24744.3
24753.3 -24753.3
24762.3 -24762.3
24771.2 -24771.2
24780.2 -24780.2
24789.2 -24789.2
24798.2 -24798.2
24807.1 -24807.1
24816.1 -24816.1
24825 -24825
24833.9 -24833.9
24842.9 -24842.9
24851.8 -24851.8
24860.7 -24860.7
24869.6 -24869.6
24878.5 -24878.5
24887.4 -24887.4
24896.3 -24896.3
24905.2 -24905.2
24914.1 -24914.1
24923 -24923
24931.8 -24931.8
24940.7 -24940.7
24949.5 -24949.5
24958.4 -24958.4
24967.2 -24967.2
24976 -24976
24984.9 -24984.9
24993.7 -24993.7
25002.5 -25002.5
25011.3 -25011.3
25020.1 -25020.1
25028.9 -25028.9
25037.7 -25037.7
25046.5 -25046.5
25055.2 -25055.2
25064 -25064
25072.8 -25072.8
25081.5 -25081.5
25090.3 -25090.3
25099 -25099
25107.7 -25107.7
25116.5 -25116.5
25125.2 -25125.2
25133.9 -25133.9
25142.6 -25142.6
25151.3 -25151.3
25160 -25160
25168.7 -25168.7
25177.4 -25177.4
25186 -25186
25194.7 -25194.7
25203.3 -25203.3
25212 -25212
25220.6 -25220.6
25229.3 -25229.3
25237.9 -25237.9
25246.5 -25246.5
25255.1 -25255.1
25263.7 -25263.7
25272.3 -25272.3
25280.8 -25280.8
25289.4 -25289.4
25297.9 -25297.9
25306.5 -25306.5
25315 -25315
25323.5 -25323.5
25332 -25332
25340.5 -25340.5
25349 -25349
25357.5 -25357.5
25366 -25366
25374.5 -25374.5
25383 -25383
25391.5 -25391.5
25399.9 -25399.9
25408.4 -25408.4
25416.8 -25416.8
25425.3 -25425.3
25433.7 -25433.7
25442.1 -25442.1
25450.5 -25450.5
25459 -25459
25467.4 -25467.4
25475.8 -25475.8
25484.2 -25484.2
25492.6 -25492.6
25500.9 -25500.9
25509.3 -25509.3
25517.7 -25517.7
25526.1 -25526.1
25534.4 -25534.4
25542.8 -25542.8
25551.1 -25551.1
25559.4 -25559.4
25567.8 -25567.8
25576.1 -25576.1
25584.4 -25584.4
25592.7 -25592.7
25601 -25601
25609.3 -25609.3
25617.6 -25617.6
25625.9 -25625.9
25634.2 -25634.2
25642.4 -25642.4
25650.7 -25650.7
25659 -25659
25667.2 -25667.2
25675.5 -25675.5
25683.7 -25683.7
25691.9 -25691.9
25700.1 -25700.1
25708.4 -25708.4
25716.6 -25716.6
25724.8 -25724.8
25733 -25733
25741.2 -25741.2
25749.4 -25749.4
25757.5 -25757.5
25765.7 -25765.7
25773.9 -25773.9
25782 -25782
25790.2 -25790.2
25798.3 -25798.3
25806.5 -25806.5
25814.6 -25814.6
25822.7 -25822.7
25830.9 -25830.9
25839 -25839
25847.1 -25847.1
25855.2 -25855.2
25863.3 -25863.3
25871.4 -25871.4
25879.4 -25879.4
25887.5 -25887.5
25895.6 -25895.6
25903.6 -25903.6
25911.7 -25911.7
25919.7 -25919.7
25927.8 -25927.8
25935.8 -25935.8
25943.8 -25943.8
25951.9 -25951.9
25959.9 -25959.9
25967.9 -25967.9
25975.9 -25975.9
25983.9 -25983.9
25991.9 -25991.9
25999.9 -25999.9
26007.8 -26007.8
26015.8 -26015.8
26023.8 -26023.8
26031.7 -26031.7
26039.7 -26039.7
26047.6 -26047.6
26055.6 -26055.6
26063.5 -26063.5
26071.4 -26071.4
26079.3 -26079.3
26087.2 -26087.2
26095.2 -26095.2
26103.1 -26103.1
26110.9 -26110.9
26118.8 -26118.8
26126.7 -26126.7
26134.6 -26134.6
26142.4 -26142.4
26150.3 -26150.3
26158.2 -26158.2
26166 -26166
26173.8 -26173.8
26181.7 -26181.7
26189.5 -26189.5
26197.3 -26197.3
26205.1 -26205.1
26212.9 -26212.9
26220.7 -26220.7
26228.5 -26228.5
26236.3 -26236.3
26244.1 -26244.1
26251.9 -26251.9
26259.6 -26259.6
26267.4 -26267.4
26275.1 -26275.1
26282.9 -26282.9
26290.6 -26290.6
26298.4 -26298.4
26306.1 -26306.1
26313.8 -26313.8
26321.5 -26321.5
26329.2 -26329.2
26336.9 -26336.9
26344.6 -26344.6
26352.3 -26352.3
26360 -26360
26367.7 -26367.7
26375.4 -26375.4
26383 -26383
26390.7 -26390.7
26398.3 -26398.3
26406 -26406
26413.6 -26413.6
26421.3 -26421.3
26428.9 -26428.9
26436.5 -26436.5
26444.1 -26444.1
26451.7 -26451.7
26459.3 -26459.3
26466.9 -26466.9
26474.5 -26474.5
26482.1 -26482.1
26489.7 -26489.7
26497.2 -26497.2
26504.8 -26504.8
26512.4 -26512.4
26519.9 -26519.9
26527.5 -26527.5
26535 -26535
26542.5 -26542.5
26550 -26550
26557.6 -26557.6
26565.1 -26565.1
26572.6 -26572.6
26580.1 -26580.1
26587.6 -26587.6
26595.1 -26595.1
26602.5 -26602.5
26610 -26610
26617.5 -26617.5
26625 -26625
26632.4 -26632.4
26639.9 -26639.9
26647.3 -26647.3
26654.7 -26654.7
26662.2 -26662.2
26669.6 -26669.6
26677 -26677
26684.4 -26684.4
26691.8 -26691.8
26699.2 -26699.2
26706.6 -26706.6
26714 -26714
26721.4 -26721.4
26728.7 -26728.7
26736.1 -26736.1
26743.4 -26743.4
26750.8 -26750.8
26758.1 -26758.1
26765.5 -26765.5
26772.8 -26772.8
26780.1 -26780.1
26787.4 -26787.4
26794.7 -26794.7
26802 -26802
26809.3 -26809.3
26816.6 -26816.6
26823.9 -26823.9
26831.2 -26831.2
26838.5 -26838.5
26845.7 -26845.7
26853 -26853
26860.3 -26860.3
26867.5 -26867.5
26874.8 -26874.8
26882 -26882
26889.2 -26889.2
26896.5 -26896.5
26903.7 -26903.7
26910.9 -26910.9
26918.1 -26918.1
26925.3 -26925.3
26932.5 -26932.5
26939.7 -26939.7
26946.9 -26946.9
26954.1 -26954.1
26961.2 -26961.2
26968.4 -26968.4
26975.6 -26975.6
26982.7 -26982.7
26989.9 -26989.9
26997 -26997
27004.2 -27004.2
27011.3 -27011.3
27018.4 -27018.4
27025.6 -27025.6
27032.7 -27032.7
27039.8 -27039.8
27046.9 -27046.9
27054 -27054
27061.1 -27061.1
27068.2 -27068.2
27075.3 -27075.3
27082.3 -27082.3
27089.4 -27089.4
27096.5 -27096.5
27103.5 -27103.5
27110.6 -27110.6
27117.6 -27117.6
27124.7 -27124.7
27131.7 -27131.7
27138.8 -27138.8
27145.8 -27145.8
27152.8 -27152.8
27159.8 -27159.8
27166.8 -27166.8
27173.8 -27173.8
27180.8 -27180.8
27187.8 -27187.8
27194.8 -27194.8
27201.8 -27201.8
27208.8 -27208.8
27215.8 -27215.8
27222.7 -27222.7
27229.7 -27229.7
27236.6 -27236.6
27243.6 -27243.6
27250.5 -27250.5
27257.5 -27257.5
27264.4 -27264.4
27271.3 -27271.3
27278.3 -27278.3
27285.2 -27285.2
27292.1 -27292.1
27299 -27299
27305.9 -27305.9
27312.8 -27312.8
27319.7 -27319.7
27326.6 -27326.6
27333.5 -27333.5
27340.4 -27340.4
27347.2 -27347.2
27354.1 -27354.1
27361 -27361
27367.8 -27367.8
27374.7 -27374.7
27381.5 -27381.5
27388.3 -27388.3
27395.2 -27395.2
27402 -27402
27408.8 -27408.8
27415.7 -27415.7
27422.5 -27422.5
27429.3 -27429.3
27436.1 -27436.1
27442.9 -27442.9
27449.7 -27449.7
27456.5 -27456.5
27463.3 -27463.3
27117.6 -27117.6
26772 -26772
26426.5 -26426.5
26081.2 -26081.2
25736.2 -25736.2
25391.4 -25391.4
25046.9 -25046.9
24702.7 -24702.7
24359 -24359
24015.6 -24015.6
23672.7 -23672.7
23330.2 -23330.2
22988.3 -22988.3
22646.9 -22646.9
22306.1 -22306.1
21965.9 -21965.9
21626.4 -21626.4
21287.5 -21287.5
20949.3 -20949.3
20611.9 -20611.9
20275.2 -20275.2
19939.3 -19939.3
19604.3 -19604.3
19270.2 -19270.2
18936.9 -18936.9
18604.5 -18604.5
18273.2 -18273.2
17942.8 -17942.8
17613.4 -17613.4
17285.1 -17285.1
16957.8 -16957.8
16631.7 -16631.7
16306.7 -16306.7
15982.9 -15982.9
15660.3 -15660.3
15338.9 -15338.9
15018.8 -15018.8
14699.9 -14699.9
14382.4 -14382.4
14066.2 -14066.2
13751.4 -13751.4
13438 -13438
13126 -13126
12815.4 -12815.4
12506.4 -12506.4
12198.8 -12198.8
11892.8 -11892.8
11588.4 -11588.4
11285.5 -11285.5
10984.3 -10984.3
10684.7 -10684.7
10386.7 -10386.7
10090.5 -10090.5
9795.94 -9795.94
9503.14 -9503.14
9212.1 -9212.1
8922.85 -8922.85
8635.4 -8635.4
8349.78 -8349.78
8066.01 -8066.01
7784.11 -7784.11
7504.11 -7504.11
7226.03 -7226.03
6949.88 -6949.88
6675.68 -6675.68
6403.47 -6403.47
6133.24 -6133.24
5865.03 -5865.03
5598.85 -5598.85
5334.71 -5334.71
5072.65 -5072.65
4812.66 -4812.66
4554.77 -4554.77
4298.99 -4298.99
4045.35 -4045.35
3793.84 -3793.84
3544.49 -3544.49
3297.31 -3297.31
3052.32 -3052.32
2809.52 -2809.52
2568.92 -2568.92
2330.54 -2330.54
2094.39 -2094.39
1861.09 -1861.09
1631.38 -1631.38
1404.67 -1404.67
1181.83 -1181.83
961.674 -961.674
744.685 -744.685
531.683 -531.683
322.473 -322.473
117.272 -117.272
-84.8212 84.8204
-296.497 296.497
-511.07 511.07
-723.833 723.833
-935.328 935.328
-1144.39 1144.39
-1352.23 1352.23
-1557.65 1557.65
-1761.43 1761.43
-1963.2 1963.2
-2162.33 2162.33
-2359.1 2359.1
-2554.73 2554.73
-2747.66 2747.66
-2937.92 2937.92
-3125.52 3125.52
-3310.46 3310.46
-3492.76 3492.76
-3672.44 3672.44
-3849.52 3849.52
-4024.01 4024.01
-4195.92 4195.92
-4365.28 4365.28
-4532.11 4532.11
-4696.42 4696.42
-4858.23 4858.23
-5017.57 5017.57
-5174.45 5174.45
-5328.9 5328.9
-5480.94 5480.94
-5630.6 5630.6
-5777.89 5777.89
-5922.84 5922.84
-6065.47 6065.47
-6205.81 6205.81
-6343.89 6343.89
-6479.73 6479.73
-6613.35 6613.35
-6744.79 6744.79
-6874.06 6874.06
-7001.2 7001.2
-7126.23 7126.23
-7249.19 7249.19
-7370.09 7370.09
-7488.97 7488.97
-7605.86 7605.86
-7720.76 7720.76
-7833.73 7833.73
-7944.79 7944.79
-8053.97 8053.97
-8161.3 8161.3
-8265.55 8265.55
-8366.34 8366.34
-8465.48 8465.48
-8563.01 8563.01
-8658.95 8658.95
-8753.32 8753.32
-8846.15 8846.15
-8937.47 8937.47
-9027.31 9027.31
-9115.67 9115.67
-9202.6 9202.6
-9288.12 9288.12
-9372.24 9372.24
-9455 9455
-9536.42 9536.42
-9616.53 9616.53
-9695.34 9695.34
-9772.89 9772.89
-9849.19 9849.19
-9924.27 9924.27
-9998.15 9998.15
-10070.9 10070.9
-10142.4 10142.4
-10212.8 10212.8
-10282.2 10282.2
-10349.3 10349.3
-10413.9 10413.9
-10477.5 10477.5
-10540.2 10540.2
-10602 10602
-10662.9 10662.9
-10722.9 10722.9
-10782.1 10782.1
-10840.4 10840.4
-10897.9 10897.9
-10954.6 10954.6
-11010.5 11010.5
-11065.6 11065.6
-11119.9 11119.9
-11173.5 11173.5
-11226.4 11226.4
-11278.6 11278.6
-11330 11330
-11380.8 11380.8
-11430.9 11430.9
-11480.3 11480.3
-11529.1 11529.1
-11577.2 11577.2
-11624.7 11624.7
-11671.6 11671.6
-11717.9 11717.9
-11763.7 11763.7
-11808.8 11808.8
-11853.4 11853.4
-11897.4 11897.4
-11940.9 11940.9
-11983.9 11983.9
-12026.4 12026.4
-12068.3 12068.3
-12109.8 12109.8
-12150.7 12150.7
-12191.2 12191.2
-12231.2 12231.2
-12270.8 12270.8
-12309.9 12309.9
-12348.6 12348.6
-12386.8 12386.8
-12424.6 12424.6
-12462 12462
-12499 12499
-12535.6 12535.6
-12571.9 12571.9
-12607.7 12607.7
-12643.1 12643.1
-12678.2 12678.2
-12713 12713
-12747.4 12747.4
-12781.4 12781.4
-12815.1 12815.1
-12848.5 12848.5
-12881.5 12881.5
-12914.2 12914.2
-12946.6 12946.6
-12978.7 12978.7
-13010.5 13010.5
-13042 13042
-13073.3 13073.3
-13104.2 13104.2
-13134.8 13134.8
-13165.2 13165.2
-13195.3 13195.3
-13225.2 13225.2
-13254.8 13254.8
-13284.1 13284.1
-13313.2 13313.2
-13342.1 13342.1
-13370.7 13370.7
-13399 13399
-13427.2 13427.2
-13455.1 13455.1
-13482.8 13482.8
-13510.2 13510.2
-13537.5 13537.5
-13564.5 13564.5
-13591.4 13591.4
-13618 13618
-13644.4 13644.4
-13670.7 13670.7
-13696.7 13696.7
-13722.6 13722.6
-13748.2 13748.2
-13773.7 13773.7
-13799 13799
-13824.1 13824.1
-13849.1 13849.1
-13873.8 13873.8
-13898.4 13898.4
-13922.9 13922.9
-13947.2 13947.2
-13971.3 13971.3
-13995.2 13995.2
-14019 14019
-14042.7 14042.7
-14066.2 14066.2
-14089.5 14089.5
-14112.7 14112.7
-14135.8 14135.8
-14158.7 14158.7
-14181.5 14181.5
-14204.1 14204.1
-14226.6 14226.6
-14249 14249
-14271.2 14271.2
-14293.4 14293.4
-14315.3 14315.3
-14337.2 14337.2
-14358.9 14358.9
-14380.6 14380.6
-14402.1 14402.1
-14423.4 14423.4
-14444.7 14444.7
-14465.9 14465.9
-14486.9 14486.9
-14507.8 14507.8
-14528.6 14528.6
-14549.3 14549.3
-14569.9 14569.9
-14590.4 14590.4
-14610.8 14610.8
-14631.1 14631.1
-14651.3 14651.3
-14671.4 14671.4
-14691.4 14691.4
-14711.2 14711.2
-14731 14731
-14750.7 14750.7
-14770.4 14770.4
-14789.9 14789.9
-14809.3 14809.3
-14828.6 14828.6
-14847.9 14847.9
-14867 14867
-14886.1 14886.1
-14905.1 14905.1
-14924 14924
-14942.8 14942.8
-14961.6 14961.6
-14980.2 14980.2
-14998.8 14998.8
-15017.3 15017.3
-15035.7 15035.7
-15054.1 15054.1
-15072.3 15072.3
-15090.5 15090.5
-15108.6 15108.6
-15126.7 15126.7
-15144.7 15144.7
-15162.6 15162.6
-15180.4 15180.4
-15198.1 15198.1
-15215.8 15215.8
-15233.5 15233.5
-15251 15251
-15268.5 15268.5
-15285.9 15285.9
-15303.3 15303.3
-15320.6 15320.6
-15337.8 15337.8
-15355 15355
-15372.1 15372.1
-15389.1 15389.1
-15406.1 15406.1
-15423 15423
-15439.8 15439.8
-15456.6 15456.6
-15473.4 15473.4
-15490.1 15490.1
-15506.7 15506.7
-15523.2 15523.2
-15539.7 15539.7
-15556.2 15556.2
-15572.6 15572.6
-15588.9 15588.9
-15605.2 15605.2
-15621.5 15621.5
-15637.7 15637.7
-15653.8 15653.8
-15669.9 15669.9
-15685.9 15685.9
-15701.9 15701.9
-15717.8 15717.8
-15733.7 15733.7
-15749.5 15749.5
-15765.3 15765.3
-15781 15781
-15796.7 15796.7
-15812.3 15812.3
-15827.9 15827.9
-15843.4 15843.4
-15858.9 15858.9
-15874.4 15874.4
-15889.8 15889.8
-15905.1 15905.1
-15920.5 15920.5
-15935.7 15935.7
-15950.9 15950.9
-15966.1 15966.1
-15981.3 15981.3
-15996.4 15996.4
-16011.4 16011.4
-16026.4 16026.4
-16041.4 16041.4
-16056.3 16056.3
-16071.2 16071.2
-16086.1 16086.1
-16100.9 16100.9
-16115.6 16115.6
-16130.4 16130.4
-16145.1 16145.1
-16159.7 16159.7
-16174.3 16174.3
-16188.9 16188.9
-16203.4 16203.4
-16217.9 16217.9
-16232.4 16232.4
-16246.8 16246.8
-16261.2 16261.2
-16275.6 16275.6
-16289.9 16289.9
-16304.2 16304.2
-16318.4 16318.4
-16332.6 16332.6
-16346.8 16346.8
-16361 16361
-16375.1 16375.1
-16389.1 16389.1
-16403.2 16403.2
-16417.2 16417.2
-16431.2 16431.2
-16445.1 16445.1
-16459 16459
-16472.9 16472.9
-16486.7 16486.7
-16500.6 16500.6
-16514.3 16514.3
-16528.1 16528.1
-16541.8 16541.8
-16555.5 16555.5
-16569.1 16569.1
-16582.8 16582.8
-16596.4 16596.4
-16609.9 16609.9
-16623.5 16623.5
-16637 16637
-16650.5 16650.5
-16663.9 16663.9
-16677.3 16677.3
-16690.7 16690.7
-16704.1 16704.1
-16717.4 16717.4
-16730.7 16730.7
-16744 16744
-16757.3 16757.3
-16770.5 16770.5
-16783.7 16783.7
-16796.8 16796.8
-16810 16810
-16823.1 16823.1
-16836.2 16836.2
-16849.2 16849.2
-16862.3 16862.3
-16875.3 16875.3
-16888.3 16888.3
-16901.2 16901.2
-16914.2 16914.2
-16927.1 16927.1
-16940 16940
-16952.8 16952.8
-16965.7 16965.7
-16978.5 16978.5
-16991.2 16991.2
-17004 17004
-17016.7 17016.7
-17029.5 17029.5
-17042.1 17042.1
-17054.8 17054.8
-17067.4 17067.4
-17080.1 17080.1
-17092.7 17092.7
-17105.2 17105.2
-17117.8 17117.8
-17130.3 17130.3
-17142.8 17142.8
-17155.3 17155.3
-17167.7 17167.7
-17180.2 17180.2
-17192.6 17192.6
-17205 17205
-17217.3 17217.3
-17229.7 17229.7
-17242 17242
-17254.3 17254.3
-17266.6 17266.6
-17278.9 17278.9
-17291.1 17291.1
-17303.3 17303.3
-17315.5 17315.5
-17327.7 17327.7
-17339.9 17339.9
-17352 17352
-17364.1 17364.1
-17376.2 17376.2
-17388.3 17388.3
-17400.3 17400.3
-17412.4 17412.4
-17424.4 17424.4
-17436.4 17436.4
-17448.4 17448.4
-17460.3 17460.3
-17472.3 17472.3
-17484.2 17484.2
-17496.1 17496.1
-17508 17508
-17519.8 17519.8
-17531.7 17531.7
-17543.5 17543.5
-17555.3 17555.3
-17567.1 17567.1
-17578.8 17578.8
-17590.6 17590.6
-17602.3 17602.3
-17614 17614
-17625.7 17625.7
-17637.4 17637.4
-17649.1 17649.1
-17660.7 17660.7
-17672.4 17672.4
-17684 17684
-17695.6 17695.6
-17707.1 17707.1
-17718.7 17718.7
-17730.2 17730.2
-17741.7 17741.7
-17753.2 17753.2
-17764.7 17764.7
-17776.2 17776.2
-17787.7 17787.7
-17799.1 17799.1
-17810.5 17810.5
-17821.9 17821.9
-17833.3 17833.3
-17844.7 17844.7
-17856 17856
-17867.4 17867.4
-17878.7 17878.7
-17890 17890
-17901.3 17901.3
-17912.6 17912.6
-17923.8 17923.8
-17935.1 17935.1
-17946.3 17946.3
-17957.5 17957.5
-17968.7 17968.7
-17979.9 17979.9
-17991.1 17991.1
-18002.2 18002.2
-18013.3 18013.3
-18024.5 18024.5
-18035.6 18035.6
-18046.7 18046.7
-18057.7 18057.7
-18068.8 18068.8
-18079.8 18079.8
-18090.9 18090.9
-18101.9 18101.9
-18112.9 18112.9
-18123.9 18123.9
-18134.9 18134.9
-18145.8 18145.8
-18156.8 18156.8
-18167.7 18167.7
-18178.6 18178.6
-18189.5 18189.5
-18200.4 18200.4
-18211.3 18211.3
-18222.1 18222.1
-18233 18233
-18243.8 18243.8
-18254.6 18254.6
-18265.4 18265.4
-18276.2 18276.2
-18287 18287
-18297.8 18297.8
-18308.5 18308.5
-18319.2 18319.2
-18330 18330
-18340.7 18340.7
-18351.4 18351.4
-18362.1 18362.1
-18372.7 18372.7
-18383.4 18383.4
-18394 18394
-18404.7 18404.7
-18415.3 18415.3
-18425.9 18425.9
-18436.5 18436.5
-18447 18447
-18457.6 18457.6
-18468.2 18468.2
-18478.7 18478.7
-18489.2 18489.2
-18499.7 18499.7
-18510.2 18510.2
-18520.7 18520.7
-18531.2 18531.2
-18541.7 18541.7
-18552.1 18552.1
-18562.6 18562.6
-18573 18573
-18583.4 18583.4
-18593.8 18593.8
-18604.2 18604.2
-18614.6 18614.6
-18625 18625
-18635.3 18635.3
-18645.7 18645.7
-18656 18656
-18666.3 18666.3
-18676.6 18676.6
-18686.9 18686.9
-18697.2 18697.2
-18707.5 18707.5
-18717.7 18717.7
-18728 18728
-18738.2 18738.2
-18748.4 18748.4
-18758.6 18758.6
-18768.8 18768.8
-18779 18779
-18789.2 18789.2
-18799.4 18799.4
-18809.5 18809.5
-18819.7 18819.7
-18829.8 18829.8
-18839.9 18839.9
-18850.1 18850.1
-18860.2 18860.2
-18870.2 18870.2
-18880.3 18880.3
-18890.4 18890.4
-18900.4 18900.4
-18910.5 18910.5
-18920.5 18920.5
-18930.5 18930.5
-18940.6 18940.6
-18950.6 18950.6
-18960.5 18960.5
-18970.5 18970.5
-18980.5 18980.5
-18990.4 18990.4
-19000.4 19000.4
-19010.3 19010.3
-19020.3 19020.3
-19030.2 19030.2
-19040.1 19040.1
-19050 19050
-19059.8 19059.8
-19069.7 19069.7
-19079.6 19079.6
-19089.4 19089.4
-19099.3 19099.3
-19109.1 19109.1
-19118.9 19118.9
-19128.7 19128.7
-19138.5 19138.5
-19148.3 19148.3
-19158.1 19158.1
-19167.9 19167.9
-19177.6 19177.6
-19187.4 19187.4
-19197.1 19197.1
-19206.8 19206.8
-19216.6 19216.6
-19226.3 19226.3
-19236 19236
-19245.7 19245.7
-19255.3 19255.3
-19265 19265
-19274.7 19274.7
-19284.3 19284.3
-19293.9 19293.9
-19303.6 19303.6
-19313.2 19313.2
-19322.8 19322.8
-19332.4 19332.4
-19342 19342
-19351.6 19351.6
-19361.1 19361.1
-19370.7 19370.7
-19380.2 19380.2
-19389.8 19389.8
-19399.3 19399.3
-19408.8 19408.8
-19418.3 19418.3
-19427.8 19427.8
-19437.3 19437.3
-19446.8 19446.8
-19456.3 19456.3
-19465.7 19465.7
-19475.2 19475.2
-19484.6 19484.6
-19494.1 19494.1
-19503.5 19503.5
-19512.9 19512.9
-19522.3 19522.3
-19531.7 19531.7
-19541.1 19541.1
-19550.5 19550.5
-19559.8 19559.8
-19569.2 19569.2
-19578.5 19578.5
-19587.9 19587.9
-19597.2 19597.2
-19606.5 19606.5
-19615.8 19615.8
-19625.2 19625.2
-19634.4 19634.4
-19643.7 19643.7
-19653 19653
-19662.3 19662.3
-19671.5 19671.5
-19680.8 19680.8
-19690 19690
-19699.2 19699.2
-19708.5 19708.5
-19717.7 19717.7
-19726.9 19726.9
-19736.1 19736.1
-19745.3 19745.3
-19754.4 19754.4
-19763.6 19763.6
-19772.8 19772.8
-19781.9 19781.9
-19791 19791
-19800.2 19800.2
-19809.3 19809.3
-19818.4 19818.4
-19827.5 19827.5
-19836.6 19836.6
-19845.7 19845.7
-19854.8 19854.8
-19863.8 19863.8
-19872.9 19872.9
-19881.9 19881.9
-19891 19891
-19900 19900
-19909 19909
-19918.1 19918.1
-19927.1 19927.1
-19936.1 19936.1
-19945.1 19945.1
-19954 19954
-19963 19963
-19972 19972
-19980.9 19980.9
-19989.9 19989.9
-19998.8 19998.8
-20007.7 20007.7
-20016.7 20016.7
-20025.6 20025.6
-20034.5 20034.5
-20043.4 20043.4
-20052.3 20052.3
-20061.1 20061.1
-20070 20070
-20078.9 20078.9
-20087.7 20087.7
-20096.6 20096.6
-20105.4 20105.4
-20114.2 20114.2
-20123 20123
-20131.9 20131.9
-20140.7 20140.7
-20149.4 20149.4
-20158.2 20158.2
-20167 20167
-20175.8 20175.8
-20184.5 20184.5
-20193.3 20193.3
-20202 20202
-20210.8 20210.8
-20219.5 20219.5
-20228.2 20228.2
-20236.9 20236.9
-20245.6 20245.6
-20254.3 20254.3
-20263 20263
-20271.7 20271.7
-20280.3 20280.3
-20289 20289
-20297.6 20297.6
-20306.3 20306.3
-20314.9 20314.9
-20323.5 20323.5
-20332.1 20332.1
-20340.8 20340.8
-20349.4 20349.4
-20357.9 20357.9
-20366.5 20366.5
-20375.1 20375.1
-20383.7 20383.7
-20392.2 20392.2
-20400.8 20400.8
-20409.3 20409.3
-20417.9 20417.9
-20426.4 20426.4
-20434.9 20434.9
-20443.4 20443.4
-20451.9 20451.9
-20460.4 20460.4
-20468.9 20468.9
-20477.4 20477.4
-20485.8 20485.8
-20494.3 20494.3
-20502.8 20502.8
-20511.2 20511.2
-20519.6 20519.6
-20528.1 20528.1
-20536.5 20536.5
-20544.9 20544.9
-20553.3 20553.3
-20561.7 20561.7
-20570.1 20570.1
-20578.5 20578.5
-20586.9 20586.9
-20595.2 20595.2
-20603.6 20603.6
-20611.9 20611.9
-20620.3 20620.3
-20628.6 20628.6
-20636.9 20636.9
-20645.2 20645.2
-20653.5 20653.5
-20661.8 20661.8
-20670.1 20670.1
-20678.4 20678.4
-20686.7 20686.7
-20695 20695
-20703.2 20703.2
-20711.5 20711.5
-20719.7 20719.7
-20728 20728
-20736.2 20736.2
-20744.4 20744.4
-20752.6 20752.6
-20760.8 20760.8
-20769 20769
-20777.2 20777.2
-20785.4 20785.4
-20793.6 20793.6
-20801.7 20801.7
-20809.9 20809.9
-20818 20818
-20826.2 20826.2
-20834.3 20834.3
-20842.4 20842.4
-20850.5 20850.5
-20858.7 20858.7
-20866.8 20866.8
-20874.9 20874.9
-20882.9 20882.9
-20891 20891
-20899.1 20899.1
-20907.1 20907.1
-20915.2 20915.2
-20923.3 20923.3
-20931.3 20931.3
-20939.3 20939.3
-20947.3 20947.3
-20955.4 20955.4
-20963.4 20963.4
-20971.4 20971.4
-20979.4 20979.4
-20987.3 20987.3
-20995.3 20995.3
-21003.3 21003.3
-21011.2 21011.2
-21019.2 21019.2
-21027.1 21027.1
-21035.1 21035.1
-21043 21043
-21050.9 21050.9
-21058.8 21058.8
-21066.8 21066.8
-21074.7 21074.7
-21082.5 21082.5
-21090.6 21090.6
-21100.9 21100.9
-21111.3 21111.3
-21121.6 21121.6
-21131.9 21131.9
-21142.3 21142.3
-21152.6 21152.6
-21162.9 21162.9
-21173.2 21173.2
-21183.5 21183.5
-21193.8 21193.8
-21204.1 21204.1
-21214.4 21214.4
-21224.7 21224.7
-21235 21235
-21245.3 21245.3
-21255.5 21255.5
-21265.8 21265.8
-21276.1 21276.1
-21286.3 21286.3
-21296.6 21296.6
-21306.8 21306.8
-21317.1 21317.1
-21327.3 21327.3
-21337.6 21337.6
-21347.8 21347.8
-21358 21358
-21368.2 21368.2
-21378.5 21378.5
-21388.7 21388.7
-21398.9 21398.9
-21409.1 21409.1
-21419.3 21419.3
-21429.5 21429.5
-21439.7 21439.7
-21449.9 21449.9
-21460 21460
-21470.2 21470.2
-21480.4 21480.4
-21490.6 21490.6
-21500.7 21500.7
-21510.9 21510.9
-21521 21521
-21531.2 21531.2
-21541.3 21541.3
-21551.5 21551.5
-21561.6 21561.6
-21571.8 21571.8
-21581.9 21581.9
-21592 21592
-21602.1 21602.1
-21612.2 21612.2
-21622.4 21622.4
-21632.5 21632.5
-21642.6 21642.6
-21652.7 21652.7
-21662.8 21662.8
-21672.9 21672.9
-21682.9 21682.9
-21693 21693
-21703.1 21703.1
-21713.2 21713.2
-21723.3 21723.3
-21733.3 21733.3
-21743.4 21743.4
-21753.5 21753.5
-21763.5 21763.5
-21773.6 21773.6
-21783.6 21783.6
-21793.7 21793.7
-21803.7 21803.7
-21813.7 21813.7
-21823.8 21823.8
-21833.8 21833.8
-21843.8 21843.8
-21853.8 21853.8
-21863.9 21863.9
-21873.9 21873.9
-21883.9 21883.9
-21893.9 21893.9
-21903.9 21903.9
-21913.9 21913.9
-21923.9 21923.9
-21933.9 21933.9
-21943.9 21943.9
-21953.8 21953.8
-21963.8 21963.8
-21973.8 21973.8
-21983.8 21983.8
-21993.7 21993.7
-22003.7 22003.7
-22013.7 22013.7
-22023.6 22023.6
-22033.6 22033.6
-22043.5 22043.5
-22268.3 22268.3
-22696.1 22696.1
-23123.9 23123.9
-23551.6 23551.6
-23987.4 23987.4
-24429.1 24429.1
-24870.8 24870.8
-25336.8 25336.8
-25814 25814
-26291 26291
-26767.9 26767.9
-27244.7 27244.7
-27727.2 27727.2
-28219 28219
-28723.6 28723.6
-29227.9 29227.9
-29731.8 29731.8
-30239.7 30239.7
-30751.8 30751.8
-31263.3 31263.3
-31775.6 31775.6
-32301.6 32301.6
-32826.9 32826.9
-33351.3 33351.3
-33874.7 33874.7
-34397 34397
-34918.2 34918.2
-35438.1 35438.1
-35956.6 35956.6
-36473.7 36473.7
-36989.1 36989.1
-37502.8 37502.8
-38014.7 38014.7
-38524.5 38524.5
-39032.1 39032.1
-39537.3 39537.3
-40040.1 40040.1
-40540.1 40540.1
-41037.2 41037.2
-41531.2 41531.2
-42021.9 42021.9
-42509 42509
-42992.3 42992.3
-43471.5 43471.5
-43946.4 43946.4
-44416.6 44416.6
-44881.9 44881.9
-45342 45342
-45796.5 45796.5
-46245.1 46245.1
-46687.4 46687.4
-47123.1 47123.1
-47551.8 47551.8
-47973.1 47973.1
-48386.6 48386.6
-48792 48792
-49188.9 49188.9
-49576.9 49576.9
-49962.9 49962.9
-50337.8 50337.8
-50701.2 50701.2
-51052.9 51052.9
-51392.7 51392.7
-51720.5 51720.5
-52036.2 52036.2
-52339.7 52339.7
-52631 52631
-52910.2 52910.2
-53177.6 53177.6
-53433.3 53433.3
-53677.5 53677.5
-53910.7 53910.7
-54133.1 54133.1
-54345.2 54345.2
-54547.3 54547.3
-54740 54740
-54923.7 54923.7
-55098.9 55098.9
-55266 55266
-55425.6 55425.6
-55578 55578
-55723.8 55723.8
-55854 55854
-55968.1 55968.1
-56074.3 56074.3
-56175.4 56175.4
-56271.7 56271.7
-56363.5 56363.5
-56451.2 56451.2
-56534.8 56534.8
-56613.6 56613.6
-56689.1 56689.1
-56761.5 56761.5
-56831.1 56831.1
-56898.1 56898.1
-56962.7 56962.7
-57024.9 57024.9
-57085.1 57085.1
-57143.2 57143.2
-57199.6 57199.6
-57254.2 57254.2
-57307.2 57307.2
-57358.7 57358.7
-57408.8 57408.8
-57457.6 57457.6
-57505.1 57505.1
-57551.5 57551.5
-57596.9 57596.9
-57641.1 57641.1
-57684.5 57684.5
-57726.9 57726.9
-57768.4 57768.4
-57809.2 57809.2
-57849.2 57849.2
-57888.5 57888.5
-57927.1 57927.1
-57965 57965
-58002.3 58002.3
-58038.9 58038.9
-58075 58075
-58110.6 58110.6
-58145.6 58145.6
-58180.2 58180.2
-58214.3 58214.3
-58248 58248
-58281.3 58281.3
-58314.1 58314.1
-58346.6 58346.6
-58378.7 58378.7
-58410.5 58410.5
-58441.9 58441.9
-58473 58473
-58503.8 58503.8
-58534.2 58534.2
-58564.4 58564.4
-58594.4 58594.4
-58624 58624
-58653.4 58653.4
-58682.6 58682.6
-58711.5 58711.5
-58740.1 58740.1
-58768.6 58768.6
-58796.8 58796.8
-58824.8 58824.8
-58852.6 58852.6
-58880.2 58880.2
-58907.7 58907.7
-58934.9 58934.9
-58961.9 58961.9
-58988.8 58988.8
-59015.5 59015.5
-59042 59042
-59068.4 59068.4
-59094.6 59094.6
-59120 59120
-59144.9 59144.9
-59169.7 59169.7
-59194.4 59194.4
-59218.9 59218.9
-59243.3 59243.3
-59267.6 59267.6
-59291.8 59291.8
-59315.8 59315.8
-59339.7 59339.7
-59363.5 59363.5
-59387.1 59387.1
-59410.7 59410.7
-59434.1 59434.1
-59457.4 59457.4
-59480.6 59480.6
-59503.7 59503.7
-59526.7 59526.7
-59549.6 59549.6
-59572.3 59572.3
-59595 59595
-59617.5 59617.5
-59640 59640
-59662.3 59662.3
-59684.6 59684.6
-59706.7 59706.7
-59728.7 59728.7
-59750.7 59750.7
-59772.5 59772.5
-59794.2 59794.2
-59815.8 59815.8
-59837.4 59837.4
-59858.8 59858.8
-59880.1 59880.1
-59901.3 59901.3
-59922.4 59922.4
-59943.4 59943.4
-59964.3 59964.3
-59985.1 59985.1
-60005.8 60005.8
-60026.3 60026.3
-60046.8 60046.8
-60067.1 60067.1
-60087.4 60087.4
-60107.5 60107.5
-60127.5 60127.5
-60147.4 60147.4
-60167.1 60167.1
-60186.8 60186.8
-60206.3 60206.3
-60225.7 60225.7
-60244.9 60244.9
-60263.9 60263.9
-60282.8 60282.8
-60301.5 60301.5
-60320.1 60320.1
-60338.5 60338.5
-60356.8 60356.8
-60374.9 60374.9
-60392.8 60392.8
-60410.6 60410.6
-60428.2 60428.2
-60445.7 60445.7
-60462.9 60462.9
-60480 60480
-60497 60497
-60513.7 60513.7
-60530.3 60530.3
-60546.7 60546.7
-60563 60563
-60579 60579
-60594.9 60594.9
-60610.7 60610.7
-60626.2 60626.2
-60641.6 60641.6
-60656.9 60656.9
-59935.3 59935.3
-59213.9 59213.9
-58492.6 58492.6
-57771.5 57771.5
-57050.6 57050.6
-56329.9 56329.9
-55609.5 55609.5
-54889.4 54889.4
-54169.6 54169.6
-53450.2 53450.2
-52731.1 52731.1
-52012.4 52012.4
-51294.1 51294.1
-50576.2 50576.2
-49858.7 49858.7
-49141.7 49141.7
-48425.2 48425.2
-47711.7 47711.7
-47006.9 47006.9
-46302.6 46302.6
-45599 45599
-44900 44900
-44206.4 44206.4
-43513.6 43513.6
-42821.4 42821.4
-42137.4 42137.4
-41455 41455
-40773.4 40773.4
-40092.6 40092.6
-39412.6 39412.6
-38733.5 38733.5
-38055.2 38055.2
-37377.8 37377.8
-36701.4 36701.4
-36052.7 36052.7
-35409.4 35409.4
-34767 34767
-34134.1 34134.1
-33503.1 33503.1
-32873.1 32873.1
-32243.9 32243.9
-31615.8 31615.8
-30988.6 30988.6
-30362.5 30362.5
-29737.4 29737.4
-29113.4 29113.4
-28492.6 28492.6
-27877.7 27877.7
-27264.4 27264.4
-26652.3 26652.3
-26041.2 26041.2
-25431.4 25431.4
-24822.8 24822.8
-24215.3 24215.3
-23609.2 23609.2
-23004.3 23004.3
-22400.7 22400.7
-21798.5 21798.5
-21202.7 21202.7
-20613.2 20613.2
-20032.1 20032.1
-19471.3 19471.3
-18918.3 18918.3
-18366.7 18366.7
-17830.6 17830.6
-17298.7 17298.7
-16787.7 16787.7
-16317 16317
-15873 15873
-15469.1 15469.1
-15150.6 15150.6
-14832.8 14832.8
-14515.5 14515.5
-14199 14199
-13883.1 13883.1
-13567.9 13567.9
-13253.4 13253.4
-12939.7 12939.7
-12626.7 12626.7
-12314.6 12314.6
-12003.2 12003.2
-11692.6 11692.6
-11383 11383
-11074.1 11074.1
-10766.2 10766.2
-10459.2 10459.2
-10153.1 10153.1
-9847.98 9847.98
-9543.82 9543.82
-9240.66 9240.66
-8939.75 8939.75
-8641.47 8641.47
-8344.25 8344.25
-8048.1 8048.1
-7753.05 7753.05
-7459.1 7459.1
-7166.28 7166.28
-6874.61 6874.61
-6584.1 6584.1
-6294.78 6294.78
-6006.65 6006.65
-5719.74 5719.74
-5434.06 5434.06
-5149.63 5149.63
-4866.46 4866.46
-4584.58 4584.58
-4303.99 4303.99
-4025.8 4025.8
-3749.51 3749.51
-3474.53 3474.53
-3200.89 3200.89
-2928.6 2928.6
-2658.11 2658.11
-2389.77 2389.77
-2126.16 2126.16
-1877.57 1877.57
-1631.88 1631.88
-1388.58 1388.58
-1147.17 1147.17
-908.305 908.305
-671.552 671.552
-436.687 436.687
-207.151 207.151
14.1067 -14.1067
223.448 -223.448
436.121 -436.121
650.086 -650.086
864.643 -864.643
1079.64 -1079.64
1293.41 -1293.41
1505.93 -1505.93
1717.21 -1717.21
1927.25 -1927.25
2130.77 -2130.77
2329.39 -2329.39
2526.59 -2526.59
2722.38 -2722.38
2916.74 -2916.74
3109.68 -3109.68
3301.19 -3301.19
3491.27 -3491.27
3679.91 -3679.91
3867.11 -3867.11
4052.86 -4052.86
4237.17 -4237.17
4420.04 -4420.04
4601.45 -4601.45
4781.41 -4781.41
4959.92 -4959.92
5136.98 -5136.98
5312.57 -5312.57
5486.72 -5486.72
5659.41 -5659.41
5830.64 -5830.64
6000.41 -6000.41
6168.73 -6168.73
6335.59 -6335.59
6500.99 -6500.99
6664.95 -6664.95
6827.45 -6827.45
6988.5 -6988.5
7148.1 -7148.1
7306.25 -7306.25
7462.95 -7462.95
7618.22 -7618.22
7772.05 -7772.05
7924.43 -7924.43
8075.39 -8075.39
8224.91 -8224.91
8373.01 -8373.01
8519.69 -8519.69
8664.95 -8664.95
8808.79 -8808.79
8951.22 -8951.22
9092.25 -9092.25
9231.88 -9231.88
9370.11 -9370.11
9506.96 -9506.96
9642.42 -9642.42
9776.5 -9776.5
9909.21 -9909.21
10040.6 -10040.6
10170.5 -10170.5
10299.2 -10299.2
10426.4 -10426.4
10552.4 -10552.4
10677 -10677
10800.3 -10800.3
10922.2 -10922.2
11042.9 -11042.9
11162.2 -11162.2
11280.3 -11280.3
11397 -11397
11512.5 -11512.5
11626.7 -11626.7
11739.7 -11739.7
11851.3 -11851.3
11961.8 -11961.8
12071 -12071
12178.9 -12178.9
12285.7 -12285.7
12391.2 -12391.2
12495.5 -12495.5
12598.7 -12598.7
12700.6 -12700.6
12801.4 -12801.4
12900.9 -12900.9
12999.4 -12999.4
13096.7 -13096.7
13192.8 -13192.8
13287.8 -13287.8
13381.7 -13381.7
13474.5 -13474.5
13566.2 -13566.2
13656.8 -13656.8
13746.3 -13746.3
13834.7 -13834.7
13922.1 -13922.1
14008.4 -14008.4
14093.7 -14093.7
14177.9 -14177.9
14261.2 -14261.2
14343.4 -14343.4
14424.6 -14424.6
14504.8 -14504.8
14584 -14584
14662.3 -14662.3
14739.6 -14739.6
14815.9 -14815.9
14891.3 -14891.3
14965.8 -14965.8
15039.3 -15039.3
15112 -15112
15183.7 -15183.7
15254.6 -15254.6
15324.5 -15324.5
15393.6 -15393.6
15461.8 -15461.8
15529.2 -15529.2
15595.7 -15595.7
15661.4 -15661.4
15726.3 -15726.3
15790.4 -15790.4
15853.7 -15853.7
15916.1 -15916.1
15977.8 -15977.8
16038.7 -16038.7
16101.5 -16101.5
16166.2 -16166.2
16230.1 -16230.1
16293 -16293
16355.1 -16355.1
16416.4 -16416.4
16476.8 -16476.8
16536.3 -16536.3
16595.1 -16595.1
16653 -16653
16710.2 -16710.2
16766.6 -16766.6
16822.2 -16822.2
16877 -16877
16931.2 -16931.2
16984.5 -16984.5
17037.2 -17037.2
17089.1 -17089.1
17140.4 -17140.4
17190.9 -17190.9
17240.8 -17240.8
17290 -17290
17338.5 -17338.5
17386.4 -17386.4
17433.7 -17433.7
17480.3 -17480.3
17526.3 -17526.3
17571.7 -17571.7
17616.6 -17616.6
17660.8 -17660.8
17704.4 -17704.4
17747.5 -17747.5
17790 -17790
17832 -17832
17873.4 -17873.4
17914.3 -17914.3
17954.7 -17954.7
17994.6 -17994.6
18034 -18034
18072.8 -18072.8
18111.2 -18111.2
18149.1 -18149.1
18186.5 -18186.5
18223.5 -18223.5
18260 -18260
18296.1 -18296.1
18331.7 -18331.7
18366.9 -18366.9
18401.7 -18401.7
18436.1 -18436.1
18470 -18470
18503.6 -18503.6
18536.8 -18536.8
18569.5 -18569.5
18601.9 -18601.9
18634 -18634
18665.6 -18665.6
18696.9 -18696.9
18727.9 -18727.9
18758.5 -18758.5
18788.7 -18788.7
18818.6 -18818.6
18848.2 -18848.2
18877.5 -18877.5
18906.5 -18906.5
18935.1 -18935.1
18963.4 -18963.4
18991.5 -18991.5
19019.2 -19019.2
19046.7 -19046.7
19073.9 -19073.9
19100.8 -19100.8
19127.4 -19127.4
19153.7 -19153.7
19179.8 -19179.8
19205.6 -19205.6
19231.2 -19231.2
19256.5 -19256.5
19281.6 -19281.6
19306.5 -19306.5
19331.1 -19331.1
19355.5 -19355.5
19379.6 -19379.6
19403.5 -19403.5
19427.2 -19427.2
19450.7 -19450.7
19474 -19474
19497.1 -19497.1
19520 -19520
19542.6 -19542.6
19565.1 -19565.1
19587.4 -19587.4
19609.5 -19609.5
19631.4 -19631.4
19653.1 -19653.1
19674.7 -19674.7
19696 -19696
19717.2 -19717.2
19738.2 -19738.2
19759.1 -19759.1
19779.8 -19779.8
19800.3 -19800.3
19820.7 -19820.7
19840.9 -19840.9
19861 -19861
19880.9 -19880.9
19900.7 -19900.7
19920.3 -19920.3
19939.8 -19939.8
19959.1 -19959.1
19978.3 -19978.3
19997.4 -19997.4
20016.3 -20016.3
20035.1 -20035.1
20053.8 -20053.8
20072.3 -20072.3
20090.8 -20090.8
20109.1 -20109.1
20127.2 -20127.2
20145.3 -20145.3
20163.2 -20163.2
20181.1 -20181.1
20198.8 -20198.8
20216.4 -20216.4
20233.9 -20233.9
20251.3 -20251.3
20268.6 -20268.6
20285.7 -20285.7
20302.8 -20302.8
20319.8 -20319.8
20336.7 -20336.7
20353.4 -20353.4
20370.1 -20370.1
20386.7 -20386.7
20403.2 -20403.2
20419.6 -20419.6
20435.9 -20435.9
20452.1 -20452.1
20468.3 -20468.3
20484.3 -20484.3
20500.3 -20500.3
20516.2 -20516.2
20532 -20532
20547.7 -20547.7
20563.3 -20563.3
20578.9 -20578.9
20594.4 -20594.4
20609.8 -20609.8
20625.1 -20625.1
20640.3 -20640.3
20655.5 -20655.5
20670.6 -20670.6
20685.7 -20685.7
20700.6 -20700.6
20715.5 -20715.5
20730.4 -20730.4
20745.1 -20745.1
20759.8 -20759.8
20774.5 -20774.5
20789 -20789
20803.5 -20803.5
20818 -20818
20832.4 -20832.4
20846.7 -20846.7
20860.9 -20860.9
20875.1 -20875.1
20889.3 -20889.3
20903.4 -20903.4
20917.4 -20917.4
20931.4 -20931.4
20945.3 -20945.3
20959.1 -20959.1
20972.9 -20972.9
20986.7 -20986.7
21000.4 -21000.4
21014.1 -21014.1
21027.7 -21027.7
21041.2 -21041.2
21054.7 -21054.7
21068.2 -21068.2
21081.6 -21081.6
21094.9 -21094.9
21108.2 -21108.2
21121.5 -21121.5
21134.7 -21134.7
21147.9 -21147.9
21161 -21161
21174.1 -21174.1
21187.1 -21187.1
21200.1 -21200.1
21213 -21213
21226 -21226
21238.8 -21238.8
21251.6 -21251.6
21264.4 -21264.4
21277.2 -21277.2
21289.9 -21289.9
21302.5 -21302.5
21315.2 -21315.2
21327.7 -21327.7
21340.3 -21340.3
21352.8 -21352.8
21365.3 -21365.3
21377.7 -21377.7
21390.1 -21390.1
21402.5 -21402.5
21414.8 -21414.8
21427.1 -21427.1
21439.4 -21439.4
21451.6 -21451.6
21463.8 -21463.8
21475.9 -21475.9
21488.1 -21488.1
21500.2 -21500.2
21512.2 -21512.2
21524.3 -21524.3
21536.3 -21536.3
21548.2 -21548.2
21560.2 -21560.2
21572.1 -21572.1
21583.9 -21583.9
21595.8 -21595.8
21607.6 -21607.6
21619.4 -21619.4
21631.1 -21631.1
21642.8 -21642.8
21654.5 -21654.5
21666.2 -21666.2
21677.9 -21677.9
21689.5 -21689.5
21701.1 -21701.1
21712.6 -21712.6
21724.1 -21724.1
21735.7 -21735.7
21747.1 -21747.1
21758.6 -21758.6
21770 -21770
21781.4 -21781.4
21792.8 -21792.8
21804.1 -21804.1
21815.5 -21815.5
21826.8 -21826.8
21838.1 -21838.1
21849.3 -21849.3
21860.5 -21860.5
21871.7 -21871.7
21882.9 -21882.9
21894.1 -21894.1
21905.2 -21905.2
21916.3 -21916.3
21927.4 -21927.4
21938.5 -21938.5
21949.5 -21949.5
21960.6 -21960.6
21971.6 -21971.6
21982.5 -21982.5
21993.5 -21993.5
22004.4 -22004.4
22015.4 -22015.4
22026.3 -22026.3
22037.1 -22037.1
22048 -22048
22058.8 -22058.8
22069.6 -22069.6
22080.4 -22080.4
22091.2 -22091.2
22102 -22102
22112.7 -22112.7
22123.4 -22123.4
22134.1 -22134.1
22144.8 -22144.8
22155.5 -22155.5
22166.1 -22166.1
22176.7 -22176.7
22187.3 -22187.3
22197.9 -22197.9
22208.5 -22208.5
22219.1 -22219.1
22229.6 -22229.6
22240.1 -22240.1
22250.6 -22250.6
22261.1 -22261.1
22271.5 -22271.5
22282 -22282
22292.4 -22292.4
22302.9 -22302.9
22313.3 -22313.3
22323.7 -22323.7
22334.1 -22334.1
22344.4 -22344.4
22354.8 -22354.8
22365.1 -22365.1
22375.4 -22375.4
22385.7 -22385.7
22396 -22396
22406.3 -22406.3
22416.5 -22416.5
22426.8 -22426.8
22437 -22437
22447.2 -22447.2
22457.4 -22457.4
22467.6 -22467.6
22477.7 -22477.7
22487.9 -22487.9
22498 -22498
22508.1 -22508.1
22518.2 -22518.2
22528.3 -22528.3
22538.4 -22538.4
22548.5 -22548.5
22558.5 -22558.5
22568.6 -22568.6
22578.6 -22578.6
22588.6 -22588.6
22598.6 -22598.6
22608.6 -22608.6
22618.5 -22618.5
22628.5 -22628.5
22638.4 -22638.4
22648.3 -22648.3
22658.3 -22658.3
22668.2 -22668.2
22678 -22678
22687.9 -22687.9
22697.8 -22697.8
22707.6 -22707.6
22717.5 -22717.5
22727.3 -22727.3
22737.1 -22737.1
22746.9 -22746.9
22756.7 -22756.7
22766.5 -22766.5
22776.2 -22776.2
22786 -22786
22795.7 -22795.7
22805.4 -22805.4
22815.2 -22815.2
22824.9 -22824.9
22834.6 -22834.6
22844.2 -22844.2
22853.9 -22853.9
22863.6 -22863.6
22873.2 -22873.2
22882.8 -22882.8
22892.5 -22892.5
22902.1 -22902.1
22911.7 -22911.7
22921.3 -22921.3
22930.9 -22930.9
22940.4 -22940.4
22950 -22950
22959.5 -22959.5
22969.1 -22969.1
22978.6 -22978.6
22988.1 -22988.1
22997.6 -22997.6
23007.1 -23007.1
23016.6 -23016.6
23026 -23026
23035.5 -23035.5
23045 -23045
23054.4 -23054.4
23063.8 -23063.8
23073.3 -23073.3
23082.7 -23082.7
23092.1 -23092.1
23101.5 -23101.5
23110.8 -23110.8
23120.2 -23120.2
23129.6 -23129.6
23138.9 -23138.9
23148.3 -23148.3
23157.6 -23157.6
23166.9 -23166.9
23176.2 -23176.2
23185.5 -23185.5
23194.8 -23194.8
23204.1 -23204.1
23213.4 -23213.4
23222.7 -23222.7
23231.9 -23231.9
23241.2 -23241.2
23250.4 -23250.4
23259.6 -23259.6
23268.9 -23268.9
23278.1 -23278.1
23287.3 -23287.3
23296.5 -23296.5
23305.6 -23305.6
23314.8 -23314.8
23324 -23324
23333.1 -23333.1
23342.3 -23342.3
23351.4 -23351.4
23360.6 -23360.6
23369.7 -23369.7
23378.8 -23378.8
23387.9 -23387.9
23397 -23397
23406.1 -23406.1
23415.2 -23415.2
23424.2 -23424.2
23433.3 -23433.3
23442.4 -23442.4
23451.4 -23451.4
23460.5 -23460.5
23469.5 -23469.5
23478.5 -23478.5
23487.5 -23487.5
23496.5 -23496.5
23505.5 -23505.5
23514.5 -23514.5
23523.5 -23523.5
23532.5 -23532.5
23541.4 -23541.4
23550.4 -23550.4
23559.3 -23559.3
23568.3 -23568.3
23577.2 -23577.2
23586.1 -23586.1
23595.1 -23595.1
23604 -23604
23612.9 -23612.9
23621.8 -23621.8
23630.7 -23630.7
23639.5 -23639.5
23648.4 -23648.4
23657.3 -23657.3
23666.1 -23666.1
23675 -23675
23683.8 -23683.8
23692.7 -23692.7
23701.5 -23701.5
23710.3 -23710.3
23719.1 -23719.1
23727.9 -23727.9
23736.7 -23736.7
23745.5 -23745.5
23754.3 -23754.3
23763.1 -23763.1
23771.9 -23771.9
23780.6 -23780.6
23789.4 -23789.4
23798.1 -23798.1
23806.9 -23806.9
23815.6 -23815.6
23824.3 -23824.3
23833.1 -23833.1
23841.8 -23841.8
23850.5 -23850.5
23859.2 -23859.2
23867.9 -23867.9
23876.6 -23876.6
23885.2 -23885.2
23893.9 -23893.9
23902.6 -23902.6
23911.2 -23911.2
23919.9 -23919.9
23928.5 -23928.5
23937.2 -23937.2
23945.8 -23945.8
23954.4 -23954.4
23963.1 -23963.1
23971.7 -23971.7
23980.3 -23980.3
23988.9 -23988.9
23997.5 -23997.5
24006.1 -24006.1
24014.6 -24014.6
24023.2 -24023.2
24031.8 -24031.8
24040.3 -24040.3
24048.9 -24048.9
24057.4 -24057.4
24066 -24066
24074.5 -24074.5
24083.1 -24083.1
24091.6 -24091.6
24100.1 -24100.1
24108.6 -24108.6
24117.1 -24117.1
24125.6 -24125.6
24134.1 -24134.1
24142.6 -24142.6
24151.1 -24151.1
24159.5 -24159.5
24168 -24168
24176.5 -24176.5
24184.9 -24184.9
24193.4 -24193.4
24201.8 -24201.8
24210.2 -24210.2
24218.7 -24218.7
24227.1 -24227.1
24235.5 -24235.5
24243.9 -24243.9
24252.3 -24252.3
24260.7 -24260.7
24269.1 -24269.1
24277.5 -24277.5
24285.9 -24285.9
24294.3 -24294.3
24302.7 -24302.7
24311 -24311
24319.4 -24319.4
24327.7 -24327.7
24336.1 -24336.1
24344.4 -24344.4
24352.8 -24352.8
24361.1 -24361.1
24369.4 -24369.4
24377.7 -24377.7
24386 -24386
24394.4 -24394.4
24402.7 -24402.7
24411 -24411
24419.2 -24419.2
24427.5 -24427.5
24435.8 -24435.8
24444.1 -24444.1
24452.4 -24452.4
24460.6 -24460.6
24468.9 -24468.9
24477.1 -24477.1
24485.4 -24485.4
24493.6 -24493.6
24501.9 -24501.9
24510.1 -24510.1
24518.3 -24518.3
24526.5 -24526.5
24534.7 -24534.7
24543 -24543
24551.2 -24551.2
24559.4 -24559.4
24567.6 -24567.6
24575.7 -24575.7
24583.9 -24583.9
24592.1 -24592.1
24600.3 -24600.3
24608.4 -24608.4
24616.6 -24616.6
24624.8 -24624.8
24632.9 -24632.9
24641.1 -24641.1
24649.2 -24649.2
24657.3 -24657.3
24665.5 -24665.5
24673.6 -24673.6
24681.7 -24681.7
24689.8 -24689.8
24697.9 -24697.9
24706 -24706
24714.1 -24714.1
24722.2 -24722.2
24730.3 -24730.3
24738.4 -24738.4
24746.5 -24746.5
24754.5 -24754.5
24762.6 -24762.6
24770.7 -24770.7
24778.7 -24778.7
24786.8 -24786.8
24794.8 -24794.8
24802.9 -24802.9
24810.9 -24810.9
24819 -24819
24827 -24827
24835 -24835
24843 -24843
24851 -24851
24859.1 -24859.1
24867.1 -24867.1
24875.1 -24875.1
24883.1 -24883.1
24891 -24891
24899 -24899
24907 -24907
24915 -24915
24923 -24923
24930.9 -24930.9
24938.9 -24938.9
24946.8 -24946.8
24954.8 -24954.8
24962.7 -24962.7
24970.7 -24970.7
24978.6 -24978.6
24986.6 -24986.6
24994.5 -24994.5
25002.4 -25002.4
25010.3 -25010.3
25018.2 -25018.2
25026.2 -25026.2
25034.1 -25034.1
25042 -25042
25049.9 -25049.9
25057.7 -25057.7
25065.6 -25065.6
25073.5 -25073.5
25081.4 -25081.4
25089.3 -25089.3
25097.1 -25097.1
25105 -25105
25112.9 -25112.9
25120.7 -25120.7
25128.6 -25128.6
25136.4 -25136.4
25144.2 -25144.2
25152.1 -25152.1
25159.9 -25159.9
25167.7 -25167.7
25175.6 -25175.6
25183.4 -25183.4
25191.2 -25191.2
25199 -25199
25206.8 -25206.8
25214.6 -25214.6
25222.4 -25222.4
25230.2 -25230.2
25238 -25238
25245.8 -25245.8
25253.6 -25253.6
25261.3 -25261.3
25269.1 -25269.1
25276.9 -25276.9
25284.6 -25284.6
25292.4 -25292.4
25300.1 -25300.1
25307.9 -25307.9
25315.6 -25315.6
25323.4 -25323.4
25331.1 -25331.1
25338.9 -25338.9
25346.6 -25346.6
25354.3 -25354.3
25362 -25362
25369.7 -25369.7
25377.5 -25377.5
25385.2 -25385.2
25392.9 -25392.9
25400.6 -25400.6
25408.3 -25408.3
25415.9 -25415.9
25423.6 -25423.6
25431.3 -25431.3
25439 -25439
25446.7 -25446.7
25454.3 -25454.3
25462 -25462
25469.7 -25469.7
25477.3 -25477.3
25485 -25485
25492.6 -25492.6
25500.3 -25500.3
25507.9 -25507.9
25515.5 -25515.5
25523.2 -25523.2
25530.8 -25530.8
25538.4 -25538.4
25546.1 -25546.1
25553.7 -25553.7
25561.3 -25561.3
25568.9 -25568.9
25576.5 -25576.5
25584.1 -25584.1
25591.7 -25591.7
25599.3 -25599.3
25606.9 -25606.9
25614.5 -25614.5
25622.1 -25622.1
25629.6 -25629.6
25637.2 -25637.2
25644.8 -25644.8
25652.3 -25652.3
25659.9 -25659.9
25667.5 -25667.5
25675 -25675
25682.6 -25682.6
25690.1 -25690.1
25697.7 -25697.7
25705.2 -25705.2
25712.7 -25712.7
25720.3 -25720.3
25727.8 -25727.8
25735.3 -25735.3
25742.8 -25742.8
25750.4 -25750.4
25757.9 -25757.9
25765.4 -25765.4
25772.9 -25772.9
25780.4 -25780.4
25787.9 -25787.9
25795.4 -25795.4
25802.9 -25802.9
25810.4 -25810.4
25817.8 -25817.8
25825.3 -25825.3
25832.8 -25832.8
25840.3 -25840.3
25847.7 -25847.7
25855.2 -25855.2
25862.7 -25862.7
25870.1 -25870.1
25877.6 -25877.6
25885 -25885
25892.5 -25892.5
25899.9 -25899.9
25907.3 -25907.3
25914.8 -25914.8
25922.2 -25922.2
25929.6 -25929.6
25937.1 -25937.1
25944.5 -25944.5
25951.9 -25951.9
25959.3 -25959.3
25966.7 -25966.7
25974.1 -25974.1
25981.5 -25981.5
25988.9 -25988.9
25996.3 -25996.3
26003.7 -26003.7
26011.1 -26011.1
26018.5 -26018.5
26025.9 -26025.9
26033.3 -26033.3
26040.7 -26040.7
26048 -26048
26055.4 -26055.4
26062.8 -26062.8
26070.1 -26070.1
26077.5 -26077.5
26084.8 -26084.8
26092.2 -26092.2
26099.5 -26099.5
26106.9 -26106.9
26114.2 -26114.2
26121.6 -26121.6
26128.9 -26128.9
26136.2 -26136.2
26143.6 -26143.6
26150.9 -26150.9
26158.2 -26158.2
26165.5 -26165.5
26172.8 -26172.8
26180.1 -26180.1
26187.5 -26187.5
26194.8 -26194.8
26202.1 -26202.1
26209.4 -26209.4
26216.7 -26216.7
26223.9 -26223.9
26231.2 -26231.2
26238.5 -26238.5
26245.8 -26245.8
26253.1 -26253.1
26260.4 -26260.4
26267.6 -26267.6
26274.9 -26274.9
26282.2 -26282.2
26289.4 -26289.4
26296.7 -26296.7
26303.9 -26303.9
26311.2 -26311.2
26318.5 -26318.5
26325.7 -26325.7
26332.9 -26332.9
26340.2 -26340.2
26347.4 -26347.4
26354.7 -26354.7
26361.9 -26361.9
26369.1 -26369.1
26376.3 -26376.3
26383.6 -26383.6
26390.8 -26390.8
26398 -26398
26405.2 -26405.2
26412.4 -26412.4
26419.6 -26419.6
26426.8 -26426.8
26434 -26434
26441.2 -26441.2
26448.4 -26448.4
26455.6 -26455.6
26462.8 -26462.8
26470 -26470
26477.2 -26477.2
26484.4 -26484.4
26491.5 -26491.5
26498.7 -26498.7
26505.9 -26505.9
26513 -26513
26520.2 -26520.2
26527.4 -26527.4
26534.5 -26534.5
26541.7 -26541.7
26548.8 -26548.8
26556 -26556
26563.1 -26563.1
26570.3 -26570.3
26577.4 -26577.4
26584.6 -26584.6
26591.7 -26591.7
26598.8 -26598.8
26605.9 -26605.9
26613.1 -26613.1
26620.2 -26620.2
26627.3 -26627.3
26634.4 -26634.4
26641.6 -26641.6
26648.7 -26648.7
26655.8 -26655.8
26662.9 -26662.9
26670 -26670
26677.1 -26677.1
26684.2 -26684.2
26691.3 -26691.3
26698.4 -26698.4
26705.5 -26705.5
26712.5 -26712.5
26719.6 -26719.6
26726.7 -26726.7
26733.8 -26733.8
26740.9 -26740.9
26747.9 -26747.9
26755 -26755
26762.1 -26762.1
26769.1 -26769.1
26776.2 -26776.2
26783.3 -26783.3
26790.3 -26790.3
26797.4 -26797.4
26804.4 -26804.4
26811.5 -26811.5
26818.5 -26818.5
26825.6 -26825.6
26832.6 -26832.6
26839.6 -26839.6
26846.7 -26846.7
26853.7 -26853.7
26860.7 -26860.7
26867.8 -26867.8
26874.8 -26874.8
26881.8 -26881.8
26888.8 -26888.8
26895.9 -26895.9
26902.9 -26902.9
26909.9 -26909.9
26916.9 -26916.9
26923.9 -26923.9
26930.9 -26930.9
26937.9 -26937.9
26944.9 -26944.9
26951.9 -26951.9
26958.9 -26958.9
26965.9 -26965.9
26972.9 -26972.9
26979.9 -26979.9
26986.8 -26986.8
26993.8 -26993.8
27000.8 -27000.8
27007.8 -27007.8
27014.7 -27014.7
27021.7 -27021.7
27028.7 -27028.7
27035.7 -27035.7
27042.6 -27042.6
27049.6 -27049.6
27056.5 -27056.5
27063.5 -27063.5
27070.4 -27070.4
27077.4 -27077.4
27084.3 -27084.3
27091.3 -27091.3
27098.2 -27098.2
27105.2 -27105.2
27112.1 -27112.1
27119.1 -27119.1
27126 -27126
27132.9 -27132.9
27139.9 -27139.9
27146.8 -27146.8
27153.7 -27153.7
27160.6 -27160.6
27167.5 -27167.5
27174.5 -27174.5
27181.4 -27181.4
27188.3 -27188.3
27195.2 -27195.2
27202.1 -27202.1
27209 -27209
27215.9 -27215.9
27222.8 -27222.8
27229.7 -27229.7
27236.5 -27236.5
27243.2 -27243.2
27250 -27250
27256.7 -27256.7
27263.4 -27263.4
27270.1 -27270.1
27276.8 -27276.8
27283.5 -27283.5
27290.2 -27290.2
27296.9 -27296.9
27303.6 -27303.6
27310.3 -27310.3
27317 -27317
27323.6 -27323.6
27330.3 -27330.3
27337 -27337
27343.7 -27343.7
27350.3 -27350.3
27357 -27357
27363.7 -27363.7
27370.3 -27370.3
27377 -27377
27383.7 -27383.7
27390.3 -27390.3
27397 -27397
27403.6 -27403.6
27410.3 -27410.3
27416.9 -27416.9
27423.5 -27423.5
27430.2 -27430.2
27436.8 -27436.8
27443.4 -27443.4
27450.1 -27450.1
27456.7 -27456.7
27463.3 -27463.3
27469.9 -27469.9
27476.6 -27476.6
27483.2 -27483.2
27489.8 -27489.8
27496.4 -27496.4
27503 -27503
27509.6 -27509.6
27516.2 -27516.2
27522.8 -27522.8
27529.4 -27529.4
27184.4 -27184.4
26839.5 -26839.5
26494.8 -26494.8
26150.3 -26150.3
25806.1 -25806.1
25462.2 -25462.2
25118.8 -25118.8
24775.7 -24775.7
24433.2 -24433.2
24091.2 -24091.2
23749.7 -23749.7
23408.8 -23408.8
23068.6 -23068.6
22729 -22729
22390.2 -22390.2
22052.1 -22052.1
21714.8 -21714.8
21378.3 -21378.3
21042.7 -21042.7
20707.9 -20707.9
20374.1 -20374.1
20041.3 -20041.3
19709.4 -19709.4
19378.5 -19378.5
19048.7 -19048.7
18720 -18720
18393.5 -18393.5
18074.8 -18074.8
17758.2 -17758.2
17442.7 -17442.7
17128.4 -17128.4
16815.2 -16815.2
16503.2 -16503.2
16192.5 -16192.5
15883 -15883
15574.7 -15574.7
15267.8 -15267.8
14962.1 -14962.1
14657.8 -14657.8
14354.9 -14354.9
14053.3 -14053.3
13753.2 -13753.2
13454.5 -13454.5
13157.2 -13157.2
12861.5 -12861.5
12567.2 -12567.2
12274.4 -12274.4
11983.2 -11983.2
11693.6 -11693.6
11405.5 -11405.5
11119 -11119
10834.1 -10834.1
10550.9 -10550.9
10269.3 -10269.3
9989.45 -9989.45
9711.25 -9711.25
9434.76 -9434.76
9159.99 -9159.99
8886.97 -8886.97
8615.7 -8615.7
8346.21 -8346.21
8078.51 -8078.51
7812.61 -7812.61
7548.53 -7548.53
7286.29 -7286.29
7025.89 -7025.89
6767.35 -6767.35
6510.68 -6510.68
6255.9 -6255.9
6003.02 -6003.02
5752.04 -5752.04
5502.98 -5502.98
5255.86 -5255.86
5010.67 -5010.67
4767.43 -4767.43
4526.15 -4526.15
4286.84 -4286.84
4049.5 -4049.5
3814.15 -3814.15
3580.79 -3580.79
3349.42 -3349.42
3120.06 -3120.06
2892.71 -2892.71
2667.38 -2667.38
2444.07 -2444.07
2222.79 -2222.79
2003.53 -2003.53
1786.31 -1786.31
1571.12 -1571.12
1357.98 -1357.98
1146.88 -1146.88
938.516 -938.516
732.965 -732.965
531.084 -531.084
332.647 -332.647
137.706 -137.706
-52.5698 52.5698
-252.717 252.717
-454.464 454.464
-655.76 655.76
-855.242 855.242
-1053.07 1053.07
-1248.55 1248.55
-1442.79 1442.79
-1634.87 1634.87
-1824.86 1824.86
-2013.55 2013.55
-2199.85 2199.85
-2383.75 2383.75
-2565.58 2565.58
-2746.24 2746.24
-2924.5 2924.5
-3100.36 3100.36
-3273.85 3273.85
-3444.97 3444.97
-3613.74 3613.74
-3780.18 3780.18
-3944.32 3944.32
-4106.16 4106.16
-4265.72 4265.72
-4423.03 4423.03
-4578.1 4578.1
-4730.95 4730.95
-4881.6 4881.6
-5030.07 5030.07
-5176.39 5176.39
-5320.56 5320.56
-5462.62 5462.62
-5602.58 5602.58
-5740.46 5740.46
-5873.17 5873.17
-6002.07 6002.07
-6129.14 6129.14
-6254.39 6254.39
-6377.83 6377.83
-6499.48 6499.48
-6619.37 6619.37
-6737.51 6737.51
-6853.93 6853.93
-6968.64 6968.64
-7081.67 7081.67
-7193.02 7193.02
-7302.74 7302.74
-7410.82 7410.82
-7517.3 7517.3
-7622.2 7622.2
-7725.53 7725.53
-7827.31 7827.31
-7927.56 7927.56
-8026.31 8026.31
-8123.58 8123.58
-8218.58 8218.58
-8307.83 8307.83
-8395.83 8395.83
-8482.6 8482.6
-8568.15 8568.15
-8652.51 8652.51
-8735.68 8735.68
-8817.69 8817.69
-8898.55 8898.55
-8978.28 8978.28
-9056.89 9056.89
-9134.4 9134.4
-9210.83 9210.83
-9286.19 9286.19
-9360.49 9360.49
-9433.76 9433.76
-9506.01 9506.01
-9577.26 9577.26
-9647.51 9647.51
-9716.79 9716.79
-9785.12 9785.12
-9852.5 9852.5
-9918.95 9918.95
-9984.49 9984.49
-10049.1 10049.1
-10112.9 10112.9
-10175.8 10175.8
-10237.8 10237.8
-10299 10299
-10359.4 10359.4
-10418.9 10418.9
-10477.7 10477.7
-10535.7 10535.7
-10592.9 10592.9
-10649.4 10649.4
-10705.1 10705.1
-10760 10760
-10814.3 10814.3
-10867.9 10867.9
-10920.7 10920.7
-10972.9 10972.9
-11024.4 11024.4
-11075.3 11075.3
-11125.5 11125.5
-11175.1 11175.1
-11224 11224
-11272.4 11272.4
-11320.2 11320.2
-11367.3 11367.3
-11413.9 11413.9
-11460 11460
-11505.4 11505.4
-11550.4 11550.4
-11594.7 11594.7
-11638.6 11638.6
-11682 11682
-11724.8 11724.8
-11767.2 11767.2
-11809 11809
-11850.4 11850.4
-11891.3 11891.3
-11931.8 11931.8
-11971.8 11971.8
-12011.4 12011.4
-12050.5 12050.5
-12089.2 12089.2
-12127.5 12127.5
-12165.4 12165.4
-12202.8 12202.8
-12239.9 12239.9
-12276.6 12276.6
-12312.9 12312.9
-12348.8 12348.8
-12384.4 12384.4
-12419.6 12419.6
-12454.4 12454.4
-12488.9 12488.9
-12523.1 12523.1
-12556.9 12556.9
-12590.4 12590.4
-12623.6 12623.6
-12656.5 12656.5
-12689 12689
-12721.3 12721.3
-12753.2 12753.2
-12784.8 12784.8
-12816.2 12816.2
-12847.3 12847.3
-12878.1 12878.1
-12908.6 12908.6
-12938.9 12938.9
-12968.8 12968.8
-12998.6 12998.6
-13028 13028
-13057.3 13057.3
-13086.2 13086.2
-13115 13115
-13143.5 13143.5
-13171.8 13171.8
-13199.8 13199.8
-13227.6 13227.6
-13255.2 13255.2
-13282.6 13282.6
-13309.7 13309.7
-13336.7 13336.7
-13363.4 13363.4
-13389.9 13389.9
-13416.3 13416.3
-13442.4 13442.4
-13468.4 13468.4
-13494.1 13494.1
-13519.7 13519.7
-13545.1 13545.1
-13570.3 13570.3
-13595.3 13595.3
-13620.1 13620.1
-13644.8 13644.8
-13669.3 13669.3
-13693.7 13693.7
-13717.8 13717.8
-13741.9 13741.9
-13765.7 13765.7
-13789.4 13789.4
-13812.9 13812.9
-13836.3 13836.3
-13859.6 13859.6
-13882.7 13882.7
-13905.6 13905.6
-13928.4 13928.4
-13951.1 13951.1
-13973.6 13973.6
-13996 13996
-14018.2 14018.2
-14040.4 14040.4
-14062.4 14062.4
-14084.2 14084.2
-14106 14106
-14127.6 14127.6
-14149 14149
-14170.4 14170.4
-14191.7 14191.7
-14212.8 14212.8
-14233.8 14233.8
-14254.7 14254.7
-14275.5 14275.5
-14296.1 14296.1
-14316.7 14316.7
-14337.1 14337.1
-14357.5 14357.5
-14377.7 14377.7
-14397.9 14397.9
-14417.9 14417.9
-14437.8 14437.8
-14457.6 14457.6
-14477.4 14477.4
-14497 14497
-14516.5 14516.5
-14536 14536
-14555.3 14555.3
-14574.6 14574.6
-14593.7 14593.7
-14612.8 14612.8
-14631.8 14631.8
-14650.7 14650.7
-14669.5 14669.5
-14688.2 14688.2
-14706.9 14706.9
-14725.4 14725.4
-14743.9 14743.9
-14762.3 14762.3
-14780.6 14780.6
-14798.8 14798.8
-14817 14817
-14835.1 14835.1
-14853 14853
-14871 14871
-14888.8 14888.8
-14906.6 14906.6
-14924.3 14924.3
-14941.9 14941.9
-14959.5 14959.5
-14976.9 14976.9
-14994.4 14994.4
-15011.7 15011.7
-15029 15029
-15046.2 15046.2
-15063.3 15063.3
-15080.4 15080.4
-15097.4 15097.4
-15114.4 15114.4
-15131.2 15131.2
-15148.1 15148.1
-15164.8 15164.8
-15181.5 15181.5
-15198.1 15198.1
-15214.7 15214.7
-15231.2 15231.2
-15247.7 15247.7
-15264.1 15264.1
-15280.4 15280.4
-15296.7 15296.7
-15312.9 15312.9
-15329.1 15329.1
-15345.2 15345.2
-15361.2 15361.2
-15377.2 15377.2
-15393.2 15393.2
-15409 15409
-15424.9 15424.9
-15440.7 15440.7
-15456.4 15456.4
-15472.1 15472.1
-15487.7 15487.7
-15503.3 15503.3
-15518.8 15518.8
-15534.3 15534.3
-15549.7 15549.7
-15565.1 15565.1
-15580.5 15580.5
-15595.7 15595.7
-15611 15611
-15626.2 15626.2
-15641.3 15641.3
-15656.4 15656.4
-15671.5 15671.5
-15686.5 15686.5
-15701.5 15701.5
-15716.4 15716.4
-15731.3 15731.3
-15746.1 15746.1
-15760.9 15760.9
-15775.6 15775.6
-15790.3 15790.3
-15805 15805
-15819.6 15819.6
-15834.2 15834.2
-15848.8 15848.8
-15863.3 15863.3
-15877.7 15877.7
-15892.1 15892.1
-15906.5 15906.5
-15920.9 15920.9
-15935.2 15935.2
-15949.4 15949.4
-15963.7 15963.7
-15977.9 15977.9
-15992 15992
-16006.1 16006.1
-16020.2 16020.2
-16034.3 16034.3
-16048.3 16048.3
-16062.2 16062.2
-16076.2 16076.2
-16090.1 16090.1
-16103.9 16103.9
-16117.8 16117.8
-16131.6 16131.6
-16145.3 16145.3
-16159.1 16159.1
-16172.7 16172.7
-16186.4 16186.4
-16200 16200
-16213.6 16213.6
-16227.2 16227.2
-16240.7 16240.7
-16254.2 16254.2
-16267.7 16267.7
-16281.1 16281.1
-16294.5 16294.5
-16307.9 16307.9
-16321.3 16321.3
-16334.6 16334.6
-16347.8 16347.8
-16361.1 16361.1
-16374.3 16374.3
-16387.5 16387.5
-16400.7 16400.7
-16413.8 16413.8
-16426.9 16426.9
-16440 16440
-16453 16453
-16466 16466
-16479 16479
-16492 16492
-16504.9 16504.9
-16517.8 16517.8
-16530.7 16530.7
-16543.6 16543.6
-16556.4 16556.4
-16569.2 16569.2
-16582 16582
-16594.7 16594.7
-16607.4 16607.4
-16620.1 16620.1
-16632.8 16632.8
-16645.4 16645.4
-16658 16658
-16670.6 16670.6
-16683.2 16683.2
-16695.7 16695.7
-16708.3 16708.3
-16720.7 16720.7
-16733.2 16733.2
-16745.7 16745.7
-16758.1 16758.1
-16770.5 16770.5
-16782.8 16782.8
-16795.2 16795.2
-16807.5 16807.5
-16819.8 16819.8
-16832.1 16832.1
-16844.3 16844.3
-16856.6 16856.6
-16868.8 16868.8
-16881 16881
-16893.1 16893.1
-16905.3 16905.3
-16917.4 16917.4
-16929.5 16929.5
-16941.5 16941.5
-16953.6 16953.6
-16965.6 16965.6
-16977.6 16977.6
-16989.6 16989.6
-17001.6 17001.6
-17013.5 17013.5
-17025.4 17025.4
-17037.3 17037.3
-17049.2 17049.2
-17061.1 17061.1
-17072.9 17072.9
-17084.7 17084.7
-17096.5 17096.5
-17108.3 17108.3
-17120.1 17120.1
-17131.8 17131.8
-17143.5 17143.5
-17155.2 17155.2
-17166.9 17166.9
-17178.6 17178.6
-17190.2 17190.2
-17201.8 17201.8
-17213.4 17213.4
-17225 17225
-17236.6 17236.6
-17248.1 17248.1
-17259.7 17259.7
-17271.2 17271.2
-17282.7 17282.7
-17294.1 17294.1
-17305.6 17305.6
-17317 17317
-17328.4 17328.4
-17339.8 17339.8
-17351.2 17351.2
-17362.6 17362.6
-17373.9 17373.9
-17385.3 17385.3
-17396.6 17396.6
-17407.9 17407.9
-17419.1 17419.1
-17430.4 17430.4
-17441.6 17441.6
-17452.9 17452.9
-17464.1 17464.1
-17475.3 17475.3
-17486.4 17486.4
-17497.6 17497.6
-17508.7 17508.7
-17519.9 17519.9
-17531 17531
-17542.1 17542.1
-17553.1 17553.1
-17564.2 17564.2
-17575.2 17575.2
-17586.3 17586.3
-17597.3 17597.3
-17608.3 17608.3
-17619.2 17619.2
-17630.2 17630.2
-17641.2 17641.2
-17652.1 17652.1
-17663 17663
-17673.9 17673.9
-17684.8 17684.8
-17695.7 17695.7
-17706.5 17706.5
-17717.4 17717.4
-17728.2 17728.2
-17739 17739
-17749.8 17749.8
-17760.6 17760.6
-17771.3 17771.3
-17782.1 17782.1
-17792.8 17792.8
-17803.5 17803.5
-17814.2 17814.2
-17824.9 17824.9
-17835.6 17835.6
-17846.3 17846.3
-17856.9 17856.9
-17867.6 17867.6
-17878.2 17878.2
-17888.8 17888.8
-17899.4 17899.4
-17910 17910
-17920.5 17920.5
-17931.1 17931.1
-17941.6 17941.6
-17952.1 17952.1
-17962.6 17962.6
-17973.1 17973.1
-17983.6 17983.6
-17994.1 17994.1
-18004.6 18004.6
-18015 18015
-18025.4 18025.4
-18035.8 18035.8
-18046.2 18046.2
-18056.6 18056.6
-18067 18067
-18077.4 18077.4
-18087.7 18087.7
-18098.1 18098.1
-18108.4 18108.4
-18118.7 18118.7
-18129 18129
-18139.3 18139.3
-18149.6 18149.6
-18159.8 18159.8
-18170.1 18170.1
-18180.3 18180.3
-18190.5 18190.5
-18200.7 18200.7
-18210.9 18210.9
-18221.1 18221.1
-18231.3 18231.3
-18241.5 18241.5
-18251.6 18251.6
-18261.7 18261.7
-18271.9 18271.9
-18282 18282
-18292.1 18292.1
-18302.2 18302.2
-18312.3 18312.3
-18322.3 18322.3
-18332.4 18332.4
-18342.4 18342.4
-18352.4 18352.4
-18362.5 18362.5
-18372.5 18372.5
-18382.5 18382.5
-18392.4 18392.4
-18402.4 18402.4
-18412.4 18412.4
-18422.3 18422.3
-18432.3 18432.3
-18442.2 18442.2
-18452.1 18452.1
-18462 18462
-18471.9 18471.9
-18481.8 18481.8
-18491.6 18491.6
-18501.5 18501.5
-18511.3 18511.3
-18521.2 18521.2
-18531 18531
-18540.8 18540.8
-18550.6 18550.6
-18560.4 18560.4
-18570.2 18570.2
-18580 18580
-18589.7 18589.7
-18599.5 18599.5
-18609.2 18609.2
-18618.9 18618.9
-18628.6 18628.6
-18638.4 18638.4
-18648 18648
-18657.7 18657.7
-18667.4 18667.4
-18677.1 18677.1
-18686.7 18686.7
-18696.4 18696.4
-18706 18706
-18715.6 18715.6
-18725.2 18725.2
-18734.8 18734.8
-18744.4 18744.4
-18754 18754
-18763.5 18763.5
-18773.1 18773.1
-18782.7 18782.7
-18792.2 18792.2
-18801.7 18801.7
-18811.2 18811.2
-18820.7 18820.7
-18830.2 18830.2
-18839.7 18839.7
-18849.2 18849.2
-18858.7 18858.7
-18868.1 18868.1
-18877.6 18877.6
-18887 18887
-18896.4 18896.4
-18905.8 18905.8
-18915.2 18915.2
-18924.6 18924.6
-18934 18934
-18943.4 18943.4
-18952.8 18952.8
-18962.1 18962.1
-18971.5 18971.5
-18980.8 18980.8
-18990.1 18990.1
-18999.5 18999.5
-19008.8 19008.8
-19018.1 19018.1
-19027.3 19027.3
-19036.6 19036.6
-19045.9 19045.9
-19055.2 19055.2
-19064.4 19064.4
-19073.6 19073.6
-19082.9 19082.9
-19092.1 19092.1
-19101.3 19101.3
-19110.5 19110.5
-19119.7 19119.7
-19128.9 19128.9
-19138.1 19138.1
-19147.2 19147.2
-19156.4 19156.4
-19165.5 19165.5
-19174.7 19174.7
-19183.8 19183.8
-19192.9 19192.9
-19202 19202
-19211.1 19211.1
-19220.2 19220.2
-19229.3 19229.3
-19238.4 19238.4
-19247.4 19247.4
-19256.5 19256.5
-19265.5 19265.5
-19274.6 19274.6
-19283.6 19283.6
-19292.6 19292.6
-19301.6 19301.6
-19310.6 19310.6
-19319.6 19319.6
-19328.6 19328.6
-19337.6 19337.6
-19346.5 19346.5
-19355.5 19355.5
-19364.4 19364.4
-19373.4 19373.4
-19382.3 19382.3
-19391.2 19391.2
-19400.1 19400.1
-19409 19409
-19417.9 19417.9
-19426.8 19426.8
-19435.7 19435.7
-19444.5 19444.5
-19453.4 19453.4
-19462.2 19462.2
-19471.1 19471.1
-19479.9 19479.9
-19488.7 19488.7
-19497.5 19497.5
-19506.3 19506.3
-19515.1 19515.1
-19523.9 19523.9
-19532.7 19532.7
-19541.5 19541.5
-19550.2 19550.2
-19559 19559
-19567.7 19567.7
-19576.5 19576.5
-19585.2 19585.2
-19593.9 19593.9
-19602.6 19602.6
-19611.3 19611.3
-19620 19620
-19628.7 19628.7
-19637.4 19637.4
-19646 19646
-19654.7 19654.7
-19663.3 19663.3
-19672 19672
-19680.6 19680.6
-19689.2 19689.2
-19697.9 19697.9
-19706.5 19706.5
-19715.1 19715.1
-19723.6 19723.6
-19732.2 19732.2
-19740.8 19740.8
-19749.4 19749.4
-19757.9 19757.9
-19766.5 19766.5
-19775 19775
-19783.5 19783.5
-19792.1 19792.1
-19800.6 19800.6
-19809.1 19809.1
-19817.6 19817.6
-19826.1 19826.1
-19834.6 19834.6
-19843 19843
-19851.5 19851.5
-19860 19860
-19868.4 19868.4
-19876.8 19876.8
-19885.3 19885.3
-19893.7 19893.7
-19902.1 19902.1
-19910.5 19910.5
-19918.9 19918.9
-19927.3 19927.3
-19935.7 19935.7
-19944.1 19944.1
-19952.4 19952.4
-19960.8 19960.8
-19969.1 19969.1
-19977.5 19977.5
-19985.8 19985.8
-19994.1 19994.1
-20002.5 20002.5
-20010.8 20010.8
-20019.1 20019.1
-20027.4 20027.4
-20035.6 20035.6
-20043.9 20043.9
-20052.2 20052.2
-20060.5 20060.5
-20068.7 20068.7
-20077 20077
-20085.2 20085.2
-20093.4 20093.4
-20101.6 20101.6
-20109.8 20109.8
-20118.1 20118.1
-20126.3 20126.3
-20134.4 20134.4
-20142.6 20142.6
-20150.8 20150.8
-20159 20159
-20167.1 20167.1
-20175.3 20175.3
-20183.4 20183.4
-20191.5 20191.5
-20199.7 20199.7
-20207.8 20207.8
-20215.9 20215.9
-20224 20224
-20232.1 20232.1
-20240.2 20240.2
-20248.2 20248.2
-20256.3 20256.3
-20264.4 20264.4
-20272.4 20272.4
-20280.5 20280.5
-20288.5 20288.5
-20296.5 20296.5
-20304.6 20304.6
-20312.6 20312.6
-20320.6 20320.6
-20328.6 20328.6
-20336.6 20336.6
-20344.6 20344.6
-20352.5 20352.5
-20360.5 20360.5
-20368.5 20368.5
-20376.4 20376.4
-20384.4 20384.4
-20392.3 20392.3
-20400.2 20400.2
-20408.1 20408.1
-20416.1 20416.1
-20424 20424
-20431.9 20431.9
-20439.8 20439.8
-20447.6 20447.6
-20455.5 20455.5
-20463.4 20463.4
-20471.2 20471.2
-20479.1 20479.1
-20486.9 20486.9
-20494.8 20494.8
-20502.6 20502.6
-20510.4 20510.4
-20518.2 20518.2
-20526 20526
-20533.8 20533.8
-20541.6 20541.6
-20549.4 20549.4
-20557.2 20557.2
-20564.9 20564.9
-20572.7 20572.7
-20580.5 20580.5
-20588.2 20588.2
-20595.9 20595.9
-20603.7 20603.7
-20611.4 20611.4
-20619.1 20619.1
-20626.8 20626.8
-20634.5 20634.5
-20642.2 20642.2
-20649.9 20649.9
-20657.5 20657.5
-20665.2 20665.2
-20672.9 20672.9
-20680.5 20680.5
-20688.2 20688.2
-20695.8 20695.8
-20703.4 20703.4
-20711.1 20711.1
-20718.7 20718.7
-20726.3 20726.3
-20733.9 20733.9
-20741.5 20741.5
-20749.1 20749.1
-20756.6 20756.6
-20764.2 20764.2
-20771.8 20771.8
-20779.3 20779.3
-20786.9 20786.9
-20794.4 20794.4
-20801.9 20801.9
-20809.5 20809.5
-20817 20817
-20824.5 20824.5
-20832 20832
-20839.5 20839.5
-20847 20847
-20854.4 20854.4
-20861.9 20861.9
-20869.4 20869.4
-20876.8 20876.8
-20884.3 20884.3
-20891.7 20891.7
-20899.2 20899.2
-20906.6 20906.6
-20914 20914
-20921.4 20921.4
-20928.8 20928.8
-20936.2 20936.2
-20943.6 20943.6
-20951 20951
-20958.4 20958.4
-20965.7 20965.7
-20973.1 20973.1
-20980.5 20980.5
-20987.8 20987.8
-20995.1 20995.1
-21002.5 21002.5
-21009.8 21009.8
-21017.1 21017.1
-21024.4 21024.4
-21031.7 21031.7
-21039 21039
-21046.3 21046.3
-21053.6 21053.6
-21060.9 21060.9
-21068.1 21068.1
-21075.4 21075.4
-21082.6 21082.6
-21089.9 21089.9
-21097.1 21097.1
-21104.3 21104.3
-21111.6 21111.6
-21118.8 21118.8
-21126 21126
-21133.2 21133.2
-21140.4 21140.4
-21147.5 21147.5
-21154.7 21154.7
-21161.9 21161.9
-21169.1 21169.1
-21176.2 21176.2
-21183.4 21183.4
-21190.5 21190.5
-21197.6 21197.6
-21204.8 21204.8
-21211.9 21211.9
-21219 21219
-21226.1 21226.1
-21233.2 21233.2
-21240.3 21240.3
-21247.4 21247.4
-21254.4 21254.4
-21261.5 21261.5
-21268.6 21268.6
-21275.6 21275.6
-21282.7 21282.7
-21289.7 21289.7
-21296.8 21296.8
-21303.8 21303.8
-21310.8 21310.8
-21317.8 21317.8
-21324.8 21324.8
-21331.8 21331.8
-21338.8 21338.8
-21345.8 21345.8
-21352.8 21352.8
-21359.7 21359.7
-21366.7 21366.7
-21373.6 21373.6
-21380.6 21380.6
-21387.5 21387.5
-21394.5 21394.5
-21401.4 21401.4
-21408.3 21408.3
-21415.2 21415.2
-21422.1 21422.1
-21429 21429
-21435.9 21435.9
-21442.8 21442.8
-21449.7 21449.7
-21456.6 21456.6
-21463.4 21463.4
-21470.3 21470.3
-21477.1 21477.1
-21484 21484
-21490.8 21490.8
-21497.6 21497.6
-21504.5 21504.5
-21511.3 21511.3
-21518.1 21518.1
-21524.9 21524.9
-21531.7 21531.7
-21538.5 21538.5
-21545.2 21545.2
-21552 21552
-21558.8 21558.8
-21565.5 21565.5
-21572.3 21572.3
-21579 21579
-21585.8 21585.8
-21592.5 21592.5
-21599.2 21599.2
-21605.9 21605.9
-21612.6 21612.6
-21619.4 21619.4
-21626 21626
-21632.7 21632.7
-21639.4 21639.4
-21646.1 21646.1
-21652.8 21652.8
-21659.4 21659.4
-21666.1 21666.1
-21672.7 21672.7
-21679.4 21679.4
-21686 21686
-21692.6 21692.6
-21699.3 21699.3
-21705.9 21705.9
-21712.5 21712.5
-21719.1 21719.1
-21725.7 21725.7
-21732.3 21732.3
-21738.9 21738.9
-21745.4 21745.4
-21752 21752
-21758.6 21758.6
-21765.1 21765.1
-21771.7 21771.7
-21778.2 21778.2
-21784.7 21784.7
-21791.3 21791.3
-21797.8 21797.8
-21804.3 21804.3
-21810.8 21810.8
-21817.3 21817.3
-21823.8 21823.8
-21830.3 21830.3
-21836.8 21836.8
-21843.2 21843.2
-21849.7 21849.7
-21856.2 21856.2
-21862.6 21862.6
-21869.1 21869.1
-21875.5 21875.5
-21881.9 21881.9
-21888.4 21888.4
-21894.8 21894.8
-21901.2 21901.2
-21907.6 21907.6
-21914 21914
-21920.4 21920.4
-21926.8 21926.8
-21933.2 21933.2
-21939.6 21939.6
-21945.9 21945.9
-21952.3 21952.3
-21958.7 21958.7
-21965 21965
-21971.3 21971.3
-21977.7 21977.7
-21984 21984
-21990.3 21990.3
-21996.7 21996.7
-22003 22003
-22009.3 22009.3
-22018.1 22018.1
-22028.2 22028.2
-22038.3 22038.3
-22048.4 22048.4
-22058.5 22058.5
-22068.6 22068.6
-22078.7 22078.7
-22088.8 22088.8
-22098.8 22098.8
-22108.9 22108.9
-22119 22119
-22129.1 22129.1
-22139.1 22139.1
-22149.2 22149.2
-22159.2 22159.2
-22169.3 22169.3
-22179.3 22179.3
-22189.4 22189.4
-22199.4 22199.4
-22209.5 22209.5
-22219.5 22219.5
-22229.5 22229.5
-22239.6 22239.6
-22249.6 22249.6
-22259.6 22259.6
-22269.6 22269.6
-22339.1 22339.1
-22705 22705
-23070.8 23070.8
-23436.6 23436.6
-23818 23818
-24252.7 24252.7
-24690.3 24690.3
-25127.8 25127.8
-25565.2 25565.2
-26002.4 26002.4
-26439.5 26439.5
-26880.3 26880.3
-27345.9 27345.9
-27821.2 27821.2
-28296.1 28296.1
-28770.7 28770.7
-29244.8 29244.8
-29718.5 29718.5
-30191.7 30191.7
-30672.3 30672.3
-31162.1 31162.1
-31651.2 31651.2
-32139.5 32139.5
-32627.1 32627.1
-33113.8 33113.8
-33599.5 33599.5
-34085.4 34085.4
-34576.1 34576.1
-35065.6 35065.6
-35553.9 35553.9
-36040.7 36040.7
-36526.2 36526.2
-37010.1 37010.1
-37492.3 37492.3
-37972.9 37972.9
-38451.5 38451.5
-38928.3 38928.3
-39403 39403
-39882.5 39882.5
-40360.6 40360.6
-40836.1 40836.1
-41308.8 41308.8
-41778.7 41778.7
-42245.6 42245.6
-42709.3 42709.3
-43184.2 43184.2
-43672.1 43672.1
-44154.9 44154.9
-44632.3 44632.3
-45103.9 45103.9
-45569.7 45569.7
-46029.1 46029.1
-46482.1 46482.1
-46928.3 46928.3
-47367.5 47367.5
-47799.3 47799.3
-48223.5 48223.5
-48639.9 48639.9
-49048.3 49048.3
-49448.2 49448.2
-49839.7 49839.7
-50222.4 50222.4
-50596.1 50596.1
-50960.7 50960.7
-51316.1 51316.1
-51662.1 51662.1
-51998.6 51998.6
-52325.5 52325.5
-52642.9 52642.9
-52950.7 52950.7
-53248.9 53248.9
-53537.6 53537.6
-53816.8 53816.8
-54086.7 54086.7
-54347.3 54347.3
-54598.9 54598.9
-54841.6 54841.6
-55075.5 55075.5
-55301.1 55301.1
-55518.3 55518.3
-55727.6 55727.6
-55929.1 55929.1
-56123.1 56123.1
-56309.9 56309.9
-56489.8 56489.8
-56663 56663
-56829.8 56829.8
-56990.5 56990.5
-57145.3 57145.3
-57294.6 57294.6
-57438.6 57438.6
-57577.4 57577.4
-57711.5 57711.5
-57840.9 57840.9
-57966 57966
-58086.9 58086.9
-58203.8 58203.8
-58317 58317
-58426.5 58426.5
-58532.7 58532.7
-58632.4 58632.4
-57911 57911
-57189.6 57189.6
-56468.3 56468.3
-55747.3 55747.3
-55026.5 55026.5
-54305.9 54305.9
-53585.6 53585.6
-52865.6 52865.6
-52145.9 52145.9
-51426.6 51426.6
-50707.6 50707.6
-49989 49989
-49270.9 49270.9
-48553.2 48553.2
-47835.9 47835.9
-47119.1 47119.1
-46402.9 46402.9
-45689.7 45689.7
-44985.1 44985.1
-44281.2 44281.2
-43577.8 43577.8
-42879.7 42879.7
-42186.6 42186.6
-41494.1 41494.1
-40803.6 40803.6
-40120.9 40120.9
-39439 39439
-38757.9 38757.9
-38077.7 38077.7
-37427 37427
-36787.6 36787.6
-36151.1 36151.1
-35515.5 35515.5
-34880.7 34880.7
-34246.7 34246.7
-33613.6 33613.6
-32981.5 32981.5
-32350.2 32350.2
-31719.9 31719.9
-31090.5 31090.5
-30464.6 30464.6
-29844.8 29844.8
-29226 29226
-28608.2 28608.2
-27991.5 27991.5
-27375.8 27375.8
-26761.3 26761.3
-26147.9 26147.9
-25535.6 25535.6
-24924.5 24924.5
-24314.5 24314.5
-23705.8 23705.8
-23098.4 23098.4
-22499.1 22499.1
-21907.5 21907.5
-21321.3 21321.3
-20736.3 20736.3
-20152.8 20152.8
-19595.9 19595.9
-19051.6 19051.6
-18514.6 18514.6
-17997.6 17997.6
-17487 17487
-17039.7 17039.7
-16593.4 16593.4
-16257.7 16257.7
-15939.7 15939.7
-15622.5 15622.5
-15306.1 15306.1
-14990.6 14990.6
-14675.9 14675.9
-14362.1 14362.1
-14049.2 14049.2
-13737.3 13737.3
-13426.2 13426.2
-13116.2 13116.2
-12807.1 12807.1
-12499.1 12499.1
-12192.1 12192.1
-11886.1 11886.1
-11581.3 11581.3
-11277.5 11277.5
-10974.9 10974.9
-10673.4 10673.4
-10373 10373
-10073.9 10073.9
-9775.88 9775.88
-9479.13 9479.13
-9184.45 9184.45
-8892.92 8892.92
-8602.6 8602.6
-8313.56 8313.56
-8025.82 8025.82
-7739.39 7739.39
-7454.29 7454.29
-7170.53 7170.53
-6888.12 6888.12
-6607.09 6607.09
-6327.44 6327.44
-6049.19 6049.19
-5772.35 5772.35
-5496.94 5496.94
-5222.97 5222.97
-4950.44 4950.44
-4679.38 4679.38
-4409.79 4409.79
-4141.72 4141.72
-3876.63 3876.63
-3613.02 3613.02
-3350.91 3350.91
-3090.3 3090.3
-2831.19 2831.19
-2578.22 2578.22
-2332.27 2332.27
-2091.4 2091.4
-1855.02 1855.02
-1621.42 1621.42
-1390.09 1390.09
-1160.65 1160.65
-933.653 933.653
-708.742 708.742
-485.883 485.883
-266.435 266.435
-52.9198 52.9198
146.229 -146.229
347.565 -347.565
549.781 -549.781
751.672 -751.672
955.317 -955.317
1157.76 -1157.76
1358.92 -1358.92
1558.81 -1558.81
1757.43 -1757.43
1954.77 -1954.77
2146.6 -2146.6
2333.51 -2333.51
2519.03 -2519.03
2703.16 -2703.16
2885.91 -2885.91
3067.27 -3067.27
3247.24 -3247.24
3425.82 -3425.82
3603.01 -3603.01
3778.82 -3778.82
3953.25 -3953.25
4126.28 -4126.28
4297.94 -4297.94
4468.21 -4468.21
4637.1 -4637.1
4804.62 -4804.62
4970.75 -4970.75
5135.52 -5135.52
5298.91 -5298.91
5460.93 -5460.93
5621.59 -5621.59
5780.88 -5780.88
5938.82 -5938.82
6095.39 -6095.39
6250.62 -6250.62
6404.5 -6404.5
6557.03 -6557.03
6708.22 -6708.22
6858.07 -6858.07
7006.6 -7006.6
7153.79 -7153.79
7299.66 -7299.66
7444.22 -7444.22
7587.46 -7587.46
7729.39 -7729.39
7870.02 -7870.02
8009.36 -8009.36
8147.4 -8147.4
8284.16 -8284.16
8419.64 -8419.64
8553.85 -8553.85
8686.79 -8686.79
8818.47 -8818.47
8948.89 -8948.89
9078.07 -9078.07
9206 -9206
9332.7 -9332.7
9458.17 -9458.17
9582.42 -9582.42
9705.46 -9705.46
9827.29 -9827.29
9947.92 -9947.92
10067.4 -10067.4
10185.6 -10185.6
10302.7 -10302.7
10418.6 -10418.6
10533.3 -10533.3
10646.9 -10646.9
10759.3 -10759.3
10870.6 -10870.6
10980.8 -10980.8
11089.8 -11089.8
11197.8 -11197.8
11304.6 -11304.6
11410.3 -11410.3
11514.9 -11514.9
11618.5 -11618.5
11720.9 -11720.9
11822.3 -11822.3
11922.7 -11922.7
12021.9 -12021.9
12120.2 -12120.2
12217.4 -12217.4
12313.6 -12313.6
12408.7 -12408.7
12502.9 -12502.9
12596 -12596
12688.2 -12688.2
12779.4 -12779.4
12869.5 -12869.5
12958.8 -12958.8
13047 -13047
13134.4 -13134.4
13220.7 -13220.7
13306.2 -13306.2
13390.7 -13390.7
13474.3 -13474.3
13556.9 -13556.9
13638.7 -13638.7
13719.6 -13719.6
13799.6 -13799.6
13878.8 -13878.8
13957 -13957
14034.4 -14034.4
14111 -14111
14186.7 -14186.7
14261.5 -14261.5
14335.6 -14335.6
14408.8 -14408.8
14481.2 -14481.2
14552.9 -14552.9
14623.7 -14623.7
14693.7 -14693.7
14763 -14763
14831.5 -14831.5
14899.2 -14899.2
14966.1 -14966.1
15032.4 -15032.4
15097.9 -15097.9
15162.6 -15162.6
15226.6 -15226.6
15290 -15290
15352.6 -15352.6
15414.5 -15414.5
15475.7 -15475.7
15536.2 -15536.2
15596.1 -15596.1
15655.3 -15655.3
15713.8 -15713.8
15771.7 -15771.7
15834.8 -15834.8
15897.5 -15897.5
15959.4 -15959.4
16020.5 -16020.5
16080.9 -16080.9
16140.6 -16140.6
16199.5 -16199.5
16257.8 -16257.8
16315.3 -16315.3
16372.1 -16372.1
16428.2 -16428.2
16483.6 -16483.6
16538.4 -16538.4
16592.4 -16592.4
16645.9 -16645.9
16698.6 -16698.6
16750.8 -16750.8
16802.3 -16802.3
16853.1 -16853.1
16903.4 -16903.4
16953 -16953
17002.1 -17002.1
17050.5 -17050.5
17098.4 -17098.4
17145.7 -17145.7
17192.4 -17192.4
17238.6 -17238.6
17284.2 -17284.2
17329.3 -17329.3
17373.8 -17373.8
17417.8 -17417.8
17461.3 -17461.3
17504.2 -17504.2
17546.7 -17546.7
17588.6 -17588.6
17630.1 -17630.1
17671.1 -17671.1
17711.6 -17711.6
17751.6 -17751.6
17791.1 -17791.1
17830.2 -17830.2
17868.9 -17868.9
17907.1 -17907.1
17944.8 -17944.8
17982.2 -17982.2
18019.1 -18019.1
18055.6 -18055.6
18091.7 -18091.7
18127.3 -18127.3
18162.6 -18162.6
18197.5 -18197.5
18232 -18232
18266.1 -18266.1
18299.8 -18299.8
18333.2 -18333.2
18366.2 -18366.2
18398.8 -18398.8
18431.1 -18431.1
18463.1 -18463.1
18494.7 -18494.7
18525.9 -18525.9
18556.9 -18556.9
18587.5 -18587.5
18617.8 -18617.8
18647.7 -18647.7
18677.4 -18677.4
18706.8 -18706.8
18735.8 -18735.8
18764.6 -18764.6
18793.1 -18793.1
18821.2 -18821.2
18849.2 -18849.2
18876.8 -18876.8
18904.1 -18904.1
18931.2 -18931.2
18958.1 -18958.1
18984.6 -18984.6
19010.9 -19010.9
19037 -19037
19062.8 -19062.8
19088.4 -19088.4
19113.8 -19113.8
19138.9 -19138.9
19163.7 -19163.7
19188.4 -19188.4
19212.8 -19212.8
19237 -19237
19261 -19261
19284.8 -19284.8
19308.4 -19308.4
19331.7 -19331.7
19354.9 -19354.9
19377.9 -19377.9
19400.7 -19400.7
19423.3 -19423.3
19445.7 -19445.7
19467.9 -19467.9
19489.9 -19489.9
19511.8 -19511.8
19533.4 -19533.4
19554.9 -19554.9
19576.3 -19576.3
19597.4 -19597.4
19618.5 -19618.5
19639.3 -19639.3
19660 -19660
19680.5 -19680.5
19700.9 -19700.9
19721.1 -19721.1
19741.2 -19741.2
19761.1 -19761.1
19780.9 -19780.9
19800.5 -19800.5
19820 -19820
19839.4 -19839.4
19858.6 -19858.6
19877.7 -19877.7
19896.6 -19896.6
19915.5 -19915.5
19934.2 -19934.2
19952.8 -19952.8
19971.2 -19971.2
19989.6 -19989.6
20007.8 -20007.8
20025.9 -20025.9
20043.9 -20043.9
20061.7 -20061.7
20079.5 -20079.5
20097.1 -20097.1
20114.7 -20114.7
20132.1 -20132.1
20149.4 -20149.4
20166.7 -20166.7
20183.8 -20183.8
20200.8 -20200.8
20217.7 -20217.7
20234.5 -20234.5
20251.3 -20251.3
20267.9 -20267.9
20284.4 -20284.4
20300.9 -20300.9
20317.2 -20317.2
20333.5 -20333.5
20349.7 -20349.7
20365.8 -20365.8
20381.8 -20381.8
20397.7 -20397.7
20413.6 -20413.6
20429.3 -20429.3
20445 -20445
20460.6 -20460.6
20476.1 -20476.1
20491.6 -20491.6
20506.9 -20506.9
20522.2 -20522.2
20537.4 -20537.4
20552.6 -20552.6
20567.7 -20567.7
20582.7 -20582.7
20597.6 -20597.6
20612.5 -20612.5
20627.3 -20627.3
20642 -20642
20656.7 -20656.7
20671.3 -20671.3
20685.8 -20685.8
20700.3 -20700.3
20714.7 -20714.7
20729 -20729
20743.3 -20743.3
20757.5 -20757.5
20771.7 -20771.7
20785.8 -20785.8
20799.8 -20799.8
20813.8 -20813.8
20827.8 -20827.8
20841.7 -20841.7
20855.5 -20855.5
20869.2 -20869.2
20883 -20883
20896.6 -20896.6
20910.2 -20910.2
20923.8 -20923.8
20937.3 -20937.3
20950.8 -20950.8
20964.2 -20964.2
20977.6 -20977.6
20990.9 -20990.9
21004.1 -21004.1
21017.3 -21017.3
21030.5 -21030.5
21043.6 -21043.6
21056.7 -21056.7
21069.8 -21069.8
21082.8 -21082.8
21095.7 -21095.7
21108.6 -21108.6
21121.5 -21121.5
21134.3 -21134.3
21147.1 -21147.1
21159.8 -21159.8
21172.5 -21172.5
21185.2 -21185.2
21197.8 -21197.8
21210.4 -21210.4
21222.9 -21222.9
21235.4 -21235.4
21247.9 -21247.9
21260.3 -21260.3
21272.7 -21272.7
21285 -21285
21297.3 -21297.3
21309.6 -21309.6
21321.9 -21321.9
21334.1 -21334.1
21346.2 -21346.2
21358.4 -21358.4
21370.5 -21370.5
21382.5 -21382.5
21394.6 -21394.6
21406.6 -21406.6
21418.6 -21418.6
21430.5 -21430.5
21442.4 -21442.4
21454.3 -21454.3
21466.1 -21466.1
21477.9 -21477.9
21489.7 -21489.7
21501.5 -21501.5
21513.2 -21513.2
21524.9 -21524.9
21536.6 -21536.6
21548.2 -21548.2
21559.8 -21559.8
21571.4 -21571.4
21582.9 -21582.9
21594.5 -21594.5
21605.9 -21605.9
21617.4 -21617.4
21628.9 -21628.9
21640.3 -21640.3
21651.7 -21651.7
21663 -21663
21674.4 -21674.4
21685.7 -21685.7
21697 -21697
21708.2 -21708.2
21719.4 -21719.4
21730.7 -21730.7
21741.8 -21741.8
21753 -21753
21764.1 -21764.1
21775.3 -21775.3
21786.3 -21786.3
21797.4 -21797.4
21808.5 -21808.5
21819.5 -21819.5
21830.5 -21830.5
21841.4 -21841.4
21852.4 -21852.4
21863.3 -21863.3
21874.2 -21874.2
21885.1 -21885.1
21896 -21896
21906.8 -21906.8
21917.7 -21917.7
21928.5 -21928.5
21939.2 -21939.2
21950 -21950
21960.7 -21960.7
21971.5 -21971.5
21982.2 -21982.2
21992.8 -21992.8
22003.5 -22003.5
22014.1 -22014.1
22024.8 -22024.8
22035.4 -22035.4
22046 -22046
22056.5 -22056.5
22067.1 -22067.1
22077.6 -22077.6
22088.1 -22088.1
22098.6 -22098.6
22109.1 -22109.1
22119.5 -22119.5
22130 -22130
22140.4 -22140.4
22150.8 -22150.8
22161.2 -22161.2
22171.5 -22171.5
22181.9 -22181.9
22192.2 -22192.2
22202.5 -22202.5
22212.8 -22212.8
22223.1 -22223.1
22233.4 -22233.4
22243.6 -22243.6
22253.9 -22253.9
22264.1 -22264.1
22274.3 -22274.3
22284.5 -22284.5
22294.7 -22294.7
22304.8 -22304.8
22314.9 -22314.9
22325.1 -22325.1
22335.2 -22335.2
22345.3 -22345.3
22355.4 -22355.4
22365.4 -22365.4
22375.5 -22375.5
22385.5 -22385.5
22395.5 -22395.5
22405.5 -22405.5
22415.5 -22415.5
22425.5 -22425.5
22435.5 -22435.5
22445.4 -22445.4
22455.3 -22455.3
22465.3 -22465.3
22475.2 -22475.2
22485.1 -22485.1
22494.9 -22494.9
22504.8 -22504.8
22514.7 -22514.7
22524.5 -22524.5
22534.3 -22534.3
22544.2 -22544.2
22554 -22554
22563.7 -22563.7
22573.5 -22573.5
22583.3 -22583.3
22593 -22593
22602.8 -22602.8
22612.5 -22612.5
22622.2 -22622.2
22631.9 -22631.9
22641.6 -22641.6
22651.3 -22651.3
22660.9 -22660.9
22670.6 -22670.6
22680.2 -22680.2
22689.8 -22689.8
22699.5 -22699.5
22709.1 -22709.1
22718.7 -22718.7
22728.2 -22728.2
22737.8 -22737.8
22747.4 -22747.4
22757 -22757
22766.5 -22766.5
22776.1 -22776.1
22785.6 -22785.6
22795.1 -22795.1
22804.6 -22804.6
22814.1 -22814.1
22823.6 -22823.6
22833.1 -22833.1
22842.5 -22842.5
22852 -22852
22861.4 -22861.4
22870.9 -22870.9
22880.3 -22880.3
22889.7 -22889.7
22899.1 -22899.1
22908.5 -22908.5
22917.9 -22917.9
22927.2 -22927.2
22936.6 -22936.6
22945.9 -22945.9
22955.3 -22955.3
22964.6 -22964.6
22973.9 -22973.9
22983.2 -22983.2
22992.5 -22992.5
23001.8 -23001.8
23011.1 -23011.1
23020.4 -23020.4
23029.6 -23029.6
23038.9 -23038.9
23048.1 -23048.1
23057.4 -23057.4
23066.6 -23066.6
23075.8 -23075.8
23085 -23085
23094.2 -23094.2
23103.4 -23103.4
23112.6 -23112.6
23121.7 -23121.7
23130.9 -23130.9
23140.1 -23140.1
23149.2 -23149.2
23158.3 -23158.3
23167.5 -23167.5
23176.6 -23176.6
23185.7 -23185.7
23194.8 -23194.8
23203.9 -23203.9
23212.9 -23212.9
23222 -23222
23231.1 -23231.1
23240.1 -23240.1
23249.2 -23249.2
23258.2 -23258.2
23267.3 -23267.3
23276.3 -23276.3
23285.3 -23285.3
23294.3 -23294.3
23303.3 -23303.3
23312.3 -23312.3
23321.3 -23321.3
23330.2 -23330.2
23339.2 -23339.2
23348.1 -23348.1
23357.1 -23357.1
23366 -23366
23375 -23375
23383.9 -23383.9
23392.8 -23392.8
23401.7 -23401.7
23410.6 -23410.6
23419.5 -23419.5
23428.4 -23428.4
23437.3 -23437.3
23446.1 -23446.1
23455 -23455
23463.9 -23463.9
23472.7 -23472.7
23481.6 -23481.6
23490.4 -23490.4
23499.2 -23499.2
23508 -23508
23516.8 -23516.8
23525.6 -23525.6
23534.4 -23534.4
23543.2 -23543.2
23552 -23552
23560.8 -23560.8
23569.6 -23569.6
23578.3 -23578.3
23587.1 -23587.1
23595.8 -23595.8
23604.6 -23604.6
23613.3 -23613.3
23622 -23622
23630.7 -23630.7
23639.5 -23639.5
23648.2 -23648.2
23656.9 -23656.9
23665.5 -23665.5
23674.2 -23674.2
23682.9 -23682.9
23691.6 -23691.6
23700.2 -23700.2
23708.9 -23708.9
23717.6 -23717.6
23726.2 -23726.2
23734.8 -23734.8
23743.5 -23743.5
23752.1 -23752.1
23760.7 -23760.7
23769.3 -23769.3
23777.9 -23777.9
23786.5 -23786.5
23795.1 -23795.1
23803.7 -23803.7
23812.3 -23812.3
23820.9 -23820.9
23829.4 -23829.4
23838 -23838
23846.5 -23846.5
23855.1 -23855.1
23863.6 -23863.6
23872.2 -23872.2
23880.7 -23880.7
23889.2 -23889.2
23897.7 -23897.7
23906.3 -23906.3
23914.8 -23914.8
23923.3 -23923.3
23931.8 -23931.8
23940.2 -23940.2
23948.7 -23948.7
23957.2 -23957.2
23965.7 -23965.7
23974.1 -23974.1
23982.6 -23982.6
23991 -23991
23999.5 -23999.5
24007.9 -24007.9
24016.4 -24016.4
24024.8 -24024.8
24033.2 -24033.2
24041.6 -24041.6
24050 -24050
24058.4 -24058.4
24066.8 -24066.8
24075.2 -24075.2
24083.6 -24083.6
24092 -24092
24100.4 -24100.4
24108.8 -24108.8
24117.1 -24117.1
24125.5 -24125.5
24133.8 -24133.8
24142.2 -24142.2
24150.5 -24150.5
24158.9 -24158.9
24167.2 -24167.2
24175.5 -24175.5
24183.9 -24183.9
24192.2 -24192.2
24200.5 -24200.5
24208.8 -24208.8
24217.1 -24217.1
24225.4 -24225.4
24233.7 -24233.7
24242 -24242
24250.3 -24250.3
24258.5 -24258.5
24266.8 -24266.8
24275.1 -24275.1
24283.3 -24283.3
24291.6 -24291.6
24299.8 -24299.8
24308.1 -24308.1
24316.3 -24316.3
24324.5 -24324.5
24332.8 -24332.8
24341 -24341
24349.2 -24349.2
24357.4 -24357.4
24365.6 -24365.6
24373.8 -24373.8
24382 -24382
24390.2 -24390.2
24398.4 -24398.4
24406.6 -24406.6
24414.8 -24414.8
24422.9 -24422.9
24431.1 -24431.1
24439.3 -24439.3
24447.4 -24447.4
24455.6 -24455.6
24463.7 -24463.7
24471.9 -24471.9
24480 -24480
24488.2 -24488.2
24496.3 -24496.3
24504.4 -24504.4
24512.5 -24512.5
24520.6 -24520.6
24528.8 -24528.8
24536.9 -24536.9
24545 -24545
24553.1 -24553.1
24561.2 -24561.2
24569.2 -24569.2
24577.3 -24577.3
24585.4 -24585.4
24593.5 -24593.5
24601.5 -24601.5
24609.6 -24609.6
24617.7 -24617.7
24625.7 -24625.7
24633.8 -24633.8
24641.8 -24641.8
24649.9 -24649.9
24657.9 -24657.9
24665.9 -24665.9
24674 -24674
24682 -24682
24690 -24690
24698 -24698
24706 -24706
24714 -24714
24722 -24722
24730 -24730
24738 -24738
24746 -24746
24754 -24754
24762 -24762
24769.9 -24769.9
24777.9 -24777.9
24785.9 -24785.9
24793.8 -24793.8
24801.8 -24801.8
24809.8 -24809.8
24817.7 -24817.7
24825.6 -24825.6
24833.6 -24833.6
24841.5 -24841.5
24849.5 -24849.5
24857.4 -24857.4
24865.3 -24865.3
24873.2 -24873.2
24881.1 -24881.1
24889.1 -24889.1
24897 -24897
24904.9 -24904.9
24912.8 -24912.8
24920.7 -24920.7
24928.5 -24928.5
24936.4 -24936.4
24944.3 -24944.3
24952.2 -24952.2
24960.1 -24960.1
24967.9 -24967.9
24975.8 -24975.8
24983.7 -24983.7
24991.5 -24991.5
24999.4 -24999.4
25007.2 -25007.2
25015.1 -25015.1
25022.9 -25022.9
25030.7 -25030.7
25038.6 -25038.6
25046.4 -25046.4
25054.2 -25054.2
25062.1 -25062.1
25069.9 -25069.9
25077.7 -25077.7
25085.5 -25085.5
25093.3 -25093.3
25101.1 -25101.1
25108.9 -25108.9
25116.7 -25116.7
25124.5 -25124.5
25132.3 -25132.3
25140.1 -25140.1
25147.8 -25147.8
25155.6 -25155.6
25163.4 -25163.4
25171.2 -25171.2
25178.9 -25178.9
25186.7 -25186.7
25194.4 -25194.4
25202.2 -25202.2
25209.9 -25209.9
25217.7 -25217.7
25225.4 -25225.4
25233.2 -25233.2
25240.9 -25240.9
25248.6 -25248.6
25256.4 -25256.4
25264.1 -25264.1
25271.8 -25271.8
25279.5 -25279.5
25287.2 -25287.2
25294.9 -25294.9
25302.6 -25302.6
25310.3 -25310.3
25318 -25318
25325.7 -25325.7
25333.4 -25333.4
25341.1 -25341.1
25348.8 -25348.8
25356.5 -25356.5
25364.2 -25364.2
25371.8 -25371.8
25379.5 -25379.5
25387.2 -25387.2
25394.8 -25394.8
25402.5 -25402.5
25410.1 -25410.1
25417.8 -25417.8
25425.4 -25425.4
25433.1 -25433.1
25440.7 -25440.7
25448.4 -25448.4
25456 -25456
25463.6 -25463.6
25471.2 -25471.2
25478.9 -25478.9
25486.5 -25486.5
25494.1 -25494.1
25501.7 -25501.7
25509.3 -25509.3
25516.9 -25516.9
25524.5 -25524.5
25532.1 -25532.1
25539.7 -25539.7
25547.3 -25547.3
25554.9 -25554.9
25562.5 -25562.5
25570.1 -25570.1
25577.7 -25577.7
25585.2 -25585.2
25592.8 -25592.8
25600.4 -25600.4
25607.9 -25607.9
25615.5 -25615.5
25623.1 -25623.1
25630.6 -25630.6
25638.2 -25638.2
25645.7 -25645.7
25653.3 -25653.3
25660.8 -25660.8
25668.3 -25668.3
25675.9 -25675.9
25683.4 -25683.4
25690.9 -25690.9
25698.5 -25698.5
25706 -25706
25713.5 -25713.5
25721 -25721
25728.5 -25728.5
25736.1 -25736.1
25743.6 -25743.6
25751.1 -25751.1
25758.6 -25758.6
25766.1 -25766.1
25773.6 -25773.6
25781.1 -25781.1
25788.5 -25788.5
25796 -25796
25803.5 -25803.5
25811 -25811
25818.5 -25818.5
25825.9 -25825.9
25833.4 -25833.4
25840.9 -25840.9
25848.3 -25848.3
25855.8 -25855.8
25863.3 -25863.3
25870.7 -25870.7
25878.2 -25878.2
25885.6 -25885.6
25893 -25893
25900.5 -25900.5
25907.9 -25907.9
25915.4 -25915.4
25922.8 -25922.8
25930.2 -25930.2
25937.7 -25937.7
25945.1 -25945.1
25952.5 -25952.5
25959.9 -25959.9
25967.3 -25967.3
25974.7 -25974.7
25982.2 -25982.2
25989.6 -25989.6
25997 -25997
26004.4 -26004.4
26011.8 -26011.8
26019.2 -26019.2
26026.5 -26026.5
26033.9 -26033.9
26041.3 -26041.3
26048.7 -26048.7
26056.1 -26056.1
26063.5 -26063.5
26070.8 -26070.8
26078.2 -26078.2
26085.6 -26085.6
26092.9 -26092.9
26100.3 -26100.3
26107.7 -26107.7
26115 -26115
26122.4 -26122.4
26129.7 -26129.7
26137.1 -26137.1
26144.4 -26144.4
26151.8 -26151.8
26159.1 -26159.1
26166.4 -26166.4
26173.8 -26173.8
26181.1 -26181.1
26188.4 -26188.4
26195.7 -26195.7
26203.1 -26203.1
26210.4 -26210.4
26217.7 -26217.7
26225 -26225
26232.3 -26232.3
26239.6 -26239.6
26247 -26247
26254.3 -26254.3
26261.6 -26261.6
26268.9 -26268.9
26276.1 -26276.1
26283.4 -26283.4
26290.7 -26290.7
26298 -26298
26305.3 -26305.3
26312.6 -26312.6
26319.9 -26319.9
26327.1 -26327.1
26334.4 -26334.4
26341.7 -26341.7
26349 -26349
26356.2 -26356.2
26363.5 -26363.5
26370.7 -26370.7
26378 -26378
26385.3 -26385.3
26392.5 -26392.5
26399.8 -26399.8
26407 -26407
26414.3 -26414.3
26421.5 -26421.5
26428.7 -26428.7
26436 -26436
26443.2 -26443.2
26450.4 -26450.4
26457.7 -26457.7
26464.9 -26464.9
26472.1 -26472.1
26479.3 -26479.3
26486.6 -26486.6
26493.8 -26493.8
26501 -26501
26508.2 -26508.2
26515.4 -26515.4
26522.6 -26522.6
26529.8 -26529.8
26537 -26537
26544.2 -26544.2
26551.4 -26551.4
26558.6 -26558.6
26565.8 -26565.8
26573 -26573
26580.2 -26580.2
26587.4 -26587.4
26594.5 -26594.5
26601.7 -26601.7
26608.9 -26608.9
26616.1 -26616.1
26623.2 -26623.2
26630.4 -26630.4
26637.6 -26637.6
26644.7 -26644.7
26651.9 -26651.9
26659.1 -26659.1
26666.2 -26666.2
26673.4 -26673.4
26680.5 -26680.5
26687.7 -26687.7
26694.8 -26694.8
26702 -26702
26709.1 -26709.1
26716.2 -26716.2
26723.4 -26723.4
26730.5 -26730.5
26737.7 -26737.7
26744.8 -26744.8
26751.9 -26751.9
26759 -26759
26766.2 -26766.2
26773.3 -26773.3
26780.4 -26780.4
26787.5 -26787.5
26794.6 -26794.6
26801.7 -26801.7
26808.9 -26808.9
26816 -26816
26823.1 -26823.1
26830.2 -26830.2
26837.3 -26837.3
26844.4 -26844.4
26851.5 -26851.5
26858.6 -26858.6
26865.6 -26865.6
26872.7 -26872.7
26879.8 -26879.8
26886.9 -26886.9
26894 -26894
26901.1 -26901.1
26908.1 -26908.1
26915.2 -26915.2
26922.3 -26922.3
26929.4 -26929.4
26936.4 -26936.4
26943.5 -26943.5
26950.6 -26950.6
26957.6 -26957.6
26964.7 -26964.7
26971.7 -26971.7
26978.8 -26978.8
26985.8 -26985.8
26992.7 -26992.7
26999.6 -26999.6
27006.5 -27006.5
27013.4 -27013.4
27020.3 -27020.3
27027.1 -27027.1
27034 -27034
27040.9 -27040.9
27047.7 -27047.7
27054.6 -27054.6
27061.4 -27061.4
27068.3 -27068.3
27075.2 -27075.2
27082 -27082
27088.9 -27088.9
27095.7 -27095.7
27102.5 -27102.5
27109.4 -27109.4
27116.2 -27116.2
27123.1 -27123.1
27129.9 -27129.9
27136.7 -27136.7
27143.5 -27143.5
27150.4 -27150.4
27157.2 -27157.2
27164 -27164
27170.8 -27170.8
27177.6 -27177.6
27184.5 -27184.5
27191.3 -27191.3
27198.1 -27198.1
27204.9 -27204.9
27211.7 -27211.7
27218.5 -27218.5
27225.3 -27225.3
27232.1 -27232.1
27238.8 -27238.8
27245.6 -27245.6
27252.4 -27252.4
27259.2 -27259.2
27266 -27266
27272.8 -27272.8
27279.5 -27279.5
27286.3 -27286.3
27293.1 -27293.1
27299.8 -27299.8
27306.6 -27306.6
27313.4 -27313.4
27320.1 -27320.1
27326.9 -27326.9
27333.6 -27333.6
27340.4 -27340.4
27347.1 -27347.1
27353.9 -27353.9
27360.6 -27360.6
27367.4 -27367.4
27374.1 -27374.1
27380.9 -27380.9
27387.6 -27387.6
27394.3 -27394.3
27401 -27401
27407.8 -27407.8
27414.5 -27414.5
27421.2 -27421.2
27427.9 -27427.9
27434.7 -27434.7
27441.4 -27441.4
27448.1 -27448.1
27454.8 -27454.8
27461.5 -27461.5
27468.2 -27468.2
27474.9 -27474.9
27481.6 -27481.6
27488.3 -27488.3
27495 -27495
27501.7 -27501.7
27508.4 -27508.4
27515.1 -27515.1
27521.8 -27521.8
27528.4 -27528.4
27535.1 -27535.1
27541.8 -27541.8
27548.4 -27548.4
27555.1 -27555.1
27561.8 -27561.8
27568.4 -27568.4
27575.1 -27575.1
27581.7 -27581.7
27588.4 -27588.4
27595 -27595
27601.7 -27601.7
27608.3 -27608.3
27615 -27615
27621.6 -27621.6
27628.2 -27628.2
27634.9 -27634.9
27641.5 -27641.5
27648.1 -27648.1
27654.8 -27654.8
27661.4 -27661.4
27668 -27668
27674.6 -27674.6
27681.3 -27681.3
27687.9 -27687.9
27694.5 -27694.5
27701.1 -27701.1
27707.7 -27707.7
27714.3 -27714.3
27720.9 -27720.9
27727.5 -27727.5
27734.1 -27734.1
27740.7 -27740.7
27747.3 -27747.3
27753.9 -27753.9
27760.5 -27760.5
27767.1 -27767.1
27773.7 -27773.7
27780.3 -27780.3
27786.8 -27786.8
27793.4 -27793.4
27800 -27800
27806.6 -27806.6
27813.1 -27813.1
27819.7 -27819.7
27826.3 -27826.3
27832.8 -27832.8
27839.4 -27839.4
27846 -27846
27852.5 -27852.5
27859.1 -27859.1
27865.6 -27865.6
27872.2 -27872.2
27878.7 -27878.7
27885.3 -27885.3
27891.8 -27891.8
27898.4 -27898.4
27904.9 -27904.9
27911.4 -27911.4
27918 -27918
27924.5 -27924.5
27931 -27931
27937.6 -27937.6
27944.1 -27944.1
27950.6 -27950.6
27957.1 -27957.1
27963.7 -27963.7
27970.2 -27970.2
27976.7 -27976.7
27983.2 -27983.2
27989.7 -27989.7
27996.2 -27996.2
28002.7 -28002.7
28009.2 -28009.2
28015.7 -28015.7
28022.2 -28022.2
28028.7 -28028.7
28035.2 -28035.2
28041.7 -28041.7
28048.2 -28048.2
28054.7 -28054.7
28061.2 -28061.2
28067.7 -28067.7
28074.1 -28074.1
28080.6 -28080.6
28087.1 -28087.1
28093.6 -28093.6
28100.1 -28100.1
28106.5 -28106.5
28113 -28113
28119.5 -28119.5
28125.9 -28125.9
28132.4 -28132.4
28138.8 -28138.8
28145.3 -28145.3
28151.8 -28151.8
28158.2 -28158.2
28164.7 -28164.7
28171.1 -28171.1
28177.6 -28177.6
28184 -28184
28190.5 -28190.5
28196.9 -28196.9
28203.3 -28203.3
28209.8 -28209.8
28216.2 -28216.2
28222.6 -28222.6
28229.1 -28229.1
28235.5 -28235.5
28241.9 -28241.9
28248.3 -28248.3
28254.8 -28254.8
28261.2 -28261.2
28267.6 -28267.6
28274 -28274
28280.4 -28280.4
28286.8 -28286.8
28293.2 -28293.2
28299.7 -28299.7
28306.1 -28306.1
27961.7 -27961.7
27617.4 -27617.4
27273.3 -27273.3
26929.6 -26929.6
26586.1 -26586.1
26243.1 -26243.1
25900.4 -25900.4
25558.3 -25558.3
25216.7 -25216.7
24875.7 -24875.7
24535.3 -24535.3
24195.5 -24195.5
23856.5 -23856.5
23518.2 -23518.2
23180.6 -23180.6
22843.9 -22843.9
22508.1 -22508.1
22173.1 -22173.1
21839.1 -21839.1
21506 -21506
21173.9 -21173.9
20842.8 -20842.8
20512.8 -20512.8
20183.9 -20183.9
19856.1 -19856.1
19529.5 -19529.5
19204 -19204
18879.8 -18879.8
18556.8 -18556.8
18235 -18235
17914.6 -17914.6
17595.5 -17595.5
17277.7 -17277.7
16961.4 -16961.4
16646.4 -16646.4
16332.9 -16332.9
16021.5 -16021.5
15716.6 -15716.6
15415.4 -15415.4
15115.6 -15115.6
14817.3 -14817.3
14520.4 -14520.4
14225 -14225
13931.1 -13931.1
13638.7 -13638.7
13347.9 -13347.9
13058.6 -13058.6
12771 -12771
12484.9 -12484.9
12200.4 -12200.4
11917.6 -11917.6
11636.4 -11636.4
11356.9 -11356.9
11079.1 -11079.1
10803 -10803
10528.6 -10528.6
10255.9 -10255.9
9985.02 -9985.02
9715.87 -9715.87
9448.49 -9448.49
9182.91 -9182.91
8919.12 -8919.12
8657.15 -8657.15
8397.01 -8397.01
8138.71 -8138.71
7882.26 -7882.26
7627.66 -7627.66
7374.94 -7374.94
7124.11 -7124.11
6875.16 -6875.16
6628.11 -6628.11
6382.98 -6382.98
6139.76 -6139.76
5898.46 -5898.46
5659.1 -5659.1
5421.68 -5421.68
5186.2 -5186.2
4952.68 -4952.68
4721.11 -4721.11
4491.51 -4491.51
4263.88 -4263.88
4038.21 -4038.21
3814.53 -3814.53
3592.82 -3592.82
3373.1 -3373.1
3155.36 -3155.36
2939.62 -2939.62
2725.86 -2725.86
2514.09 -2514.09
2304.31 -2304.31
2096.53 -2096.53
1890.74 -1890.74
1686.94 -1686.94
1485.13 -1485.13
1285.32 -1285.32
1087.65 -1087.65
893.056 -893.056
701.105 -701.105
512.177 -512.177
326.42 -326.42
143.717 -143.717
-33.8179 33.8179
-220.638 220.638
-408.013 408.013
-595.809 595.809
-781.418 781.418
-965.799 965.799
-1147.95 1147.95
-1328.19 1328.19
-1507.04 1507.04
-1683.65 1683.65
-1858.52 1858.52
-2031.84 2031.84
-2202.93 2202.93
-2371.79 2371.79
-2538.5 2538.5
-2704.24 2704.24
-2867.75 2867.75
-3029.05 3029.05
-3188.16 3188.16
-3345.09 3345.09
-3499.87 3499.87
-3652.52 3652.52
-3803.04 3803.04
-3951.47 3951.47
-4097.82 4097.82
-4242.11 4242.11
-4384.36 4384.36
-4524.59 4524.59
-4662.81 4662.81
-4799.06 4799.06
-4933.35 4933.35
-5065.69 5065.69
-5196.12 5196.12
-5324.65 5324.65
-5451.3 5451.3
-5576.1 5576.1
-5699.06 5699.06
-5820.21 5820.21
-5939.56 5939.56
-6057.15 6057.15
-6172.98 6172.98
-6287.08 6287.08
-6399.48 6399.48
-6510.2 6510.2
-6619.25 6619.25
-6726.66 6726.66
-6832.44 6832.44
-6936.64 6936.64
-7039.25 7039.25
-7140.31 7140.31
-7239.84 7239.84
-7337.86 7337.86
-7434.38 7434.38
-7529.44 7529.44
-7623.06 7623.06
-7715.25 7715.25
-7806.02 7806.02
-7895.42 7895.42
-7983.46 7983.46
-8070.16 8070.16
-8155.54 8155.54
-8239.62 8239.62
-8322.43 8322.43
-8403.98 8403.98
-8484.3 8484.3
-8563.4 8563.4
-8641.31 8641.31
-8718.05 8718.05
-8793.63 8793.63
-8868.08 8868.08
-8941.42 8941.42
-9013.66 9013.66
-9084.82 9084.82
-9154.14 9154.14
-9221.34 9221.34
-9287.58 9287.58
-9352.88 9352.88
-9417.27 9417.27
-9480.75 9480.75
-9543.34 9543.34
-9605.06 9605.06
-9665.92 9665.92
-9725.94 9725.94
-9785.14 9785.14
-9843.52 9843.52
-9901.11 9901.11
-9957.91 9957.91
-10013.9 10013.9
-10069.2 10069.2
-10123.8 10123.8
-10177.6 10177.6
-10230.7 10230.7
-10283.1 10283.1
-10334.8 10334.8
-10385.9 10385.9
-10436.3 10436.3
-10486 10486
-10535.1 10535.1
-10583.6 10583.6
-10631.4 10631.4
-10678.7 10678.7
-10725.4 10725.4
-10771.5 10771.5
-10817 10817
-10862 10862
-10906.5 10906.5
-10950.4 10950.4
-10993.8 10993.8
-11036.6 11036.6
-11079 11079
-11120.9 11120.9
-11162.3 11162.3
-11203.2 11203.2
-11243.6 11243.6
-11283.6 11283.6
-11323.2 11323.2
-11362.3 11362.3
-11400.9 11400.9
-11439.2 11439.2
-11477 11477
-11514.5 11514.5
-11551.5 11551.5
-11588.1 11588.1
-11624.4 11624.4
-11660.3 11660.3
-11695.8 11695.8
-11730.9 11730.9
-11765.7 11765.7
-11800.2 11800.2
-11834.3 11834.3
-11868.1 11868.1
-11901.5 11901.5
-11934.6 11934.6
-11967.4 11967.4
-11999.9 11999.9
-12032.1 12032.1
-12064 12064
-12095.6 12095.6
-12126.9 12126.9
-12157.9 12157.9
-12188.6 12188.6
-12219.1 12219.1
-12249.3 12249.3
-12279.2 12279.2
-12308.9 12308.9
-12338.3 12338.3
-12367.5 12367.5
-12396.4 12396.4
-12425.1 12425.1
-12453.6 12453.6
-12481.7 12481.7
-12508.9 12508.9
-12535.9 12535.9
-12562.7 12562.7
-12589.2 12589.2
-12615.6 12615.6
-12641.8 12641.8
-12667.8 12667.8
-12693.6 12693.6
-12719.2 12719.2
-12744.6 12744.6
-12769.8 12769.8
-12794.9 12794.9
-12819.8 12819.8
-12844.5 12844.5
-12869 12869
-12893.4 12893.4
-12917.6 12917.6
-12941.7 12941.7
-12965.6 12965.6
-12989.3 12989.3
-13012.9 13012.9
-13036.3 13036.3
-13059.6 13059.6
-13082.7 13082.7
-13105.7 13105.7
-13128.6 13128.6
-13151.3 13151.3
-13173.8 13173.8
-13196.3 13196.3
-13218.5 13218.5
-13240.7 13240.7
-13262.7 13262.7
-13284.6 13284.6
-13306.4 13306.4
-13328 13328
-13349.6 13349.6
-13371 13371
-13392.2 13392.2
-13413.4 13413.4
-13434.5 13434.5
-13455.4 13455.4
-13476.2 13476.2
-13496.9 13496.9
-13517.5 13517.5
-13538 13538
-13558.4 13558.4
-13578.6 13578.6
-13598.8 13598.8
-13618.9 13618.9
-13638.8 13638.8
-13658.7 13658.7
-13678.4 13678.4
-13698.1 13698.1
-13717.7 13717.7
-13737.1 13737.1
-13756.5 13756.5
-13775.8 13775.8
-13795 13795
-13814.1 13814.1
-13833.1 13833.1
-13852 13852
-13870.9 13870.9
-13889.6 13889.6
-13908.3 13908.3
-13926.9 13926.9
-13945.4 13945.4
-13963.8 13963.8
-13982.1 13982.1
-14000.4 14000.4
-14018.6 14018.6
-14036.7 14036.7
-14054.7 14054.7
-14072.6 14072.6
-14090.5 14090.5
-14108.3 14108.3
-14126 14126
-14143.7 14143.7
-14161.3 14161.3
-14178.8 14178.8
-14196.2 14196.2
-14213.6 14213.6
-14230.9 14230.9
-14248.1 14248.1
-14265.3 14265.3
-14282.4 14282.4
-14299.4 14299.4
-14316.4 14316.4
-14333.3 14333.3
-14350.1 14350.1
-14366.9 14366.9
-14383.6 14383.6
-14400.3 14400.3
-14416.8 14416.8
-14433.4 14433.4
-14449.8 14449.8
-14466.3 14466.3
-14482.6 14482.6
-14498.9 14498.9
-14515.2 14515.2
-14531.3 14531.3
-14547.5 14547.5
-14563.5 14563.5
-14579.6 14579.6
-14595.5 14595.5
-14611.4 14611.4
-14627.3 14627.3
-14643.1 14643.1
-14658.8 14658.8
-14674.5 14674.5
-14690.2 14690.2
-14705.8 14705.8
-14721.3 14721.3
-14736.8 14736.8
-14752.3 14752.3
-14767.7 14767.7
-14783 14783
-14798.3 14798.3
-14813.6 14813.6
-14828.8 14828.8
-14844 14844
-14859.1 14859.1
-14874.2 14874.2
-14889.2 14889.2
-14904.2 14904.2
-14919.1 14919.1
-14934 14934
-14948.9 14948.9
-14963.7 14963.7
-14978.4 14978.4
-14993.1 14993.1
-15007.8 15007.8
-15022.5 15022.5
-15037.1 15037.1
-15051.6 15051.6
-15066.1 15066.1
-15080.6 15080.6
-15095.1 15095.1
-15109.5 15109.5
-15123.8 15123.8
-15138.1 15138.1
-15152.4 15152.4
-15166.7 15166.7
-15180.9 15180.9
-15195 15195
-15209.2 15209.2
-15223.3 15223.3
-15237.3 15237.3
-15251.3 15251.3
-15265.3 15265.3
-15279.3 15279.3
-15293.2 15293.2
-15307.1 15307.1
-15320.9 15320.9
-15334.7 15334.7
-15348.5 15348.5
-15362.2 15362.2
-15375.9 15375.9
-15389.6 15389.6
-15403.3 15403.3
-15416.9 15416.9
-15430.4 15430.4
-15444 15444
-15457.5 15457.5
-15471 15471
-15484.4 15484.4
-15497.9 15497.9
-15511.2 15511.2
-15524.6 15524.6
-15537.9 15537.9
-15551.2 15551.2
-15564.5 15564.5
-15577.7 15577.7
-15590.9 15590.9
-15604.1 15604.1
-15617.2 15617.2
-15630.4 15630.4
-15643.4 15643.4
-15656.5 15656.5
-15669.5 15669.5
-15682.5 15682.5
-15695.5 15695.5
-15708.5 15708.5
-15721.4 15721.4
-15734.3 15734.3
-15747.1 15747.1
-15760 15760
-15772.8 15772.8
-15785.6 15785.6
-15798.3 15798.3
-15811.1 15811.1
-15823.8 15823.8
-15836.4 15836.4
-15849.1 15849.1
-15861.7 15861.7
-15874.3 15874.3
-15886.9 15886.9
-15899.5 15899.5
-15912 15912
-15924.5 15924.5
-15937 15937
-15949.4 15949.4
-15961.9 15961.9
-15974.3 15974.3
-15986.7 15986.7
-15999 15999
-16011.3 16011.3
-16023.7 16023.7
-16036 16036
-16048.2 16048.2
-16060.5 16060.5
-16072.7 16072.7
-16084.9 16084.9
-16097.1 16097.1
-16109.2 16109.2
-16121.3 16121.3
-16133.4 16133.4
-16145.5 16145.5
-16157.6 16157.6
-16169.6 16169.6
-16181.7 16181.7
-16193.7 16193.7
-16205.6 16205.6
-16217.6 16217.6
-16229.5 16229.5
-16241.5 16241.5
-16253.4 16253.4
-16265.2 16265.2
-16277.1 16277.1
-16288.9 16288.9
-16300.7 16300.7
-16312.5 16312.5
-16324.3 16324.3
-16336.1 16336.1
-16347.8 16347.8
-16359.5 16359.5
-16371.2 16371.2
-16382.9 16382.9
-16394.5 16394.5
-16406.2 16406.2
-16417.8 16417.8
-16429.4 16429.4
-16441 16441
-16452.5 16452.5
-16464.1 16464.1
-16475.6 16475.6
-16487.1 16487.1
-16498.6 16498.6
-16510.1 16510.1
-16521.5 16521.5
-16533 16533
-16544.4 16544.4
-16555.8 16555.8
-16567.2 16567.2
-16578.5 16578.5
-16589.9 16589.9
-16601.2 16601.2
-16612.5 16612.5
-16623.8 16623.8
-16635.1 16635.1
-16646.4 16646.4
-16657.6 16657.6
-16668.8 16668.8
-16680 16680
-16691.2 16691.2
-16702.4 16702.4
-16713.6 16713.6
-16724.7 16724.7
-16735.8 16735.8
-16747 16747
-16758 16758
-16769.1 16769.1
-16780.2 16780.2
-16791.2 16791.2
-16802.3 16802.3
-16813.3 16813.3
-16824.3 16824.3
-16835.3 16835.3
-16846.2 16846.2
-16857.2 16857.2
-16868.1 16868.1
-16879.1 16879.1
-16890 16890
-16900.9 16900.9
-16911.7 16911.7
-16922.6 16922.6
-16933.4 16933.4
-16944.3 16944.3
-16955.1 16955.1
-16965.9 16965.9
-16976.7 16976.7
-16987.5 16987.5
-16998.2 16998.2
-17009 17009
-17019.7 17019.7
-17030.4 17030.4
-17041.1 17041.1
-17051.8 17051.8
-17062.5 17062.5
-17073.1 17073.1
-17083.8 17083.8
-17094.4 17094.4
-17105 17105
-17115.7 17115.7
-17126.2 17126.2
-17136.8 17136.8
-17147.4 17147.4
-17157.9 17157.9
-17168.5 17168.5
-17179 17179
-17189.5 17189.5
-17200 17200
-17210.5 17210.5
-17221 17221
-17231.4 17231.4
-17241.9 17241.9
-17252.3 17252.3
-17262.7 17262.7
-17273.1 17273.1
-17283.5 17283.5
-17293.9 17293.9
-17304.3 17304.3
-17314.6 17314.6
-17325 17325
-17335.3 17335.3
-17345.6 17345.6
-17355.9 17355.9
-17366.2 17366.2
-17376.5 17376.5
-17386.8 17386.8
-17397 17397
-17407.3 17407.3
-17417.5 17417.5
-17427.7 17427.7
-17437.9 17437.9
-17448.1 17448.1
-17458.3 17458.3
-17468.5 17468.5
-17478.6 17478.6
-17488.8 17488.8
-17498.9 17498.9
-17509 17509
-17519.1 17519.1
-17529.2 17529.2
-17539.3 17539.3
-17549.4 17549.4
-17559.5 17559.5
-17569.5 17569.5
-17579.6 17579.6
-17589.6 17589.6
-17599.6 17599.6
-17609.6 17609.6
-17619.6 17619.6
-17629.6 17629.6
-17639.6 17639.6
-17649.6 17649.6
-17659.5 17659.5
-17669.5 17669.5
-17679.4 17679.4
-17689.3 17689.3
-17699.2 17699.2
-17709.1 17709.1
-17719 17719
-17728.9 17728.9
-17738.7 17738.7
-17748.6 17748.6
-17758.4 17758.4
-17768.3 17768.3
-17778.1 17778.1
-17787.9 17787.9
-17797.7 17797.7
-17807.5 17807.5
-17817.3 17817.3
-17827 17827
-17836.8 17836.8
-17846.5 17846.5
-17856.3 17856.3
-17866 17866
-17875.7 17875.7
-17885.4 17885.4
-17895.1 17895.1
-17904.8 17904.8
-17914.5 17914.5
-17924.2 17924.2
-17933.8 17933.8
-17943.5 17943.5
-17953.1 17953.1
-17962.7 17962.7
-17972.3 17972.3
-17981.9 17981.9
-17991.5 17991.5
-18001.1 18001.1
-18010.7 18010.7
-18020.3 18020.3
-18029.8 18029.8
-18039.4 18039.4
-18048.9 18048.9
-18058.4 18058.4
-18067.9 18067.9
-18077.4 18077.4
-18086.9 18086.9
-18096.4 18096.4
-18105.9 18105.9
-18115.4 18115.4
-18124.8 18124.8
-18134.3 18134.3
-18143.7 18143.7
-18153.1 18153.1
-18162.6 18162.6
-18172 18172
-18181.4 18181.4
-18190.8 18190.8
-18200.1 18200.1
-18209.5 18209.5
-18218.9 18218.9
-18228.2 18228.2
-18237.6 18237.6
-18246.9 18246.9
-18256.2 18256.2
-18265.6 18265.6
-18274.9 18274.9
-18284.2 18284.2
-18293.5 18293.5
-18302.7 18302.7
-18312 18312
-18321.3 18321.3
-18330.5 18330.5
-18339.8 18339.8
-18349 18349
-18358.2 18358.2
-18367.4 18367.4
-18376.6 18376.6
-18385.8 18385.8
-18395 18395
-18404.2 18404.2
-18413.4 18413.4
-18422.5 18422.5
-18431.7 18431.7
-18440.8 18440.8
-18450 18450
-18459.1 18459.1
-18468.2 18468.2
-18477.3 18477.3
-18486.4 18486.4
-18495.5 18495.5
-18504.6 18504.6
-18513.7 18513.7
-18522.7 18522.7
-18531.8 18531.8
-18540.9 18540.9
-18549.9 18549.9
-18558.9 18558.9
-18567.9 18567.9
-18577 18577
-18586 18586
-18595 18595
-18603.9 18603.9
-18612.9 18612.9
-18621.9 18621.9
-18630.9 18630.9
-18639.8 18639.8
-18648.8 18648.8
-18657.7 18657.7
-18666.6 18666.6
-18675.5 18675.5
-18684.5 18684.5
-18693.4 18693.4
-18702.3 18702.3
-18711.1 18711.1
-18720 18720
-18728.9 18728.9
-18737.7 18737.7
-18746.6 18746.6
-18755.4 18755.4
-18764.3 18764.3
-18773.1 18773.1
-18781.9 18781.9
-18790.7 18790.7
-18799.5 18799.5
-18808.3 18808.3
-18817.1 18817.1
-18825.9 18825.9
-18834.7 18834.7
-18843.4 18843.4
-18852.2 18852.2
-18860.9 18860.9
-18869.7 18869.7
-18878.4 18878.4
-18887.1 18887.1
-18895.8 18895.8
-18904.5 18904.5
-18913.2 18913.2
-18921.9 18921.9
-18930.6 18930.6
-18939.3 18939.3
-18948 18948
-18956.6 18956.6
-18965.3 18965.3
-18973.9 18973.9
-18982.5 18982.5
-18991.2 18991.2
-18999.8 18999.8
-19008.4 19008.4
-19017 19017
-19025.6 19025.6
-19034.2 19034.2
-19042.7 19042.7
-19051.3 19051.3
-19059.9 19059.9
-19068.4 19068.4
-19077 19077
-19085.5 19085.5
-19094 19094
-19102.6 19102.6
-19111.1 19111.1
-19119.6 19119.6
-19128.1 19128.1
-19136.6 19136.6
-19145.1 19145.1
-19153.5 19153.5
-19162 19162
-19170.5 19170.5
-19178.9 19178.9
-19187.4 19187.4
-19195.8 19195.8
-19204.2 19204.2
-19212.6 19212.6
-19221.1 19221.1
-19229.5 19229.5
-19237.9 19237.9
-19246.2 19246.2
-19254.6 19254.6
-19263 19263
-19271.4 19271.4
-19279.7 19279.7
-19288.1 19288.1
-19296.4 19296.4
-19304.8 19304.8
-19313.1 19313.1
-19321.4 19321.4
-19329.7 19329.7
-19338 19338
-19346.3 19346.3
-19354.6 19354.6
-19362.9 19362.9
-19371.2 19371.2
-19379.5 19379.5
-19387.7 19387.7
-19396 19396
-19404.2 19404.2
-19412.4 19412.4
-19420.7 19420.7
-19428.9 19428.9
-19437.1 19437.1
-19445.3 19445.3
-19453.5 19453.5
-19461.7 19461.7
-19469.9 19469.9
-19478.1 19478.1
-19486.2 19486.2
-19494.4 19494.4
-19502.6 19502.6
-19510.7 19510.7
-19518.9 19518.9
-19527 19527
-19535.1 19535.1
-19543.2 19543.2
-19551.3 19551.3
-19559.4 19559.4
-19567.5 19567.5
-19575.6 19575.6
-19583.7 19583.7
-19591.8 19591.8
-19599.9 19599.9
-19607.9 19607.9
-19616 19616
-19624 19624
-19632 19632
-19640.1 19640.1
-19648.1 19648.1
-19656.1 19656.1
-19664.1 19664.1
-19672.1 19672.1
-19680.1 19680.1
-19688.1 19688.1
-19696.1 19696.1
-19704 19704
-19712 19712
-19720 19720
-19727.9 19727.9
-19735.8 19735.8
-19743.8 19743.8
-19751.7 19751.7
-19759.6 19759.6
-19767.5 19767.5
-19775.4 19775.4
-19783.3 19783.3
-19791.2 19791.2
-19799.1 19799.1
-19807 19807
-19814.9 19814.9
-19822.7 19822.7
-19830.6 19830.6
-19838.4 19838.4
-19846.3 19846.3
-19854.1 19854.1
-19861.9 19861.9
-19869.7 19869.7
-19877.5 19877.5
-19885.3 19885.3
-19893.1 19893.1
-19900.9 19900.9
-19908.7 19908.7
-19916.5 19916.5
-19924.3 19924.3
-19932 19932
-19939.8 19939.8
-19947.5 19947.5
-19955.3 19955.3
-19963 19963
-19970.7 19970.7
-19978.4 19978.4
-19986.1 19986.1
-19993.8 19993.8
-20001.5 20001.5
-20009.2 20009.2
-20016.9 20016.9
-20024.6 20024.6
-20032.3 20032.3
-20039.9 20039.9
-20047.6 20047.6
-20055.2 20055.2
-20062.9 20062.9
-20070.5 20070.5
-20078.1 20078.1
-20085.7 20085.7
-20093.3 20093.3
-20100.9 20100.9
-20108.5 20108.5
-20116.1 20116.1
-20123.7 20123.7
-20131.3 20131.3
-20138.9 20138.9
-20146.4 20146.4
-20154 20154
-20161.5 20161.5
-20169.1 20169.1
-20176.6 20176.6
-20184.1 20184.1
-20191.6 20191.6
-20199.1 20199.1
-20206.7 20206.7
-20214.1 20214.1
-20221.6 20221.6
-20229.1 20229.1
-20236.6 20236.6
-20244.1 20244.1
-20251.5 20251.5
-20259 20259
-20266.4 20266.4
-20273.9 20273.9
-20281.3 20281.3
-20288.7 20288.7
-20296.2 20296.2
-20303.6 20303.6
-20311 20311
-20318.4 20318.4
-20325.8 20325.8
-20333.2 20333.2
-20340.5 20340.5
-20347.9 20347.9
-20355.3 20355.3
-20362.6 20362.6
-20370 20370
-20377.3 20377.3
-20384.7 20384.7
-20392 20392
-20399.3 20399.3
-20406.7 20406.7
-20414 20414
-20421.3 20421.3
-20428.6 20428.6
-20435.9 20435.9
-20443.1 20443.1
-20450.4 20450.4
-20457.7 20457.7
-20464.9 20464.9
-20472.2 20472.2
-20479.4 20479.4
-20486.7 20486.7
-20493.9 20493.9
-20501.2 20501.2
-20508.4 20508.4
-20515.6 20515.6
-20522.8 20522.8
-20530 20530
-20537.2 20537.2
-20544.4 20544.4
-20551.6 20551.6
-20558.7 20558.7
-20565.9 20565.9
-20573.1 20573.1
-20580.2 20580.2
-20587.4 20587.4
-20594.5 20594.5
-20601.6 20601.6
-20608.8 20608.8
-20615.9 20615.9
-20623 20623
-20630.1 20630.1
-20637.2 20637.2
-20644.3 20644.3
-20651.4 20651.4
-20658.4 20658.4
-20665.5 20665.5
-20672.6 20672.6
-20679.6 20679.6
-20686.7 20686.7
-20693.7 20693.7
-20700.8 20700.8
-20707.8 20707.8
-20714.8 20714.8
-20721.9 20721.9
-20728.9 20728.9
-20735.9 20735.9
-20742.9 20742.9
-20749.9 20749.9
-20756.8 20756.8
-20763.8 20763.8
-20770.8 20770.8
-20777.8 20777.8
-20784.7 20784.7
-20791.7 20791.7
-20798.6 20798.6
-20805.6 20805.6
-20812.5 20812.5
-20819.4 20819.4
-20826.3 20826.3
-20833.2 20833.2
-20840.2 20840.2
-20847.1 20847.1
-20853.9 20853.9
-20860.8 20860.8
-20867.7 20867.7
-20874.6 20874.6
-20881.4 20881.4
-20888.3 20888.3
-20895.2 20895.2
-20902 20902
-20908.8 20908.8
-20915.7 20915.7
-20922.5 20922.5
-20929.3 20929.3
-20936.1 20936.1
-20942.9 20942.9
-20949.7 20949.7
-20956.5 20956.5
-20963.3 20963.3
-20970.1 20970.1
-20976.9 20976.9
-20983.7 20983.7
-20990.4 20990.4
-20997.2 20997.2
-21003.9 21003.9
-21010.7 21010.7
-21017.4 21017.4
-21024.1 21024.1
-21030.9 21030.9
-21037.6 21037.6
-21044.3 21044.3
-21051 21051
-21057.7 21057.7
-21064.4 21064.4
-21071.1 21071.1
-21077.7 21077.7
-21084.4 21084.4
-21091.1 21091.1
-21097.7 21097.7
-21104.4 21104.4
-21111 21111
-21117.7 21117.7
-21124.3 21124.3
-21130.9 21130.9
-21137.5 21137.5
-21144.2 21144.2
-21150.8 21150.8
-21157.4 21157.4
-21164 21164
-21170.6 21170.6
-21177.1 21177.1
-21183.7 21183.7
-21190.3 21190.3
-21196.8 21196.8
-21203.4 21203.4
-21210 21210
-21216.5 21216.5
-21223 21223
-21229.6 21229.6
-21236.1 21236.1
-21242.6 21242.6
-21249.1 21249.1
-21255.6 21255.6
-21262.1 21262.1
-21268.6 21268.6
-21275.1 21275.1
-21281.6 21281.6
-21288.1 21288.1
-21294.6 21294.6
-21301 21301
-21307.5 21307.5
-21313.9 21313.9
-21320.4 21320.4
-21326.8 21326.8
-21333.2 21333.2
-21339.7 21339.7
-21346.1 21346.1
-21352.5 21352.5
-21358.9 21358.9
-21365.3 21365.3
-21371.7 21371.7
-21378.1 21378.1
-21384.5 21384.5
-21390.9 21390.9
-21397.2 21397.2
-21403.6 21403.6
-21410 21410
-21416.3 21416.3
-21422.7 21422.7
-21429 21429
-21435.3 21435.3
-21441.7 21441.7
-21448 21448
-21454.3 21454.3
-21460.6 21460.6
-21466.9 21466.9
-21473.2 21473.2
-21479.5 21479.5
-21485.8 21485.8
-21492.1 21492.1
-21498.4 21498.4
-21504.6 21504.6
-21510.9 21510.9
-21517.2 21517.2
-21523.4 21523.4
-21529.7 21529.7
-21535.9 21535.9
-21542.1 21542.1
-21548.4 21548.4
-21554.6 21554.6
-21560.8 21560.8
-21567 21567
-21573.2 21573.2
-21579.4 21579.4
-21585.6 21585.6
-21591.8 21591.8
-21598 21598
-21604.1 21604.1
-21610.3 21610.3
-21616.5 21616.5
-21622.6 21622.6
-21628.8 21628.8
-21634.9 21634.9
-21641.1 21641.1
-21647.2 21647.2
-21653.3 21653.3
-21659.5 21659.5
-21665.6 21665.6
-21671.7 21671.7
-21677.8 21677.8
-21683.9 21683.9
-21690 21690
-21696.1 21696.1
-21702.2 21702.2
-21708.2 21708.2
-21714.3 21714.3
-21720.4 21720.4
-21726.4 21726.4
-21732.5 21732.5
-21738.5 21738.5
-21744.6 21744.6
-21750.6 21750.6
-21756.7 21756.7
-21762.7 21762.7
-21768.7 21768.7
-21774.7 21774.7
-21780.7 21780.7
-21786.7 21786.7
-21792.7 21792.7
-21798.7 21798.7
-21804.7 21804.7
-21810.7 21810.7
-21816.7 21816.7
-21822.6 21822.6
-21828.6 21828.6
-21834.6 21834.6
-21840.5 21840.5
-21846.5 21846.5
-21852.4 21852.4
-21858.4 21858.4
-21864.3 21864.3
-21870.2 21870.2
-21876.1 21876.1
-21882 21882
-21888 21888
-21893.9 21893.9
-21899.8 21899.8
-21905.7 21905.7
-21911.5 21911.5
-21917.4 21917.4
-21923.3 21923.3
-21929.2 21929.2
-21935 21935
-21940.9 21940.9
-21946.8 21946.8
-21952.6 21952.6
-21958.5 21958.5
-21964.3 21964.3
-21970.1 21970.1
-21976 21976
-21981.8 21981.8
-21987.6 21987.6
-21993.4 21993.4
-21999.2 21999.2
-22005 22005
-22010.8 22010.8
-22016.6 22016.6
-22022.4 22022.4
-22028.2 22028.2
-22034 22034
-22039.7 22039.7
-22045.5 22045.5
-22051.3 22051.3
-22057 22057
-22062.8 22062.8
-22068.5 22068.5
-22074.3 22074.3
-22080 22080
-22085.7 22085.7
-22091.5 22091.5
-22097.2 22097.2
-22102.9 22102.9
-22108.6 22108.6
-22114.3 22114.3
-22120 22120
-22125.7 22125.7
-22131.4 22131.4
-22137.1 22137.1
-22142.8 22142.8
-22148.4 22148.4
-22154.1 22154.1
-22159.8 22159.8
-22165.4 22165.4
-22171.1 22171.1
-22176.7 22176.7
-22182.4 22182.4
-22188 22188
-22193.7 22193.7
-22199.3 22199.3
-22204.9 22204.9
-22210.5 22210.5
-22216.1 22216.1
-22221.8 22221.8
-22227.4 22227.4
-22233 22233
-22238.6 22238.6
-22244.2 22244.2
-22249.7 22249.7
-22255.3 22255.3
-22260.9 22260.9
-22266.5 22266.5
-22272 22272
-22277.6 22277.6
-22283.2 22283.2
-22288.7 22288.7
-22294.3 22294.3
-22299.8 22299.8
-22305.3 22305.3
-22310.9 22310.9
-22316.4 22316.4
-22321.9 22321.9
-22333.1 22333.1
-22345.2 22345.2
-22421.6 22421.6
-22786.5 22786.5
-23151.4 23151.4
-23518.4 23518.4
-23912.2 23912.2
-24308 24308
-24744.6 24744.6
-25181.1 25181.1
-25617.5 25617.5
-26053.7 26053.7
-26489.8 26489.8
-26937.3 26937.3
-27395.3 27395.3
-27856.5 27856.5
-28330.4 28330.4
-28804 28804
-29277.1 29277.1
-29749.8 29749.8
-30222.1 30222.1
-30702.5 30702.5
-31191.2 31191.2
-31679.3 31679.3
-32166.7 32166.7
-32653.2 32653.2
-33138.9 33138.9
-33623.7 33623.7
-34107.4 34107.4
-34590.2 34590.2
-35073.9 35073.9
-35561.2 35561.2
-36047.2 36047.2
-36531.8 36531.8
-37014.9 37014.9
-37496.4 37496.4
-37976.2 37976.2
-38454.2 38454.2
-38930.2 38930.2
-39404.3 39404.3
-39876.3 39876.3
-40346 40346
-40816.2 40816.2
-41288.8 41288.8
-41758.6 41758.6
-42225.5 42225.5
-42689.3 42689.3
-43149.8 43149.8
-43627.1 43627.1
-44110.8 44110.8
-44589.3 44589.3
-45062.2 45062.2
-45529.4 45529.4
-45990.5 45990.5
-46445.3 46445.3
-46893.5 46893.5
-47334.9 47334.9
-47769.1 47769.1
-48195.8 48195.8
-48614.9 48614.9
-49026.1 49026.1
-49429 49429
-49823.5 49823.5
-50209.4 50209.4
-50586.4 50586.4
-50954.3 50954.3
-51313 51313
-51662.4 51662.4
-52002.2 52002.2
-52332.5 52332.5
-52653.2 52653.2
-52964.2 52964.2
-53265.6 53265.6
-53557.3 53557.3
-53839.5 53839.5
-54112.2 54112.2
-54375.6 54375.6
-54629.7 54629.7
-54874.9 54874.9
-55111.2 55111.2
-55338.8 55338.8
-55558.1 55558.1
-55769.2 55769.2
-55972.5 55972.5
-56168.2 56168.2
-56356.5 56356.5
-56537.7 56537.7
-56712.2 56712.2
-56880.3 56880.3
-57042.1 57042.1
-57198 57198
-57348.2 57348.2
-57493 57493
-57632.8 57632.8
-57767.6 57767.6
-57897.8 57897.8
-58023.6 58023.6
-58145.1 58145.1
-58262.8 58262.8
-58376.6 58376.6
-58486.8 58486.8
-58587 58587
-58676.6 58676.6
-58760.7 58760.7
-58841.5 58841.5
-58919.5 58919.5
-58995 58995
-59068.1 59068.1
-59138.9 59138.9
-59204.8 59204.8
-59268.8 59268.8
-59330.8 59330.8
-59390.9 59390.9
-59449.4 59449.4
-59506.2 59506.2
-59561.5 59561.5
-59615.2 59615.2
-59667.6 59667.6
-59718.5 59718.5
-59768.2 59768.2
-59816.7 59816.7
-59864 59864
-59910.1 59910.1
-59955.1 59955.1
-59999.2 59999.2
-60042.1 60042.1
-60084 60084
-60124.9 60124.9
-60165 60165
-60204.1 60204.1
-60242.4 60242.4
-60279.9 60279.9
-60316.7 60316.7
-60352.6 60352.6
-60387.8 60387.8
-60422.2 60422.2
-60455.9 60455.9
-60488.9 60488.9
-60521.3 60521.3
-60552.8 60552.8
-60583.8 60583.8
-60614 60614
-60643.6 60643.6
-60672.5 60672.5
-60700.7 60700.7
-60728.3 60728.3
-60755.2 60755.2
-60781.5 60781.5
-60807.2 60807.2
-60832.2 60832.2
-60856.6 60856.6
-60880.4 60880.4
-60903.5 60903.5
-60926.1 60926.1
-60948.1 60948.1
-60969.6 60969.6
-60990.5 60990.5
-61010.9 61010.9
-61030.9 61030.9
-61050.4 61050.4
-61069.4 61069.4
-61087.9 61087.9
-61106.1 61106.1
-61124 61124
-61141.5 61141.5
-61158.8 61158.8
-61175.8 61175.8
-61192.6 61192.6
-61209.2 61209.2
-61225.6 61225.6
-61241.9 61241.9
-61258 61258
-61274 61274
-61289.8 61289.8
-61305.6 61305.6
-61321.2 61321.2
-61336.8 61336.8
-61352.2 61352.2
-61367.6 61367.6
-61383 61383
-61398.2 61398.2
-61413.4 61413.4
-61428.6 61428.6
-61443.7 61443.7
-61458.7 61458.7
-61473.7 61473.7
-61488.7 61488.7
-61503.6 61503.6
-61518.4 61518.4
-61533.2 61533.2
-61548 61548
-61562.8 61562.8
-61577.5 61577.5
-61592.2 61592.2
-61606.8 61606.8
-61621.4 61621.4
-61636 61636
-61650.5 61650.5
-61665 61665
-61679.5 61679.5
-61694 61694
-61708.4 61708.4
-61722.8 61722.8
-61737.2 61737.2
-61751.5 61751.5
-61765.8 61765.8
-61780.1 61780.1
-61794.3 61794.3
-61808.6 61808.6
-61819.9 61819.9
-61830.5 61830.5
-61841 61841
-61851.6 61851.6
-61862.1 61862.1
-61872.6 61872.6
-61883.1 61883.1
-61893.6 61893.6
-61904.1 61904.1
-61914.6 61914.6
-61925 61925
-61935.5 61935.5
-61945.9 61945.9
-61956.3 61956.3
-61966.8 61966.8
-61977.2 61977.2
-61987.6 61987.6
-61997.9 61997.9
-62008.3 62008.3
-62018.7 62018.7
-62029 62029
-62039.4 62039.4
-62049.7 62049.7
-62060 62060
-62070.3 62070.3
-62080.6 62080.6
-62090.9 62090.9
-62101.2 62101.2
-62111.5 62111.5
-62121.8 62121.8
-62132 62132
-62142.3 62142.3
-62152.5 62152.5
-62162.7 62162.7
-62172.9 62172.9
-62183.1 62183.1
-62193.3 62193.3
-62203.5 62203.5
-62213.7 62213.7
-62223.9 62223.9
-61515.5 61515.5
-60807.2 60807.2
-60099 60099
-59391 59391
-58683.3 58683.3
-57981 57981
-57283.3 57283.3
-56586 56586
-55888.9 55888.9
-55192.2 55192.2
-54495.8 54495.8
-53799.9 53799.9
-53104.3 53104.3
-52409.2 52409.2
-51714.6 51714.6
-51020.6 51020.6
-50327 50327
-49634 49634
-48950.2 48950.2
-48268.5 48268.5
-47587.5 47587.5
-46907.5 46907.5
-46236.3 46236.3
-45565.9 45565.9
-44896.3 44896.3
-44231.5 44231.5
-43571.6 43571.6
-42912.6 42912.6
-42254.5 42254.5
-41597.4 41597.4
-40941.2 40941.2
-40286.1 40286.1
-39632 39632
-38979 38979
-38327.1 38327.1
-37676.4 37676.4
-37026.8 37026.8
-36378.4 36378.4
-35731.3 35731.3
-35085.5 35085.5
-34441 34441
-33797.9 33797.9
-33156.1 33156.1
-32515.8 32515.8
-31883.3 31883.3
-31258.2 31258.2
-30641.5 30641.5
-30026.2 30026.2
-29412.4 29412.4
-28803.7 28803.7
-28219.5 28219.5
-27636.7 27636.7
-27055.3 27055.3
-26475.4 26475.4
-25896.9 25896.9
-25319.9 25319.9
-24744.5 24744.5
-24170.6 24170.6
-23598.4 23598.4
-23044.4 23044.4
-22502.9 22502.9
-21963.1 21963.1
-21425.1 21425.1
-20902 20902
-20383.6 20383.6
-19866.9 19866.9
-19362.3 19362.3
-18870 18870
-18379.2 18379.2
-17890 17890
-17402.4 17402.4
-16916.5 16916.5
-16434.9 16434.9
-16012.8 16012.8
-15592 15592
-15172.4 15172.4
-14754.1 14754.1
-14337.1 14337.1
-13958.7 13958.7
-13660.9 13660.9
-13364.2 13364.2
-13068.7 13068.7
-12774.3 12774.3
-12481.1 12481.1
-12189.1 12189.1
-11898.2 11898.2
-11608.6 11608.6
-11320.3 11320.3
-11033.2 11033.2
-10747.3 10747.3
-10462.8 10462.8
-10179.5 10179.5
-9897.56 9897.56
-9616.92 9616.92
-9337.6 9337.6
-9059.57 9059.57
-8782.87 8782.87
-8507.53 8507.53
-8233.56 8233.56
-7960.99 7960.99
-7689.81 7689.81
-7420.05 7420.05
-7151.69 7151.69
-6884.77 6884.77
-6619.28 6619.28
-6355.24 6355.24
-6093.6 6093.6
-5834.98 5834.98
-5577.81 5577.81
-5322.11 5322.11
-5067.88 5067.88
-4815.11 4815.11
-4563.83 4563.83
-4314.78 4314.78
-4067.79 4067.79
-3822.27 3822.27
-3579.53 3579.53
-3344.12 3344.12
-3110.18 3110.18
-2877.92 2877.92
-2647.67 2647.67
-2419.69 2419.69
-2193.89 2193.89
-1969.53 1969.53
-1747.61 1747.61
-1527.93 1527.93
-1309.7 1309.7
-1093.77 1093.77
-879.922 879.922
-667.883 667.883
-457.428 457.428
-250.873 250.873
-53.2398 53.2398
131.467 -131.467
317.911 -317.911
504.625 -504.625
691.617 -691.617
878.49 -878.49
1065.73 -1065.73
1251.77 -1251.77
1436.61 -1436.61
1620.24 -1620.24
1802.68 -1802.68
1983.91 -1983.91
2163.96 -2163.96
2342.8 -2342.8
2520.46 -2520.46
2696.92 -2696.92
2872.2 -2872.2
3046.29 -3046.29
3219.2 -3219.2
3390.93 -3390.93
3561.48 -3561.48
3730.86 -3730.86
3899.07 -3899.07
4061.91 -4061.91
4220.93 -4220.93
4378.71 -4378.71
4535.25 -4535.25
4690.55 -4690.55
4844.63 -4844.63
4997.47 -4997.47
5149.09 -5149.09
5299.49 -5299.49
5448.67 -5448.67
5596.64 -5596.64
5743.4 -5743.4
5888.96 -5888.96
6033.32 -6033.32
6176.48 -6176.48
6318.46 -6318.46
6459.24 -6459.24
6598.85 -6598.85
6737.29 -6737.29
6874.55 -6874.55
7010.64 -7010.64
7145.58 -7145.58
7279.36 -7279.36
7411.99 -7411.99
7543.48 -7543.48
7673.83 -7673.83
7803.05 -7803.05
7931.14 -7931.14
8058.11 -8058.11
8183.96 -8183.96
8308.71 -8308.71
8432.35 -8432.35
8554.89 -8554.89
8676.34 -8676.34
8796.71 -8796.71
8915.99 -8915.99
9034.2 -9034.2
9151.35 -9151.35
9267.43 -9267.43
9382.46 -9382.46
9496.45 -9496.45
9609.39 -9609.39
9721.3 -9721.3
9832.17 -9832.17
9942.03 -9942.03
10050.9 -10050.9
10158.7 -10158.7
10265.5 -10265.5
10371.4 -10371.4
10476.2 -10476.2
10580.1 -10580.1
10683 -10683
10784.9 -10784.9
10885.9 -10885.9
10985.9 -10985.9
11084.9 -11084.9
11183 -11183
11280.2 -11280.2
11376.5 -11376.5
11471.8 -11471.8
11566.2 -11566.2
11659.7 -11659.7
11752.3 -11752.3
11844.1 -11844.1
11934.9 -11934.9
12024.8 -12024.8
12113.9 -12113.9
12202.1 -12202.1
12289.5 -12289.5
12376 -12376
12461.6 -12461.6
12546.5 -12546.5
12630.5 -12630.5
12713.6 -12713.6
12796 -12796
12877.5 -12877.5
12958.2 -12958.2
13038.2 -13038.2
13117.3 -13117.3
13195.7 -13195.7
13273.2 -13273.2
13350 -13350
13426.1 -13426.1
13501.4 -13501.4
13575.9 -13575.9
13649.7 -13649.7
13722.8 -13722.8
13795.1 -13795.1
13866.7 -13866.7
13937.6 -13937.6
14007.7 -14007.7
14077.2 -14077.2
14146 -14146
14214 -14214
14281.4 -14281.4
14348.1 -14348.1
14414.2 -14414.2
14479.5 -14479.5
14544.2 -14544.2
14608.3 -14608.3
14671.7 -14671.7
14734.5 -14734.5
14796.6 -14796.6
14858.1 -14858.1
14919 -14919
14979.3 -14979.3
15038.9 -15038.9
15097.9 -15097.9
15156.4 -15156.4
15214.2 -15214.2
15271.5 -15271.5
15328.2 -15328.2
15384.3 -15384.3
15439.8 -15439.8
15494.8 -15494.8
15549.2 -15549.2
15603.1 -15603.1
15656.4 -15656.4
15709.2 -15709.2
15761.4 -15761.4
15813.1 -15813.1
15864.3 -15864.3
15915 -15915
15965.1 -15965.1
16014.8 -16014.8
16063.9 -16063.9
16112.6 -16112.6
16160.7 -16160.7
16208.4 -16208.4
16255.6 -16255.6
16302.3 -16302.3
16348.5 -16348.5
16394.3 -16394.3
16439.6 -16439.6
16484.4 -16484.4
16528.8 -16528.8
16572.8 -16572.8
16616.3 -16616.3
16659.4 -16659.4
16702 -16702
16744.2 -16744.2
16786 -16786
16827.4 -16827.4
16868.4 -16868.4
16909 -16909
16949.1 -16949.1
16988.9 -16988.9
17028.2 -17028.2
17067.2 -17067.2
17105.8 -17105.8
17144 -17144
17181.8 -17181.8
17219.3 -17219.3
17256.4 -17256.4
17293.1 -17293.1
17329.5 -17329.5
17365.5 -17365.5
17401.2 -17401.2
17436.5 -17436.5
17471.5 -17471.5
17506.2 -17506.2
17540.5 -17540.5
17574.5 -17574.5
17608.1 -17608.1
17641.4 -17641.4
17674.5 -17674.5
17707.2 -17707.2
17739.6 -17739.6
17771.6 -17771.6
17803.4 -17803.4
17834.9 -17834.9
17866.1 -17866.1
17897 -17897
17927.6 -17927.6
17957.9 -17957.9
17988 -17988
18017.7 -18017.7
18047.2 -18047.2
18076.5 -18076.5
18105.4 -18105.4
18134.1 -18134.1
18162.6 -18162.6
18190.7 -18190.7
18218.7 -18218.7
18246.3 -18246.3
18273.8 -18273.8
18300.9 -18300.9
18327.9 -18327.9
18354.6 -18354.6
18381.1 -18381.1
18407.3 -18407.3
18433.3 -18433.3
18459.1 -18459.1
18484.6 -18484.6
18510 -18510
18535.1 -18535.1
18560 -18560
18584.7 -18584.7
18609.2 -18609.2
18633.5 -18633.5
18657.6 -18657.6
18681.4 -18681.4
18705.1 -18705.1
18728.6 -18728.6
18751.9 -18751.9
18775 -18775
18797.9 -18797.9
18820.6 -18820.6
18843.2 -18843.2
18865.6 -18865.6
18887.8 -18887.8
18909.8 -18909.8
18931.6 -18931.6
18953.3 -18953.3
18974.8 -18974.8
18996.1 -18996.1
19017.3 -19017.3
19038.3 -19038.3
19059.1 -19059.1
19079.8 -19079.8
19100.4 -19100.4
19120.7 -19120.7
19141 -19141
19161 -19161
19181 -19181
19200.8 -19200.8
19220.4 -19220.4
19239.9 -19239.9
19259.3 -19259.3
19278.5 -19278.5
19297.6 -19297.6
19316.5 -19316.5
19335.3 -19335.3
19354 -19354
19372.6 -19372.6
19391 -19391
19409.3 -19409.3
19427.5 -19427.5
19445.6 -19445.6
19463.5 -19463.5
19481.3 -19481.3
19499 -19499
19516.6 -19516.6
19534.1 -19534.1
19551.4 -19551.4
19568.7 -19568.7
19585.8 -19585.8
19602.8 -19602.8
19619.8 -19619.8
19636.6 -19636.6
19653.3 -19653.3
19669.9 -19669.9
19686.4 -19686.4
19702.8 -19702.8
19719.1 -19719.1
19735.3 -19735.3
19751.5 -19751.5
19767.5 -19767.5
19783.4 -19783.4
19799.2 -19799.2
19815 -19815
19830.6 -19830.6
19846.2 -19846.2
19861.7 -19861.7
19877.1 -19877.1
19892.4 -19892.4
19907.6 -19907.6
19922.7 -19922.7
19937.8 -19937.8
19952.8 -19952.8
19967.7 -19967.7
19982.5 -19982.5
19997.2 -19997.2
20011.9 -20011.9
20026.4 -20026.4
20040.9 -20040.9
20055.4 -20055.4
20069.7 -20069.7
20084 -20084
20098.2 -20098.2
20112.4 -20112.4
20126.4 -20126.4
20140.4 -20140.4
20154.4 -20154.4
20168.2 -20168.2
20182 -20182
20195.8 -20195.8
20209.4 -20209.4
20223 -20223
20236.6 -20236.6
20250.1 -20250.1
20263.5 -20263.5
20276.8 -20276.8
20290.1 -20290.1
20303.4 -20303.4
20316.5 -20316.5
20329.6 -20329.6
20342.7 -20342.7
20355.7 -20355.7
20368.6 -20368.6
20381.5 -20381.5
20394.4 -20394.4
20407.1 -20407.1
20419.9 -20419.9
20432.5 -20432.5
20445.1 -20445.1
20457.7 -20457.7
20470.2 -20470.2
20482.7 -20482.7
20495.1 -20495.1
20507.5 -20507.5
20519.8 -20519.8
20532 -20532
20544.2 -20544.2
20556.4 -20556.4
20568.5 -20568.5
20580.6 -20580.6
20592.6 -20592.6
20604.6 -20604.6
20616.5 -20616.5
20628.4 -20628.4
20640.3 -20640.3
20652.1 -20652.1
20663.8 -20663.8
20675.6 -20675.6
20687.2 -20687.2
20698.9 -20698.9
20710.5 -20710.5
20722 -20722
20733.5 -20733.5
20745 -20745
20756.4 -20756.4
20767.8 -20767.8
20779.1 -20779.1
20790.4 -20790.4
20801.7 -20801.7
20812.9 -20812.9
20824.1 -20824.1
20835.3 -20835.3
20846.4 -20846.4
20857.5 -20857.5
20868.6 -20868.6
20879.6 -20879.6
20890.5 -20890.5
20901.5 -20901.5
20912.4 -20912.4
20923.3 -20923.3
20934.1 -20934.1
20944.9 -20944.9
20955.7 -20955.7
20966.4 -20966.4
20977.1 -20977.1
20987.8 -20987.8
20998.4 -20998.4
21009 -21009
21019.6 -21019.6
21030.1 -21030.1
21040.7 -21040.7
21051.1 -21051.1
21061.6 -21061.6
21072 -21072
21082.4 -21082.4
21092.8 -21092.8
21103.1 -21103.1
21113.4 -21113.4
21123.7 -21123.7
21133.9 -21133.9
21144.1 -21144.1
21154.3 -21154.3
21164.5 -21164.5
21174.6 -21174.6
21184.7 -21184.7
21194.8 -21194.8
21204.8 -21204.8
21214.8 -21214.8
21224.8 -21224.8
21234.8 -21234.8
21244.7 -21244.7
21254.6 -21254.6
21264.5 -21264.5
21274.4 -21274.4
21284.2 -21284.2
21294.1 -21294.1
21303.8 -21303.8
21313.6 -21313.6
21323.3 -21323.3
21333.1 -21333.1
21342.7 -21342.7
21352.4 -21352.4
21362 -21362
21371.7 -21371.7
21381.3 -21381.3
21390.8 -21390.8
21400.4 -21400.4
21409.9 -21409.9
21419.4 -21419.4
21428.9 -21428.9
21438.3 -21438.3
21447.8 -21447.8
21457.2 -21457.2
21466.6 -21466.6
21475.9 -21475.9
21485.3 -21485.3
21494.6 -21494.6
21503.9 -21503.9
21513.2 -21513.2
21522.4 -21522.4
21531.7 -21531.7
21540.9 -21540.9
21550.1 -21550.1
21559.3 -21559.3
21568.4 -21568.4
21577.6 -21577.6
21586.7 -21586.7
21595.8 -21595.8
21604.8 -21604.8
21613.9 -21613.9
21622.9 -21622.9
21631.9 -21631.9
21640.9 -21640.9
21649.9 -21649.9
21658.9 -21658.9
21667.8 -21667.8
21676.7 -21676.7
21685.6 -21685.6
21694.5 -21694.5
21703.4 -21703.4
21712.2 -21712.2
21721 -21721
21729.9 -21729.9
21738.6 -21738.6
21747.4 -21747.4
21756.2 -21756.2
21764.9 -21764.9
21773.6 -21773.6
21782.3 -21782.3
21791 -21791
21799.7 -21799.7
21808.3 -21808.3
21817 -21817
21825.6 -21825.6
21834.2 -21834.2
21842.7 -21842.7
21851.3 -21851.3
21859.9 -21859.9
21868.4 -21868.4
21876.9 -21876.9
21885.4 -21885.4
21893.9 -21893.9
21902.3 -21902.3
21910.8 -21910.8
21919.2 -21919.2
21927.6 -21927.6
21936 -21936
21944.4 -21944.4
21952.8 -21952.8
21961.1 -21961.1
21969.5 -21969.5
21977.8 -21977.8
21986.1 -21986.1
21994.4 -21994.4
22002.7 -22002.7
22010.9 -22010.9
22019.2 -22019.2
22027.4 -22027.4
22035.6 -22035.6
22043.8 -22043.8
22052 -22052
22060.2 -22060.2
22068.3 -22068.3
22076.5 -22076.5
22084.6 -22084.6
22092.7 -22092.7
22100.8 -22100.8
22108.9 -22108.9
22116.9 -22116.9
22125 -22125
22133 -22133
22141.1 -22141.1
22149.1 -22149.1
22157.1 -22157.1
22165 -22165
22173 -22173
22181 -22181
22188.9 -22188.9
22196.8 -22196.8
22204.8 -22204.8
22212.7 -22212.7
22220.5 -22220.5
22228.4 -22228.4
22236.3 -22236.3
22244.1 -22244.1
22252 -22252
22259.8 -22259.8
22267.6 -22267.6
22275.4 -22275.4
22283.2 -22283.2
22290.9 -22290.9
22298.7 -22298.7
22306.4 -22306.4
22314.1 -22314.1
22321.9 -22321.9
22329.6 -22329.6
22337.2 -22337.2
22344.9 -22344.9
22352.6 -22352.6
22360.2 -22360.2
22367.9 -22367.9
22375.5 -22375.5
22383.1 -22383.1
22390.7 -22390.7
22398.3 -22398.3
22405.9 -22405.9
22413.5 -22413.5
22421 -22421
22428.5 -22428.5
22436.1 -22436.1
22443.6 -22443.6
22451.1 -22451.1
22458.6 -22458.6
22466.1 -22466.1
22473.5 -22473.5
22481 -22481
22488.4 -22488.4
22495.9 -22495.9
22503.3 -22503.3
22510.7 -22510.7
22518.1 -22518.1
22525.5 -22525.5
22532.9 -22532.9
22540.2 -22540.2
22547.6 -22547.6
22554.9 -22554.9
22562.2 -22562.2
22569.5 -22569.5
22576.9 -22576.9
22584.1 -22584.1
22591.4 -22591.4
22598.7 -22598.7
22606 -22606
22613.2 -22613.2
22620.4 -22620.4
22627.7 -22627.7
22634.9 -22634.9
22642.1 -22642.1
22649.3 -22649.3
22656.5 -22656.5
22663.6 -22663.6
22670.8 -22670.8
22677.9 -22677.9
22685.1 -22685.1
22692.2 -22692.2
22699.3 -22699.3
22706.4 -22706.4
22713.5 -22713.5
22720.6 -22720.6
22727.7 -22727.7
22734.7 -22734.7
22741.8 -22741.8
22748.8 -22748.8
22755.9 -22755.9
22762.9 -22762.9
22769.9 -22769.9
22776.9 -22776.9
22783.9 -22783.9
22790.9 -22790.9
22797.8 -22797.8
22804.8 -22804.8
22811.7 -22811.7
22818.7 -22818.7
22825.6 -22825.6
22832.5 -22832.5
22839.4 -22839.4
22846.3 -22846.3
22853.2 -22853.2
22860.1 -22860.1
22866.9 -22866.9
22873.8 -22873.8
22880.6 -22880.6
22887.5 -22887.5
22894.3 -22894.3
22901.1 -22901.1
22907.9 -22907.9
22914.7 -22914.7
22921.5 -22921.5
22928.3 -22928.3
22935 -22935
22941.8 -22941.8
22948.5 -22948.5
22955.3 -22955.3
22962 -22962
22968.7 -22968.7
22975.4 -22975.4
22982.1 -22982.1
22988.8 -22988.8
22995.5 -22995.5
23002.1 -23002.1
23008.8 -23008.8
23015.5 -23015.5
23022.1 -23022.1
23028.7 -23028.7
23035.3 -23035.3
23041.9 -23041.9
23048.5 -23048.5
23055.1 -23055.1
23061.7 -23061.7
23068.3 -23068.3
23074.9 -23074.9
23081.4 -23081.4
23088 -23088
23094.5 -23094.5
23101 -23101
23107.5 -23107.5
23114 -23114
23120.5 -23120.5
23127 -23127
23133.5 -23133.5
23140 -23140
23146.4 -23146.4
23152.9 -23152.9
23159.3 -23159.3
23165.8 -23165.8
23172.2 -23172.2
23178.6 -23178.6
23185 -23185
23191.4 -23191.4
23197.8 -23197.8
23204.2 -23204.2
23210.5 -23210.5
23216.9 -23216.9
23223.3 -23223.3
23229.6 -23229.6
23235.9 -23235.9
23242.3 -23242.3
23248.6 -23248.6
23254.9 -23254.9
23261.2 -23261.2
23267.5 -23267.5
23273.7 -23273.7
23280 -23280
23286.3 -23286.3
23292.5 -23292.5
23298.8 -23298.8
23305 -23305
23311.3 -23311.3
23317.5 -23317.5
23323.7 -23323.7
23329.9 -23329.9
23336.1 -23336.1
23342.3 -23342.3
23348.4 -23348.4
23354.6 -23354.6
23360.8 -23360.8
23366.9 -23366.9
23373.1 -23373.1
23379.2 -23379.2
23385.3 -23385.3
23391.5 -23391.5
23397.6 -23397.6
23403.7 -23403.7
23409.8 -23409.8
23415.8 -23415.8
23421.9 -23421.9
23428 -23428
23434 -23434
23440.1 -23440.1
23446.1 -23446.1
23452.2 -23452.2
23458.2 -23458.2
23464.2 -23464.2
23470.2 -23470.2
23476.2 -23476.2
23482.2 -23482.2
23488.2 -23488.2
23494.2 -23494.2
23500.1 -23500.1
23506.1 -23506.1
23512.1 -23512.1
23518 -23518
23523.9 -23523.9
23529.9 -23529.9
23535.8 -23535.8
23541.7 -23541.7
23547.6 -23547.6
23553.5 -23553.5
23559.4 -23559.4
23565.3 -23565.3
23571.1 -23571.1
23577 -23577
23582.9 -23582.9
23588.7 -23588.7
23594.6 -23594.6
23600.4 -23600.4
23606.2 -23606.2
23612 -23612
23617.8 -23617.8
23623.6 -23623.6
23629.4 -23629.4
23635.2 -23635.2
23641 -23641
23646.8 -23646.8
23652.5 -23652.5
23658.3 -23658.3
23664 -23664
23669.8 -23669.8
23675.5 -23675.5
23681.2 -23681.2
23686.9 -23686.9
23692.7 -23692.7
23698.4 -23698.4
23704 -23704
23709.7 -23709.7
23715.4 -23715.4
23721.1 -23721.1
23726.7 -23726.7
23732.4 -23732.4
23738.1 -23738.1
23743.7 -23743.7
23749.3 -23749.3
23755 -23755
23760.6 -23760.6
23766.2 -23766.2
23771.8 -23771.8
23777.4 -23777.4
23783 -23783
23788.5 -23788.5
23794.1 -23794.1
23799.7 -23799.7
23805.2 -23805.2
23810.8 -23810.8
23816.3 -23816.3
23821.9 -23821.9
23827.4 -23827.4
23832.9 -23832.9
23838.5 -23838.5
23844 -23844
23849.5 -23849.5
23855 -23855
23860.4 -23860.4
23865.9 -23865.9
23871.4 -23871.4
23876.9 -23876.9
23882.3 -23882.3
23887.8 -23887.8
23893.2 -23893.2
23898.7 -23898.7
23904.1 -23904.1
23909.5 -23909.5
23914.9 -23914.9
23920.3 -23920.3
23925.7 -23925.7
23931.1 -23931.1
23936.5 -23936.5
23941.9 -23941.9
23947.3 -23947.3
23952.6 -23952.6
23958 -23958
23963.3 -23963.3
23968.7 -23968.7
23974 -23974
23979.4 -23979.4
23984.7 -23984.7
23990 -23990
23995.3 -23995.3
24000.6 -24000.6
24005.9 -24005.9
24011.2 -24011.2
24016.5 -24016.5
24021.8 -24021.8
24027 -24027
24032.3 -24032.3
24037.6 -24037.6
24042.8 -24042.8
24048.1 -24048.1
24053.3 -24053.3
24058.5 -24058.5
24063.8 -24063.8
24069 -24069
24074.2 -24074.2
24079.4 -24079.4
24084.6 -24084.6
24089.8 -24089.8
24095 -24095
24100.1 -24100.1
24105.3 -24105.3
24110.5 -24110.5
24115.6 -24115.6
24120.8 -24120.8
24125.9 -24125.9
24131.1 -24131.1
24136.2 -24136.2
24141.3 -24141.3
24146.4 -24146.4
24151.5 -24151.5
24156.7 -24156.7
24161.8 -24161.8
24166.8 -24166.8
24171.9 -24171.9
24177 -24177
24182.1 -24182.1
24187.2 -24187.2
24192.2 -24192.2
24197.3 -24197.3
24202.3 -24202.3
24207.4 -24207.4
24212.4 -24212.4
24217.4 -24217.4
24222.5 -24222.5
24227.5 -24227.5
24232.5 -24232.5
24237.5 -24237.5
24242.5 -24242.5
24247.5 -24247.5
24252.5 -24252.5
24257.4 -24257.4
24262.4 -24262.4
24267.4 -24267.4
24272.4 -24272.4
24277.3 -24277.3
24282.3 -24282.3
24287.2 -24287.2
24292.1 -24292.1
24297.1 -24297.1
24302 -24302
24306.9 -24306.9
24311.8 -24311.8
24316.7 -24316.7
24321.6 -24321.6
24326.5 -24326.5
24331.4 -24331.4
24336.3 -24336.3
24341.2 -24341.2
24346.1 -24346.1
24350.9 -24350.9
24355.8 -24355.8
24360.6 -24360.6
24365.5 -24365.5
24370.3 -24370.3
24375.2 -24375.2
24380 -24380
24384.8 -24384.8
24389.6 -24389.6
24394.4 -24394.4
24399.3 -24399.3
24404.1 -24404.1
24408.9 -24408.9
24413.6 -24413.6
24418.4 -24418.4
24423.2 -24423.2
24428 -24428
24432.7 -24432.7
24437.5 -24437.5
24442.3 -24442.3
24447 -24447
24451.8 -24451.8
24456.5 -24456.5
24461.2 -24461.2
24466 -24466
24470.7 -24470.7
24475.4 -24475.4
24480.1 -24480.1
24484.8 -24484.8
24489.5 -24489.5
24494.2 -24494.2
24498.9 -24498.9
24503.6 -24503.6
24508.3 -24508.3
24512.9 -24512.9
24517.6 -24517.6
24522.3 -24522.3
24526.9 -24526.9
24531.6 -24531.6
24536.2 -24536.2
24540.8 -24540.8
24545.5 -24545.5
24550.1 -24550.1
24554.7 -24554.7
24559.3 -24559.3
24564 -24564
24568.6 -24568.6
24573.2 -24573.2
24577.8 -24577.8
24582.4 -24582.4
24586.9 -24586.9
24591.5 -24591.5
24596.1 -24596.1
24600.7 -24600.7
24605.2 -24605.2
24609.8 -24609.8
24614.3 -24614.3
24618.9 -24618.9
24623.4 -24623.4
24628 -24628
24632.5 -24632.5
24637 -24637
24641.6 -24641.6
24646.1 -24646.1
24650.6 -24650.6
24655.1 -24655.1
24659.6 -24659.6
24664.1 -24664.1
24668.6 -24668.6
24673.1 -24673.1
24677.6 -24677.6
24682 -24682
24686.5 -24686.5
24691 -24691
24695.4 -24695.4
24699.9 -24699.9
24704.3 -24704.3
24708.8 -24708.8
24713.2 -24713.2
24717.7 -24717.7
24722.1 -24722.1
24726.5 -24726.5
24731 -24731
24735.4 -24735.4
24739.8 -24739.8
24744.2 -24744.2
24748.6 -24748.6
24753 -24753
24757.4 -24757.4
24761.8 -24761.8
24766.2 -24766.2
24770.5 -24770.5
24774.9 -24774.9
24779.3 -24779.3
24783.6 -24783.6
24788 -24788
24792.3 -24792.3
24796.7 -24796.7
24801 -24801
24805.4 -24805.4
24809.7 -24809.7
24814 -24814
24818.4 -24818.4
24822.7 -24822.7
24827 -24827
24832.5 -24832.5
24839.3 -24839.3
24846.1 -24846.1
24852.9 -24852.9
24859.7 -24859.7
24866.5 -24866.5
24873.3 -24873.3
24880.1 -24880.1
24886.9 -24886.9
24893.7 -24893.7
24900.5 -24900.5
24907.3 -24907.3
24914.1 -24914.1
24920.9 -24920.9
24927.7 -24927.7
24934.4 -24934.4
24941.2 -24941.2
24948 -24948
24954.8 -24954.8
24961.6 -24961.6
24968.3 -24968.3
24975.1 -24975.1
24981.9 -24981.9
24988.6 -24988.6
24995.4 -24995.4
25002.2 -25002.2
25008.9 -25008.9
25015.7 -25015.7
25022.5 -25022.5
25029.2 -25029.2
25036 -25036
25042.7 -25042.7
25049.5 -25049.5
25056.2 -25056.2
25063 -25063
25069.7 -25069.7
25076.5 -25076.5
25083.2 -25083.2
25090 -25090
25096.7 -25096.7
25103.5 -25103.5
25110.2 -25110.2
25116.9 -25116.9
25123.7 -25123.7
25130.4 -25130.4
25137.1 -25137.1
25143.9 -25143.9
25150.6 -25150.6
25157.3 -25157.3
25164 -25164
25170.8 -25170.8
25177.5 -25177.5
25184.2 -25184.2
25190.9 -25190.9
25197.6 -25197.6
25204.4 -25204.4
25211.1 -25211.1
25217.8 -25217.8
25224.5 -25224.5
25231.2 -25231.2
25237.9 -25237.9
25244.6 -25244.6
25251.3 -25251.3
25258 -25258
25264.7 -25264.7
25271.4 -25271.4
25278.1 -25278.1
25284.8 -25284.8
25291.5 -25291.5
25298.2 -25298.2
25304.9 -25304.9
25311.6 -25311.6
25318.3 -25318.3
25324.9 -25324.9
25331.6 -25331.6
25338.3 -25338.3
25345 -25345
25351.7 -25351.7
25358.4 -25358.4
25365 -25365
25371.7 -25371.7
25378.4 -25378.4
25385 -25385
25391.7 -25391.7
25398.4 -25398.4
25405.1 -25405.1
25411.7 -25411.7
25418.4 -25418.4
25425.1 -25425.1
25431.7 -25431.7
25438.4 -25438.4
25445 -25445
25451.7 -25451.7
25458.3 -25458.3
25465 -25465
25471.6 -25471.6
25478.3 -25478.3
25484.9 -25484.9
25491.6 -25491.6
25498.2 -25498.2
25504.9 -25504.9
25511.5 -25511.5
25518.2 -25518.2
25524.8 -25524.8
25531.5 -25531.5
25538.1 -25538.1
25544.7 -25544.7
25551.4 -25551.4
25558 -25558
25564.6 -25564.6
25571.3 -25571.3
25577.9 -25577.9
25584.5 -25584.5
25591.1 -25591.1
25597.8 -25597.8
25604.4 -25604.4
25611 -25611
25617.6 -25617.6
25624.3 -25624.3
25630.9 -25630.9
25637.5 -25637.5
25644.1 -25644.1
25650.7 -25650.7
25657.3 -25657.3
25664 -25664
25670.6 -25670.6
25677.2 -25677.2
25683.8 -25683.8
25690.4 -25690.4
25697 -25697
25703.6 -25703.6
25710.2 -25710.2
25716.8 -25716.8
25723.4 -25723.4
25730 -25730
25736.6 -25736.6
25743.2 -25743.2
25749.8 -25749.8
25756.4 -25756.4
25763 -25763
25769.6 -25769.6
25776.2 -25776.2
25782.7 -25782.7
25789.3 -25789.3
25795.9 -25795.9
25802.5 -25802.5
25809.1 -25809.1
25815.7 -25815.7
25822.2 -25822.2
25828.8 -25828.8
25835.4 -25835.4
25842 -25842
25848.6 -25848.6
25855.1 -25855.1
25861.7 -25861.7
25868.3 -25868.3
25874.8 -25874.8
25881.4 -25881.4
25888 -25888
25894.5 -25894.5
25901.1 -25901.1
25907.7 -25907.7
25914.2 -25914.2
25920.8 -25920.8
25927.4 -25927.4
25933.9 -25933.9
25940.5 -25940.5
25947 -25947
25953.6 -25953.6
25960.1 -25960.1
25966.7 -25966.7
25973.3 -25973.3
25979.8 -25979.8
25986.4 -25986.4
25992.9 -25992.9
25999.4 -25999.4
26006 -26006
26012.5 -26012.5
26019.1 -26019.1
26025.6 -26025.6
26032.2 -26032.2
26038.7 -26038.7
26045.2 -26045.2
26051.8 -26051.8
26058.3 -26058.3
26064.9 -26064.9
26071.4 -26071.4
26077.9 -26077.9
26084.5 -26084.5
26091 -26091
26097.5 -26097.5
26104.1 -26104.1
26110.6 -26110.6
26117.1 -26117.1
26123.6 -26123.6
26130.2 -26130.2
26136.7 -26136.7
26143.2 -26143.2
26149.7 -26149.7
26156.2 -26156.2
26162.8 -26162.8
26169.3 -26169.3
26175.8 -26175.8
26182.3 -26182.3
26188.8 -26188.8
26195.3 -26195.3
26201.9 -26201.9
26208.4 -26208.4
26214.9 -26214.9
26221.4 -26221.4
26227.9 -26227.9
26234.4 -26234.4
26240.9 -26240.9
26247.4 -26247.4
26253.9 -26253.9
26260.4 -26260.4
26266.9 -26266.9
26273.4 -26273.4
26279.9 -26279.9
26286.4 -26286.4
26292.9 -26292.9
26299.4 -26299.4
26305.9 -26305.9
26312.4 -26312.4
26318.9 -26318.9
26325.4 -26325.4
26331.9 -26331.9
26338.4 -26338.4
26344.9 -26344.9
26351.4 -26351.4
26357.8 -26357.8
26364.3 -26364.3
26370.8 -26370.8
26377.3 -26377.3
26383.8 -26383.8
26390.3 -26390.3
26396.7 -26396.7
26403.2 -26403.2
26409.7 -26409.7
26416.2 -26416.2
26422.7 -26422.7
26429.1 -26429.1
26435.6 -26435.6
26442.1 -26442.1
26448.6 -26448.6
26455 -26455
26461.5 -26461.5
26468 -26468
26474.4 -26474.4
26480.9 -26480.9
26487.4 -26487.4
26493.9 -26493.9
26500.3 -26500.3
26506.8 -26506.8
26513.2 -26513.2
26519.7 -26519.7
26526.2 -26526.2
26532.6 -26532.6
26539.1 -26539.1
26545.6 -26545.6
26552 -26552
26558.5 -26558.5
26564.9 -26564.9
26571.4 -26571.4
26577.8 -26577.8
26584.3 -26584.3
26590.7 -26590.7
26597.2 -26597.2
26603.6 -26603.6
26610.1 -26610.1
26616.5 -26616.5
26623 -26623
26629.4 -26629.4
26635.9 -26635.9
26642.3 -26642.3
26648.8 -26648.8
26655.2 -26655.2
26661.7 -26661.7
26668.1 -26668.1
26674.5 -26674.5
26681 -26681
26687.4 -26687.4
26693.9 -26693.9
26700.3 -26700.3
26706.7 -26706.7
26713.2 -26713.2
26719.6 -26719.6
26726 -26726
26732.5 -26732.5
26738.9 -26738.9
26745.3 -26745.3
26751.8 -26751.8
26758.2 -26758.2
26764.6 -26764.6
26771 -26771
26777.5 -26777.5
26783.9 -26783.9
26790.3 -26790.3
26796.7 -26796.7
26803.2 -26803.2
26809.6 -26809.6
26816 -26816
26822.4 -26822.4
26828.8 -26828.8
26835.3 -26835.3
26841.7 -26841.7
26848.1 -26848.1
26854.5 -26854.5
26860.9 -26860.9
26867.3 -26867.3
26873.8 -26873.8
26880.2 -26880.2
26886.6 -26886.6
26893 -26893
26899.4 -26899.4
26905.8 -26905.8
26912.2 -26912.2
26918.6 -26918.6
26925 -26925
26931.5 -26931.5
26937.9 -26937.9
26944.3 -26944.3
26950.7 -26950.7
26957.1 -26957.1
26963.5 -26963.5
26969.9 -26969.9
26976.3 -26976.3
26982.7 -26982.7
26989.1 -26989.1
26995.5 -26995.5
27001.9 -27001.9
27008.3 -27008.3
27014.7 -27014.7
27021.1 -27021.1
27027.4 -27027.4
27033.8 -27033.8
27040.2 -27040.2
27046.6 -27046.6
27053 -27053
27059.4 -27059.4
27065.8 -27065.8
27072.2 -27072.2
27078.6 -27078.6
27085 -27085
27091.3 -27091.3
27097.7 -27097.7
27104.1 -27104.1
27110.5 -27110.5
27116.9 -27116.9
27123.3 -27123.3
27129.7 -27129.7
27136 -27136
27142.4 -27142.4
27148.8 -27148.8
27155.2 -27155.2
27161.6 -27161.6
27167.9 -27167.9
27174.3 -27174.3
27180.7 -27180.7
27187.1 -27187.1
27193.4 -27193.4
27199.8 -27199.8
27206.2 -27206.2
27212.5 -27212.5
27218.9 -27218.9
27225.3 -27225.3
27231.7 -27231.7
27238 -27238
27244.4 -27244.4
27250.8 -27250.8
27257.1 -27257.1
27263.5 -27263.5
27269.9 -27269.9
27276.2 -27276.2
27282.6 -27282.6
27289 -27289
27295.3 -27295.3
27301.7 -27301.7
27308 -27308
27314.4 -27314.4
27320.8 -27320.8
27327.1 -27327.1
27333.5 -27333.5
27339.8 -27339.8
27346.2 -27346.2
27352.6 -27352.6
27358.9 -27358.9
27024.5 -27024.5
26690.2 -26690.2
26356.2 -26356.2
26022.5 -26022.5
25689.1 -25689.1
25356.1 -25356.1
25023.6 -25023.6
24691.6 -24691.6
24360.2 -24360.2
24029.4 -24029.4
23699.2 -23699.2
23369.7 -23369.7
23040.9 -23040.9
22712.8 -22712.8
22385.6 -22385.6
22059.2 -22059.2
21733.6 -21733.6
21408.9 -21408.9
21085.2 -21085.2
20762.4 -20762.4
20440.5 -20440.5
20119.7 -20119.7
19800 -19800
19481.3 -19481.3
19163.7 -19163.7
18847.3 -18847.3
18532 -18532
18217.8 -18217.8
17904.9 -17904.9
17593.3 -17593.3
17282.8 -17282.8
16973.7 -16973.7
16665.9 -16665.9
16359.4 -16359.4
16054.2 -16054.2
15750.4 -15750.4
15448 -15448
15147.1 -15147.1
14847.5 -14847.5
14549.4 -14549.4
14252.8 -14252.8
13957.7 -13957.7
13664.1 -13664.1
13372.1 -13372.1
13081.6 -13081.6
12792.6 -12792.6
12505.3 -12505.3
12219.5 -12219.5
11935.4 -11935.4
11652.9 -11652.9
11372.1 -11372.1
11092.9 -11092.9
10815.4 -10815.4
10539.6 -10539.6
10265.6 -10265.6
9993.2 -9993.2
9722.57 -9722.57
9453.69 -9453.69
9192.86 -9192.86
8941.28 -8941.28
8691.3 -8691.3
8442.92 -8442.92
8196.17 -8196.17
7951.03 -7951.03
7707.53 -7707.53
7465.67 -7465.67
7225.46 -7225.46
6986.9 -6986.9
6761.55 -6761.55
6545.22 -6545.22
6330.33 -6330.33
6116.85 -6116.85
5904.81 -5904.81
5694.21 -5694.21
5485.05 -5485.05
5277.33 -5277.33
5071.06 -5071.06
4866.25 -4866.25
4662.9 -4662.9
4461.01 -4461.01
4260.58 -4260.58
4061.62 -4061.62
3864.14 -3864.14
3668.12 -3668.12
3473.58 -3473.58
3280.51 -3280.51
3088.93 -3088.93
2898.82 -2898.82
2710.19 -2710.19
2523.05 -2523.05
2337.39 -2337.39
2153.21 -2153.21
1970.51 -1970.51
1789.29 -1789.29
1609.56 -1609.56
1431.31 -1431.31
1254.53 -1254.53
1079.37 -1079.37
906.535 -906.535
735.534 -735.534
566.807 -566.807
400.408 -400.408
236.141 -236.141
74.6332 -74.6332
-85.3283 85.3283
-251.571 251.571
-418.233 418.233
-584.984 584.984
-750.093 750.093
-914.085 914.085
-1076.77 1076.77
-1237.82 1237.82
-1397.54 1397.54
-1556.25 1556.25
-1713.32 1713.32
-1868.77 1868.77
-2023.46 2023.46
-2176.58 2176.58
-2328.07 2328.07
-2477.95 2477.95
-2626.22 2626.22
-2773.68 2773.68
-2919.75 2919.75
-3064.21 3064.21
-3207.07 3207.07
-3348.34 3348.34
-3488.04 3488.04
-3626.17 3626.17
-3762.75 3762.75
-3897.78 3897.78
-4031.29 4031.29
-4163.28 4163.28
-4293.75 4293.75
-4422.74 4422.74
-4550.24 4550.24
-4676.26 4676.26
-4800.83 4800.83
-4923.95 4923.95
-5045.64 5045.64
-5165.9 5165.9
-5284.75 5284.75
-5402.21 5402.21
-5518.28 5518.28
-5632.97 5632.97
-5746.31 5746.31
-5858.29 5858.29
-5968.94 5968.94
-6078.27 6078.27
-6186.29 6186.29
-6293.01 6293.01
-6398.45 6398.45
-6502.61 6502.61
-6605.51 6605.51
-6707.17 6707.17
-6807.59 6807.59
-6906.8 6906.8
-7004.79 7004.79
-7101.59 7101.59
-7197.2 7197.2
-7291.65 7291.65
-7384.94 7384.94
-7477.08 7477.08
-7568.09 7568.09
-7657.98 7657.98
-7746.76 7746.76
-7834.45 7834.45
-7921.06 7921.06
-8006.59 8006.59
-8091.06 8091.06
-8174.49 8174.49
-8256.89 8256.89
-8338.27 8338.27
-8418.65 8418.65
-8498.02 8498.02
-8576.42 8576.42
-8653.84 8653.84
-8730.31 8730.31
-8805.83 8805.83
-8880.42 8880.42
-8954.09 8954.09
-9026.84 9026.84
-9098.7 9098.7
-9169.67 9169.67
-9239.76 9239.76
-9308.99 9308.99
-9377.37 9377.37
-9444.91 9444.91
-9511.62 9511.62
-9577.51 9577.51
-9642.6 9642.6
-9706.89 9706.89
-9770.39 9770.39
-9833.12 9833.12
-9895.09 9895.09
-9956.31 9956.31
-10016.8 10016.8
-10076.5 10076.5
-10135.6 10135.6
-10193.9 10193.9
-10251.5 10251.5
-10308.4 10308.4
-10364.7 10364.7
-10420.2 10420.2
-10475.2 10475.2
-10529.4 10529.4
-10583.1 10583.1
-10636.1 10636.1
-10688.5 10688.5
-10740.2 10740.2
-10791.4 10791.4
-10842 10842
-10892 10892
-10941.4 10941.4
-10990.2 10990.2
-11038.5 11038.5
-11086.3 11086.3
-11133.5 11133.5
-11180.2 11180.2
-11226.3 11226.3
-11272 11272
-11317.1 11317.1
-11361.8 11361.8
-11405.9 11405.9
-11449.6 11449.6
-11492.8 11492.8
-11535.5 11535.5
-11577.8 11577.8
-11619.6 11619.6
-11660.9 11660.9
-11701.9 11701.9
-11742.4 11742.4
-11782.5 11782.5
-11822.1 11822.1
-11861.4 11861.4
-11900.2 11900.2
-11938.7 11938.7
-11976.7 11976.7
-12014.4 12014.4
-12051.7 12051.7
-12088.6 12088.6
-12125.2 12125.2
-12161.4 12161.4
-12197.2 12197.2
-12232.7 12232.7
-12267.9 12267.9
-12302.7 12302.7
-12337.2 12337.2
-12371.4 12371.4
-12405.2 12405.2
-12438.7 12438.7
-12472 12472
-12504.9 12504.9
-12537.5 12537.5
-12569.8 12569.8
-12601.8 12601.8
-12633.6 12633.6
-12665 12665
-12696.2 12696.2
-12727.1 12727.1
-12757.8 12757.8
-12788.2 12788.2
-12818.3 12818.3
-12848.1 12848.1
-12877.8 12877.8
-12907.1 12907.1
-12936.3 12936.3
-12965.1 12965.1
-12993.8 12993.8
-13022.2 13022.2
-13050.4 13050.4
-13078.4 13078.4
-13106.1 13106.1
-13133.6 13133.6
-13160.9 13160.9
-13188 13188
-13214.9 13214.9
-13241.6 13241.6
-13268.1 13268.1
-13294.4 13294.4
-13320.5 13320.5
-13346.4 13346.4
-13372.1 13372.1
-13397.6 13397.6
-13423 13423
-13448.1 13448.1
-13473.1 13473.1
-13497.9 13497.9
-13522.6 13522.6
-13547 13547
-13571.3 13571.3
-13595.5 13595.5
-13619.4 13619.4
-13643.3 13643.3
-13666.9 13666.9
-13690.4 13690.4
-13713.7 13713.7
-13736.9 13736.9
-13760 13760
-13782.9 13782.9
-13805.6 13805.6
-13828.2 13828.2
-13850.7 13850.7
-13873 13873
-13895.2 13895.2
-13917.3 13917.3
-13939.2 13939.2
-13961 13961
-13982.6 13982.6
-14004.2 14004.2
-14025.6 14025.6
-14046.9 14046.9
-14068 14068
-14089.1 14089.1
-14110 14110
-14130.8 14130.8
-14151.5 14151.5
-14172 14172
-14192.5 14192.5
-14212.9 14212.9
-14233.1 14233.1
-14253.2 14253.2
-14273.2 14273.2
-14293.2 14293.2
-14313 14313
-14332.7 14332.7
-14352.3 14352.3
-14371.8 14371.8
-14391.2 14391.2
-14410.5 14410.5
-14429.7 14429.7
-14448.8 14448.8
-14467.9 14467.9
-14486.8 14486.8
-14505.6 14505.6
-14524.4 14524.4
-14543 14543
-14561.6 14561.6
-14580.1 14580.1
-14598.5 14598.5
-14616.8 14616.8
-14635 14635
-14653.1 14653.1
-14671.2 14671.2
-14689.1 14689.1
-14707 14707
-14724.9 14724.9
-14742.6 14742.6
-14760.2 14760.2
-14777.8 14777.8
-14795.3 14795.3
-14812.8 14812.8
-14830.1 14830.1
-14847.4 14847.4
-14864.6 14864.6
-14881.7 14881.7
-14898.8 14898.8
-14915.8 14915.8
-14932.7 14932.7
-14949.6 14949.6
-14966.3 14966.3
-14983.1 14983.1
-14999.7 14999.7
-15016.3 15016.3
-15032.8 15032.8
-15049.3 15049.3
-15065.7 15065.7
-15082 15082
-15098.3 15098.3
-15114.5 15114.5
-15130.6 15130.6
-15146.7 15146.7
-15162.7 15162.7
-15178.7 15178.7
-15194.6 15194.6
-15210.4 15210.4
-15226.2 15226.2
-15241.9 15241.9
-15257.6 15257.6
-15273.2 15273.2
-15288.8 15288.8
-15304.3 15304.3
-15319.7 15319.7
-15335.1 15335.1
-15350.5 15350.5
-15365.8 15365.8
-15381 15381
-15396.2 15396.2
-15411.3 15411.3
-15426.4 15426.4
-15441.5 15441.5
-15456.5 15456.5
-15471.4 15471.4
-15486.3 15486.3
-15501.1 15501.1
-15515.9 15515.9
-15530.7 15530.7
-15545.4 15545.4
-15560 15560
-15574.6 15574.6
-15589.2 15589.2
-15603.7 15603.7
-15618.2 15618.2
-15632.6 15632.6
-15647 15647
-15661.3 15661.3
-15675.6 15675.6
-15689.8 15689.8
-15704 15704
-15718.2 15718.2
-15732.3 15732.3
-15746.4 15746.4
-15760.4 15760.4
-15774.4 15774.4
-15788.4 15788.4
-15802.3 15802.3
-15816.2 15816.2
-15830 15830
-15843.8 15843.8
-15857.6 15857.6
-15871.3 15871.3
-15885 15885
-15898.6 15898.6
-15912.2 15912.2
-15925.8 15925.8
-15939.3 15939.3
-15952.8 15952.8
-15966.3 15966.3
-15979.7 15979.7
-15993.1 15993.1
-16006.5 16006.5
-16019.8 16019.8
-16033.1 16033.1
-16046.3 16046.3
-16059.5 16059.5
-16072.7 16072.7
-16085.9 16085.9
-16099 16099
-16112 16112
-16125.1 16125.1
-16138.1 16138.1
-16151.1 16151.1
-16164 16164
-16176.9 16176.9
-16189.8 16189.8
-16202.7 16202.7
-16215.5 16215.5
-16228.3 16228.3
-16241 16241
-16253.8 16253.8
-16266.5 16266.5
-16279.1 16279.1
-16291.8 16291.8
-16304.4 16304.4
-16317 16317
-16329.5 16329.5
-16342 16342
-16354.5 16354.5
-16367 16367
-16379.4 16379.4
-16391.8 16391.8
-16404.2 16404.2
-16416.5 16416.5
-16428.9 16428.9
-16441.1 16441.1
-16453.4 16453.4
-16465.7 16465.7
-16477.9 16477.9
-16490 16490
-16502.2 16502.2
-16514.3 16514.3
-16526.4 16526.4
-16538.5 16538.5
-16550.6 16550.6
-16562.6 16562.6
-16574.6 16574.6
-16586.6 16586.6
-16598.5 16598.5
-16610.4 16610.4
-16622.3 16622.3
-16634.2 16634.2
-16646.1 16646.1
-16657.9 16657.9
-16669.7 16669.7
-16681.5 16681.5
-16693.2 16693.2
-16705 16705
-16716.7 16716.7
-16728.4 16728.4
-16740 16740
-16751.6 16751.6
-16763.3 16763.3
-16774.9 16774.9
-16786.4 16786.4
-16798 16798
-16809.5 16809.5
-16821 16821
-16832.5 16832.5
-16843.9 16843.9
-16855.4 16855.4
-16866.8 16866.8
-16878.2 16878.2
-16889.5 16889.5
-16900.9 16900.9
-16912.2 16912.2
-16923.5 16923.5
-16934.8 16934.8
-16946 16946
-16957.3 16957.3
-16968.5 16968.5
-16979.7 16979.7
-16990.9 16990.9
-17002 17002
-17013.2 17013.2
-17024.3 17024.3
-17035.4 17035.4
-17046.5 17046.5
-17057.5 17057.5
-17068.6 17068.6
-17079.6 17079.6
-17090.6 17090.6
-17101.6 17101.6
-17112.5 17112.5
-17123.5 17123.5
-17134.4 17134.4
-17145.3 17145.3
-17156.2 17156.2
-17167.1 17167.1
-17177.9 17177.9
-17188.8 17188.8
-17199.6 17199.6
-17210.4 17210.4
-17221.1 17221.1
-17231.9 17231.9
-17242.6 17242.6
-17253.4 17253.4
-17264.1 17264.1
-17274.7 17274.7
-17285.4 17285.4
-17296.1 17296.1
-17306.7 17306.7
-17317.3 17317.3
-17327.9 17327.9
-17338.5 17338.5
-17349.1 17349.1
-17359.6 17359.6
-17370.1 17370.1
-17380.6 17380.6
-17391.1 17391.1
-17401.6 17401.6
-17412.1 17412.1
-17422.5 17422.5
-17433 17433
-17443.4 17443.4
-17453.8 17453.8
-17464.2 17464.2
-17474.5 17474.5
-17484.9 17484.9
-17495.2 17495.2
-17505.5 17505.5
-17515.8 17515.8
-17526.1 17526.1
-17536.4 17536.4
-17546.6 17546.6
-17556.9 17556.9
-17567.1 17567.1
-17577.3 17577.3
-17587.5 17587.5
-17597.7 17597.7
-17607.8 17607.8
-17618 17618
-17628.1 17628.1
-17638.2 17638.2
-17648.4 17648.4
-17658.4 17658.4
-17668.5 17668.5
-17678.6 17678.6
-17688.6 17688.6
-17698.6 17698.6
-17708.7 17708.7
-17718.7 17718.7
-17728.6 17728.6
-17738.6 17738.6
-17748.6 17748.6
-17758.5 17758.5
-17768.5 17768.5
-17778.4 17778.4
-17788.3 17788.3
-17798.2 17798.2
-17808 17808
-17817.9 17817.9
-17827.7 17827.7
-17837.6 17837.6
-17847.4 17847.4
-17857.2 17857.2
-17867 17867
-17876.8 17876.8
-17886.5 17886.5
-17896.3 17896.3
-17906 17906
-17915.7 17915.7
-17925.5 17925.5
-17935.1 17935.1
-17944.8 17944.8
-17954.5 17954.5
-17964.2 17964.2
-17973.8 17973.8
-17983.4 17983.4
-17993.1 17993.1
-18002.7 18002.7
-18012.3 18012.3
-18021.9 18021.9
-18031.4 18031.4
-18041 18041
-18050.5 18050.5
-18060.1 18060.1
-18069.6 18069.6
-18079.1 18079.1
-18088.6 18088.6
-18098.1 18098.1
-18107.5 18107.5
-18117 18117
-18126.4 18126.4
-18135.9 18135.9
-18145.3 18145.3
-18154.7 18154.7
-18164.1 18164.1
-18173.5 18173.5
-18182.8 18182.8
-18192.2 18192.2
-18201.6 18201.6
-18210.9 18210.9
-18220.2 18220.2
-18229.5 18229.5
-18238.8 18238.8
-18248.1 18248.1
-18257.4 18257.4
-18266.7 18266.7
-18275.9 18275.9
-18285.2 18285.2
-18294.4 18294.4
-18303.6 18303.6
-18312.8 18312.8
-18322 18322
-18331.2 18331.2
-18340.4 18340.4
-18349.6 18349.6
-18358.7 18358.7
-18367.9 18367.9
-18377 18377
-18386.1 18386.1
-18395.2 18395.2
-18404.3 18404.3
-18413.4 18413.4
-18422.5 18422.5
-18431.6 18431.6
-18440.6 18440.6
-18449.7 18449.7
-18458.7 18458.7
-18467.7 18467.7
-18476.7 18476.7
-18485.7 18485.7
-18494.7 18494.7
-18503.7 18503.7
-18512.7 18512.7
-18521.6 18521.6
-18530.6 18530.6
-18539.5 18539.5
-18548.4 18548.4
-18557.3 18557.3
-18566.3 18566.3
-18575.1 18575.1
-18584 18584
-18592.9 18592.9
-18601.8 18601.8
-18610.6 18610.6
-18619.5 18619.5
-18628.3 18628.3
-18637.1 18637.1
-18645.9 18645.9
-18654.7 18654.7
-18663.5 18663.5
-18672.3 18672.3
-18681.1 18681.1
-18689.9 18689.9
-18698.6 18698.6
-18707.3 18707.3
-18716.1 18716.1
-18724.8 18724.8
-18733.5 18733.5
-18742.2 18742.2
-18750.9 18750.9
-18759.6 18759.6
-18768.3 18768.3
-18776.9 18776.9
-18785.6 18785.6
-18794.2 18794.2
-18802.9 18802.9
-18811.5 18811.5
-18820.1 18820.1
-18828.7 18828.7
-18837.3 18837.3
-18845.9 18845.9
-18854.5 18854.5
-18863 18863
-18871.6 18871.6
-18880.1 18880.1
-18888.7 18888.7
-18897.2 18897.2
-18905.7 18905.7
-18914.2 18914.2
-18922.7 18922.7
-18931.2 18931.2
-18939.7 18939.7
-18948.2 18948.2
-18956.6 18956.6
-18965.1 18965.1
-18973.5 18973.5
-18982 18982
-18990.4 18990.4
-18998.8 18998.8
-19007.2 19007.2
-19015.6 19015.6
-19024 19024
-19032.4 19032.4
-19040.8 19040.8
-19049.1 19049.1
-19057.5 19057.5
-19065.8 19065.8
-19074.2 19074.2
-19082.5 19082.5
-19090.8 19090.8
-19099.1 19099.1
-19107.4 19107.4
-19115.7 19115.7
-19124 19124
-19132.3 19132.3
-19140.5 19140.5
-19148.8 19148.8
-19157 19157
-19165.3 19165.3
-19173.5 19173.5
-19181.7 19181.7
-19189.9 19189.9
-19198.1 19198.1
-19206.3 19206.3
-19214.5 19214.5
-19222.7 19222.7
-19230.8 19230.8
-19239 19239
-19247.2 19247.2
-19255.3 19255.3
-19263.4 19263.4
-19271.6 19271.6
-19279.7 19279.7
-19287.8 19287.8
-19295.9 19295.9
-19304 19304
-19312 19312
-19320.1 19320.1
-19328.2 19328.2
-19336.2 19336.2
-19344.3 19344.3
-19352.3 19352.3
-19360.4 19360.4
-19368.4 19368.4
-19376.4 19376.4
-19384.4 19384.4
-19392.4 19392.4
-19400.4 19400.4
-19408.4 19408.4
-19416.3 19416.3
-19424.3 19424.3
-19432.3 19432.3
-19440.2 19440.2
-19448.1 19448.1
-19456.1 19456.1
-19464 19464
-19471.9 19471.9
-19479.8 19479.8
-19487.7 19487.7
-19495.6 19495.6
-19503.5 19503.5
-19511.4 19511.4
-19519.2 19519.2
-19527.1 19527.1
-19534.9 19534.9
-19542.8 19542.8
-19550.6 19550.6
-19558.4 19558.4
-19566.2 19566.2
-19574 19574
-19581.9 19581.9
-19589.6 19589.6
-19597.4 19597.4
-19605.2 19605.2
-19613 19613
-19620.7 19620.7
-19628.5 19628.5
-19636.2 19636.2
-19644 19644
-19651.7 19651.7
-19659.4 19659.4
-19667.1 19667.1
-19674.8 19674.8
-19682.5 19682.5
-19690.2 19690.2
-19697.9 19697.9
-19705.6 19705.6
-19713.2 19713.2
-19720.9 19720.9
-19728.6 19728.6
-19736.2 19736.2
-19743.8 19743.8
-19751.5 19751.5
-19759.1 19759.1
-19766.7 19766.7
-19774.3 19774.3
-19781.9 19781.9
-19789.5 19789.5
-19797.1 19797.1
-19804.6 19804.6
-19812.2 19812.2
-19819.8 19819.8
-19827.3 19827.3
-19834.8 19834.8
-19842.4 19842.4
-19849.9 19849.9
-19857.4 19857.4
-19864.9 19864.9
-19872.4 19872.4
-19879.9 19879.9
-19887.4 19887.4
-19894.9 19894.9
-19902.4 19902.4
-19909.9 19909.9
-19917.3 19917.3
-19924.8 19924.8
-19932.2 19932.2
-19939.7 19939.7
-19947.1 19947.1
-19954.5 19954.5
-19961.9 19961.9
-19969.3 19969.3
-19976.7 19976.7
-19984.1 19984.1
-19991.5 19991.5
-19998.9 19998.9
-20006.2 20006.2
-20013.6 20013.6
-20021 20021
-20028.3 20028.3
-20035.7 20035.7
-20043 20043
-20050.3 20050.3
-20057.6 20057.6
-20064.9 20064.9
-20072.2 20072.2
-20079.5 20079.5
-20086.8 20086.8
-20094.1 20094.1
-20101.4 20101.4
-20108.7 20108.7
-20115.9 20115.9
-20123.2 20123.2
-20130.4 20130.4
-20137.7 20137.7
-20144.9 20144.9
-20152.1 20152.1
-20159.3 20159.3
-20166.5 20166.5
-20173.7 20173.7
-20180.9 20180.9
-20188.1 20188.1
-20195.3 20195.3
-20202.5 20202.5
-20209.6 20209.6
-20216.8 20216.8
-20224 20224
-20231.1 20231.1
-20238.2 20238.2
-20245.4 20245.4
-20252.5 20252.5
-20259.6 20259.6
-20266.7 20266.7
-20273.8 20273.8
-20280.9 20280.9
-20288 20288
-20295.1 20295.1
-20302.2 20302.2
-20309.2 20309.2
-20316.3 20316.3
-20323.4 20323.4
-20330.4 20330.4
-20337.4 20337.4
-20344.5 20344.5
-20351.5 20351.5
-20358.5 20358.5
-20365.5 20365.5
-20372.5 20372.5
-20379.5 20379.5
-20386.5 20386.5
-20393.5 20393.5
-20400.5 20400.5
-20407.5 20407.5
-20414.4 20414.4
-20421.4 20421.4
-20428.3 20428.3
-20435.3 20435.3
-20442.2 20442.2
-20449.2 20449.2
-20456.1 20456.1
-20463 20463
-20469.9 20469.9
-20476.8 20476.8
-20483.7 20483.7
-20490.6 20490.6
-20497.5 20497.5
-20504.4 20504.4
-20511.2 20511.2
-20518.1 20518.1
-20525 20525
-20531.8 20531.8
-20538.6 20538.6
-20545.5 20545.5
-20552.3 20552.3
-20559.1 20559.1
-20565.9 20565.9
-20572.8 20572.8
-20579.6 20579.6
-20586.4 20586.4
-20593.1 20593.1
-20599.9 20599.9
-20606.7 20606.7
-20613.5 20613.5
-20620.2 20620.2
-20627 20627
-20633.7 20633.7
-20640.5 20640.5
-20647.2 20647.2
-20654 20654
-20660.7 20660.7
-20667.4 20667.4
-20674.1 20674.1
-20680.8 20680.8
-20687.5 20687.5
-20694.2 20694.2
-20700.9 20700.9
-20707.6 20707.6
-20714.2 20714.2
-20720.9 20720.9
-20727.6 20727.6
-20734.2 20734.2
-20740.9 20740.9
-20747.5 20747.5
-20754.1 20754.1
-20760.8 20760.8
-20767.4 20767.4
-20774 20774
-20780.6 20780.6
-20787.2 20787.2
-20793.8 20793.8
-20800.4 20800.4
-20807 20807
-20813.5 20813.5
-20820.1 20820.1
-20826.7 20826.7
-20833.2 20833.2
-20839.8 20839.8
-20846.3 20846.3
-20852.9 20852.9
-20859.4 20859.4
-20865.9 20865.9
-20872.4 20872.4
-20879 20879
-20885.5 20885.5
-20892 20892
-20898.5 20898.5
-20904.9 20904.9
-20911.4 20911.4
-20917.9 20917.9
-20924.4 20924.4
-20930.8 20930.8
-20937.3 20937.3
-20943.7 20943.7
-20950.2 20950.2
-20956.6 20956.6
-20963.1 20963.1
-20969.5 20969.5
-20975.9 20975.9
-20982.3 20982.3
-20988.7 20988.7
-20995.1 20995.1
-21001.5 21001.5
-21007.9 21007.9
-21014.3 21014.3
-21020.7 21020.7
-21027 21027
-21033.4 21033.4
-21039.8 21039.8
-21046.1 21046.1
-21052.5 21052.5
-21058.8 21058.8
-21065.1 21065.1
-21071.5 21071.5
-21077.8 21077.8
-21084.1 21084.1
-21090.4 21090.4
-21096.7 21096.7
-21103 21103
-21109.3 21109.3
-21115.6 21115.6
-21121.9 21121.9
-21128.2 21128.2
-21134.4 21134.4
-21140.7 21140.7
-21147 21147
-21153.2 21153.2
-21159.5 21159.5
-21165.7 21165.7
-21171.9 21171.9
-21178.2 21178.2
-21184.4 21184.4
-21190.6 21190.6
-21196.8 21196.8
-21203 21203
-21209.2 21209.2
-21215.4 21215.4
-21221.6 21221.6
-21227.8 21227.8
-21234 21234
-21240.1 21240.1
-21246.3 21246.3
-21252.5 21252.5
-21258.6 21258.6
-21264.8 21264.8
-21270.9 21270.9
-21277 21277
-21283.2 21283.2
-21289.3 21289.3
-21295.4 21295.4
-21301.5 21301.5
-21307.6 21307.6
-21313.7 21313.7
-21319.8 21319.8
-21325.9 21325.9
-21332 21332
-21338.1 21338.1
-21344.1 21344.1
-21350.2 21350.2
-21356.3 21356.3
-21362.3 21362.3
-21368.4 21368.4
-21374.4 21374.4
-21380.5 21380.5
-21386.5 21386.5
-21392.5 21392.5
-21398.6 21398.6
-21404.6 21404.6
-21410.6 21410.6
-21416.6 21416.6
-21422.6 21422.6
-21428.6 21428.6
-21434.6 21434.6
-21440.6 21440.6
-21446.5 21446.5
-21452.5 21452.5
-21458.5 21458.5
-21464.5 21464.5
-21470.4 21470.4
-21476.4 21476.4
-21482.3 21482.3
-21488.2 21488.2
-21494.2 21494.2
-21500.1 21500.1
-21506 21506
-21512 21512
-21517.9 21517.9
-21523.8 21523.8
-21529.7 21529.7
-21535.6 21535.6
-21541.5 21541.5
-21547.4 21547.4
-21553.2 21553.2
-21559.1 21559.1
-21565 21565
-21570.9 21570.9
-21576.7 21576.7
-21582.6 21582.6
-21588.4 21588.4
-21594.3 21594.3
-21600.1 21600.1
-21605.9 21605.9
-21611.8 21611.8
-21617.6 21617.6
-21623.4 21623.4
-21629.2 21629.2
-21635 21635
-21640.8 21640.8
-21646.6 21646.6
-21652.4 21652.4
-21658.2 21658.2
-21664 21664
-21669.8 21669.8
-21675.6 21675.6
-21681.3 21681.3
-21687.1 21687.1
-21692.8 21692.8
-21698.6 21698.6
-21704.3 21704.3
-21710.1 21710.1
-21715.8 21715.8
-21721.5 21721.5
-21727.3 21727.3
-21733 21733
-21738.7 21738.7
-21744.4 21744.4
-21750.1 21750.1
-21755.8 21755.8
-21761.5 21761.5
-21767.2 21767.2
-21772.9 21772.9
-21778.6 21778.6
-21784.3 21784.3
-21789.9 21789.9
-21795.6 21795.6
-21801.3 21801.3
-21806.9 21806.9
-21812.6 21812.6
-21818.2 21818.2
-21823.8 21823.8
-21829.5 21829.5
-21835.1 21835.1
-21840.7 21840.7
-21846.4 21846.4
-21852 21852
-21857.6 21857.6
-21863.2 21863.2
-21868.8 21868.8
-21874.4 21874.4
-21880 21880
-21885.6 21885.6
-21891.2 21891.2
-21896.7 21896.7
-21902.3 21902.3
-21907.9 21907.9
-21913.4 21913.4
-21919 21919
-21924.6 21924.6
-21930.1 21930.1
-21935.7 21935.7
-21941.2 21941.2
-21946.7 21946.7
-21952.3 21952.3
-21957.8 21957.8
-21963.3 21963.3
-21968.8 21968.8
-21974.3 21974.3
-21979.8 21979.8
-21985.3 21985.3
-21990.8 21990.8
-21996.3 21996.3
-22001.8 22001.8
-22007.3 22007.3
-22012.8 22012.8
-22018.3 22018.3
-22023.7 22023.7
-22029.2 22029.2
-22034.6 22034.6
-22040.1 22040.1
-22045.6 22045.6
-22051 22051
-22056.4 22056.4
-22061.9 22061.9
-22067.3 22067.3
-22072.7 22072.7
-22078.2 22078.2
-22083.6 22083.6
-22089 22089
-22094.4 22094.4
-22099.8 22099.8
-22105.2 22105.2
-22110.6 22110.6
-22116 22116
-22121.4 22121.4
-22126.8 22126.8
-22132.2 22132.2
-22137.5 22137.5
-22142.9 22142.9
-22148.3 22148.3
-22153.6 22153.6
-22159 22159
-22164.3 22164.3
-22169.7 22169.7
-22175 22175
-22180.4 22180.4
-22185.7 22185.7
-22191 22191
-22196.4 22196.4
-22201.7 22201.7
-22207 22207
-22212.3 22212.3
-22217.6 22217.6
-22222.9 22222.9
-22228.2 22228.2
-22233.5 22233.5
-22238.8 22238.8
-22244.1 22244.1
-22249.4 22249.4
-22254.6 22254.6
-22259.9 22259.9
-22265.2 22265.2
-22270.5 22270.5
-22275.7 22275.7
-22281 22281
-22286.2 22286.2
-22291.5 22291.5
-22296.7 22296.7
-22302 22302
-22307.2 22307.2
-22312.4 22312.4
-22317.7 22317.7
-22322.9 22322.9
-22328.1 22328.1
-22333.3 22333.3
-22338.5 22338.5
-22343.7 22343.7
-22348.9 22348.9
-22354.1 22354.1
-22359.3 22359.3
-22364.5 22364.5
-22369.7 22369.7
-22374.9 22374.9
-22380.1 22380.1
-22385.2 22385.2
-22390.4 22390.4
-22395.6 22395.6
-22403.2 22403.2
-22413.2 22413.2
-22423.2 22423.2
-22433.1 22433.1
-22443 22443
-22452.9 22452.9
-22462.7 22462.7
-22472.5 22472.5
-22482.3 22482.3
-22492.1 22492.1
-22501.9 22501.9
-22511.6 22511.6
-22521.3 22521.3
-22531 22531
-22540.7 22540.7
-22550.3 22550.3
-22559.9 22559.9
-22569.5 22569.5
-22579 22579
-22588.6 22588.6
-22598.1 22598.1
-22607.6 22607.6
-22617.1 22617.1
-22626.5 22626.5
-22635.9 22635.9
-22645.4 22645.4
-22654.9 22654.9
-22664.4 22664.4
-22673.8 22673.8
-22683.3 22683.3
-22692.7 22692.7
-22702.1 22702.1
-22711.5 22711.5
-22720.8 22720.8
-22730.2 22730.2
-22739.5 22739.5
-22748.8 22748.8
-22758.1 22758.1
-22767.3 22767.3
-22776.5 22776.5
-22785.7 22785.7
-22794.9 22794.9
-22804.1 22804.1
-22813.2 22813.2
-22822.3 22822.3
-22831.4 22831.4
-22840.5 22840.5
-22849.6 22849.6
-22858.6 22858.6
-22867.6 22867.6
-22876.6 22876.6
-22885.6 22885.6
-22894.6 22894.6
-22903.5 22903.5
-22912.4 22912.4
-22921.3 22921.3
-22930.2 22930.2
-22939.1 22939.1
-22947.9 22947.9
-22956.8 22956.8
-22965.6 22965.6
-22974.4 22974.4
-22983.1 22983.1
-22991.9 22991.9
-23000.6 23000.6
-23009.3 23009.3
-23018 23018
-23026.7 23026.7
-23035.4 23035.4
-23044 23044
-23052.6 23052.6
-23061.2 23061.2
-23069.8 23069.8
-23078.4 23078.4
-23087 23087
-23095.5 23095.5
-23104 23104
-23112.5 23112.5
-23121 23121
-23129.5 23129.5
-23137.9 23137.9
-23146.4 23146.4
-23154.8 23154.8
-23163.2 23163.2
-23171.6 23171.6
-23179.9 23179.9
-23188.3 23188.3
-23196.6 23196.6
-23205 23205
-23213.3 23213.3
-23221.6 23221.6
-23229.8 23229.8
-23238.1 23238.1
-23246.3 23246.3
-23254.6 23254.6
-23262.8 23262.8
-23271 23271
-23279.2 23279.2
-23287.3 23287.3
-23295.5 23295.5
-23303.6 23303.6
-23311.7 23311.7
-23319.8 23319.8
-23327.9 23327.9
-23336 23336
-23344.1 23344.1
-23352.1 23352.1
-23360.2 23360.2
-23368.2 23368.2
-23376.2 23376.2
-23384.2 23384.2
-23392.2 23392.2
-23400.1 23400.1
-23408.1 23408.1
-23416 23416
-23423.9 23423.9
-23431.8 23431.8
-23439.7 23439.7
-23479.8 23479.8
-23840.9 23840.9
-24201.6 24201.6
-24561.9 24561.9
-24929.1 24929.1
-25307.1 25307.1
-25684.6 25684.6
-26061.5 26061.5
-26437.8 26437.8
-26813.5 26813.5
-27188.6 27188.6
-27565.4 27565.4
-27979.5 27979.5
-28402.1 28402.1
-28831 28831
-29258.8 29258.8
-29685.3 29685.3
-30110.7 30110.7
-30534.8 30534.8
-30957.7 30957.7
-31379.2 31379.2
-31799.4 31799.4
-32218.1 32218.1
-32635.5 32635.5
-33051.4 33051.4
-33465.8 33465.8
-33878.6 33878.6
-34289.9 34289.9
-34699.6 34699.6
-35107.6 35107.6
-35514 35514
-35921.8 35921.8
-36336.9 36336.9
-36750.1 36750.1
-37161.2 37161.2
-37586.2 37586.2
-38029.8 38029.8
-38470.3 38470.3
-38907.7 38907.7
-39341.9 39341.9
-39772.9 39772.9
-40200.7 40200.7
-40625.1 40625.1
-41046.1 41046.1
-41463.7 41463.7
-41877.8 41877.8
-42288.3 42288.3
-42695.1 42695.1
-43098.3 43098.3
-43497.8 43497.8
-43893.5 43893.5
-44285.3 44285.3
-44673.2 44673.2
-45057.1 45057.1
-45437.1 45437.1
-45812.9 45812.9
-46184.6 46184.6
-46552.1 46552.1
-46915.3 46915.3
-47274.2 47274.2
-47628.7 47628.7
-47978.7 47978.7
-48324.3 48324.3
-48665.2 48665.2
-49001.6 49001.6
-49333.2 49333.2
-49660 49660
-49982 49982
-50299.1 50299.1
-50611.2 50611.2
-50918.3 50918.3
-51220.3 51220.3
-51517.1 51517.1
-51808.7 51808.7
-52095 52095
-52376 52376
-52651.6 52651.6
-52921.8 52921.8
-53186.5 53186.5
-53445.7 53445.7
-53699.3 53699.3
-53947.4 53947.4
-54189.8 54189.8
-54426.7 54426.7
-54658 54658
-54883.6 54883.6
-55103.7 55103.7
-55318.2 55318.2
-55527.2 55527.2
-55730.8 55730.8
-55928.9 55928.9
-56121.6 56121.6
-56309 56309
-56491.1 56491.1
-56668.1 56668.1
-56840.1 56840.1
-57007 57007
-57169.1 57169.1
-57326.4 57326.4
-57479 57479
-57627 57627
-57770.6 57770.6
-57909.8 57909.8
-58044.8 58044.8
-58175.6 58175.6
-58302.4 58302.4
-58425.3 58425.3
-58544.3 58544.3
-58659.7 58659.7
-58771.4 58771.4
-58879.6 58879.6
-58984.4 58984.4
-59085.8 59085.8
-59184.1 59184.1
-59279.2 59279.2
-59371.3 59371.3
-59460.4 59460.4
-59546.7 59546.7
-59630.2 59630.2
-59711 59711
-59789.2 59789.2
-59865 59865
-59938.3 59938.3
-60009.3 60009.3
-60078.1 60078.1
-60144.8 60144.8
-59446 59446
-58747.3 58747.3
-58048.8 58048.8
-57350.4 57350.4
-56652.2 56652.2
-55954.3 55954.3
-55256.6 55256.6
-54559.3 54559.3
-53862.3 53862.3
-53165.6 53165.6
-52469.4 52469.4
-51773.5 51773.5
-51078.1 51078.1
-50383.2 50383.2
-49688.8 49688.8
-48995 48995
-48301.7 48301.7
-47610.8 47610.8
-46928.7 46928.7
-46247.4 46247.4
-45566.8 45566.8
-44891.2 44891.2
-44220.5 44220.5
-43550.7 43550.7
-42882.9 42882.9
-42222.7 42222.7
-41563.5 41563.5
-40905.3 40905.3
-40248 40248
-39591.7 39591.7
-38936.4 38936.4
-38282.3 38282.3
-37629.2 37629.2
-36977.3 36977.3
-36326.6 36326.6
-35677.1 35677.1
-35028.9 35028.9
-34381.9 34381.9
-33744.7 33744.7
-33118.2 33118.2
-32494.9 32494.9
-31872.9 31872.9
-31252.2 31252.2
-30632.9 30632.9
-30015 30015
-29415.6 29415.6
-28827.5 28827.5
-28240.8 28240.8
-27655.4 27655.4
-27071.5 27071.5
-26489 26489
-25907.9 25907.9
-25328.4 25328.4
-24750.3 24750.3
-24173.8 24173.8
-23598.9 23598.9
-23043 23043
-22501.3 22501.3
-21975.6 21975.6
-21451.5 21451.5
-20930.4 20930.4
-20431.2 20431.2
-19933.5 19933.5
-19437.3 19437.3
-18942.7 18942.7
-18449.5 18449.5
-17958 17958
-17468 17468
-17000.6 17000.6
-16575.8 16575.8
-16152.2 16152.2
-15729.9 15729.9
-15308.8 15308.8
-14889.1 14889.1
-14574.7 14574.7
-14277.1 14277.1
-13980.8 13980.8
-13685.7 13685.7
-13391.8 13391.8
-13099.2 13099.2
-12807.8 12807.8
-12517.8 12517.8
-12229 12229
-11941.6 11941.6
-11655.5 11655.5
-11370.8 11370.8
-11087.4 11087.4
-10805.4 10805.4
-10524.8 10524.8
-10245.6 10245.6
-9967.76 9967.76
-9691.37 9691.37
-9416.4 9416.4
-9142.86 9142.86
-8870.69 8870.69
-8599.98 8599.98
-8330.73 8330.73
-8062.96 8062.96
-7796.68 7796.68
-7531.88 7531.88
-7268.58 7268.58
-7006.78 7006.78
-6746.49 6746.49
-6489.03 6489.03
-6234.16 6234.16
-5980.81 5980.81
-5728.97 5728.97
-5478.66 5478.66
-5229.87 5229.87
-4982.61 4982.61
-4736.88 4736.88
-4492.69 4492.69
-4250.77 4250.77
-4011.24 4011.24
-3779.62 3779.62
-3549.51 3549.51
-3320.89 3320.89
-3093.79 3093.79
-2868.29 2868.29
-2644.88 2644.88
-2423.73 2423.73
-2204.73 2204.73
-1987.19 1987.19
-1771.82 1771.82
-1558.9 1558.9
-1347.39 1347.39
-1138.03 1138.03
-930.737 930.737
-725.208 725.208
-523.141 523.141
-325.323 325.323
-133.384 133.384
50.1997 -50.1997
229.579 -229.579
410.133 -410.133
591.006 -591.006
771.156 -771.156
952.128 -952.128
1132.34 -1132.34
1311.35 -1311.35
1489.17 -1489.17
1665.8 -1665.8
1841.24 -1841.24
2015.49 -2015.49
2188.57 -2188.57
2360.46 -2360.46
2531.17 -2531.17
2700.72 -2700.72
2869.09 -2869.09
3036.3 -3036.3
3202.34 -3202.34
3367.23 -3367.23
3530.96 -3530.96
3693.54 -3693.54
3848.98 -3848.98
4003.07 -4003.07
4155.96 -4155.96
4307.64 -4307.64
4458.14 -4458.14
4607.45 -4607.45
4755.57 -4755.57
4902.52 -4902.52
5048.28 -5048.28
5192.88 -5192.88
5336.32 -5336.32
5478.59 -5478.59
5619.71 -5619.71
5759.68 -5759.68
5898.51 -5898.51
6036.19 -6036.19
6172.75 -6172.75
6308.17 -6308.17
6442.47 -6442.47
6575.66 -6575.66
6707.73 -6707.73
6838.7 -6838.7
6968.57 -6968.57
7097.34 -7097.34
7225.02 -7225.02
7351.63 -7351.63
7477.15 -7477.15
7601.61 -7601.61
7725 -7725
7847.33 -7847.33
7968.62 -7968.62
8088.85 -8088.85
8208.05 -8208.05
8326.21 -8326.21
8443.35 -8443.35
8559.46 -8559.46
8674.56 -8674.56
8788.65 -8788.65
8901.74 -8901.74
9013.84 -9013.84
9124.95 -9124.95
9235.07 -9235.07
9344.22 -9344.22
9452.41 -9452.41
9559.62 -9559.62
9665.89 -9665.89
9771.2 -9771.2
9875.57 -9875.57
9979 -9979
10081.5 -10081.5
10183.1 -10183.1
10283.8 -10283.8
10383.5 -10383.5
10482.4 -10482.4
10580.3 -10580.3
10677.4 -10677.4
10773.6 -10773.6
10868.9 -10868.9
10963.3 -10963.3
11056.9 -11056.9
11149.6 -11149.6
11241.4 -11241.4
11332.5 -11332.5
11422.6 -11422.6
11512 -11512
11600.5 -11600.5
11688.2 -11688.2
11775.1 -11775.1
11861.2 -11861.2
11946.5 -11946.5
12031 -12031
12114.7 -12114.7
12197.7 -12197.7
12279.8 -12279.8
12361.2 -12361.2
12441.8 -12441.8
12521.7 -12521.7
12600.9 -12600.9
12679.3 -12679.3
12756.9 -12756.9
12833.9 -12833.9
12910.1 -12910.1
12985.6 -12985.6
13060.3 -13060.3
13134.4 -13134.4
13207.8 -13207.8
13280.5 -13280.5
13352.5 -13352.5
13423.8 -13423.8
13494.5 -13494.5
13564.4 -13564.4
13633.8 -13633.8
13702.4 -13702.4
13770.4 -13770.4
13837.8 -13837.8
13904.5 -13904.5
13970.6 -13970.6
14036.1 -14036.1
14101 -14101
14165.2 -14165.2
14228.8 -14228.8
14291.8 -14291.8
14354.3 -14354.3
14416.1 -14416.1
14477.3 -14477.3
14538 -14538
14598.1 -14598.1
14657.6 -14657.6
14716.5 -14716.5
14774.9 -14774.9
14832.7 -14832.7
14890 -14890
14946.8 -14946.8
15002.9 -15002.9
15058.6 -15058.6
15113.7 -15113.7
15168.3 -15168.3
15222.4 -15222.4
15276 -15276
15329.1 -15329.1
15381.6 -15381.6
15433.7 -15433.7
15485.2 -15485.2
15536.3 -15536.3
15586.9 -15586.9
15637 -15637
15686.7 -15686.7
15735.8 -15735.8
15784.5 -15784.5
15832.8 -15832.8
15880.5 -15880.5
15927.9 -15927.9
15974.8 -15974.8
16021.2 -16021.2
16067.2 -16067.2
16112.8 -16112.8
16157.9 -16157.9
16202.6 -16202.6
16246.9 -16246.9
16290.8 -16290.8
16334.3 -16334.3
16377.3 -16377.3
16420 -16420
16462.2 -16462.2
16504.1 -16504.1
16545.5 -16545.5
16586.6 -16586.6
16627.3 -16627.3
16667.6 -16667.6
16707.6 -16707.6
16747.2 -16747.2
16786.4 -16786.4
16825.2 -16825.2
16863.7 -16863.7
16901.8 -16901.8
16939.6 -16939.6
16977 -16977
17014.1 -17014.1
17050.8 -17050.8
17087.2 -17087.2
17123.3 -17123.3
17159.1 -17159.1
17194.5 -17194.5
17229.6 -17229.6
17264.4 -17264.4
17298.8 -17298.8
17333 -17333
17366.8 -17366.8
17400.3 -17400.3
17433.6 -17433.6
17466.5 -17466.5
17499.2 -17499.2
17531.5 -17531.5
17563.6 -17563.6
17595.3 -17595.3
17626.8 -17626.8
17658.1 -17658.1
17689 -17689
17719.7 -17719.7
17750.1 -17750.1
17780.2 -17780.2
17810.1 -17810.1
17839.7 -17839.7
17869 -17869
17898.1 -17898.1
17927 -17927
17955.6 -17955.6
17983.9 -17983.9
18012.1 -18012.1
18039.9 -18039.9
18067.6 -18067.6
18095 -18095
18122.1 -18122.1
18149.1 -18149.1
18175.8 -18175.8
18202.3 -18202.3
18228.6 -18228.6
18254.6 -18254.6
18280.4 -18280.4
18306.1 -18306.1
18331.5 -18331.5
18356.7 -18356.7
18381.7 -18381.7
18406.5 -18406.5
18431.1 -18431.1
18455.5 -18455.5
18479.7 -18479.7
18503.7 -18503.7
18527.5 -18527.5
18551.2 -18551.2
18574.6 -18574.6
18597.9 -18597.9
18620.9 -18620.9
18643.8 -18643.8
18666.6 -18666.6
18689.1 -18689.1
18711.5 -18711.5
18733.7 -18733.7
18755.7 -18755.7
18777.6 -18777.6
18799.3 -18799.3
18820.8 -18820.8
18842.2 -18842.2
18863.4 -18863.4
18884.5 -18884.5
18905.4 -18905.4
18926.1 -18926.1
18946.7 -18946.7
18967.2 -18967.2
18987.5 -18987.5
19007.7 -19007.7
19027.7 -19027.7
19047.6 -19047.6
19067.3 -19067.3
19086.9 -19086.9
19106.3 -19106.3
19125.7 -19125.7
19144.9 -19144.9
19163.9 -19163.9
19182.8 -19182.8
19201.6 -19201.6
19220.3 -19220.3
19238.9 -19238.9
19257.3 -19257.3
19275.6 -19275.6
19293.8 -19293.8
19311.8 -19311.8
19329.8 -19329.8
19347.6 -19347.6
19365.3 -19365.3
19382.9 -19382.9
19400.4 -19400.4
19417.7 -19417.7
19435 -19435
19452.2 -19452.2
19469.2 -19469.2
19486.2 -19486.2
19503 -19503
19519.8 -19519.8
19536.4 -19536.4
19552.9 -19552.9
19569.4 -19569.4
19585.7 -19585.7
19602 -19602
19618.1 -19618.1
19634.2 -19634.2
19650.1 -19650.1
19666 -19666
19681.8 -19681.8
19697.5 -19697.5
19713.1 -19713.1
19728.6 -19728.6
19744 -19744
19759.4 -19759.4
19774.6 -19774.6
19789.8 -19789.8
19804.9 -19804.9
19819.9 -19819.9
19834.9 -19834.9
19849.7 -19849.7
19864.5 -19864.5
19879.2 -19879.2
19893.8 -19893.8
19908.4 -19908.4
19922.8 -19922.8
19937.2 -19937.2
19951.6 -19951.6
19965.8 -19965.8
19980 -19980
19994.1 -19994.1
20008.2 -20008.2
20022.1 -20022.1
20036 -20036
20049.9 -20049.9
20063.7 -20063.7
20077.4 -20077.4
20091 -20091
20104.6 -20104.6
20118.1 -20118.1
20131.6 -20131.6
20144.9 -20144.9
20158.3 -20158.3
20171.5 -20171.5
20184.8 -20184.8
20197.9 -20197.9
20211 -20211
20224 -20224
20237 -20237
20249.9 -20249.9
20262.8 -20262.8
20275.6 -20275.6
20288.4 -20288.4
20301.1 -20301.1
20313.7 -20313.7
20326.3 -20326.3
20338.8 -20338.8
20351.3 -20351.3
20363.8 -20363.8
20376.1 -20376.1
20388.5 -20388.5
20400.8 -20400.8
20413 -20413
20425.2 -20425.2
20437.3 -20437.3
20449.4 -20449.4
20461.5 -20461.5
20473.5 -20473.5
20485.4 -20485.4
20497.3 -20497.3
20509.2 -20509.2
20521 -20521
20532.8 -20532.8
20544.5 -20544.5
20556.2 -20556.2
20567.8 -20567.8
20579.4 -20579.4
20591 -20591
20602.5 -20602.5
20614 -20614
20625.4 -20625.4
20636.8 -20636.8
20648.2 -20648.2
20659.5 -20659.5
20670.8 -20670.8
20682 -20682
20693.2 -20693.2
20704.4 -20704.4
20715.5 -20715.5
20726.6 -20726.6
20737.6 -20737.6
20748.6 -20748.6
20759.6 -20759.6
20770.6 -20770.6
20781.5 -20781.5
20792.3 -20792.3
20803.2 -20803.2
20814 -20814
20824.7 -20824.7
20835.5 -20835.5
20846.2 -20846.2
20856.8 -20856.8
20867.5 -20867.5
20878 -20878
20888.6 -20888.6
20899.1 -20899.1
20909.6 -20909.6
20920.1 -20920.1
20930.6 -20930.6
20941 -20941
20951.3 -20951.3
20961.7 -20961.7
20972 -20972
20982.3 -20982.3
20992.5 -20992.5
21002.8 -21002.8
21013 -21013
21023.1 -21023.1
21033.3 -21033.3
21043.4 -21043.4
21053.5 -21053.5
21063.5 -21063.5
21073.5 -21073.5
21083.5 -21083.5
21093.5 -21093.5
21103.5 -21103.5
21113.4 -21113.4
21123.3 -21123.3
21133.1 -21133.1
21143 -21143
21152.8 -21152.8
21162.6 -21162.6
21172.3 -21172.3
21182.1 -21182.1
21191.8 -21191.8
21201.5 -21201.5
21211.1 -21211.1
21220.8 -21220.8
21230.4 -21230.4
21240 -21240
21249.5 -21249.5
21259.1 -21259.1
21268.6 -21268.6
21278.1 -21278.1
21287.5 -21287.5
21297 -21297
21306.4 -21306.4
21315.8 -21315.8
21325.2 -21325.2
21334.5 -21334.5
21343.9 -21343.9
21353.2 -21353.2
21362.5 -21362.5
21371.7 -21371.7
21381 -21381
21390.2 -21390.2
21399.4 -21399.4
21408.6 -21408.6
21417.7 -21417.7
21426.9 -21426.9
21436 -21436
21445.1 -21445.1
21454.2 -21454.2
21463.2 -21463.2
21472.3 -21472.3
21481.3 -21481.3
21490.3 -21490.3
21499.2 -21499.2
21508.2 -21508.2
21517.1 -21517.1
21526.1 -21526.1
21535 -21535
21543.8 -21543.8
21552.7 -21552.7
21561.5 -21561.5
21570.4 -21570.4
21579.2 -21579.2
21587.9 -21587.9
21596.7 -21596.7
21605.5 -21605.5
21614.2 -21614.2
21622.9 -21622.9
21631.6 -21631.6
21640.3 -21640.3
21648.9 -21648.9
21657.6 -21657.6
21666.2 -21666.2
21674.8 -21674.8
21683.4 -21683.4
21691.9 -21691.9
21700.5 -21700.5
21709 -21709
21717.5 -21717.5
21726 -21726
21734.5 -21734.5
21743 -21743
21751.4 -21751.4
21759.9 -21759.9
21768.3 -21768.3
21776.7 -21776.7
21785.1 -21785.1
21793.4 -21793.4
21801.8 -21801.8
21810.1 -21810.1
21818.5 -21818.5
21826.8 -21826.8
21835.1 -21835.1
21843.3 -21843.3
21851.6 -21851.6
21859.8 -21859.8
21868.1 -21868.1
21876.3 -21876.3
21884.5 -21884.5
21892.7 -21892.7
21900.8 -21900.8
21909 -21909
21917.1 -21917.1
21925.2 -21925.2
21933.3 -21933.3
21941.4 -21941.4
21949.5 -21949.5
21957.6 -21957.6
21965.6 -21965.6
21973.7 -21973.7
21981.7 -21981.7
21989.7 -21989.7
21997.7 -21997.7
22005.7 -22005.7
22013.6 -22013.6
22021.6 -22021.6
22029.5 -22029.5
22037.4 -22037.4
22045.3 -22045.3
22053.2 -22053.2
22061.1 -22061.1
22069 -22069
22076.8 -22076.8
22084.7 -22084.7
22092.5 -22092.5
22100.3 -22100.3
22108.1 -22108.1
22115.9 -22115.9
22123.7 -22123.7
22131.4 -22131.4
22139.2 -22139.2
22146.9 -22146.9
22154.6 -22154.6
22162.4 -22162.4
22170.1 -22170.1
22177.7 -22177.7
22185.4 -22185.4
22193.1 -22193.1
22200.7 -22200.7
22208.3 -22208.3
22216 -22216
22223.6 -22223.6
22231.2 -22231.2
22238.7 -22238.7
22246.3 -22246.3
22253.9 -22253.9
22261.4 -22261.4
22269 -22269
22276.5 -22276.5
22284 -22284
22291.5 -22291.5
22299 -22299
22306.5 -22306.5
22313.9 -22313.9
22321.4 -22321.4
22328.8 -22328.8
22336.2 -22336.2
22343.6 -22343.6
22351.1 -22351.1
22358.4 -22358.4
22365.8 -22365.8
22373.2 -22373.2
22380.6 -22380.6
22387.9 -22387.9
22395.2 -22395.2
22402.6 -22402.6
22409.9 -22409.9
22417.2 -22417.2
22424.5 -22424.5
22431.7 -22431.7
22439 -22439
22446.3 -22446.3
22453.5 -22453.5
22460.7 -22460.7
22468 -22468
22475.2 -22475.2
22482.4 -22482.4
22489.6 -22489.6
22496.7 -22496.7
22503.9 -22503.9
22511.1 -22511.1
22518.2 -22518.2
22525.4 -22525.4
22532.5 -22532.5
22539.6 -22539.6
22546.7 -22546.7
22553.8 -22553.8
22560.9 -22560.9
22568 -22568
22575 -22575
22582.1 -22582.1
22589.1 -22589.1
22596.1 -22596.1
22603.2 -22603.2
22610.2 -22610.2
22617.2 -22617.2
22624.2 -22624.2
22631.1 -22631.1
22638.1 -22638.1
22645.1 -22645.1
22652 -22652
22659 -22659
22665.9 -22665.9
22672.8 -22672.8
22679.7 -22679.7
22686.6 -22686.6
22693.5 -22693.5
22700.4 -22700.4
22707.3 -22707.3
22714.1 -22714.1
22721 -22721
22727.8 -22727.8
22734.7 -22734.7
22741.5 -22741.5
22748.3 -22748.3
22755.1 -22755.1
22761.9 -22761.9
22768.7 -22768.7
22775.4 -22775.4
22782.2 -22782.2
22789 -22789
22795.7 -22795.7
22802.4 -22802.4
22809.2 -22809.2
22815.9 -22815.9
22822.6 -22822.6
22829.3 -22829.3
22836 -22836
22842.6 -22842.6
22849.3 -22849.3
22856 -22856
22862.6 -22862.6
22869.3 -22869.3
22875.9 -22875.9
22882.5 -22882.5
22889.1 -22889.1
22895.8 -22895.8
22902.3 -22902.3
22908.9 -22908.9
22915.5 -22915.5
22922.1 -22922.1
22928.6 -22928.6
22935.2 -22935.2
22941.7 -22941.7
22948.3 -22948.3
22954.8 -22954.8
22961.3 -22961.3
22967.8 -22967.8
22974.3 -22974.3
22980.8 -22980.8
22987.3 -22987.3
22993.8 -22993.8
23000.2 -23000.2
23006.7 -23006.7
23013.1 -23013.1
23019.6 -23019.6
23026 -23026
23032.4 -23032.4
23038.8 -23038.8
23045.2 -23045.2
23051.6 -23051.6
23058 -23058
23064.4 -23064.4
23070.7 -23070.7
23077.1 -23077.1
23083.5 -23083.5
23089.8 -23089.8
23096.1 -23096.1
23102.5 -23102.5
23108.8 -23108.8
23115.1 -23115.1
23121.4 -23121.4
23127.7 -23127.7
23134 -23134
23140.2 -23140.2
23146.5 -23146.5
23152.8 -23152.8
23159 -23159
23165.3 -23165.3
23171.5 -23171.5
23177.7 -23177.7
23183.9 -23183.9
23190.1 -23190.1
23196.3 -23196.3
23202.5 -23202.5
23208.7 -23208.7
23214.9 -23214.9
23221.1 -23221.1
23227.2 -23227.2
23233.4 -23233.4
23239.5 -23239.5
23245.7 -23245.7
23251.8 -23251.8
23257.9 -23257.9
23264 -23264
23270.1 -23270.1
23276.2 -23276.2
23282.3 -23282.3
23288.4 -23288.4
23294.5 -23294.5
23300.6 -23300.6
23306.6 -23306.6
23312.7 -23312.7
23318.7 -23318.7
23324.7 -23324.7
23330.8 -23330.8
23336.8 -23336.8
23342.8 -23342.8
23348.8 -23348.8
23354.8 -23354.8
23360.8 -23360.8
23366.8 -23366.8
23372.7 -23372.7
23378.7 -23378.7
23384.7 -23384.7
23390.6 -23390.6
23396.6 -23396.6
23402.5 -23402.5
23408.4 -23408.4
23414.4 -23414.4
23420.3 -23420.3
23426.2 -23426.2
23432.1 -23432.1
23438 -23438
23443.8 -23443.8
23449.7 -23449.7
23455.6 -23455.6
23461.5 -23461.5
23467.3 -23467.3
23473.2 -23473.2
23479 -23479
23484.8 -23484.8
23490.6 -23490.6
23496.5 -23496.5
23502.3 -23502.3
23508.1 -23508.1
23513.9 -23513.9
23519.7 -23519.7
23525.4 -23525.4
23531.2 -23531.2
23537 -23537
23542.7 -23542.7
23548.5 -23548.5
23554.2 -23554.2
23560 -23560
23565.7 -23565.7
23571.4 -23571.4
23577.2 -23577.2
23582.9 -23582.9
23588.6 -23588.6
23594.3 -23594.3
23599.9 -23599.9
23605.6 -23605.6
23611.3 -23611.3
23617 -23617
23622.6 -23622.6
23628.3 -23628.3
23633.9 -23633.9
23639.6 -23639.6
23645.2 -23645.2
23650.8 -23650.8
23656.5 -23656.5
23662.1 -23662.1
23667.7 -23667.7
23673.3 -23673.3
23678.9 -23678.9
23684.4 -23684.4
23690 -23690
23695.6 -23695.6
23701.2 -23701.2
23706.7 -23706.7
23712.3 -23712.3
23717.8 -23717.8
23723.3 -23723.3
23728.9 -23728.9
23734.4 -23734.4
23739.9 -23739.9
23745.4 -23745.4
23750.9 -23750.9
23756.4 -23756.4
23761.9 -23761.9
23767.4 -23767.4
23772.9 -23772.9
23778.4 -23778.4
23783.8 -23783.8
23789.3 -23789.3
23794.7 -23794.7
23800.2 -23800.2
23805.6 -23805.6
23811 -23811
23816.5 -23816.5
23821.9 -23821.9
23827.3 -23827.3
23832.7 -23832.7
23838.1 -23838.1
23843.5 -23843.5
23848.9 -23848.9
23854.3 -23854.3
23859.6 -23859.6
23865 -23865
23870.4 -23870.4
23875.7 -23875.7
23881.1 -23881.1
23886.4 -23886.4
23891.7 -23891.7
23897.1 -23897.1
23902.4 -23902.4
23907.7 -23907.7
23913 -23913
23918.3 -23918.3
23923.6 -23923.6
23928.9 -23928.9
23934.2 -23934.2
23939.5 -23939.5
23944.7 -23944.7
23950 -23950
23955.3 -23955.3
23960.5 -23960.5
23965.8 -23965.8
23971 -23971
23976.2 -23976.2
23981.5 -23981.5
23986.7 -23986.7
23991.9 -23991.9
23997.1 -23997.1
24002.3 -24002.3
24007.5 -24007.5
24012.7 -24012.7
24017.9 -24017.9
24023.1 -24023.1
24028.3 -24028.3
24033.4 -24033.4
24038.6 -24038.6
24043.7 -24043.7
24048.9 -24048.9
24054 -24054
24059.2 -24059.2
24064.3 -24064.3
24069.4 -24069.4
24074.6 -24074.6
24079.7 -24079.7
24084.8 -24084.8
24089.9 -24089.9
24095 -24095
24100.1 -24100.1
24105.2 -24105.2
24110.2 -24110.2
24115.3 -24115.3
24120.4 -24120.4
24125.4 -24125.4
24130.5 -24130.5
24135.5 -24135.5
24140.6 -24140.6
24145.6 -24145.6
24150.7 -24150.7
24155.7 -24155.7
24160.7 -24160.7
24165.7 -24165.7
24170.7 -24170.7
24175.7 -24175.7
24180.7 -24180.7
24185.7 -24185.7
24190.7 -24190.7
24195.7 -24195.7
24200.7 -24200.7
24205.7 -24205.7
24210.6 -24210.6
24215.6 -24215.6
24220.5 -24220.5
24225.5 -24225.5
24230.4 -24230.4
24235.4 -24235.4
24240.3 -24240.3
24245.2 -24245.2
24250.1 -24250.1
24255.1 -24255.1
24260 -24260
24264.9 -24264.9
24269.8 -24269.8
24274.7 -24274.7
24279.5 -24279.5
24284.4 -24284.4
24289.3 -24289.3
24294.2 -24294.2
24299 -24299
24303.9 -24303.9
24308.8 -24308.8
24313.6 -24313.6
24318.5 -24318.5
24323.3 -24323.3
24328.1 -24328.1
24333 -24333
24337.8 -24337.8
24342.6 -24342.6
24347.4 -24347.4
24352.2 -24352.2
24357 -24357
24361.8 -24361.8
24366.6 -24366.6
24371.4 -24371.4
24376.2 -24376.2
24380.9 -24380.9
24385.7 -24385.7
24390.5 -24390.5
24395.2 -24395.2
24400 -24400
24404.7 -24404.7
24409.5 -24409.5
24414.2 -24414.2
24419 -24419
24423.7 -24423.7
24428.4 -24428.4
24433.1 -24433.1
24437.8 -24437.8
24442.6 -24442.6
24447.3 -24447.3
24452 -24452
24456.6 -24456.6
24461.3 -24461.3
24466 -24466
24470.7 -24470.7
24475.4 -24475.4
24480 -24480
24484.7 -24484.7
24489.4 -24489.4
24494 -24494
24498.7 -24498.7
24503.3 -24503.3
24507.9 -24507.9
24512.6 -24512.6
24517.2 -24517.2
24521.8 -24521.8
24526.4 -24526.4
24531.1 -24531.1
24535.7 -24535.7
24540.3 -24540.3
24544.9 -24544.9
24549.5 -24549.5
24554 -24554
24558.6 -24558.6
24563.2 -24563.2
24567.8 -24567.8
24572.4 -24572.4
24576.9 -24576.9
24581.5 -24581.5
24586 -24586
24590.6 -24590.6
24595.1 -24595.1
24599.7 -24599.7
24604.2 -24604.2
24608.7 -24608.7
24613.3 -24613.3
24617.8 -24617.8
24622.3 -24622.3
24626.8 -24626.8
24631.3 -24631.3
24635.8 -24635.8
24640.3 -24640.3
24644.8 -24644.8
24649.3 -24649.3
24653.8 -24653.8
24658.3 -24658.3
24662.7 -24662.7
24667.2 -24667.2
24671.7 -24671.7
24676.1 -24676.1
24680.6 -24680.6
24685 -24685
24689.5 -24689.5
24693.9 -24693.9
24698.4 -24698.4
24702.8 -24702.8
24707.2 -24707.2
24711.7 -24711.7
24716.1 -24716.1
24720.5 -24720.5
24724.9 -24724.9
24729.3 -24729.3
24733.7 -24733.7
24738.1 -24738.1
24742.5 -24742.5
24746.9 -24746.9
24751.3 -24751.3
24756.5 -24756.5
24763.4 -24763.4
24770.2 -24770.2
24777.1 -24777.1
24784 -24784
24790.8 -24790.8
24797.7 -24797.7
24804.5 -24804.5
24811.4 -24811.4
24818.2 -24818.2
24825.1 -24825.1
24831.9 -24831.9
24838.7 -24838.7
24845.6 -24845.6
24852.4 -24852.4
24859.2 -24859.2
24866.1 -24866.1
24872.9 -24872.9
24879.7 -24879.7
24886.6 -24886.6
24893.4 -24893.4
24900.2 -24900.2
24907 -24907
24913.9 -24913.9
24920.7 -24920.7
24927.5 -24927.5
24934.3 -24934.3
24941.1 -24941.1
24947.9 -24947.9
24954.8 -24954.8
24961.6 -24961.6
24968.4 -24968.4
24975.2 -24975.2
24982 -24982
24988.8 -24988.8
24995.6 -24995.6
25002.4 -25002.4
25009.2 -25009.2
25016 -25016
25022.8 -25022.8
25029.5 -25029.5
25036.3 -25036.3
25043.1 -25043.1
25049.9 -25049.9
25056.7 -25056.7
25063.5 -25063.5
25070.3 -25070.3
25077 -25077
25083.8 -25083.8
25090.6 -25090.6
25097.4 -25097.4
25104.1 -25104.1
25110.9 -25110.9
25117.7 -25117.7
25124.4 -25124.4
25131.2 -25131.2
25138 -25138
25144.7 -25144.7
25151.5 -25151.5
25158.2 -25158.2
25165 -25165
25171.8 -25171.8
25178.5 -25178.5
25185.3 -25185.3
25192 -25192
25198.8 -25198.8
25205.5 -25205.5
25212.2 -25212.2
25219 -25219
25225.7 -25225.7
25232.5 -25232.5
25239.2 -25239.2
25246 -25246
25252.7 -25252.7
25259.4 -25259.4
25266.2 -25266.2
25272.9 -25272.9
25279.6 -25279.6
25286.3 -25286.3
25293.1 -25293.1
25299.8 -25299.8
25306.5 -25306.5
25313.2 -25313.2
25320 -25320
25326.7 -25326.7
25333.4 -25333.4
25340.1 -25340.1
25346.8 -25346.8
25353.5 -25353.5
25360.2 -25360.2
25367 -25367
25373.7 -25373.7
25380.4 -25380.4
25387.1 -25387.1
25393.8 -25393.8
25400.5 -25400.5
25407.2 -25407.2
25413.9 -25413.9
25420.6 -25420.6
25427.3 -25427.3
25434 -25434
25440.7 -25440.7
25447.3 -25447.3
25454 -25454
25460.7 -25460.7
25467.4 -25467.4
25474.1 -25474.1
25480.8 -25480.8
25487.5 -25487.5
25494.1 -25494.1
25500.8 -25500.8
25507.5 -25507.5
25514.2 -25514.2
25520.9 -25520.9
25527.5 -25527.5
25534.2 -25534.2
25540.9 -25540.9
25547.5 -25547.5
25554.2 -25554.2
25560.9 -25560.9
25567.5 -25567.5
25574.2 -25574.2
25580.9 -25580.9
25587.5 -25587.5
25594.2 -25594.2
25600.9 -25600.9
25607.5 -25607.5
25614.2 -25614.2
25620.8 -25620.8
25627.5 -25627.5
25634.1 -25634.1
25640.8 -25640.8
25647.4 -25647.4
25654.1 -25654.1
25660.7 -25660.7
25667.4 -25667.4
25674 -25674
25680.7 -25680.7
25687.3 -25687.3
25693.9 -25693.9
25700.6 -25700.6
25707.2 -25707.2
25713.9 -25713.9
25720.5 -25720.5
25727.1 -25727.1
25733.8 -25733.8
25740.4 -25740.4
25747 -25747
25753.6 -25753.6
25760.3 -25760.3
25766.9 -25766.9
25773.5 -25773.5
25780.1 -25780.1
25786.8 -25786.8
25793.4 -25793.4
25800 -25800
25806.6 -25806.6
25813.2 -25813.2
25819.9 -25819.9
25826.5 -25826.5
25833.1 -25833.1
25839.7 -25839.7
25846.3 -25846.3
25852.9 -25852.9
25859.5 -25859.5
25866.1 -25866.1
25872.7 -25872.7
25879.3 -25879.3
25885.9 -25885.9
25892.5 -25892.5
25899.1 -25899.1
25905.7 -25905.7
25912.3 -25912.3
25918.9 -25918.9
25925.5 -25925.5
25932.1 -25932.1
25938.7 -25938.7
25945.3 -25945.3
25951.9 -25951.9
25958.5 -25958.5
25965.1 -25965.1
25971.7 -25971.7
25978.3 -25978.3
25984.9 -25984.9
25991.4 -25991.4
25998 -25998
26004.6 -26004.6
26011.2 -26011.2
26017.8 -26017.8
26024.3 -26024.3
26030.9 -26030.9
26037.5 -26037.5
26044.1 -26044.1
26050.6 -26050.6
26057.2 -26057.2
26063.8 -26063.8
26070.4 -26070.4
26076.9 -26076.9
26083.5 -26083.5
26090.1 -26090.1
26096.6 -26096.6
26103.2 -26103.2
26109.8 -26109.8
26116.3 -26116.3
26122.9 -26122.9
26129.4 -26129.4
26136 -26136
26142.6 -26142.6
26149.1 -26149.1
26155.7 -26155.7
26162.2 -26162.2
26168.8 -26168.8
26175.3 -26175.3
26181.9 -26181.9
26188.4 -26188.4
26195 -26195
26201.5 -26201.5
26208.1 -26208.1
26214.6 -26214.6
26221.2 -26221.2
26227.7 -26227.7
26234.3 -26234.3
26240.8 -26240.8
26247.3 -26247.3
26253.9 -26253.9
26260.4 -26260.4
26266.9 -26266.9
26273.5 -26273.5
26280 -26280
26286.6 -26286.6
26293.1 -26293.1
26299.6 -26299.6
26306.2 -26306.2
26312.7 -26312.7
26319.2 -26319.2
26325.7 -26325.7
26332.3 -26332.3
26338.8 -26338.8
26345.3 -26345.3
26351.8 -26351.8
26358.4 -26358.4
26364.9 -26364.9
26371.4 -26371.4
26377.9 -26377.9
26384.4 -26384.4
26391 -26391
26397.5 -26397.5
26404 -26404
26410.5 -26410.5
26417 -26417
26423.5 -26423.5
26430.1 -26430.1
26436.6 -26436.6
26443.1 -26443.1
26449.6 -26449.6
26456.1 -26456.1
26462.6 -26462.6
26469.1 -26469.1
26475.6 -26475.6
26482.1 -26482.1
26488.6 -26488.6
26495.1 -26495.1
26501.6 -26501.6
26508.1 -26508.1
26514.6 -26514.6
26521.1 -26521.1
26527.6 -26527.6
26534.1 -26534.1
26540.6 -26540.6
26547.1 -26547.1
26553.6 -26553.6
26560.1 -26560.1
26566.6 -26566.6
26573.1 -26573.1
26579.6 -26579.6
26586 -26586
26592.5 -26592.5
26599 -26599
26605.5 -26605.5
26612 -26612
26618.5 -26618.5
26625 -26625
26631.4 -26631.4
26637.9 -26637.9
26644.4 -26644.4
26650.9 -26650.9
26657.4 -26657.4
26663.8 -26663.8
26670.3 -26670.3
26676.8 -26676.8
26683.3 -26683.3
26689.7 -26689.7
26696.2 -26696.2
26702.7 -26702.7
26709.2 -26709.2
26715.6 -26715.6
26722.1 -26722.1
26728.6 -26728.6
26735 -26735
26741.5 -26741.5
26748 -26748
26754.4 -26754.4
26760.9 -26760.9
26767.4 -26767.4
26773.8 -26773.8
26780.3 -26780.3
26786.7 -26786.7
26793.2 -26793.2
26799.7 -26799.7
26806.1 -26806.1
26812.6 -26812.6
26819 -26819
26825.5 -26825.5
26831.9 -26831.9
26838.4 -26838.4
26844.9 -26844.9
26851.3 -26851.3
26857.8 -26857.8
26864.2 -26864.2
26870.7 -26870.7
26877.1 -26877.1
26883.6 -26883.6
26890 -26890
26896.4 -26896.4
26902.9 -26902.9
26909.3 -26909.3
26915.8 -26915.8
26922.2 -26922.2
26928.7 -26928.7
26935.1 -26935.1
26941.5 -26941.5
26948 -26948
26954.4 -26954.4
26960.9 -26960.9
26967.3 -26967.3
26973.7 -26973.7
26980.2 -26980.2
26986.6 -26986.6
26993 -26993
26999.5 -26999.5
27005.9 -27005.9
27012.3 -27012.3
27018.8 -27018.8
27025.2 -27025.2
27031.6 -27031.6
27038.1 -27038.1
27044.5 -27044.5
27050.9 -27050.9
27057.3 -27057.3
27063.8 -27063.8
27070.2 -27070.2
27076.6 -27076.6
27083 -27083
27089.5 -27089.5
27095.9 -27095.9
27102.3 -27102.3
27108.7 -27108.7
27115.1 -27115.1
27121.6 -27121.6
27128 -27128
27134.4 -27134.4
27140.8 -27140.8
27147.2 -27147.2
27153.6 -27153.6
27160 -27160
27166.5 -27166.5
27172.9 -27172.9
27179.3 -27179.3
27185.7 -27185.7
27192.1 -27192.1
27198.5 -27198.5
27204.9 -27204.9
27211.3 -27211.3
27217.7 -27217.7
27224.1 -27224.1
27230.5 -27230.5
27237 -27237
27243.4 -27243.4
27249.8 -27249.8
27256.2 -27256.2
27262.6 -27262.6
27269 -27269
27275.4 -27275.4
27281.8 -27281.8
27288.2 -27288.2
27294.6 -27294.6
27301 -27301
27307.4 -27307.4
27313.7 -27313.7
27320.1 -27320.1
27326.5 -27326.5
27332.9 -27332.9
27339.3 -27339.3
27345.7 -27345.7
27352.1 -27352.1
27358.5 -27358.5
27364.9 -27364.9
27371.3 -27371.3
27377.7 -27377.7
27384.1 -27384.1
27390.4 -27390.4
27396.8 -27396.8
27403.2 -27403.2
27409.6 -27409.6
27416 -27416
27422.4 -27422.4
27428.7 -27428.7
27435.1 -27435.1
27441.5 -27441.5
27447.9 -27447.9
27454.3 -27454.3
27460.7 -27460.7
27467 -27467
27473.4 -27473.4
27479.8 -27479.8
27486.2 -27486.2
27492.5 -27492.5
27498.9 -27498.9
27505.3 -27505.3
27511.7 -27511.7
27518 -27518
27524.4 -27524.4
27530.8 -27530.8
27537.2 -27537.2
27543.5 -27543.5
27549.9 -27549.9
27556.3 -27556.3
27562.6 -27562.6
27569 -27569
27575.4 -27575.4
27581.7 -27581.7
27588.1 -27588.1
27594.5 -27594.5
27600.8 -27600.8
27607.2 -27607.2
27613.6 -27613.6
27619.9 -27619.9
27626.3 -27626.3
27632.6 -27632.6
27639 -27639
27645.4 -27645.4
27651.7 -27651.7
27658.1 -27658.1
27664.4 -27664.4
27670.8 -27670.8
27677.2 -27677.2
27683.5 -27683.5
27689.9 -27689.9
27696.2 -27696.2
27702.6 -27702.6
27708.9 -27708.9
27715.3 -27715.3
27721.6 -27721.6
27728 -27728
27734.3 -27734.3
27740.7 -27740.7
27747 -27747
27753.4 -27753.4
27759.7 -27759.7
27766.1 -27766.1
27772.4 -27772.4
27778.8 -27778.8
27785.1 -27785.1
27791.5 -27791.5
27797.8 -27797.8
27804.2 -27804.2
27810.5 -27810.5
27816.8 -27816.8
27823.2 -27823.2
27829.5 -27829.5
27835.9 -27835.9
27842.2 -27842.2
27848.6 -27848.6
27854.9 -27854.9
27861.2 -27861.2
27867.6 -27867.6
27873.9 -27873.9
27880.2 -27880.2
27886.6 -27886.6
27892.9 -27892.9
27899.2 -27899.2
27905.6 -27905.6
27911.9 -27911.9
27918.3 -27918.3
27924.6 -27924.6
27930.9 -27930.9
27937.2 -27937.2
27943.6 -27943.6
27949.9 -27949.9
27956.2 -27956.2
27962.6 -27962.6
27968.9 -27968.9
27975.2 -27975.2
27981.6 -27981.6
27987.9 -27987.9
27994.2 -27994.2
28000.5 -28000.5
28006.9 -28006.9
28013.2 -28013.2
28019.5 -28019.5
28025.8 -28025.8
28032.2 -28032.2
28038.5 -28038.5
28044.8 -28044.8
28051.1 -28051.1
28057.4 -28057.4
28063.8 -28063.8
28070.1 -28070.1
28076.4 -28076.4
28082.7 -28082.7
28089 -28089
28095.3 -28095.3
28101.7 -28101.7
28108 -28108
28114.3 -28114.3
28120.6 -28120.6
28126.9 -28126.9
28133.2 -28133.2
27798.8 -27798.8
27464.6 -27464.6
27130.6 -27130.6
26796.9 -26796.9
26463.6 -26463.6
26130.7 -26130.7
25798.3 -25798.3
25466.4 -25466.4
25135.2 -25135.2
24804.5 -24804.5
24474.5 -24474.5
24145.2 -24145.2
23816.7 -23816.7
23488.9 -23488.9
23161.9 -23161.9
22835.8 -22835.8
22510.6 -22510.6
22186.3 -22186.3
21863 -21863
21540.6 -21540.6
21219.3 -21219.3
20899 -20899
20579.7 -20579.7
20261.6 -20261.6
19944.5 -19944.5
19628.7 -19628.7
19314 -19314
19000.5 -19000.5
18688.3 -18688.3
18377.3 -18377.3
18067.6 -18067.6
17759.2 -17759.2
17452.1 -17452.1
17146.4 -17146.4
16842.1 -16842.1
16539.1 -16539.1
16237.6 -16237.6
15937.5 -15937.5
15638.8 -15638.8
15341.7 -15341.7
15046 -15046
14751.8 -14751.8
14459.2 -14459.2
14168.1 -14168.1
13878.6 -13878.6
13590.7 -13590.7
13304.4 -13304.4
13019.7 -13019.7
12736.7 -12736.7
12455.3 -12455.3
12175.5 -12175.5
11897.5 -11897.5
11621.1 -11621.1
11346.5 -11346.5
11073.5 -11073.5
10802.3 -10802.3
10532.9 -10532.9
10265.2 -10265.2
9999.22 -9999.22
9735.06 -9735.06
9472.69 -9472.69
9212.13 -9212.13
8953.37 -8953.37
8696.43 -8696.43
8441.32 -8441.32
8188.04 -8188.04
7936.61 -7936.61
7687.03 -7687.03
7439.3 -7439.3
7193.45 -7193.45
6949.46 -6949.46
6707.35 -6707.35
6467.13 -6467.13
6228.79 -6228.79
5992.34 -5992.34
5757.79 -5757.79
5525.15 -5525.15
5294.4 -5294.4
5065.57 -5065.57
4838.64 -4838.64
4613.63 -4613.63
4397.04 -4397.04
4186.63 -4186.63
3977.95 -3977.95
3771 -3771
3565.78 -3565.78
3362.3 -3362.3
3160.55 -3160.55
2960.53 -2960.53
2762.25 -2762.25
2565.69 -2565.69
2370.87 -2370.87
2177.78 -2177.78
1986.42 -1986.42
1796.79 -1796.79
1608.88 -1608.88
1430.21 -1430.21
1259.55 -1259.55
1090.46 -1090.46
923.65 -923.65
758.487 -758.487
595.675 -595.675
434.876 -434.876
276.318 -276.318
120.111 -120.111
-32.0991 32.0991
-191.523 191.523
-350.434 350.434
-510.85 510.85
-669.575 669.575
-826.763 826.763
-983.055 983.055
-1137.75 1137.75
-1290.85 1290.85
-1442.88 1442.88
-1593.62 1593.62
-1742.77 1742.77
-1890.39 1890.39
-2037.21 2037.21
-2182.44 2182.44
-2326.09 2326.09
-2468.18 2468.18
-2608.7 2608.7
-2748.25 2748.25
-2886.57 2886.57
-3023.33 3023.33
-3158.55 3158.55
-3292.23 3292.23
-3424.39 3424.39
-3555.05 3555.05
-3684.2 3684.2
-3811.86 3811.86
-3938.05 3938.05
-4062.78 4062.78
-4186.06 4186.06
-4307.9 4307.9
-4428.31 4428.31
-4547.31 4547.31
-4664.9 4664.9
-4781.11 4781.11
-4895.94 4895.94
-5009.4 5009.4
-5121.52 5121.52
-5232.29 5232.29
-5341.74 5341.74
-5449.88 5449.88
-5556.71 5556.71
-5662.25 5662.25
-5766.52 5766.52
-5869.53 5869.53
-5971.28 5971.28
-6071.8 6071.8
-6171.09 6171.09
-6269.17 6269.17
-6366.05 6366.05
-6461.74 6461.74
-6556.26 6556.26
-6649.62 6649.62
-6741.83 6741.83
-6832.9 6832.9
-6922.85 6922.85
-7011.69 7011.69
-7099.43 7099.43
-7186.08 7186.08
-7271.67 7271.67
-7356.19 7356.19
-7439.66 7439.66
-7522.1 7522.1
-7603.52 7603.52
-7683.92 7683.92
-7763.33 7763.33
-7841.75 7841.75
-7919.19 7919.19
-7995.67 7995.67
-8071.2 8071.2
-8145.79 8145.79
-8219.45 8219.45
-8292.21 8292.21
-8364.06 8364.06
-8435.02 8435.02
-8505.1 8505.1
-8574.32 8574.32
-8642.68 8642.68
-8710.2 8710.2
-8776.89 8776.89
-8842.75 8842.75
-8907.81 8907.81
-8972.07 8972.07
-9035.55 9035.55
-9098.24 9098.24
-9160.18 9160.18
-9221.36 9221.36
-9281.79 9281.79
-9341.49 9341.49
-9400.48 9400.48
-9458.75 9458.75
-9516.32 9516.32
-9573.19 9573.19
-9629.39 9629.39
-9684.92 9684.92
-9739.79 9739.79
-9794 9794
-9847.58 9847.58
-9900.53 9900.53
-9952.85 9952.85
-10004.6 10004.6
-10055.7 10055.7
-10106.2 10106.2
-10156.1 10156.1
-10205.5 10205.5
-10254.3 10254.3
-10302.5 10302.5
-10350.2 10350.2
-10397.3 10397.3
-10444 10444
-10490.1 10490.1
-10535.6 10535.6
-10580.7 10580.7
-10625.3 10625.3
-10669.4 10669.4
-10713 10713
-10756.1 10756.1
-10798.8 10798.8
-10841 10841
-10882.7 10882.7
-10924 10924
-10964.9 10964.9
-11005.3 11005.3
-11045.3 11045.3
-11084.9 11084.9
-11124.1 11124.1
-11162.9 11162.9
-11201.3 11201.3
-11239.3 11239.3
-11276.9 11276.9
-11314.1 11314.1
-11351 11351
-11387.5 11387.5
-11423.7 11423.7
-11459.4 11459.4
-11494.9 11494.9
-11530 11530
-11564.8 11564.8
-11599.2 11599.2
-11633.3 11633.3
-11667.1 11667.1
-11700.6 11700.6
-11733.7 11733.7
-11766.6 11766.6
-11799.2 11799.2
-11831.4 11831.4
-11863.4 11863.4
-11895.1 11895.1
-11926.5 11926.5
-11957.7 11957.7
-11988.5 11988.5
-12019.1 12019.1
-12049.5 12049.5
-12079.5 12079.5
-12109.4 12109.4
-12138.9 12138.9
-12168.3 12168.3
-12197.3 12197.3
-12226.2 12226.2
-12254.8 12254.8
-12283.2 12283.2
-12311.3 12311.3
-12339.3 12339.3
-12367 12367
-12394.5 12394.5
-12421.8 12421.8
-12448.8 12448.8
-12475.7 12475.7
-12502.3 12502.3
-12528.8 12528.8
-12555.1 12555.1
-12581.1 12581.1
-12607 12607
-12632.7 12632.7
-12658.2 12658.2
-12683.5 12683.5
-12708.7 12708.7
-12733.6 12733.6
-12758.4 12758.4
-12783 12783
-12807.5 12807.5
-12831.7 12831.7
-12855.9 12855.9
-12879.8 12879.8
-12903.6 12903.6
-12927.2 12927.2
-12950.7 12950.7
-12974.1 12974.1
-12997.2 12997.2
-13020.3 13020.3
-13043.1 13043.1
-13065.9 13065.9
-13088.5 13088.5
-13110.9 13110.9
-13133.3 13133.3
-13155.4 13155.4
-13177.5 13177.5
-13199.4 13199.4
-13221.2 13221.2
-13242.8 13242.8
-13264.4 13264.4
-13285.8 13285.8
-13307 13307
-13328.2 13328.2
-13349.2 13349.2
-13370.2 13370.2
-13391 13391
-13411.6 13411.6
-13432.2 13432.2
-13452.7 13452.7
-13473 13473
-13493.3 13493.3
-13513.4 13513.4
-13533.4 13533.4
-13553.3 13553.3
-13573.2 13573.2
-13592.9 13592.9
-13612.5 13612.5
-13632 13632
-13651.4 13651.4
-13670.7 13670.7
-13689.9 13689.9
-13709.1 13709.1
-13728.1 13728.1
-13747 13747
-13765.9 13765.9
-13784.6 13784.6
-13803.3 13803.3
-13821.9 13821.9
-13840.4 13840.4
-13858.8 13858.8
-13877.1 13877.1
-13895.3 13895.3
-13913.5 13913.5
-13931.5 13931.5
-13949.5 13949.5
-13967.4 13967.4
-13985.3 13985.3
-14003 14003
-14020.7 14020.7
-14038.3 14038.3
-14055.8 14055.8
-14073.2 14073.2
-14090.6 14090.6
-14107.9 14107.9
-14125.1 14125.1
-14142.3 14142.3
-14159.4 14159.4
-14176.4 14176.4
-14193.3 14193.3
-14210.2 14210.2
-14227 14227
-14243.7 14243.7
-14260.4 14260.4
-14277 14277
-14293.6 14293.6
-14310 14310
-14326.5 14326.5
-14342.8 14342.8
-14359.1 14359.1
-14375.3 14375.3
-14391.5 14391.5
-14407.6 14407.6
-14423.6 14423.6
-14439.6 14439.6
-14455.6 14455.6
-14471.4 14471.4
-14487.2 14487.2
-14503 14503
-14518.7 14518.7
-14534.4 14534.4
-14549.9 14549.9
-14565.5 14565.5
-14581 14581
-14596.4 14596.4
-14611.8 14611.8
-14627.1 14627.1
-14642.4 14642.4
-14657.6 14657.6
-14672.7 14672.7
-14687.9 14687.9
-14702.9 14702.9
-14718 14718
-14732.9 14732.9
-14747.8 14747.8
-14762.7 14762.7
-14777.5 14777.5
-14792.3 14792.3
-14807.1 14807.1
-14821.7 14821.7
-14836.4 14836.4
-14851 14851
-14865.5 14865.5
-14880 14880
-14894.5 14894.5
-14908.9 14908.9
-14923.3 14923.3
-14937.6 14937.6
-14951.9 14951.9
-14966.1 14966.1
-14980.3 14980.3
-14994.5 14994.5
-15008.6 15008.6
-15022.7 15022.7
-15036.7 15036.7
-15050.7 15050.7
-15064.7 15064.7
-15078.6 15078.6
-15092.5 15092.5
-15106.3 15106.3
-15120.1 15120.1
-15133.9 15133.9
-15147.6 15147.6
-15161.3 15161.3
-15174.9 15174.9
-15188.5 15188.5
-15202.1 15202.1
-15215.7 15215.7
-15229.2 15229.2
-15242.6 15242.6
-15256.1 15256.1
-15269.5 15269.5
-15282.8 15282.8
-15296.2 15296.2
-15309.4 15309.4
-15322.7 15322.7
-15335.9 15335.9
-15349.1 15349.1
-15362.3 15362.3
-15375.4 15375.4
-15388.5 15388.5
-15401.6 15401.6
-15414.6 15414.6
-15427.6 15427.6
-15440.5 15440.5
-15453.5 15453.5
-15466.4 15466.4
-15479.2 15479.2
-15492.1 15492.1
-15504.9 15504.9
-15517.7 15517.7
-15530.4 15530.4
-15543.1 15543.1
-15555.8 15555.8
-15568.5 15568.5
-15581.1 15581.1
-15593.7 15593.7
-15606.3 15606.3
-15618.8 15618.8
-15631.3 15631.3
-15643.8 15643.8
-15656.3 15656.3
-15668.7 15668.7
-15681.1 15681.1
-15693.5 15693.5
-15705.8 15705.8
-15718.1 15718.1
-15730.4 15730.4
-15742.7 15742.7
-15754.9 15754.9
-15767.1 15767.1
-15779.3 15779.3
-15791.5 15791.5
-15803.6 15803.6
-15815.7 15815.7
-15827.8 15827.8
-15839.9 15839.9
-15851.9 15851.9
-15863.9 15863.9
-15875.9 15875.9
-15887.9 15887.9
-15899.8 15899.8
-15911.7 15911.7
-15923.6 15923.6
-15935.5 15935.5
-15947.3 15947.3
-15959.1 15959.1
-15970.9 15970.9
-15982.7 15982.7
-15994.4 15994.4
-16006.1 16006.1
-16017.8 16017.8
-16029.5 16029.5
-16041.2 16041.2
-16052.8 16052.8
-16064.4 16064.4
-16076 16076
-16087.6 16087.6
-16099.1 16099.1
-16110.6 16110.6
-16122.1 16122.1
-16133.6 16133.6
-16145 16145
-16156.5 16156.5
-16167.9 16167.9
-16179.3 16179.3
-16190.7 16190.7
-16202 16202
-16213.3 16213.3
-16224.6 16224.6
-16235.9 16235.9
-16247.2 16247.2
-16258.5 16258.5
-16269.7 16269.7
-16280.9 16280.9
-16292.1 16292.1
-16303.2 16303.2
-16314.4 16314.4
-16325.5 16325.5
-16336.6 16336.6
-16347.7 16347.7
-16358.8 16358.8
-16369.9 16369.9
-16380.9 16380.9
-16391.9 16391.9
-16402.9 16402.9
-16413.9 16413.9
-16424.8 16424.8
-16435.8 16435.8
-16446.7 16446.7
-16457.6 16457.6
-16468.5 16468.5
-16479.4 16479.4
-16490.2 16490.2
-16501.1 16501.1
-16511.9 16511.9
-16522.7 16522.7
-16533.4 16533.4
-16544.2 16544.2
-16555 16555
-16565.7 16565.7
-16576.4 16576.4
-16587.1 16587.1
-16597.8 16597.8
-16608.4 16608.4
-16619.1 16619.1
-16629.7 16629.7
-16640.3 16640.3
-16650.9 16650.9
-16661.5 16661.5
-16672 16672
-16682.6 16682.6
-16693.1 16693.1
-16703.6 16703.6
-16714.1 16714.1
-16724.6 16724.6
-16735.1 16735.1
-16745.5 16745.5
-16756 16756
-16766.4 16766.4
-16776.8 16776.8
-16787.2 16787.2
-16797.5 16797.5
-16807.9 16807.9
-16818.2 16818.2
-16828.6 16828.6
-16838.9 16838.9
-16849.2 16849.2
-16859.4 16859.4
-16869.7 16869.7
-16880 16880
-16890.2 16890.2
-16900.4 16900.4
-16910.6 16910.6
-16920.8 16920.8
-16931 16931
-16941.2 16941.2
-16951.3 16951.3
-16961.4 16961.4
-16971.6 16971.6
-16981.7 16981.7
-16991.8 16991.8
-17001.8 17001.8
-17011.9 17011.9
-17022 17022
-17032 17032
-17042 17042
-17052 17052
-17062 17062
-17072 17072
-17082 17082
-17091.9 17091.9
-17101.9 17101.9
-17111.8 17111.8
-17121.7 17121.7
-17131.6 17131.6
-17141.5 17141.5
-17151.4 17151.4
-17161.2 17161.2
-17171.1 17171.1
-17180.9 17180.9
-17190.7 17190.7
-17200.5 17200.5
-17210.3 17210.3
-17220.1 17220.1
-17229.9 17229.9
-17239.7 17239.7
-17249.4 17249.4
-17259.1 17259.1
-17268.9 17268.9
-17278.6 17278.6
-17288.3 17288.3
-17297.9 17297.9
-17307.6 17307.6
-17317.3 17317.3
-17326.9 17326.9
-17336.6 17336.6
-17346.2 17346.2
-17355.8 17355.8
-17365.4 17365.4
-17375 17375
-17384.6 17384.6
-17394.1 17394.1
-17403.7 17403.7
-17413.2 17413.2
-17422.7 17422.7
-17432.3 17432.3
-17441.8 17441.8
-17451.3 17451.3
-17460.7 17460.7
-17470.2 17470.2
-17479.7 17479.7
-17489.1 17489.1
-17498.5 17498.5
-17508 17508
-17517.4 17517.4
-17526.8 17526.8
-17536.2 17536.2
-17545.5 17545.5
-17554.9 17554.9
-17564.3 17564.3
-17573.6 17573.6
-17582.9 17582.9
-17592.3 17592.3
-17601.6 17601.6
-17610.9 17610.9
-17620.2 17620.2
-17629.5 17629.5
-17638.7 17638.7
-17648 17648
-17657.2 17657.2
-17666.5 17666.5
-17675.7 17675.7
-17684.9 17684.9
-17694.1 17694.1
-17703.3 17703.3
-17712.5 17712.5
-17721.7 17721.7
-17730.8 17730.8
-17740 17740
-17749.1 17749.1
-17758.2 17758.2
-17767.4 17767.4
-17776.5 17776.5
-17785.6 17785.6
-17794.7 17794.7
-17803.7 17803.7
-17812.8 17812.8
-17821.9 17821.9
-17830.9 17830.9
-17839.9 17839.9
-17849 17849
-17858 17858
-17867 17867
-17876 17876
-17885 17885
-17894 17894
-17902.9 17902.9
-17911.9 17911.9
-17920.8 17920.8
-17929.8 17929.8
-17938.7 17938.7
-17947.6 17947.6
-17956.5 17956.5
-17965.4 17965.4
-17974.3 17974.3
-17983.2 17983.2
-17992.1 17992.1
-18000.9 18000.9
-18009.8 18009.8
-18018.6 18018.6
-18027.4 18027.4
-18036.3 18036.3
-18045.1 18045.1
-18053.9 18053.9
-18062.7 18062.7
-18071.5 18071.5
-18080.2 18080.2
-18089 18089
-18097.8 18097.8
-18106.5 18106.5
-18115.2 18115.2
-18124 18124
-18132.7 18132.7
-18141.4 18141.4
-18150.1 18150.1
-18158.8 18158.8
-18167.5 18167.5
-18176.1 18176.1
-18184.8 18184.8
-18193.5 18193.5
-18202.1 18202.1
-18210.7 18210.7
-18219.4 18219.4
-18228 18228
-18236.6 18236.6
-18245.2 18245.2
-18253.8 18253.8
-18262.4 18262.4
-18270.9 18270.9
-18279.5 18279.5
-18288.1 18288.1
-18296.6 18296.6
-18305.2 18305.2
-18313.7 18313.7
-18322.2 18322.2
-18330.7 18330.7
-18339.2 18339.2
-18347.7 18347.7
-18356.2 18356.2
-18364.7 18364.7
-18373.1 18373.1
-18381.6 18381.6
-18390 18390
-18398.5 18398.5
-18406.9 18406.9
-18415.3 18415.3
-18423.8 18423.8
-18432.2 18432.2
-18440.6 18440.6
-18449 18449
-18457.3 18457.3
-18465.7 18465.7
-18474.1 18474.1
-18482.4 18482.4
-18490.8 18490.8
-18499.1 18499.1
-18507.5 18507.5
-18515.8 18515.8
-18524.1 18524.1
-18532.4 18532.4
-18540.7 18540.7
-18549 18549
-18557.3 18557.3
-18565.5 18565.5
-18573.8 18573.8
-18582.1 18582.1
-18590.3 18590.3
-18598.6 18598.6
-18606.8 18606.8
-18615 18615
-18623.2 18623.2
-18631.4 18631.4
-18639.6 18639.6
-18647.8 18647.8
-18656 18656
-18664.2 18664.2
-18672.3 18672.3
-18680.5 18680.5
-18688.7 18688.7
-18696.8 18696.8
-18704.9 18704.9
-18713.1 18713.1
-18721.2 18721.2
-18729.3 18729.3
-18737.4 18737.4
-18745.5 18745.5
-18753.6 18753.6
-18761.6 18761.6
-18769.7 18769.7
-18777.8 18777.8
-18785.8 18785.8
-18793.9 18793.9
-18801.9 18801.9
-18809.9 18809.9
-18818 18818
-18826 18826
-18834 18834
-18842 18842
-18850 18850
-18858 18858
-18865.9 18865.9
-18873.9 18873.9
-18881.9 18881.9
-18889.8 18889.8
-18897.8 18897.8
-18905.7 18905.7
-18913.6 18913.6
-18921.6 18921.6
-18929.5 18929.5
-18937.4 18937.4
-18945.3 18945.3
-18953.2 18953.2
-18961.1 18961.1
-18968.9 18968.9
-18976.8 18976.8
-18984.7 18984.7
-18992.5 18992.5
-19000.4 19000.4
-19008.2 19008.2
-19016 19016
-19023.8 19023.8
-19031.7 19031.7
-19039.5 19039.5
-19047.3 19047.3
-19055.1 19055.1
-19062.9 19062.9
-19070.6 19070.6
-19078.4 19078.4
-19086.2 19086.2
-19093.9 19093.9
-19101.7 19101.7
-19109.4 19109.4
-19117.1 19117.1
-19124.9 19124.9
-19132.6 19132.6
-19140.3 19140.3
-19148 19148
-19155.7 19155.7
-19163.4 19163.4
-19171.1 19171.1
-19178.7 19178.7
-19186.4 19186.4
-19194.1 19194.1
-19201.7 19201.7
-19209.4 19209.4
-19217 19217
-19224.6 19224.6
-19232.3 19232.3
-19239.9 19239.9
-19247.5 19247.5
-19255.1 19255.1
-19262.7 19262.7
-19270.3 19270.3
-19277.8 19277.8
-19285.4 19285.4
-19293 19293
-19300.5 19300.5
-19308.1 19308.1
-19315.6 19315.6
-19323.2 19323.2
-19330.7 19330.7
-19338.2 19338.2
-19345.7 19345.7
-19353.2 19353.2
-19360.7 19360.7
-19368.2 19368.2
-19375.7 19375.7
-19383.2 19383.2
-19390.7 19390.7
-19398.1 19398.1
-19405.6 19405.6
-19413 19413
-19420.5 19420.5
-19427.9 19427.9
-19435.4 19435.4
-19442.8 19442.8
-19450.2 19450.2
-19457.6 19457.6
-19465 19465
-19472.4 19472.4
-19479.8 19479.8
-19487.2 19487.2
-19494.5 19494.5
-19501.9 19501.9
-19509.3 19509.3
-19516.6 19516.6
-19524 19524
-19531.3 19531.3
-19538.6 19538.6
-19546 19546
-19553.3 19553.3
-19560.6 19560.6
-19567.9 19567.9
-19575.2 19575.2
-19582.5 19582.5
-19589.8 19589.8
-19597 19597
-19604.3 19604.3
-19611.6 19611.6
-19618.8 19618.8
-19626.1 19626.1
-19633.3 19633.3
-19640.6 19640.6
-19647.8 19647.8
-19655 19655
-19662.2 19662.2
-19669.4 19669.4
-19676.6 19676.6
-19683.8 19683.8
-19691 19691
-19698.2 19698.2
-19705.4 19705.4
-19712.6 19712.6
-19719.7 19719.7
-19726.9 19726.9
-19734 19734
-19741.2 19741.2
-19748.3 19748.3
-19755.4 19755.4
-19762.5 19762.5
-19769.7 19769.7
-19776.8 19776.8
-19783.9 19783.9
-19791 19791
-19798.1 19798.1
-19805.1 19805.1
-19812.2 19812.2
-19819.3 19819.3
-19826.3 19826.3
-19833.4 19833.4
-19840.4 19840.4
-19847.5 19847.5
-19854.5 19854.5
-19861.6 19861.6
-19868.6 19868.6
-19875.6 19875.6
-19882.6 19882.6
-19889.6 19889.6
-19896.6 19896.6
-19903.6 19903.6
-19910.6 19910.6
-19917.6 19917.6
-19924.5 19924.5
-19931.5 19931.5
-19938.4 19938.4
-19945.4 19945.4
-19952.3 19952.3
-19959.3 19959.3
-19966.2 19966.2
-19973.1 19973.1
-19980.1 19980.1
-19987 19987
-19993.9 19993.9
-20000.8 20000.8
-20007.7 20007.7
-20014.5 20014.5
-20021.4 20021.4
-20028.3 20028.3
-20035.2 20035.2
-20042 20042
-20048.9 20048.9
-20055.7 20055.7
-20062.6 20062.6
-20069.4 20069.4
-20076.2 20076.2
-20083.1 20083.1
-20089.9 20089.9
-20096.7 20096.7
-20103.5 20103.5
-20110.3 20110.3
-20117.1 20117.1
-20123.9 20123.9
-20130.6 20130.6
-20137.4 20137.4
-20144.2 20144.2
-20150.9 20150.9
-20157.7 20157.7
-20164.4 20164.4
-20171.2 20171.2
-20177.9 20177.9
-20184.6 20184.6
-20191.4 20191.4
-20198.1 20198.1
-20204.8 20204.8
-20211.5 20211.5
-20218.2 20218.2
-20224.9 20224.9
-20231.6 20231.6
-20238.3 20238.3
-20244.9 20244.9
-20251.6 20251.6
-20258.3 20258.3
-20264.9 20264.9
-20271.6 20271.6
-20278.2 20278.2
-20284.8 20284.8
-20291.5 20291.5
-20298.1 20298.1
-20304.7 20304.7
-20311.3 20311.3
-20317.9 20317.9
-20324.5 20324.5
-20331.1 20331.1
-20337.7 20337.7
-20344.3 20344.3
-20350.9 20350.9
-20357.4 20357.4
-20364 20364
-20370.6 20370.6
-20377.1 20377.1
-20383.6 20383.6
-20390.2 20390.2
-20396.7 20396.7
-20403.2 20403.2
-20409.8 20409.8
-20416.3 20416.3
-20422.8 20422.8
-20429.3 20429.3
-20435.8 20435.8
-20442.3 20442.3
-20448.8 20448.8
-20455.3 20455.3
-20461.7 20461.7
-20468.2 20468.2
-20474.7 20474.7
-20481.1 20481.1
-20487.6 20487.6
-20494 20494
-20500.4 20500.4
-20506.9 20506.9
-20513.3 20513.3
-20519.7 20519.7
-20526.1 20526.1
-20532.5 20532.5
-20539 20539
-20545.4 20545.4
-20551.7 20551.7
-20558.1 20558.1
-20564.5 20564.5
-20570.9 20570.9
-20577.3 20577.3
-20583.6 20583.6
-20590 20590
-20596.3 20596.3
-20602.7 20602.7
-20609 20609
-20615.3 20615.3
-20621.7 20621.7
-20628 20628
-20634.3 20634.3
-20640.6 20640.6
-20646.9 20646.9
-20653.2 20653.2
-20659.5 20659.5
-20665.8 20665.8
-20672.1 20672.1
-20678.4 20678.4
-20684.6 20684.6
-20690.9 20690.9
-20697.2 20697.2
-20703.4 20703.4
-20709.7 20709.7
-20715.9 20715.9
-20722.2 20722.2
-20728.4 20728.4
-20734.6 20734.6
-20740.8 20740.8
-20747 20747
-20753.3 20753.3
-20759.5 20759.5
-20765.7 20765.7
-20771.9 20771.9
-20778 20778
-20784.2 20784.2
-20790.4 20790.4
-20796.6 20796.6
-20802.7 20802.7
-20808.9 20808.9
-20815.1 20815.1
-20821.2 20821.2
-20827.3 20827.3
-20833.5 20833.5
-20839.6 20839.6
-20845.7 20845.7
-20851.9 20851.9
-20858 20858
-20864.1 20864.1
-20870.2 20870.2
-20876.3 20876.3
-20882.4 20882.4
-20888.5 20888.5
-20894.6 20894.6
-20900.6 20900.6
-20906.7 20906.7
-20912.8 20912.8
-20918.8 20918.8
-20924.9 20924.9
-20931 20931
-20937 20937
-20943 20943
-20949.1 20949.1
-20955.1 20955.1
-20961.1 20961.1
-20967.2 20967.2
-20973.2 20973.2
-20979.2 20979.2
-20985.2 20985.2
-20991.2 20991.2
-20997.2 20997.2
-21003.2 21003.2
-21009.1 21009.1
-21015.1 21015.1
-21021.1 21021.1
-21027.1 21027.1
-21033 21033
-21039 21039
-21044.9 21044.9
-21050.9 21050.9
-21056.8 21056.8
-21062.8 21062.8
-21068.7 21068.7
-21074.6 21074.6
-21080.5 21080.5
-21086.4 21086.4
-21092.4 21092.4
-21098.3 21098.3
-21104.2 21104.2
-21110.1 21110.1
-21115.9 21115.9
-21121.8 21121.8
-21127.7 21127.7
-21133.6 21133.6
-21139.5 21139.5
-21145.3 21145.3
-21151.2 21151.2
-21157 21157
-21162.9 21162.9
-21168.7 21168.7
-21174.6 21174.6
-21180.4 21180.4
-21186.2 21186.2
-21192 21192
-21197.9 21197.9
-21203.7 21203.7
-21209.5 21209.5
-21215.3 21215.3
-21221.1 21221.1
-21226.9 21226.9
-21232.7 21232.7
-21238.5 21238.5
-21244.2 21244.2
-21250 21250
-21255.8 21255.8
-21261.5 21261.5
-21267.3 21267.3
-21273.1 21273.1
-21278.8 21278.8
-21284.6 21284.6
-21290.3 21290.3
-21296 21296
-21301.8 21301.8
-21307.5 21307.5
-21313.2 21313.2
-21318.9 21318.9
-21324.6 21324.6
-21330.3 21330.3
-21336 21336
-21341.7 21341.7
-21347.4 21347.4
-21353.1 21353.1
-21358.8 21358.8
-21364.5 21364.5
-21370.2 21370.2
-21375.8 21375.8
-21381.5 21381.5
-21387.1 21387.1
-21392.8 21392.8
-21398.4 21398.4
-21404.1 21404.1
-21409.7 21409.7
-21415.4 21415.4
-21421 21421
-21426.6 21426.6
-21432.2 21432.2
-21437.9 21437.9
-21443.5 21443.5
-21449.1 21449.1
-21454.7 21454.7
-21460.3 21460.3
-21465.9 21465.9
-21471.5 21471.5
-21477 21477
-21482.6 21482.6
-21488.2 21488.2
-21493.8 21493.8
-21499.3 21499.3
-21504.9 21504.9
-21510.4 21510.4
-21516 21516
-21521.5 21521.5
-21527.1 21527.1
-21532.6 21532.6
-21538.2 21538.2
-21543.7 21543.7
-21549.2 21549.2
-21554.7 21554.7
-21560.2 21560.2
-21565.8 21565.8
-21571.3 21571.3
-21576.8 21576.8
-21582.3 21582.3
-21587.8 21587.8
-21593.2 21593.2
-21598.7 21598.7
-21604.2 21604.2
-21609.7 21609.7
-21615.1 21615.1
-21620.6 21620.6
-21626.1 21626.1
-21631.5 21631.5
-21637 21637
-21642.4 21642.4
-21647.9 21647.9
-21653.3 21653.3
-21658.8 21658.8
-21664.2 21664.2
-21669.6 21669.6
-21675 21675
-21680.5 21680.5
-21685.9 21685.9
-21691.3 21691.3
-21696.7 21696.7
-21702.1 21702.1
-21707.5 21707.5
-21712.9 21712.9
-21718.3 21718.3
-21723.6 21723.6
-21729 21729
-21734.4 21734.4
-21739.8 21739.8
-21745.1 21745.1
-21750.5 21750.5
-21755.9 21755.9
-21761.2 21761.2
-21766.6 21766.6
-21771.9 21771.9
-21777.2 21777.2
-21782.6 21782.6
-21787.9 21787.9
-21793.2 21793.2
-21798.6 21798.6
-21803.9 21803.9
-21809.2 21809.2
-21814.5 21814.5
-21819.8 21819.8
-21825.1 21825.1
-21830.4 21830.4
-21835.7 21835.7
-21841 21841
-21846.3 21846.3
-21851.6 21851.6
-21856.9 21856.9
-21862.1 21862.1
-21867.4 21867.4
-21872.7 21872.7
-21877.9 21877.9
-21883.2 21883.2
-21888.5 21888.5
-21893.7 21893.7
-21899 21899
-21904.2 21904.2
-21909.4 21909.4
-21914.7 21914.7
-21919.9 21919.9
-21925.1 21925.1
-21930.4 21930.4
-21935.6 21935.6
-21940.8 21940.8
-21946 21946
-21951.2 21951.2
-21956.4 21956.4
-21961.6 21961.6
-21966.8 21966.8
-21972 21972
-21977.2 21977.2
-21982.4 21982.4
-21987.5 21987.5
-21992.7 21992.7
-21997.9 21997.9
-22003.1 22003.1
-22008.2 22008.2
-22013.4 22013.4
-22018.5 22018.5
-22023.7 22023.7
-22028.8 22028.8
-22034 22034
-22039.1 22039.1
-22044.3 22044.3
-22049.4 22049.4
-22054.5 22054.5
-22059.7 22059.7
-22064.8 22064.8
-22069.9 22069.9
-22075 22075
-22080.1 22080.1
-22085.2 22085.2
-22090.3 22090.3
-22095.4 22095.4
-22100.5 22100.5
-22105.6 22105.6
-22110.7 22110.7
-22115.8 22115.8
-22120.9 22120.9
-22125.9 22125.9
-22131 22131
-22136.1 22136.1
-22141.1 22141.1
-22146.2 22146.2
-22151.3 22151.3
-22156.3 22156.3
-22161.4 22161.4
-22166.4 22166.4
-22171.5 22171.5
-22176.5 22176.5
-22181.5 22181.5
-22186.6 22186.6
-22191.6 22191.6
-22196.6 22196.6
-22201.6 22201.6
-22206.7 22206.7
-22211.7 22211.7
-22216.7 22216.7
-22221.7 22221.7
-22226.7 22226.7
-22231.7 22231.7
-22236.7 22236.7
-22241.7 22241.7
-22246.7 22246.7
-22251.7 22251.7
-22256.6 22256.6
-22261.6 22261.6
-22266.6 22266.6
-22271.6 22271.6
-22276.5 22276.5
-22281.5 22281.5
-22286.5 22286.5
-22291.4 22291.4
-22296.4 22296.4
-22301.3 22301.3
-22306.3 22306.3
-22311.2 22311.2
-22316.2 22316.2
-22321.1 22321.1
-22326 22326
-22331 22331
-22335.9 22335.9
-22340.8 22340.8
-22345.7 22345.7
-22350.6 22350.6
-22355.6 22355.6
-22360.5 22360.5
-22365.4 22365.4
-22370.3 22370.3
-22375.2 22375.2
-22380.1 22380.1
-22385 22385
-22389.9 22389.9
-22394.7 22394.7
-22399.6 22399.6
-22404.5 22404.5
-22409.4 22409.4
-22414.2 22414.2
-22419.1 22419.1
-22424 22424
-22428.8 22428.8
-22433.7 22433.7
-22438.6 22438.6
-22446.3 22446.3
-22455.3 22455.3
-22464.3 22464.3
-22473.3 22473.3
-22482.3 22482.3
-22491.2 22491.2
-22500.1 22500.1
-22509.1 22509.1
-22518 22518
-22527 22527
-22536 22536
-22544.9 22544.9
-22553.9 22553.9
-22562.8 22562.8
-22571.7 22571.7
-22580.6 22580.6
-22589.5 22589.5
-22598.3 22598.3
-22607.2 22607.2
-22616 22616
-22624.8 22624.8
-22633.6 22633.6
-22642.3 22642.3
-22651.1 22651.1
-22659.8 22659.8
-22668.5 22668.5
-22677.2 22677.2
-22685.9 22685.9
-22694.6 22694.6
-22703.2 22703.2
-22711.8 22711.8
-22720.5 22720.5
-22729.1 22729.1
-22737.6 22737.6
-22746.2 22746.2
-22754.8 22754.8
-22763.3 22763.3
-22771.8 22771.8
-22780.3 22780.3
-22788.8 22788.8
-22797.3 22797.3
-22805.7 22805.7
-22814.1 22814.1
-22822.6 22822.6
-22831 22831
-22839.4 22839.4
-22847.7 22847.7
-22856.1 22856.1
-22864.4 22864.4
-22872.8 22872.8
-22881.1 22881.1
-22889.4 22889.4
-22897.7 22897.7
-22906 22906
-22914.2 22914.2
-22922.5 22922.5
-22930.7 22930.7
-22938.9 22938.9
-22947.1 22947.1
-22955.3 22955.3
-22963.4 22963.4
-22971.6 22971.6
-22979.7 22979.7
-22987.9 22987.9
-22996 22996
-23004.1 23004.1
-23012.2 23012.2
-23020.2 23020.2
-23028.3 23028.3
-23036.4 23036.4
-23044.4 23044.4
-23052.4 23052.4
-23060.4 23060.4
-23068.4 23068.4
-23076.4 23076.4
-23084.3 23084.3
-23092.3 23092.3
-23100.2 23100.2
-23108.2 23108.2
-23116.1 23116.1
-23124 23124
-23131.9 23131.9
-23139.7 23139.7
-23147.6 23147.6
-23155.5 23155.5
-23163.3 23163.3
-23171.1 23171.1
-23178.9 23178.9
-23186.7 23186.7
-23194.5 23194.5
-23202.3 23202.3
-23210.1 23210.1
-23217.8 23217.8
-23225.5 23225.5
-23233.3 23233.3
-23241 23241
-23248.7 23248.7
-23256.4 23256.4
-23264.1 23264.1
-23271.7 23271.7
-23279.4 23279.4
-23287 23287
-23294.7 23294.7
-23302.3 23302.3
-23309.9 23309.9
-23317.5 23317.5
-23325.1 23325.1
-23332.7 23332.7
-23340.2 23340.2
-23347.8 23347.8
-23355.3 23355.3
-23362.8 23362.8
-23370.4 23370.4
-23377.9 23377.9
-23385.4 23385.4
-23392.8 23392.8
-23400.3 23400.3
-23407.8 23407.8
-23415.2 23415.2
-23422.7 23422.7
-23430.1 23430.1
-23437.5 23437.5
-23444.9 23444.9
-23452.3 23452.3
-23459.7 23459.7
-23467.1 23467.1
-23474.5 23474.5
-23481.8 23481.8
-23489.2 23489.2
-23496.5 23496.5
-23503.8 23503.8
-23511.2 23511.2
-23518.5 23518.5
-23525.8 23525.8
-23533 23533
-23540.3 23540.3
-23547.6 23547.6
-23554.8 23554.8
-23562.1 23562.1
-23569.3 23569.3
-23717.1 23717.1
-24076.7 24076.7
-24435.9 24435.9
-24794.7 24794.7
-25159 25159
-25535.4 25535.4
-25911.2 25911.2
-26286.4 26286.4
-26661 26661
-27035 27035
-27408.3 27408.3
-27781 27781
-28177.8 28177.8
-28604.5 28604.5
-29031 29031
-29456.4 29456.4
-29880.5 29880.5
-30303.4 30303.4
-30725 30725
-31145.3 31145.3
-31564.3 31564.3
-31981.9 31981.9
-32398 32398
-32812.7 32812.7
-33225.9 33225.9
-33637.5 33637.5
-34047.6 34047.6
-34456.1 34456.1
-34862.9 34862.9
-35268.1 35268.1
-35671.5 35671.5
-36073.2 36073.2
-36473.1 36473.1
-36880.6 36880.6
-37325.6 37325.6
-37767.7 37767.7
-38206.7 38206.7
-38642.7 38642.7
-39075.4 39075.4
-39505 39505
-39931.4 39931.4
-40354.4 40354.4
-40774 40774
-41190.2 41190.2
-41602.9 41602.9
-42012.1 42012.1
-42417.7 42417.7
-42819.6 42819.6
-43217.8 43217.8
-43612.2 43612.2
-44002.8 44002.8
-44389.6 44389.6
-44772.4 44772.4
-45151.2 45151.2
-45526 45526
-45896.6 45896.6
-46263.1 46263.1
-46625.4 46625.4
-46983.4 46983.4
-47337.1 47337.1
-47686.4 47686.4
-48031.2 48031.2
-48371.5 48371.5
-48707.2 48707.2
-49038.4 49038.4
-49364.8 49364.8
-49686.4 49686.4
-50003.3 50003.3
-50315.3 50315.3
-50622.3 50622.3
-50924.4 50924.4
-51221.4 51221.4
-51513.3 51513.3
-51800.1 51800.1
-52081.7 52081.7
-52358 52358
-52629 52629
-52894.7 52894.7
-53155 53155
-53410 53410
-53659.5 53659.5
-53903.6 53903.6
-54142.2 54142.2
-54375.4 54375.4
-54603.1 54603.1
-54825.4 54825.4
-55042.3 55042.3
-55253.8 55253.8
-55460 55460
-55660.8 55660.8
-55856.4 55856.4
-56046.8 56046.8
-56232.1 56232.1
-56412.3 56412.3
-56587.5 56587.5
-56757.8 56757.8
-56923.3 56923.3
-57084.2 57084.2
-57240.3 57240.3
-57392 57392
-57539.3 57539.3
-57682.2 57682.2
-57821 57821
-57955.6 57955.6
-58086.2 58086.2
-58213 58213
-58335.9 58335.9
-58455.2 58455.2
-58570.8 58570.8
-58683 58683
-58791.7 58791.7
-58897.2 58897.2
-58999.4 58999.4
-59098.4 59098.4
-59194.5 59194.5
-59287.5 59287.5
-59377.6 59377.6
-59465 59465
-59549.6 59549.6
-59631.6 59631.6
-59711 59711
-59787.9 59787.9
-59862.5 59862.5
-59934.7 59934.7
-60004.7 60004.7
-60072.6 60072.6
-60138.4 60138.4
-60202.2 60202.2
-60264.2 60264.2
-60324.4 60324.4
-60382.9 60382.9
-60439.8 60439.8
-60493.4 60493.4
-60543 60543
-60590.4 60590.4
-60635.8 60635.8
-60679.9 60679.9
-60723 60723
-60765.1 60765.1
-60806.3 60806.3
-60846.3 60846.3
-60885.3 60885.3
-60923.4 60923.4
-60959.9 60959.9
-60995.7 60995.7
-61030.9 61030.9
-61065.4 61065.4
-61099.2 61099.2
-61132.4 61132.4
-61165.1 61165.1
-61197.1 61197.1
-61228.6 61228.6
-61259.6 61259.6
-61290 61290
-61320 61320
-61349.4 61349.4
-61378.4 61378.4
-61406.9 61406.9
-61434.9 61434.9
-61462.5 61462.5
-61489.7 61489.7
-61516.5 61516.5
-61542.8 61542.8
-61568.8 61568.8
-61594.3 61594.3
-61619.5 61619.5
-61644.3 61644.3
-61668.8 61668.8
-61692.9 61692.9
-61716.6 61716.6
-61740 61740
-61763.1 61763.1
-61785.8 61785.8
-61808.2 61808.2
-61830.3 61830.3
-61852.2 61852.2
-61873.7 61873.7
-61894.9 61894.9
-61915.9 61915.9
-61936.5 61936.5
-61956.9 61956.9
-61977 61977
-61996.9 61996.9
-62016.5 62016.5
-62035.9 62035.9
-62055 62055
-62073.9 62073.9
-62092.5 62092.5
-62110.9 62110.9
-62129.1 62129.1
-62147.1 62147.1
-62164.8 62164.8
-62182.3 62182.3
-62199.7 62199.7
-62216.8 62216.8
-62233.7 62233.7
-62250.4 62250.4
-62266.9 62266.9
-62283.2 62283.2
-62299.4 62299.4
-62315.3 62315.3
-62331.1 62331.1
-62346.7 62346.7
-62362.2 62362.2
-62377.5 62377.5
-62392.6 62392.6
-62407.6 62407.6
-62422.4 62422.4
-62437 62437
-62451.5 62451.5
-62465.9 62465.9
-62480.1 62480.1
-62494.2 62494.2
-62508.1 62508.1
-62521.9 62521.9
-62535.6 62535.6
-62549.2 62549.2
-62562.6 62562.6
-62575.9 62575.9
-62589.1 62589.1
-62602.1 62602.1
-62615.1 62615.1
-62627.9 62627.9
-62640.6 62640.6
-62653.2 62653.2
-62665.8 62665.8
-62678.2 62678.2
-62690.5 62690.5
-62702.7 62702.7
-62714.8 62714.8
-62726.8 62726.8
-62738.8 62738.8
-62750.6 62750.6
-62762.4 62762.4
-62774 62774
-62785.6 62785.6
-62797.1 62797.1
-62808.5 62808.5
-62819.9 62819.9
-62831.1 62831.1
-62842.3 62842.3
-62853.5 62853.5
-62864.5 62864.5
-62875.5 62875.5
-62886.4 62886.4
-62897.3 62897.3
-62908 62908
-62918.8 62918.8
-62929.4 62929.4
-62940 62940
-62950.5 62950.5
-62961 62961
-62971.4 62971.4
-62981.8 62981.8
-62992.1 62992.1
-63002.4 63002.4
-63012.6 63012.6
-63022.7 63022.7
-63032.8 63032.8
-63042.9 63042.9
-63052.9 63052.9
-63062.9 63062.9
-63072.8 63072.8
-63082.7 63082.7
-63092.5 63092.5
-63102.3 63102.3
-63112 63112
-63121.7 63121.7
-63131.4 63131.4
-63141 63141
-63150.6 63150.6
-63160.2 63160.2
-63169.7 63169.7
-62471.4 62471.4
-61773.2 61773.2
-61075.2 61075.2
-60377.5 60377.5
-59680 59680
-58982.8 58982.8
-58286 58286
-57589.7 57589.7
-56893.8 56893.8
-56198.4 56198.4
-55503.5 55503.5
-54809.3 54809.3
-54115.6 54115.6
-53422.7 53422.7
-52730.4 52730.4
-52038.9 52038.9
-51348.2 51348.2
-50658.4 50658.4
-49985.7 49985.7
-49327.1 49327.1
-48671.7 48671.7
-48017.1 48017.1
-47370.8 47370.8
-46726.1 46726.1
-46082.3 46082.3
-45441.9 45441.9
-44807.8 44807.8
-44174.7 44174.7
-43542.8 43542.8
-42912.1 42912.1
-42282.5 42282.5
-41654.2 41654.2
-41027.1 41027.1
-40401.3 40401.3
-39776.9 39776.9
-39153.7 39153.7
-38532 38532
-37911.6 37911.6
-37292.7 37292.7
-36675.3 36675.3
-36059.4 36059.4
-35445 35445
-34832.2 34832.2
-34221 34221
-33611.5 33611.5
-33003.6 33003.6
-32397.4 32397.4
-31792.9 31792.9
-31190.2 31190.2
-30589.3 30589.3
-29990.2 29990.2
-29393 29393
-28797.6 28797.6
-28204.2 28204.2
-27612.7 27612.7
-27023.2 27023.2
-26435.7 26435.7
-25854.4 25854.4
-25276.7 25276.7
-24719.5 24719.5
-24172 24172
-23662.5 23662.5
-23166.9 23166.9
-22681.6 22681.6
-22197.9 22197.9
-21715.8 21715.8
-21235.4 21235.4
-20756.7 20756.7
-20279.7 20279.7
-19804.4 19804.4
-19330.8 19330.8
-18859 18859
-18388.9 18388.9
-17920.6 17920.6
-17454.1 17454.1
-16989.4 16989.4
-16526.6 16526.6
-16065.6 16065.6
-15665.3 15665.3
-15267.4 15267.4
-14871 14871
-14476 14476
-14082.3 14082.3
-13690.1 13690.1
-13299.4 13299.4
-12910 12910
-12522.1 12522.1
-12135.7 12135.7
-11800.9 11800.9
-11527.6 11527.6
-11255.6 11255.6
-10985 10985
-10715.8 10715.8
-10448 10448
-10181.5 10181.5
-9916.4 9916.4
-9652.72 9652.72
-9390.43 9390.43
-9129.48 9129.48
-8869.95 8869.95
-8611.84 8611.84
-8355.16 8355.16
-8099.91 8099.91
-7846.1 7846.1
-7593.73 7593.73
-7342.81 7342.81
-7093.34 7093.34
-6845.32 6845.32
-6598.75 6598.75
-6353.65 6353.65
-6110 6110
-5867.82 5867.82
-5627.11 5627.11
-5387.86 5387.86
-5153.34 5153.34
-4921.73 4921.73
-4691.57 4691.57
-4464.49 4464.49
-4241.68 4241.68
-4020.31 4020.31
-3800.36 3800.36
-3581.83 3581.83
-3364.73 3364.73
-3149.04 3149.04
-2935.09 2935.09
-2722.87 2722.87
-2512.66 2512.66
-2304.52 2304.52
-2097.76 2097.76
-1892.73 1892.73
-1690.13 1690.13
-1488.97 1488.97
-1289.41 1289.41
-1091.83 1091.83
-895.994 895.994
-701.835 701.835
-509.144 509.144
-318.599 318.599
-133.017 133.017
44.763 -44.763
218.194 -218.194
393.113 -393.113
568.17 -568.17
742.768 -742.768
917.22 -917.22
1088.39 -1088.39
1258.44 -1258.44
1427.38 -1427.38
1595.21 -1595.21
1761.93 -1761.93
1927.55 -1927.55
2092.07 -2092.07
2255.49 -2255.49
2417.81 -2417.81
2579.05 -2579.05
2739.2 -2739.2
2898.27 -2898.27
3056.26 -3056.26
3213.17 -3213.17
3369.02 -3369.02
3523.79 -3523.79
3677.51 -3677.51
3830.17 -3830.17
3981.78 -3981.78
4132.33 -4132.33
4281.84 -4281.84
4430.32 -4430.32
4577.75 -4577.75
4724.16 -4724.16
4869.53 -4869.53
5013.89 -5013.89
5155.79 -5155.79
5292.42 -5292.42
5428 -5428
5562.51 -5562.51
5695.98 -5695.98
5828.4 -5828.4
5959.78 -5959.78
6090.12 -6090.12
6219.43 -6219.43
6347.71 -6347.71
6474.97 -6474.97
6601.22 -6601.22
6726.45 -6726.45
6850.68 -6850.68
6973.91 -6973.91
7096.15 -7096.15
7217.39 -7217.39
7337.66 -7337.66
7456.94 -7456.94
7575.25 -7575.25
7692.59 -7692.59
7808.98 -7808.98
7924.4 -7924.4
8038.88 -8038.88
8152.41 -8152.41
8265 -8265
8376.66 -8376.66
8487.39 -8487.39
8597.2 -8597.2
8706.1 -8706.1
8814.08 -8814.08
8921.15 -8921.15
9027.33 -9027.33
9132.62 -9132.62
9237.01 -9237.01
9340.53 -9340.53
9443.17 -9443.17
9544.94 -9544.94
9645.84 -9645.84
9745.89 -9745.89
9845.08 -9845.08
9943.43 -9943.43
10040.9 -10040.9
10137.6 -10137.6
10233.4 -10233.4
10328.5 -10328.5
10422.7 -10422.7
10516 -10516
10608.6 -10608.6
10700.4 -10700.4
10791.4 -10791.4
10881.6 -10881.6
10971 -10971
11059.6 -11059.6
11147.5 -11147.5
11234.6 -11234.6
11320.9 -11320.9
11406.5 -11406.5
11491.3 -11491.3
11575.4 -11575.4
11658.8 -11658.8
11741.4 -11741.4
11823.3 -11823.3
11904.4 -11904.4
11984.9 -11984.9
12064.6 -12064.6
12143.7 -12143.7
12222 -12222
12299.7 -12299.7
12376.6 -12376.6
12452.9 -12452.9
12528.5 -12528.5
12603.4 -12603.4
12677.7 -12677.7
12751.3 -12751.3
12824.2 -12824.2
12896.5 -12896.5
12968.2 -12968.2
13039.2 -13039.2
13109.6 -13109.6
13179.3 -13179.3
13248.5 -13248.5
13317 -13317
13384.9 -13384.9
13452.1 -13452.1
13518.8 -13518.8
13584.9 -13584.9
13650.4 -13650.4
13715.3 -13715.3
13779.6 -13779.6
13843.4 -13843.4
13906.5 -13906.5
13969.1 -13969.1
14031.2 -14031.2
14092.6 -14092.6
14153.6 -14153.6
14213.9 -14213.9
14273.8 -14273.8
14333.1 -14333.1
14391.8 -14391.8
14450 -14450
14507.7 -14507.7
14564.9 -14564.9
14621.6 -14621.6
14677.7 -14677.7
14733.4 -14733.4
14788.5 -14788.5
14843.2 -14843.2
14897.3 -14897.3
14951 -14951
15004.2 -15004.2
15056.9 -15056.9
15109.1 -15109.1
15160.9 -15160.9
15212.2 -15212.2
15263 -15263
15313.4 -15313.4
15363.3 -15363.3
15412.7 -15412.7
15461.8 -15461.8
15510.3 -15510.3
15558.5 -15558.5
15606.2 -15606.2
15653.4 -15653.4
15700.3 -15700.3
15746.7 -15746.7
15792.7 -15792.7
15838.3 -15838.3
15883.5 -15883.5
15928.3 -15928.3
15972.7 -15972.7
16016.7 -16016.7
16060.3 -16060.3
16103.4 -16103.4
16146.3 -16146.3
16188.7 -16188.7
16230.7 -16230.7
16272.4 -16272.4
16313.7 -16313.7
16354.6 -16354.6
16395.2 -16395.2
16435.4 -16435.4
16475.3 -16475.3
16514.8 -16514.8
16553.9 -16553.9
16592.7 -16592.7
16631.2 -16631.2
16669.3 -16669.3
16707.1 -16707.1
16744.5 -16744.5
16781.6 -16781.6
16818.4 -16818.4
16854.9 -16854.9
16891 -16891
16926.9 -16926.9
16962.4 -16962.4
16997.6 -16997.6
17032.5 -17032.5
17067.1 -17067.1
17101.4 -17101.4
17135.4 -17135.4
17169.1 -17169.1
17202.5 -17202.5
17235.6 -17235.6
17268.4 -17268.4
17301 -17301
17333.2 -17333.2
17365.2 -17365.2
17396.9 -17396.9
17428.4 -17428.4
17459.6 -17459.6
17490.5 -17490.5
17521.1 -17521.1
17551.5 -17551.5
17581.7 -17581.7
17611.5 -17611.5
17641.2 -17641.2
17670.6 -17670.6
17699.7 -17699.7
17728.6 -17728.6
17757.2 -17757.2
17785.6 -17785.6
17813.8 -17813.8
17841.8 -17841.8
17869.5 -17869.5
17897 -17897
17924.2 -17924.2
17951.3 -17951.3
17978.1 -17978.1
18004.7 -18004.7
18031 -18031
18057.2 -18057.2
18083.2 -18083.2
18108.9 -18108.9
18134.5 -18134.5
18159.8 -18159.8
18184.9 -18184.9
18209.9 -18209.9
18234.6 -18234.6
18259.2 -18259.2
18283.5 -18283.5
18307.7 -18307.7
18331.7 -18331.7
18355.4 -18355.4
18379 -18379
18402.5 -18402.5
18425.7 -18425.7
18448.8 -18448.8
18471.7 -18471.7
18494.4 -18494.4
18516.9 -18516.9
18539.3 -18539.3
18561.5 -18561.5
18583.5 -18583.5
18605.4 -18605.4
18627.1 -18627.1
18648.7 -18648.7
18670.1 -18670.1
18691.3 -18691.3
18712.4 -18712.4
18733.3 -18733.3
18754.1 -18754.1
18774.7 -18774.7
18795.2 -18795.2
18815.5 -18815.5
18835.7 -18835.7
18855.8 -18855.8
18875.7 -18875.7
18895.4 -18895.4
18915.1 -18915.1
18934.6 -18934.6
18953.9 -18953.9
18973.1 -18973.1
18992.2 -18992.2
19011.2 -19011.2
19030 -19030
19048.7 -19048.7
19067.3 -19067.3
19085.8 -19085.8
19104.1 -19104.1
19122.4 -19122.4
19140.5 -19140.5
19158.4 -19158.4
19176.3 -19176.3
19194.1 -19194.1
19211.7 -19211.7
19229.2 -19229.2
19246.6 -19246.6
19263.9 -19263.9
19281.1 -19281.1
19298.2 -19298.2
19315.2 -19315.2
19332.1 -19332.1
19348.8 -19348.8
19365.5 -19365.5
19382.1 -19382.1
19398.6 -19398.6
19414.9 -19414.9
19431.2 -19431.2
19447.4 -19447.4
19463.5 -19463.5
19479.5 -19479.5
19495.3 -19495.3
19511.2 -19511.2
19526.9 -19526.9
19542.5 -19542.5
19558 -19558
19573.5 -19573.5
19588.8 -19588.8
19604.1 -19604.1
19619.3 -19619.3
19634.4 -19634.4
19649.4 -19649.4
19664.4 -19664.4
19679.2 -19679.2
19694 -19694
19708.7 -19708.7
19723.3 -19723.3
19737.9 -19737.9
19752.4 -19752.4
19766.7 -19766.7
19781.1 -19781.1
19795.3 -19795.3
19809.5 -19809.5
19823.6 -19823.6
19837.6 -19837.6
19851.6 -19851.6
19865.5 -19865.5
19879.3 -19879.3
19893.1 -19893.1
19906.8 -19906.8
19920.4 -19920.4
19934 -19934
19947.4 -19947.4
19960.9 -19960.9
19974.2 -19974.2
19987.6 -19987.6
20000.8 -20000.8
20014 -20014
20027.1 -20027.1
20040.2 -20040.2
20053.2 -20053.2
20066.1 -20066.1
20079 -20079
20091.8 -20091.8
20104.6 -20104.6
20117.3 -20117.3
20130 -20130
20142.6 -20142.6
20155.1 -20155.1
20167.6 -20167.6
20180.1 -20180.1
20192.5 -20192.5
20204.8 -20204.8
20217.1 -20217.1
20229.3 -20229.3
20241.5 -20241.5
20253.7 -20253.7
20265.7 -20265.7
20277.8 -20277.8
20289.8 -20289.8
20301.7 -20301.7
20313.6 -20313.6
20325.5 -20325.5
20337.3 -20337.3
20349 -20349
20360.8 -20360.8
20372.4 -20372.4
20384 -20384
20395.6 -20395.6
20407.2 -20407.2
20418.7 -20418.7
20430.1 -20430.1
20441.5 -20441.5
20452.9 -20452.9
20464.2 -20464.2
20475.5 -20475.5
20486.8 -20486.8
20498 -20498
20509.1 -20509.1
20520.2 -20520.2
20531.3 -20531.3
20542.4 -20542.4
20553.4 -20553.4
20564.4 -20564.4
20575.3 -20575.3
20586.2 -20586.2
20597.1 -20597.1
20607.9 -20607.9
20618.7 -20618.7
20629.4 -20629.4
20640.1 -20640.1
20650.8 -20650.8
20661.5 -20661.5
20672.1 -20672.1
20682.7 -20682.7
20693.2 -20693.2
20703.7 -20703.7
20714.2 -20714.2
20724.7 -20724.7
20735.1 -20735.1
20745.5 -20745.5
20755.8 -20755.8
20766.1 -20766.1
20776.4 -20776.4
20786.7 -20786.7
20796.9 -20796.9
20807.1 -20807.1
20817.2 -20817.2
20827.4 -20827.4
20837.5 -20837.5
20847.6 -20847.6
20857.6 -20857.6
20867.6 -20867.6
20877.6 -20877.6
20887.6 -20887.6
20897.5 -20897.5
20907.4 -20907.4
20917.3 -20917.3
20927.1 -20927.1
20936.9 -20936.9
20946.7 -20946.7
20956.5 -20956.5
20966.2 -20966.2
20975.9 -20975.9
20985.6 -20985.6
20995.3 -20995.3
21004.9 -21004.9
21014.5 -21014.5
21024.1 -21024.1
21033.7 -21033.7
21043.2 -21043.2
21052.7 -21052.7
21062.2 -21062.2
21071.7 -21071.7
21081.1 -21081.1
21090.5 -21090.5
21099.9 -21099.9
21109.2 -21109.2
21118.6 -21118.6
21127.9 -21127.9
21137.2 -21137.2
21146.5 -21146.5
21155.7 -21155.7
21164.9 -21164.9
21174.1 -21174.1
21183.3 -21183.3
21192.5 -21192.5
21201.6 -21201.6
21210.7 -21210.7
21219.8 -21219.8
21228.9 -21228.9
21237.9 -21237.9
21247 -21247
21256 -21256
21265 -21265
21273.9 -21273.9
21282.9 -21282.9
21291.8 -21291.8
21300.7 -21300.7
21309.6 -21309.6
21318.4 -21318.4
21327.3 -21327.3
21336.1 -21336.1
21344.9 -21344.9
21353.7 -21353.7
21362.4 -21362.4
21371.2 -21371.2
21379.9 -21379.9
21388.6 -21388.6
21397.3 -21397.3
21406 -21406
21414.6 -21414.6
21423.3 -21423.3
21431.9 -21431.9
21440.5 -21440.5
21449 -21449
21457.6 -21457.6
21466.1 -21466.1
21474.7 -21474.7
21483.2 -21483.2
21491.7 -21491.7
21500.1 -21500.1
21508.6 -21508.6
21517 -21517
21525.4 -21525.4
21533.8 -21533.8
21542.2 -21542.2
21550.6 -21550.6
21558.9 -21558.9
21567.3 -21567.3
21575.6 -21575.6
21583.9 -21583.9
21592.2 -21592.2
21600.4 -21600.4
21608.7 -21608.7
21616.9 -21616.9
21625.1 -21625.1
21633.4 -21633.4
21641.5 -21641.5
21649.7 -21649.7
21657.9 -21657.9
21666 -21666
21674.1 -21674.1
21682.2 -21682.2
21690.3 -21690.3
21698.4 -21698.4
21706.5 -21706.5
21714.5 -21714.5
21722.6 -21722.6
21730.6 -21730.6
21738.6 -21738.6
21746.6 -21746.6
21754.5 -21754.5
21762.5 -21762.5
21770.4 -21770.4
21778.4 -21778.4
21786.3 -21786.3
21794.2 -21794.2
21802.1 -21802.1
21809.9 -21809.9
21817.8 -21817.8
21825.6 -21825.6
21833.5 -21833.5
21841.3 -21841.3
21849.1 -21849.1
21856.9 -21856.9
21864.7 -21864.7
21872.4 -21872.4
21880.2 -21880.2
21887.9 -21887.9
21895.6 -21895.6
21903.3 -21903.3
21911 -21911
21918.7 -21918.7
21926.4 -21926.4
21934 -21934
21941.7 -21941.7
21949.3 -21949.3
21956.9 -21956.9
21964.5 -21964.5
21972.1 -21972.1
21979.7 -21979.7
21987.2 -21987.2
21994.8 -21994.8
22002.3 -22002.3
22009.8 -22009.8
22017.4 -22017.4
22024.9 -22024.9
22032.3 -22032.3
22039.8 -22039.8
22047.3 -22047.3
22054.7 -22054.7
22062.2 -22062.2
22069.6 -22069.6
22077 -22077
22084.4 -22084.4
22091.8 -22091.8
22099.2 -22099.2
22106.5 -22106.5
22113.9 -22113.9
22121.2 -22121.2
22128.6 -22128.6
22135.9 -22135.9
22143.2 -22143.2
22150.5 -22150.5
22157.8 -22157.8
22165 -22165
22172.3 -22172.3
22179.6 -22179.6
22186.8 -22186.8
22194 -22194
22201.2 -22201.2
22208.4 -22208.4
22215.6 -22215.6
22222.8 -22222.8
22230 -22230
22237.1 -22237.1
22244.3 -22244.3
22251.4 -22251.4
22258.5 -22258.5
22265.7 -22265.7
22272.8 -22272.8
22279.9 -22279.9
22286.9 -22286.9
22294 -22294
22301.1 -22301.1
22308.1 -22308.1
22315.2 -22315.2
22322.2 -22322.2
22329.2 -22329.2
22336.2 -22336.2
22343.2 -22343.2
22350.2 -22350.2
22357.2 -22357.2
22364.1 -22364.1
22371.1 -22371.1
22378 -22378
22385 -22385
22391.9 -22391.9
22398.8 -22398.8
22405.7 -22405.7
22412.6 -22412.6
22419.5 -22419.5
22426.3 -22426.3
22433.2 -22433.2
22440.1 -22440.1
22446.9 -22446.9
22453.7 -22453.7
22460.6 -22460.6
22467.4 -22467.4
22474.2 -22474.2
22481 -22481
22487.7 -22487.7
22494.5 -22494.5
22501.3 -22501.3
22508 -22508
22514.8 -22514.8
22521.5 -22521.5
22528.2 -22528.2
22534.9 -22534.9
22541.6 -22541.6
22548.3 -22548.3
22555 -22555
22561.7 -22561.7
22568.4 -22568.4
22575 -22575
22581.7 -22581.7
22588.3 -22588.3
22594.9 -22594.9
22601.5 -22601.5
22608.2 -22608.2
22614.8 -22614.8
22621.3 -22621.3
22627.9 -22627.9
22634.5 -22634.5
22641.1 -22641.1
22647.6 -22647.6
22654.2 -22654.2
22660.7 -22660.7
22667.2 -22667.2
22673.7 -22673.7
22680.2 -22680.2
22686.7 -22686.7
22693.2 -22693.2
22699.7 -22699.7
22706.2 -22706.2
22712.6 -22712.6
22719.1 -22719.1
22725.5 -22725.5
22732 -22732
22738.4 -22738.4
22744.8 -22744.8
22751.2 -22751.2
22757.6 -22757.6
22764 -22764
22770.4 -22770.4
22776.8 -22776.8
22783.1 -22783.1
22789.5 -22789.5
22795.9 -22795.9
22802.2 -22802.2
22808.5 -22808.5
22814.8 -22814.8
22821.2 -22821.2
22827.5 -22827.5
22833.8 -22833.8
22840 -22840
22846.3 -22846.3
22852.6 -22852.6
22858.9 -22858.9
22865.1 -22865.1
22871.4 -22871.4
22877.6 -22877.6
22883.8 -22883.8
22890 -22890
22896.3 -22896.3
22902.5 -22902.5
22908.7 -22908.7
22914.8 -22914.8
22921 -22921
22927.2 -22927.2
22933.4 -22933.4
22939.5 -22939.5
22945.7 -22945.7
22951.8 -22951.8
22957.9 -22957.9
22964.1 -22964.1
22970.2 -22970.2
22976.3 -22976.3
22982.4 -22982.4
22988.5 -22988.5
22994.5 -22994.5
23000.6 -23000.6
23006.7 -23006.7
23012.7 -23012.7
23018.8 -23018.8
23024.8 -23024.8
23030.9 -23030.9
23036.9 -23036.9
23042.9 -23042.9
23048.9 -23048.9
23054.9 -23054.9
23060.9 -23060.9
23066.9 -23066.9
23072.9 -23072.9
23078.9 -23078.9
23084.8 -23084.8
23090.8 -23090.8
23096.7 -23096.7
23102.7 -23102.7
23108.6 -23108.6
23114.5 -23114.5
23120.4 -23120.4
23126.3 -23126.3
23132.3 -23132.3
23138.1 -23138.1
23144 -23144
23149.9 -23149.9
23155.8 -23155.8
23161.6 -23161.6
23167.5 -23167.5
23173.4 -23173.4
23179.2 -23179.2
23185 -23185
23190.9 -23190.9
23196.7 -23196.7
23202.5 -23202.5
23208.3 -23208.3
23214.1 -23214.1
23219.9 -23219.9
23225.7 -23225.7
23231.4 -23231.4
23237.2 -23237.2
23243 -23243
23248.7 -23248.7
23254.5 -23254.5
23260.2 -23260.2
23265.9 -23265.9
23271.7 -23271.7
23277.4 -23277.4
23283.1 -23283.1
23288.8 -23288.8
23294.5 -23294.5
23300.2 -23300.2
23305.9 -23305.9
23311.5 -23311.5
23317.2 -23317.2
23322.9 -23322.9
23328.5 -23328.5
23334.2 -23334.2
23339.8 -23339.8
23345.4 -23345.4
23351.1 -23351.1
23356.7 -23356.7
23362.3 -23362.3
23367.9 -23367.9
23373.5 -23373.5
23379.1 -23379.1
23384.7 -23384.7
23390.2 -23390.2
23395.8 -23395.8
23401.4 -23401.4
23406.9 -23406.9
23412.5 -23412.5
23418 -23418
23423.5 -23423.5
23429.1 -23429.1
23434.6 -23434.6
23440.1 -23440.1
23445.6 -23445.6
23451.1 -23451.1
23456.6 -23456.6
23462.1 -23462.1
23467.6 -23467.6
23473 -23473
23478.5 -23478.5
23484 -23484
23489.4 -23489.4
23494.9 -23494.9
23500.3 -23500.3
23505.8 -23505.8
23511.2 -23511.2
23516.6 -23516.6
23522 -23522
23527.4 -23527.4
23532.8 -23532.8
23538.2 -23538.2
23543.6 -23543.6
23549 -23549
23554.4 -23554.4
23559.7 -23559.7
23565.1 -23565.1
23570.4 -23570.4
23575.8 -23575.8
23581.1 -23581.1
23586.5 -23586.5
23591.8 -23591.8
23597.1 -23597.1
23602.4 -23602.4
23607.8 -23607.8
23613.1 -23613.1
23618.4 -23618.4
23623.6 -23623.6
23628.9 -23628.9
23634.2 -23634.2
23639.5 -23639.5
23644.7 -23644.7
23650 -23650
23655.3 -23655.3
23660.5 -23660.5
23665.7 -23665.7
23671 -23671
23676.2 -23676.2
23681.4 -23681.4
23686.7 -23686.7
23691.9 -23691.9
23697.1 -23697.1
23702.3 -23702.3
23707.5 -23707.5
23712.6 -23712.6
23717.8 -23717.8
23723 -23723
23728.2 -23728.2
23733.3 -23733.3
23738.5 -23738.5
23743.6 -23743.6
23748.8 -23748.8
23753.9 -23753.9
23759 -23759
23764.2 -23764.2
23769.3 -23769.3
23774.4 -23774.4
23779.5 -23779.5
23784.6 -23784.6
23789.7 -23789.7
23794.8 -23794.8
23799.9 -23799.9
23804.9 -23804.9
23810 -23810
23815.1 -23815.1
23820.1 -23820.1
23825.2 -23825.2
23830.2 -23830.2
23835.3 -23835.3
23840.3 -23840.3
23845.3 -23845.3
23850.4 -23850.4
23855.4 -23855.4
23860.4 -23860.4
23865.4 -23865.4
23870.4 -23870.4
23875.4 -23875.4
23880.4 -23880.4
23885.4 -23885.4
23890.4 -23890.4
23895.3 -23895.3
23900.3 -23900.3
23905.3 -23905.3
23910.2 -23910.2
23915.2 -23915.2
23920.1 -23920.1
23925 -23925
23930 -23930
23934.9 -23934.9
23939.8 -23939.8
23944.7 -23944.7
23949.7 -23949.7
23954.6 -23954.6
23959.5 -23959.5
23964.4 -23964.4
23969.2 -23969.2
23974.1 -23974.1
23979 -23979
23983.9 -23983.9
23988.7 -23988.7
23993.6 -23993.6
23998.5 -23998.5
24003.3 -24003.3
24008.1 -24008.1
24013 -24013
24017.8 -24017.8
24022.6 -24022.6
24027.5 -24027.5
24032.3 -24032.3
24037.1 -24037.1
24041.9 -24041.9
24046.7 -24046.7
24051.5 -24051.5
24056.3 -24056.3
24061.1 -24061.1
24065.9 -24065.9
24070.6 -24070.6
24075.4 -24075.4
24080.2 -24080.2
24084.9 -24084.9
24089.7 -24089.7
24094.4 -24094.4
24099.2 -24099.2
24103.9 -24103.9
24108.6 -24108.6
24113.4 -24113.4
24118.1 -24118.1
24122.8 -24122.8
24127.5 -24127.5
24132.2 -24132.2
24136.9 -24136.9
24141.6 -24141.6
24146.3 -24146.3
24151 -24151
24155.7 -24155.7
24160.4 -24160.4
24165 -24165
24169.7 -24169.7
24174.4 -24174.4
24179 -24179
24183.7 -24183.7
24188.3 -24188.3
24192.9 -24192.9
24197.6 -24197.6
24202.2 -24202.2
24206.8 -24206.8
24211.5 -24211.5
24216.1 -24216.1
24220.7 -24220.7
24225.3 -24225.3
24229.9 -24229.9
24234.5 -24234.5
24239.1 -24239.1
24243.7 -24243.7
24248.2 -24248.2
24252.8 -24252.8
24257.4 -24257.4
24262 -24262
24266.5 -24266.5
24271.1 -24271.1
24275.6 -24275.6
24280.2 -24280.2
24284.7 -24284.7
24289.3 -24289.3
24293.8 -24293.8
24298.3 -24298.3
24302.8 -24302.8
24307.4 -24307.4
24311.9 -24311.9
24316.4 -24316.4
24320.9 -24320.9
24325.4 -24325.4
24329.9 -24329.9
24334.4 -24334.4
24338.9 -24338.9
24343.3 -24343.3
24347.8 -24347.8
24352.3 -24352.3
24356.7 -24356.7
24361.2 -24361.2
24365.7 -24365.7
24370.1 -24370.1
24374.6 -24374.6
24379 -24379
24383.4 -24383.4
24387.9 -24387.9
24392.3 -24392.3
24396.7 -24396.7
24401.2 -24401.2
24405.6 -24405.6
24410 -24410
24414.4 -24414.4
24418.8 -24418.8
24423.2 -24423.2
24427.6 -24427.6
24432 -24432
24436.3 -24436.3
24440.7 -24440.7
24445.1 -24445.1
24449.5 -24449.5
24453.8 -24453.8
24458.2 -24458.2
24462.6 -24462.6
24466.9 -24466.9
24471.3 -24471.3
24475.6 -24475.6
24479.9 -24479.9
24484.3 -24484.3
24488.6 -24488.6
24492.9 -24492.9
24497.3 -24497.3
24501.6 -24501.6
24505.9 -24505.9
24510.2 -24510.2
24514.5 -24514.5
24518.8 -24518.8
24523.1 -24523.1
24527.4 -24527.4
24531.7 -24531.7
24536 -24536
24540.2 -24540.2
24544.5 -24544.5
24548.8 -24548.8
24553 -24553
24557.3 -24557.3
24561.6 -24561.6
24565.8 -24565.8
24570.1 -24570.1
24574.3 -24574.3
24578.6 -24578.6
24582.8 -24582.8
24587 -24587
24591.2 -24591.2
24595.5 -24595.5
24599.7 -24599.7
24603.9 -24603.9
24608.1 -24608.1
24612.3 -24612.3
24616.5 -24616.5
24620.7 -24620.7
24624.9 -24624.9
24629.1 -24629.1
24633.3 -24633.3
24637.5 -24637.5
24641.7 -24641.7
24645.8 -24645.8
24650 -24650
24654.2 -24654.2
24658.3 -24658.3
24662.5 -24662.5
24666.7 -24666.7
24670.8 -24670.8
24675 -24675
24679.1 -24679.1
24683.2 -24683.2
24687.4 -24687.4
24691.5 -24691.5
24695.6 -24695.6
24699.8 -24699.8
24703.9 -24703.9
24708 -24708
24712.1 -24712.1
24716.2 -24716.2
24720.3 -24720.3
24724.4 -24724.4
24728.5 -24728.5
24732.6 -24732.6
24736.7 -24736.7
24740.8 -24740.8
24744.8 -24744.8
24748.9 -24748.9
24753 -24753
24757.1 -24757.1
24761.1 -24761.1
24765.2 -24765.2
24769.2 -24769.2
24773.3 -24773.3
24777.4 -24777.4
24781.4 -24781.4
24785.4 -24785.4
24789.5 -24789.5
24793.5 -24793.5
24797.5 -24797.5
24801.6 -24801.6
24805.6 -24805.6
24809.6 -24809.6
24813.6 -24813.6
24817.6 -24817.6
24821.7 -24821.7
24825.7 -24825.7
24829.7 -24829.7
24833.7 -24833.7
24837.7 -24837.7
24841.6 -24841.6
24845.6 -24845.6
24849.6 -24849.6
24853.6 -24853.6
24857.6 -24857.6
24861.5 -24861.5
24865.5 -24865.5
24869.5 -24869.5
24873.4 -24873.4
24877.4 -24877.4
24881.3 -24881.3
24885.3 -24885.3
24889.2 -24889.2
24893.2 -24893.2
24897.1 -24897.1
24901.1 -24901.1
24905 -24905
24908.9 -24908.9
24912.9 -24912.9
24916.8 -24916.8
24920.7 -24920.7
24924.6 -24924.6
24928.5 -24928.5
24932.4 -24932.4
24936.3 -24936.3
24940.2 -24940.2
24944.1 -24944.1
24948 -24948
24951.9 -24951.9
24955.8 -24955.8
24959.7 -24959.7
24963.6 -24963.6
24967.5 -24967.5
24971.3 -24971.3
24975.2 -24975.2
24979.1 -24979.1
24982.9 -24982.9
24986.8 -24986.8
24990.7 -24990.7
24994.5 -24994.5
24998.4 -24998.4
25002.2 -25002.2
25006 -25006
25009.9 -25009.9
25013.7 -25013.7
25017.6 -25017.6
25021.4 -25021.4
25025.2 -25025.2
25029 -25029
25032.9 -25032.9
25036.7 -25036.7
25040.5 -25040.5
25044.3 -25044.3
25048.1 -25048.1
25051.9 -25051.9
25055.7 -25055.7
25059.5 -25059.5
25063.3 -25063.3
25067.1 -25067.1
25070.9 -25070.9
25074.7 -25074.7
25078.5 -25078.5
25082.2 -25082.2
25086 -25086
25089.8 -25089.8
25093.6 -25093.6
25097.3 -25097.3
25101.1 -25101.1
25104.8 -25104.8
25108.6 -25108.6
25112.4 -25112.4
25116.1 -25116.1
25119.9 -25119.9
25123.6 -25123.6
25127.3 -25127.3
25131.1 -25131.1
25134.8 -25134.8
25138.5 -25138.5
25142.3 -25142.3
25146 -25146
25149.7 -25149.7
25153.4 -25153.4
25157.2 -25157.2
25160.9 -25160.9
25164.6 -25164.6
25168.3 -25168.3
25172 -25172
25175.7 -25175.7
25179.4 -25179.4
25183.1 -25183.1
25186.8 -25186.8
25190.5 -25190.5
25194.2 -25194.2
25197.8 -25197.8
25201.5 -25201.5
25205.2 -25205.2
25208.9 -25208.9
25212.5 -25212.5
25216.2 -25216.2
25219.9 -25219.9
25223.5 -25223.5
25227.2 -25227.2
25230.9 -25230.9
25234.5 -25234.5
25238.2 -25238.2
25241.8 -25241.8
25245.5 -25245.5
25249.1 -25249.1
25252.7 -25252.7
25256.4 -25256.4
25260 -25260
25263.6 -25263.6
25267.3 -25267.3
25270.9 -25270.9
25274.5 -25274.5
25278.1 -25278.1
25281.8 -25281.8
25285.4 -25285.4
25289 -25289
25292.6 -25292.6
25296.2 -25296.2
25299.8 -25299.8
25303.4 -25303.4
25307 -25307
25310.6 -25310.6
25314.2 -25314.2
25317.8 -25317.8
25321.4 -25321.4
25324.9 -25324.9
25328.5 -25328.5
25332.1 -25332.1
25335.7 -25335.7
25339.2 -25339.2
25342.8 -25342.8
25346.4 -25346.4
25349.9 -25349.9
25353.5 -25353.5
25357.1 -25357.1
25360.6 -25360.6
25364.2 -25364.2
25367.7 -25367.7
25371.3 -25371.3
25374.8 -25374.8
25378.4 -25378.4
25381.9 -25381.9
25385.4 -25385.4
25389 -25389
25392.5 -25392.5
25396 -25396
25399.6 -25399.6
25403.1 -25403.1
25406.6 -25406.6
25410.1 -25410.1
25413.6 -25413.6
25417.1 -25417.1
25420.7 -25420.7
25424.2 -25424.2
25427.7 -25427.7
25431.2 -25431.2
25434.7 -25434.7
25438.2 -25438.2
25441.7 -25441.7
25445.2 -25445.2
25448.7 -25448.7
25452.1 -25452.1
25455.6 -25455.6
25459.1 -25459.1
25462.6 -25462.6
25466.1 -25466.1
25469.5 -25469.5
25473 -25473
25476.5 -25476.5
25479.9 -25479.9
25483.4 -25483.4
25486.9 -25486.9
25490.3 -25490.3
25493.8 -25493.8
25497.2 -25497.2
25500.7 -25500.7
25504.1 -25504.1
25507.6 -25507.6
25511 -25511
25514.5 -25514.5
25517.9 -25517.9
25521.4 -25521.4
25524.8 -25524.8
25528.2 -25528.2
25531.7 -25531.7
25535.1 -25535.1
25538.5 -25538.5
25541.9 -25541.9
25545.4 -25545.4
25548.8 -25548.8
25552.2 -25552.2
25555.6 -25555.6
25559 -25559
25562.4 -25562.4
25565.8 -25565.8
25569.2 -25569.2
25572.6 -25572.6
25576 -25576
25579.4 -25579.4
25582.8 -25582.8
25586.2 -25586.2
25589.6 -25589.6
25593 -25593
25596.4 -25596.4
25599.8 -25599.8
25603.1 -25603.1
25606.5 -25606.5
25609.9 -25609.9
25613.3 -25613.3
25616.6 -25616.6
25620 -25620
25623.4 -25623.4
25626.7 -25626.7
25630.1 -25630.1
25633.5 -25633.5
25636.8 -25636.8
25640.2 -25640.2
25643.5 -25643.5
25646.9 -25646.9
25650.2 -25650.2
25653.6 -25653.6
25656.9 -25656.9
25660.2 -25660.2
25663.6 -25663.6
25666.9 -25666.9
25670.3 -25670.3
25673.6 -25673.6
25676.9 -25676.9
25680.3 -25680.3
25683.6 -25683.6
25686.9 -25686.9
25690.2 -25690.2
25693.5 -25693.5
25696.9 -25696.9
25700.2 -25700.2
25703.5 -25703.5
25706.8 -25706.8
25710.1 -25710.1
25713.4 -25713.4
25716.7 -25716.7
25720 -25720
25723.3 -25723.3
25726.6 -25726.6
25729.9 -25729.9
25733.2 -25733.2
25736.5 -25736.5
25739.8 -25739.8
25743.1 -25743.1
25746.4 -25746.4
25749.6 -25749.6
25752.9 -25752.9
25756.2 -25756.2
25759.5 -25759.5
25762.7 -25762.7
25766 -25766
25769.3 -25769.3
25772.6 -25772.6
25775.8 -25775.8
25779.1 -25779.1
25782.3 -25782.3
25785.6 -25785.6
25788.9 -25788.9
25792.1 -25792.1
25795.4 -25795.4
25798.6 -25798.6
25801.9 -25801.9
25805.1 -25805.1
25808.4 -25808.4
25811.6 -25811.6
25814.8 -25814.8
25818.1 -25818.1
25821.3 -25821.3
25824.6 -25824.6
25827.8 -25827.8
25831 -25831
25834.2 -25834.2
25837.5 -25837.5
25840.7 -25840.7
25843.9 -25843.9
25847.1 -25847.1
25850.4 -25850.4
25853.6 -25853.6
25856.8 -25856.8
25860 -25860
25863.2 -25863.2
25866.4 -25866.4
25869.6 -25869.6
25872.8 -25872.8
25876 -25876
25879.2 -25879.2
25882.4 -25882.4
25885.6 -25885.6
25888.8 -25888.8
25892 -25892
25895.2 -25895.2
25898.4 -25898.4
25901.6 -25901.6
25904.8 -25904.8
25908 -25908
25911.1 -25911.1
25914.3 -25914.3
25917.5 -25917.5
25920.7 -25920.7
25923.8 -25923.8
25927 -25927
25930.2 -25930.2
25933.4 -25933.4
25936.5 -25936.5
25939.7 -25939.7
25942.9 -25942.9
25946 -25946
25949.2 -25949.2
25952.3 -25952.3
25955.5 -25955.5
25958.6 -25958.6
25961.8 -25961.8
25964.9 -25964.9
25968.1 -25968.1
25971.2 -25971.2
25974.4 -25974.4
25977.5 -25977.5
25980.7 -25980.7
25983.8 -25983.8
25986.9 -25986.9
25990.1 -25990.1
25993.2 -25993.2
25996.3 -25996.3
25999.5 -25999.5
26002.6 -26002.6
26005.7 -26005.7
26008.8 -26008.8
26012 -26012
26015.1 -26015.1
26018.2 -26018.2
26021.3 -26021.3
26024.4 -26024.4
26027.5 -26027.5
26030.7 -26030.7
26033.8 -26033.8
26036.9 -26036.9
26040 -26040
26043.1 -26043.1
26046.2 -26046.2
26049.3 -26049.3
26052.4 -26052.4
26055.5 -26055.5
26058.6 -26058.6
26061.7 -26061.7
26064.8 -26064.8
26067.9 -26067.9
26070.9 -26070.9
26074 -26074
26077.1 -26077.1
26080.2 -26080.2
26083.3 -26083.3
26086.4 -26086.4
26089.4 -26089.4
26092.5 -26092.5
26095.6 -26095.6
26098.7 -26098.7
26101.7 -26101.7
26104.8 -26104.8
26107.9 -26107.9
26110.9 -26110.9
26114 -26114
26117.1 -26117.1
26120.1 -26120.1
26123.2 -26123.2
26126.3 -26126.3
26129.3 -26129.3
26132.4 -26132.4
26135.4 -26135.4
26138.5 -26138.5
26141.5 -26141.5
26144.6 -26144.6
26147.6 -26147.6
26150.7 -26150.7
26153.7 -26153.7
26156.7 -26156.7
26159.8 -26159.8
26162.8 -26162.8
26165.9 -26165.9
26168.9 -26168.9
26171.9 -26171.9
26175 -26175
26178 -26178
26181 -26181
26184 -26184
26187.1 -26187.1
26190.1 -26190.1
26193.1 -26193.1
26196.1 -26196.1
26199.2 -26199.2
26202.2 -26202.2
26205.2 -26205.2
26208.2 -26208.2
26211.2 -26211.2
26214.2 -26214.2
26217.2 -26217.2
26220.2 -26220.2
26223.2 -26223.2
26226.3 -26226.3
26229.3 -26229.3
26232.3 -26232.3
26235.3 -26235.3
26238.3 -26238.3
26241.3 -26241.3
26244.2 -26244.2
26247.2 -26247.2
26250.2 -26250.2
26253.2 -26253.2
26256.2 -26256.2
26259.2 -26259.2
26262.2 -26262.2
26265.2 -26265.2
26268.2 -26268.2
26271.1 -26271.1
26274.1 -26274.1
26277.1 -26277.1
26280.1 -26280.1
26283 -26283
26286 -26286
26289 -26289
26292 -26292
26294.9 -26294.9
26297.9 -26297.9
26300.9 -26300.9
26303.8 -26303.8
26306.8 -26306.8
26309.8 -26309.8
26312.7 -26312.7
26315.7 -26315.7
26318.6 -26318.6
26321.6 -26321.6
26324.5 -26324.5
26327.5 -26327.5
26330.4 -26330.4
26333.4 -26333.4
26336.3 -26336.3
26339.3 -26339.3
26342.2 -26342.2
26345.2 -26345.2
26348.1 -26348.1
26351.1 -26351.1
26354 -26354
26356.9 -26356.9
26359.9 -26359.9
26362.8 -26362.8
26365.8 -26365.8
26368.7 -26368.7
26371.6 -26371.6
26374.5 -26374.5
26377.5 -26377.5
26380.4 -26380.4
26383.3 -26383.3
26386.3 -26386.3
26389.2 -26389.2
26392.1 -26392.1
26395 -26395
26397.9 -26397.9
26400.9 -26400.9
26403.8 -26403.8
26406.7 -26406.7
26409.6 -26409.6
26412.5 -26412.5
26415.4 -26415.4
26418.3 -26418.3
26421.2 -26421.2
26424.1 -26424.1
26427 -26427
26429.9 -26429.9
26432.8 -26432.8
26435.7 -26435.7
26438.6 -26438.6
26441.5 -26441.5
26444.4 -26444.4
26447.3 -26447.3
26450.2 -26450.2
26453.1 -26453.1
26456 -26456
26458.9 -26458.9
26461.8 -26461.8
26464.7 -26464.7
26467.6 -26467.6
26470.4 -26470.4
26473.3 -26473.3
26476.2 -26476.2
26479.1 -26479.1
26482 -26482
26484.8 -26484.8
26487.7 -26487.7
26490.6 -26490.6
26493.5 -26493.5
26496.3 -26496.3
26499.2 -26499.2
26502.1 -26502.1
26505 -26505
26507.8 -26507.8
26510.7 -26510.7
26513.6 -26513.6
26516.4 -26516.4
26519.3 -26519.3
26522.1 -26522.1
26525 -26525
26527.9 -26527.9
26530.7 -26530.7
26533.6 -26533.6
26536.4 -26536.4
26539.3 -26539.3
26542.1 -26542.1
26545 -26545
26547.8 -26547.8
26550.7 -26550.7
26553.5 -26553.5
26556.4 -26556.4
26559.2 -26559.2
26562 -26562
26564.9 -26564.9
26567.7 -26567.7
26570.6 -26570.6
26573.4 -26573.4
26576.2 -26576.2
26579.1 -26579.1
26581.9 -26581.9
26584.7 -26584.7
26587.6 -26587.6
26590.4 -26590.4
26593.2 -26593.2
26596.1 -26596.1
26598.9 -26598.9
26601.7 -26601.7
26604.5 -26604.5
26607.4 -26607.4
26610.2 -26610.2
26613 -26613
26615.8 -26615.8
26618.6 -26618.6
26621.4 -26621.4
26624.3 -26624.3
26627.1 -26627.1
26629.9 -26629.9
26632.7 -26632.7
26635.5 -26635.5
26638.3 -26638.3
26641.1 -26641.1
26643.9 -26643.9
26646.7 -26646.7
26649.5 -26649.5
26652.3 -26652.3
26655.1 -26655.1
26657.9 -26657.9
26660.7 -26660.7
26663.5 -26663.5
26666.3 -26666.3
26669.1 -26669.1
26671.9 -26671.9
26674.7 -26674.7
26677.5 -26677.5
26680.3 -26680.3
26683.1 -26683.1
26685.9 -26685.9
26688.7 -26688.7
26691.5 -26691.5
26694.2 -26694.2
26697 -26697
26699.8 -26699.8
26702.6 -26702.6
26705.4 -26705.4
26708.2 -26708.2
26710.9 -26710.9
26713.7 -26713.7
26716.5 -26716.5
26719.3 -26719.3
26432 -26432
26144.9 -26144.9
25858 -25858
25571.3 -25571.3
25284.9 -25284.9
24998.8 -24998.8
24713 -24713
24427.7 -24427.7
24142.8 -24142.8
23858.3 -23858.3
23574.4 -23574.4
23290.9 -23290.9
23008 -23008
22725.7 -22725.7
22443.9 -22443.9
22162.8 -22162.8
21882.4 -21882.4
21602.5 -21602.5
21323.4 -21323.4
21045 -21045
20767.4 -20767.4
20490.4 -20490.4
20214.3 -20214.3
19939 -19939
19664.5 -19664.5
19390.8 -19390.8
19117.9 -19117.9
18846 -18846
18574.9 -18574.9
18304.7 -18304.7
18035.5 -18035.5
17767.2 -17767.2
17499.9 -17499.9
17233.5 -17233.5
16968.2 -16968.2
16703.8 -16703.8
16440.5 -16440.5
16178.2 -16178.2
15917 -15917
15656.8 -15656.8
15397.8 -15397.8
15139.8 -15139.8
14882.9 -14882.9
14627.2 -14627.2
14372.6 -14372.6
14119.1 -14119.1
13866.8 -13866.8
13615.7 -13615.7
13365.7 -13365.7
13117 -13117
12869.5 -12869.5
12623.2 -12623.2
12378.1 -12378.1
12134.3 -12134.3
11891.7 -11891.7
11650.4 -11650.4
11410.3 -11410.3
11171.6 -11171.6
10934.1 -10934.1
10697.9 -10697.9
10463 -10463
10229.5 -10229.5
9997.25 -9997.25
9766.35 -9766.35
9536.79 -9536.79
9308.58 -9308.58
9081.72 -9081.72
8856.23 -8856.23
8632.09 -8632.09
8409.33 -8409.33
8187.95 -8187.95
7967.96 -7967.96
7749.35 -7749.35
7532.13 -7532.13
7316.32 -7316.32
7101.91 -7101.91
6888.9 -6888.9
6677.31 -6677.31
6467.13 -6467.13
6258.37 -6258.37
6051.03 -6051.03
5845.12 -5845.12
5640.63 -5640.63
5437.58 -5437.58
5235.95 -5235.95
5035.76 -5035.76
4837 -4837
4639.68 -4639.68
4443.8 -4443.8
4249.36 -4249.36
4056.35 -4056.35
3864.78 -3864.78
3674.66 -3674.66
3485.97 -3485.97
3298.72 -3298.72
3112.91 -3112.91
2928.54 -2928.54
2745.61 -2745.61
2564.1 -2564.1
2384.04 -2384.04
2205.4 -2205.4
2028.2 -2028.2
1852.42 -1852.42
1678.07 -1678.07
1505.14 -1505.14
1333.63 -1333.63
1163.54 -1163.54
995.415 -995.415
829.056 -829.056
664.935 -664.935
502.701 -502.701
342.736 -342.736
184.765 -184.765
30.3023 -30.3023
-126.343 126.343
-286.392 286.392
-447.209 447.209
-607.641 607.641
-766.548 766.548
-924.347 924.347
-1080.98 1080.98
-1236.09 1236.09
-1389.69 1389.69
-1542.61 1542.61
-1694.01 1694.01
-1843.9 1843.9
-1992.63 1992.63
-2140.37 2140.37
-2286.6 2286.6
-2431.34 2431.34
-2574.59 2574.59
-2716.37 2716.37
-2857.49 2857.49
-2997.25 2997.25
-3135.54 3135.54
-3272.38 3272.38
-3407.76 3407.76
-3541.71 3541.71
-3674.24 3674.24
-3805.35 3805.35
-3935.06 3935.06
-4063.38 4063.38
-4190.32 4190.32
-4315.89 4315.89
-4440.11 4440.11
-4562.98 4562.98
-4684.52 4684.52
-4804.74 4804.74
-4923.65 4923.65
-5041.27 5041.27
-5157.6 5157.6
-5272.65 5272.65
-5386.44 5386.44
-5498.99 5498.99
-5610.29 5610.29
-5720.37 5720.37
-5829.23 5829.23
-5936.89 5936.89
-6043.35 6043.35
-6148.64 6148.64
-6252.75 6252.75
-6355.71 6355.71
-6457.53 6457.53
-6558.2 6558.2
-6657.76 6657.76
-6756.2 6756.2
-6853.54 6853.54
-6949.8 6949.8
-7044.97 7044.97
-7139.08 7139.08
-7232.13 7232.13
-7324.14 7324.14
-7415.12 7415.12
-7505.07 7505.07
-7594.01 7594.01
-7681.95 7681.95
-7768.9 7768.9
-7854.88 7854.88
-7939.88 7939.88
-8023.93 8023.93
-8107.02 8107.02
-8189.17 8189.17
-8270.4 8270.4
-8350.72 8350.72
-8430.13 8430.13
-8508.64 8508.64
-8586.28 8586.28
-8663.03 8663.03
-8738.93 8738.93
-8813.97 8813.97
-8888.16 8888.16
-8961.52 8961.52
-9034.06 9034.06
-9105.78 9105.78
-9176.7 9176.7
-9246.82 9246.82
-9316.16 9316.16
-9384.72 9384.72
-9452.51 9452.51
-9519.55 9519.55
-9585.83 9585.83
-9651.38 9651.38
-9716.2 9716.2
-9780.3 9780.3
-9843.68 9843.68
-9906.36 9906.36
-9968.35 9968.35
-10029.7 10029.7
-10090.3 10090.3
-10150.2 10150.2
-10209.5 10209.5
-10268.2 10268.2
-10326.2 10326.2
-10383.6 10383.6
-10440.3 10440.3
-10496.4 10496.4
-10551.9 10551.9
-10606.8 10606.8
-10661.2 10661.2
-10714.9 10714.9
-10768 10768
-10820.6 10820.6
-10872.6 10872.6
-10924.1 10924.1
-10975 10975
-11025.4 11025.4
-11075.2 11075.2
-11124.5 11124.5
-11173.3 11173.3
-11221.6 11221.6
-11269.4 11269.4
-11316.6 11316.6
-11363.4 11363.4
-11409.7 11409.7
-11455.6 11455.6
-11500.9 11500.9
-11545.8 11545.8
-11590.2 11590.2
-11634.2 11634.2
-11677.7 11677.7
-11720.8 11720.8
-11763.5 11763.5
-11805.7 11805.7
-11847.5 11847.5
-11888.9 11888.9
-11929.9 11929.9
-11970.4 11970.4
-12010.6 12010.6
-12050.4 12050.4
-12089.8 12089.8
-12128.8 12128.8
-12167.5 12167.5
-12205.7 12205.7
-12243.6 12243.6
-12281.2 12281.2
-12318.4 12318.4
-12355.2 12355.2
-12391.7 12391.7
-12427.9 12427.9
-12463.7 12463.7
-12499.2 12499.2
-12534.4 12534.4
-12569.2 12569.2
-12603.8 12603.8
-12638 12638
-12671.9 12671.9
-12705.5 12705.5
-12738.8 12738.8
-12771.9 12771.9
-12804.6 12804.6
-12837.1 12837.1
-12869.2 12869.2
-12901.1 12901.1
-12932.7 12932.7
-12964.1 12964.1
-12995.2 12995.2
-13026 13026
-13056.6 13056.6
-13086.9 13086.9
-13116.9 13116.9
-13146.7 13146.7
-13176.3 13176.3
-13205.6 13205.6
-13234.7 13234.7
-13263.6 13263.6
-13292.2 13292.2
-13320.6 13320.6
-13348.8 13348.8
-13376.8 13376.8
-13404.5 13404.5
-13432.1 13432.1
-13459.4 13459.4
-13486.5 13486.5
-13513.4 13513.4
-13540.1 13540.1
-13566.6 13566.6
-13593 13593
-13619.1 13619.1
-13645 13645
-13670.7 13670.7
-13696.3 13696.3
-13721.7 13721.7
-13746.9 13746.9
-13771.9 13771.9
-13796.7 13796.7
-13821.4 13821.4
-13845.9 13845.9
-13870.2 13870.2
-13894.4 13894.4
-13918.4 13918.4
-13942.2 13942.2
-13965.9 13965.9
-13989.4 13989.4
-14012.8 14012.8
-14036 14036
-14059.1 14059.1
-14082 14082
-14104.7 14104.7
-14127.4 14127.4
-14149.8 14149.8
-14172.2 14172.2
-14194.4 14194.4
-14216.4 14216.4
-14238.4 14238.4
-14260.2 14260.2
-14281.8 14281.8
-14303.4 14303.4
-14324.8 14324.8
-14346 14346
-14367.2 14367.2
-14388.2 14388.2
-14409.1 14409.1
-14429.9 14429.9
-14450.5 14450.5
-14471.1 14471.1
-14491.5 14491.5
-14511.8 14511.8
-14532 14532
-14552.1 14552.1
-14572.1 14572.1
-14592 14592
-14611.7 14611.7
-14631.4 14631.4
-14650.9 14650.9
-14670.4 14670.4
-14689.7 14689.7
-14709 14709
-14728.1 14728.1
-14747.1 14747.1
-14766.1 14766.1
-14784.9 14784.9
-14803.7 14803.7
-14822.3 14822.3
-14840.9 14840.9
-14859.4 14859.4
-14877.7 14877.7
-14896 14896
-14914.2 14914.2
-14932.4 14932.4
-14950.4 14950.4
-14968.3 14968.3
-14986.2 14986.2
-15003.9 15003.9
-15021.6 15021.6
-15039.2 15039.2
-15056.7 15056.7
-15074.2 15074.2
-15091.5 15091.5
-15108.8 15108.8
-15126 15126
-15143.2 15143.2
-15160.2 15160.2
-15177.2 15177.2
-15194.1 15194.1
-15210.9 15210.9
-15227.7 15227.7
-15244.4 15244.4
-15261 15261
-15277.5 15277.5
-15294 15294
-15310.4 15310.4
-15326.7 15326.7
-15343 15343
-15359.2 15359.2
-15375.3 15375.3
-15391.4 15391.4
-15407.4 15407.4
-15423.3 15423.3
-15439.2 15439.2
-15455 15455
-15470.7 15470.7
-15486.4 15486.4
-15502.1 15502.1
-15517.6 15517.6
-15533.1 15533.1
-15548.6 15548.6
-15563.9 15563.9
-15579.3 15579.3
-15594.5 15594.5
-15609.7 15609.7
-15624.9 15624.9
-15640 15640
-15655 15655
-15670 15670
-15685 15685
-15699.8 15699.8
-15714.7 15714.7
-15729.4 15729.4
-15744.2 15744.2
-15758.8 15758.8
-15773.4 15773.4
-15788 15788
-15802.5 15802.5
-15817 15817
-15831.4 15831.4
-15845.8 15845.8
-15860.1 15860.1
-15874.3 15874.3
-15888.6 15888.6
-15902.7 15902.7
-15916.9 15916.9
-15930.9 15930.9
-15945 15945
-15959 15959
-15972.9 15972.9
-15986.8 15986.8
-16000.6 16000.6
-16014.4 16014.4
-16028.2 16028.2
-16041.9 16041.9
-16055.6 16055.6
-16069.2 16069.2
-16082.8 16082.8
-16096.4 16096.4
-16109.9 16109.9
-16123.3 16123.3
-16136.7 16136.7
-16150.1 16150.1
-16163.5 16163.5
-16176.8 16176.8
-16190 16190
-16203.2 16203.2
-16216.4 16216.4
-16229.6 16229.6
-16242.7 16242.7
-16255.7 16255.7
-16268.8 16268.8
-16281.8 16281.8
-16294.7 16294.7
-16307.6 16307.6
-16320.5 16320.5
-16333.3 16333.3
-16346.2 16346.2
-16358.9 16358.9
-16371.7 16371.7
-16384.4 16384.4
-16397 16397
-16409.6 16409.6
-16422.2 16422.2
-16434.8 16434.8
-16447.3 16447.3
-16459.8 16459.8
-16472.3 16472.3
-16484.7 16484.7
-16497.1 16497.1
-16509.4 16509.4
-16521.8 16521.8
-16534.1 16534.1
-16546.3 16546.3
-16558.5 16558.5
-16570.7 16570.7
-16582.9 16582.9
-16595 16595
-16607.1 16607.1
-16619.2 16619.2
-16631.3 16631.3
-16643.3 16643.3
-16655.3 16655.3
-16667.2 16667.2
-16679.1 16679.1
-16691 16691
-16702.9 16702.9
-16714.7 16714.7
-16726.5 16726.5
-16738.3 16738.3
-16750 16750
-16761.8 16761.8
-16773.4 16773.4
-16785.1 16785.1
-16796.7 16796.7
-16808.3 16808.3
-16819.9 16819.9
-16831.5 16831.5
-16843 16843
-16854.5 16854.5
-16866 16866
-16877.4 16877.4
-16888.8 16888.8
-16900.2 16900.2
-16911.6 16911.6
-16922.9 16922.9
-16934.2 16934.2
-16945.5 16945.5
-16956.8 16956.8
-16968 16968
-16979.2 16979.2
-16990.4 16990.4
-17001.6 17001.6
-17012.7 17012.7
-17023.8 17023.8
-17034.9 17034.9
-17046 17046
-17057 17057
-17068.1 17068.1
-17079 17079
-17090 17090
-17101 17101
-17111.9 17111.9
-17122.8 17122.8
-17133.7 17133.7
-17144.5 17144.5
-17155.3 17155.3
-17166.1 17166.1
-17176.9 17176.9
-17187.7 17187.7
-17198.4 17198.4
-17209.2 17209.2
-17219.9 17219.9
-17230.5 17230.5
-17241.2 17241.2
-17251.8 17251.8
-17262.4 17262.4
-17273 17273
-17283.6 17283.6
-17294.1 17294.1
-17304.6 17304.6
-17315.1 17315.1
-17325.6 17325.6
-17336.1 17336.1
-17346.5 17346.5
-17357 17357
-17367.4 17367.4
-17377.7 17377.7
-17388.1 17388.1
-17398.4 17398.4
-17408.8 17408.8
-17419.1 17419.1
-17429.3 17429.3
-17439.6 17439.6
-17449.8 17449.8
-17460.1 17460.1
-17470.3 17470.3
-17480.5 17480.5
-17490.6 17490.6
-17500.8 17500.8
-17510.9 17510.9
-17521 17521
-17531.1 17531.1
-17541.2 17541.2
-17551.2 17551.2
-17561.2 17561.2
-17571.3 17571.3
-17581.3 17581.3
-17591.2 17591.2
-17601.2 17601.2
-17611.1 17611.1
-17621.1 17621.1
-17631 17631
-17640.9 17640.9
-17650.7 17650.7
-17660.6 17660.6
-17670.4 17670.4
-17680.2 17680.2
-17690 17690
-17699.8 17699.8
-17709.6 17709.6
-17719.4 17719.4
-17729.1 17729.1
-17738.8 17738.8
-17748.5 17748.5
-17758.2 17758.2
-17767.9 17767.9
-17777.5 17777.5
-17787.1 17787.1
-17796.8 17796.8
-17806.4 17806.4
-17815.9 17815.9
-17825.5 17825.5
-17835.1 17835.1
-17844.6 17844.6
-17854.1 17854.1
-17863.6 17863.6
-17873.1 17873.1
-17882.6 17882.6
-17892.1 17892.1
-17901.5 17901.5
-17910.9 17910.9
-17920.3 17920.3
-17929.7 17929.7
-17939.1 17939.1
-17948.5 17948.5
-17957.8 17957.8
-17967.2 17967.2
-17976.5 17976.5
-17985.8 17985.8
-17995.1 17995.1
-18004.3 18004.3
-18013.6 18013.6
-18022.9 18022.9
-18032.1 18032.1
-18041.3 18041.3
-18050.5 18050.5
-18059.7 18059.7
-18068.9 18068.9
-18078 18078
-18087.2 18087.2
-18096.3 18096.3
-18105.4 18105.4
-18114.5 18114.5
-18123.6 18123.6
-18132.7 18132.7
-18141.7 18141.7
-18150.8 18150.8
-18159.8 18159.8
-18168.8 18168.8
-18177.8 18177.8
-18186.8 18186.8
-18195.8 18195.8
-18204.8 18204.8
-18213.7 18213.7
-18222.6 18222.6
-18231.6 18231.6
-18240.5 18240.5
-18249.4 18249.4
-18258.3 18258.3
-18267.1 18267.1
-18276 18276
-18284.8 18284.8
-18293.7 18293.7
-18302.5 18302.5
-18311.3 18311.3
-18320.1 18320.1
-18328.8 18328.8
-18337.6 18337.6
-18346.4 18346.4
-18355.1 18355.1
-18363.8 18363.8
-18372.5 18372.5
-18381.2 18381.2
-18389.9 18389.9
-18398.6 18398.6
-18407.3 18407.3
-18415.9 18415.9
-18424.6 18424.6
-18433.2 18433.2
-18441.8 18441.8
-18450.4 18450.4
-18459 18459
-18467.6 18467.6
-18476.2 18476.2
-18484.7 18484.7
-18493.2 18493.2
-18501.8 18501.8
-18510.3 18510.3
-18518.8 18518.8
-18527.3 18527.3
-18535.8 18535.8
-18544.2 18544.2
-18552.7 18552.7
-18561.2 18561.2
-18569.6 18569.6
-18578 18578
-18586.4 18586.4
-18594.8 18594.8
-18603.2 18603.2
-18611.6 18611.6
-18620 18620
-18628.3 18628.3
-18636.7 18636.7
-18645 18645
-18653.3 18653.3
-18661.6 18661.6
-18669.9 18669.9
-18678.2 18678.2
-18686.5 18686.5
-18694.7 18694.7
-18703 18703
-18711.2 18711.2
-18719.5 18719.5
-18727.7 18727.7
-18735.9 18735.9
-18744.1 18744.1
-18752.3 18752.3
-18760.5 18760.5
-18768.6 18768.6
-18776.8 18776.8
-18784.9 18784.9
-18793.1 18793.1
-18801.2 18801.2
-18809.3 18809.3
-18817.4 18817.4
-18825.5 18825.5
-18833.6 18833.6
-18841.6 18841.6
-18849.7 18849.7
-18857.8 18857.8
-18865.8 18865.8
-18873.8 18873.8
-18881.8 18881.8
-18889.9 18889.9
-18897.8 18897.8
-18905.8 18905.8
-18913.8 18913.8
-18921.8 18921.8
-18929.7 18929.7
-18937.7 18937.7
-18945.6 18945.6
-18953.5 18953.5
-18961.5 18961.5
-18969.4 18969.4
-18977.3 18977.3
-18985.1 18985.1
-18993 18993
-19000.9 19000.9
-19008.7 19008.7
-19016.6 19016.6
-19024.4 19024.4
-19032.3 19032.3
-19040.1 19040.1
-19047.9 19047.9
-19055.7 19055.7
-19063.5 19063.5
-19071.2 19071.2
-19079 19079
-19086.8 19086.8
-19094.5 19094.5
-19102.3 19102.3
-19110 19110
-19117.7 19117.7
-19125.4 19125.4
-19133.1 19133.1
-19140.8 19140.8
-19148.5 19148.5
-19156.2 19156.2
-19163.8 19163.8
-19171.5 19171.5
-19179.1 19179.1
-19186.8 19186.8
-19194.4 19194.4
-19202 19202
-19209.6 19209.6
-19217.2 19217.2
-19224.8 19224.8
-19232.4 19232.4
-19239.9 19239.9
-19247.5 19247.5
-19255 19255
-19262.6 19262.6
-19270.1 19270.1
-19277.6 19277.6
-19285.2 19285.2
-19292.7 19292.7
-19300.2 19300.2
-19307.7 19307.7
-19315.1 19315.1
-19322.6 19322.6
-19330.1 19330.1
-19337.5 19337.5
-19345 19345
-19352.4 19352.4
-19359.8 19359.8
-19367.2 19367.2
-19374.6 19374.6
-19382 19382
-19389.4 19389.4
-19396.8 19396.8
-19404.2 19404.2
-19411.6 19411.6
-19418.9 19418.9
-19426.3 19426.3
-19433.6 19433.6
-19440.9 19440.9
-19448.3 19448.3
-19455.6 19455.6
-19462.9 19462.9
-19470.2 19470.2
-19477.5 19477.5
-19484.7 19484.7
-19492 19492
-19499.3 19499.3
-19506.5 19506.5
-19513.8 19513.8
-19521 19521
-19528.2 19528.2
-19535.4 19535.4
-19542.7 19542.7
-19549.9 19549.9
-19557.1 19557.1
-19564.2 19564.2
-19571.4 19571.4
-19578.6 19578.6
-19585.8 19585.8
-19592.9 19592.9
-19600.1 19600.1
-19607.2 19607.2
-19614.3 19614.3
-19621.4 19621.4
-19628.6 19628.6
-19635.7 19635.7
-19642.8 19642.8
-19649.8 19649.8
-19656.9 19656.9
-19664 19664
-19671.1 19671.1
-19678.1 19678.1
-19685.2 19685.2
-19692.2 19692.2
-19699.2 19699.2
-19706.3 19706.3
-19713.3 19713.3
-19720.3 19720.3
-19727.3 19727.3
-19734.3 19734.3
-19741.3 19741.3
-19748.2 19748.2
-19755.2 19755.2
-19762.2 19762.2
-19769.1 19769.1
-19776.1 19776.1
-19783 19783
-19789.9 19789.9
-19796.9 19796.9
-19803.8 19803.8
-19810.7 19810.7
-19817.6 19817.6
-19824.5 19824.5
-19831.4 19831.4
-19838.2 19838.2
-19845.1 19845.1
-19852 19852
-19858.8 19858.8
-19865.7 19865.7
-19872.5 19872.5
-19879.3 19879.3
-19886.2 19886.2
-19893 19893
-19899.8 19899.8
-19906.6 19906.6
-19913.4 19913.4
-19920.2 19920.2
-19926.9 19926.9
-19933.7 19933.7
-19940.5 19940.5
-19947.2 19947.2
-19954 19954
-19960.7 19960.7
-19967.5 19967.5
-19974.2 19974.2
-19980.9 19980.9
-19987.6 19987.6
-19994.3 19994.3
-20001 20001
-20007.7 20007.7
-20014.4 20014.4
-20021.1 20021.1
-20027.7 20027.7
-20034.4 20034.4
-20041 20041
-20047.7 20047.7
-20054.3 20054.3
-20061 20061
-20067.6 20067.6
-20074.2 20074.2
-20080.8 20080.8
-20087.4 20087.4
-20094 20094
-20100.6 20100.6
-20107.2 20107.2
-20113.8 20113.8
-20120.3 20120.3
-20126.9 20126.9
-20133.4 20133.4
-20140 20140
-20146.5 20146.5
-20153.1 20153.1
-20159.6 20159.6
-20166.1 20166.1
-20172.6 20172.6
-20179.1 20179.1
-20185.6 20185.6
-20192.1 20192.1
-20198.6 20198.6
-20205.1 20205.1
-20211.6 20211.6
-20218 20218
-20224.5 20224.5
-20230.9 20230.9
-20237.4 20237.4
-20243.8 20243.8
-20250.2 20250.2
-20256.7 20256.7
-20263.1 20263.1
-20269.5 20269.5
-20275.9 20275.9
-20282.3 20282.3
-20288.7 20288.7
-20295.1 20295.1
-20301.4 20301.4
-20307.8 20307.8
-20314.2 20314.2
-20320.5 20320.5
-20326.9 20326.9
-20333.2 20333.2
-20339.5 20339.5
-20345.9 20345.9
-20352.2 20352.2
-20358.5 20358.5
-20364.8 20364.8
-20371.1 20371.1
-20377.4 20377.4
-20383.7 20383.7
-20390 20390
-20396.3 20396.3
-20402.5 20402.5
-20408.8 20408.8
-20415.1 20415.1
-20421.3 20421.3
-20427.6 20427.6
-20433.8 20433.8
-20440 20440
-20446.3 20446.3
-20452.5 20452.5
-20458.7 20458.7
-20464.9 20464.9
-20471.1 20471.1
-20477.3 20477.3
-20483.5 20483.5
-20489.7 20489.7
-20495.8 20495.8
-20502 20502
-20508.2 20508.2
-20514.3 20514.3
-20520.5 20520.5
-20526.6 20526.6
-20532.7 20532.7
-20538.9 20538.9
-20545 20545
-20551.1 20551.1
-20557.2 20557.2
-20563.3 20563.3
-20569.4 20569.4
-20575.5 20575.5
-20581.6 20581.6
-20587.7 20587.7
-20593.8 20593.8
-20599.8 20599.8
-20605.9 20605.9
-20612 20612
-20618 20618
-20624.1 20624.1
-20630.1 20630.1
-20636.1 20636.1
-20642.2 20642.2
-20648.2 20648.2
-20654.2 20654.2
-20660.2 20660.2
-20666.2 20666.2
-20672.2 20672.2
-20678.2 20678.2
-20684.2 20684.2
-20690.1 20690.1
-20696.1 20696.1
-20702.1 20702.1
-20708 20708
-20714 20714
-20719.9 20719.9
-20725.9 20725.9
-20731.8 20731.8
-20737.8 20737.8
-20743.7 20743.7
-20749.6 20749.6
-20755.5 20755.5
-20761.4 20761.4
-20767.3 20767.3
-20773.2 20773.2
-20779.1 20779.1
-20785 20785
-20790.9 20790.9
-20796.7 20796.7
-20802.6 20802.6
-20808.5 20808.5
-20814.3 20814.3
-20820.2 20820.2
-20826 20826
-20831.8 20831.8
-20837.7 20837.7
-20843.5 20843.5
-20849.3 20849.3
-20855.1 20855.1
-20861 20861
-20866.8 20866.8
-20872.6 20872.6
-20878.3 20878.3
-20884.1 20884.1
-20889.9 20889.9
-20895.7 20895.7
-20901.5 20901.5
-20907.2 20907.2
-20913 20913
-20918.7 20918.7
-20924.5 20924.5
-20930.2 20930.2
-20936 20936
-20941.7 20941.7
-20947.4 20947.4
-20953.1 20953.1
-20958.9 20958.9
-20964.6 20964.6
-20970.3 20970.3
-20976 20976
-20981.7 20981.7
-20987.3 20987.3
-20993 20993
-20998.7 20998.7
-21004.4 21004.4
-21010 21010
-21015.7 21015.7
-21021.4 21021.4
-21027 21027
-21032.6 21032.6
-21038.3 21038.3
-21043.9 21043.9
-21049.5 21049.5
-21055.2 21055.2
-21060.8 21060.8
-21066.4 21066.4
-21072 21072
-21077.6 21077.6
-21083.2 21083.2
-21088.8 21088.8
-21094.4 21094.4
-21100 21100
-21105.5 21105.5
-21111.1 21111.1
-21116.7 21116.7
-21122.2 21122.2
-21127.8 21127.8
-21133.3 21133.3
-21138.9 21138.9
-21144.4 21144.4
-21149.9 21149.9
-21155.5 21155.5
-21161 21161
-21166.5 21166.5
-21172 21172
-21177.5 21177.5
-21183 21183
-21188.5 21188.5
-21194 21194
-21199.5 21199.5
-21205 21205
-21210.5 21210.5
-21215.9 21215.9
-21221.4 21221.4
-21226.9 21226.9
-21232.3 21232.3
-21237.8 21237.8
-21243.2 21243.2
-21248.7 21248.7
-21254.1 21254.1
-21259.5 21259.5
-21265 21265
-21270.4 21270.4
-21275.8 21275.8
-21281.2 21281.2
-21286.6 21286.6
-21292 21292
-21297.4 21297.4
-21302.8 21302.8
-21308.2 21308.2
-21313.6 21313.6
-21319 21319
-21324.3 21324.3
-21329.7 21329.7
-21335.1 21335.1
-21340.4 21340.4
-21345.8 21345.8
-21351.1 21351.1
-21356.5 21356.5
-21361.8 21361.8
-21367.1 21367.1
-21372.5 21372.5
-21377.8 21377.8
-21383.1 21383.1
-21388.4 21388.4
-21393.7 21393.7
-21399 21399
-21404.3 21404.3
-21409.6 21409.6
-21414.9 21414.9
-21420.2 21420.2
-21425.5 21425.5
-21430.8 21430.8
-21436 21436
-21441.3 21441.3
-21446.6 21446.6
-21451.8 21451.8
-21457.1 21457.1
-21462.3 21462.3
-21467.6 21467.6
-21472.8 21472.8
-21478 21478
-21483.3 21483.3
-21488.5 21488.5
-21493.7 21493.7
-21498.9 21498.9
-21504.2 21504.2
-21509.4 21509.4
-21514.6 21514.6
-21519.8 21519.8
-21525 21525
-21530.1 21530.1
-21535.3 21535.3
-21540.5 21540.5
-21545.7 21545.7
-21550.9 21550.9
-21556 21556
-21561.2 21561.2
-21566.3 21566.3
-21571.5 21571.5
-21576.6 21576.6
-21581.8 21581.8
-21586.9 21586.9
-21592.1 21592.1
-21597.2 21597.2
-21602.3 21602.3
-21607.4 21607.4
-21612.5 21612.5
-21617.7 21617.7
-21622.8 21622.8
-21627.9 21627.9
-21633 21633
-21638.1 21638.1
-21643.2 21643.2
-21648.2 21648.2
-21653.3 21653.3
-21658.4 21658.4
-21663.5 21663.5
-21668.5 21668.5
-21673.6 21673.6
-21678.7 21678.7
-21683.7 21683.7
-21688.8 21688.8
-21693.8 21693.8
-21698.9 21698.9
-21703.9 21703.9
-21708.9 21708.9
-21714 21714
-21719 21719
-21724 21724
-21729 21729
-21734.1 21734.1
-21739.1 21739.1
-21744.1 21744.1
-21749.1 21749.1
-21754.1 21754.1
-21759.1 21759.1
-21764 21764
-21769 21769
-21774 21774
-21779 21779
-21784 21784
-21788.9 21788.9
-21793.9 21793.9
-21798.8 21798.8
-21803.8 21803.8
-21808.8 21808.8
-21813.7 21813.7
-21818.6 21818.6
-21823.6 21823.6
-21828.5 21828.5
-21833.4 21833.4
-21838.4 21838.4
-21843.3 21843.3
-21848.2 21848.2
-21853.1 21853.1
-21858 21858
-21862.9 21862.9
-21867.8 21867.8
-21872.7 21872.7
-21877.6 21877.6
-21882.5 21882.5
-21887.4 21887.4
-21892.3 21892.3
-21897.2 21897.2
-21902 21902
-21906.9 21906.9
-21911.8 21911.8
-21916.6 21916.6
-21921.5 21921.5
-21926.4 21926.4
-21931.2 21931.2
-21936 21936
-21940.9 21940.9
-21945.7 21945.7
-21950.6 21950.6
-21955.4 21955.4
-21960.2 21960.2
-21965 21965
-21969.9 21969.9
-21974.7 21974.7
-21979.5 21979.5
-21984.3 21984.3
-21989.1 21989.1
-21993.9 21993.9
-21998.7 21998.7
-22003.5 22003.5
-22008.3 22008.3
-22013.1 22013.1
-22017.8 22017.8
-22022.6 22022.6
-22027.4 22027.4
-22032.2 22032.2
-22036.9 22036.9
-22041.7 22041.7
-22046.4 22046.4
-22051.2 22051.2
-22055.9 22055.9
-22060.7 22060.7
-22065.4 22065.4
-22070.2 22070.2
-22074.9 22074.9
-22079.6 22079.6
-22084.4 22084.4
-22089.1 22089.1
-22093.8 22093.8
-22098.5 22098.5
-22103.2 22103.2
-22107.9 22107.9
-22112.7 22112.7
-22117.4 22117.4
-22122.1 22122.1
-22126.7 22126.7
-22131.4 22131.4
-22136.1 22136.1
-22140.8 22140.8
-22145.5 22145.5
-22150.2 22150.2
-22154.8 22154.8
-22159.5 22159.5
-22164.2 22164.2
-22168.8 22168.8
-22173.5 22173.5
-22178.1 22178.1
-22182.8 22182.8
-22187.4 22187.4
-22192.1 22192.1
-22196.7 22196.7
-22201.4 22201.4
-22206 22206
-22210.6 22210.6
-22215.3 22215.3
-22219.9 22219.9
-22224.5 22224.5
-22229.1 22229.1
-22233.7 22233.7
-22238.3 22238.3
-22242.9 22242.9
-22247.5 22247.5
-22252.1 22252.1
-22256.7 22256.7
-22261.3 22261.3
-22265.9 22265.9
-22270.5 22270.5
-22275.1 22275.1
-22279.7 22279.7
-22284.2 22284.2
-22288.8 22288.8
-22293.4 22293.4
-22297.9 22297.9
-22302.5 22302.5
-22307 22307
-22311.6 22311.6
-22316.1 22316.1
-22320.7 22320.7
-22325.2 22325.2
-22329.8 22329.8
-22334.3 22334.3
-22338.8 22338.8
-22343.4 22343.4
-22347.9 22347.9
-22352.4 22352.4
-22356.9 22356.9
-22361.5 22361.5
-22366 22366
-22370.5 22370.5
-22375 22375
-22379.5 22379.5
-22384 22384
-22388.5 22388.5
-22393 22393
-22397.5 22397.5
-22402 22402
-22406.4 22406.4
-22410.9 22410.9
-22415.4 22415.4
-22419.9 22419.9
-22426.5 22426.5
-22434 22434
-22441.5 22441.5
-22449 22449
-22456.5 22456.5
-22463.9 22463.9
-22471.4 22471.4
-22478.8 22478.8
-22486.3 22486.3
-22493.7 22493.7
-22501.1 22501.1
-22508.4 22508.4
-22515.8 22515.8
-22523.2 22523.2
-22530.5 22530.5
-22537.8 22537.8
-22545.1 22545.1
-22552.4 22552.4
-22559.7 22559.7
-22567 22567
-22574.3 22574.3
-22581.5 22581.5
-22588.7 22588.7
-22596 22596
-22603.2 22603.2
-22610.4 22610.4
-22617.6 22617.6
-22624.7 22624.7
-22631.9 22631.9
-22639 22639
-22646.2 22646.2
-22653.3 22653.3
-22660.4 22660.4
-22667.5 22667.5
-22674.6 22674.6
-22681.6 22681.6
-22688.7 22688.7
-22695.7 22695.7
-22702.8 22702.8
-22709.8 22709.8
-22716.8 22716.8
-22723.8 22723.8
-22730.8 22730.8
-22737.7 22737.7
-22744.7 22744.7
-22751.7 22751.7
-22758.6 22758.6
-22765.5 22765.5
-22772.4 22772.4
-22779.3 22779.3
-22786.2 22786.2
-22793.1 22793.1
-22800 22800
-22806.8 22806.8
-22813.7 22813.7
-22820.5 22820.5
-22827.3 22827.3
-22834.2 22834.2
-22841 22841
-22847.7 22847.7
-22854.5 22854.5
-22861.3 22861.3
-22868.1 22868.1
-22874.8 22874.8
-22881.5 22881.5
-22888.3 22888.3
-22895 22895
-22901.7 22901.7
-22908.4 22908.4
-22915.1 22915.1
-22921.7 22921.7
-22928.4 22928.4
-22935 22935
-22941.7 22941.7
-22948.3 22948.3
-22954.9 22954.9
-22961.5 22961.5
-22968.1 22968.1
-22974.7 22974.7
-22981.3 22981.3
-22987.9 22987.9
-22994.4 22994.4
-23001 23001
-23007.5 23007.5
-23014 23014
-23020.5 23020.5
-23027.1 23027.1
-23033.6 23033.6
-23040 23040
-23046.5 23046.5
-23053 23053
-23059.4 23059.4
-23065.9 23065.9
-23072.3 23072.3
-23078.8 23078.8
-23085.2 23085.2
-23091.6 23091.6
-23098 23098
-23104.4 23104.4
-23110.8 23110.8
-23117.1 23117.1
-23123.5 23123.5
-23129.8 23129.8
-23136.2 23136.2
-23142.5 23142.5
-23148.9 23148.9
-23155.2 23155.2
-23161.5 23161.5
-23167.8 23167.8
-23174.1 23174.1
-23180.3 23180.3
-23186.6 23186.6
-23192.9 23192.9
-23199.1 23199.1
-23205.4 23205.4
-23211.6 23211.6
-23217.8 23217.8
-23224.1 23224.1
-23230.3 23230.3
-23236.5 23236.5
-23242.6 23242.6
-23248.8 23248.8
-23255 23255
-23261.2 23261.2
-23267.3 23267.3
-23273.5 23273.5
-23279.6 23279.6
-23285.7 23285.7
-23291.9 23291.9
-23298 23298
-23304.1 23304.1
-23310.2 23310.2
-23316.3 23316.3
-23322.4 23322.4
-23328.6 23328.6
-23334.7 23334.7
-23340.8 23340.8
-23346.9 23346.9
-23352.9 23352.9
-23359 23359
-23365.1 23365.1
-23371.1 23371.1
-23377.2 23377.2
-23383.2 23383.2
-23389.2 23389.2
-23395.3 23395.3
-23401.3 23401.3
-23407.3 23407.3
-23413.3 23413.3
-23419.3 23419.3
-23425.3 23425.3
-23431.3 23431.3
-23437.3 23437.3
-23443.3 23443.3
-23449.3 23449.3
-23455.2 23455.2
-23461.2 23461.2
-23467.2 23467.2
-23473.1 23473.1
-23479 23479
-23485 23485
-23490.9 23490.9
-23496.8 23496.8
-23502.7 23502.7
-23508.6 23508.6
-23514.5 23514.5
-23520.3 23520.3
-23526.2 23526.2
-23532.1 23532.1
-23537.9 23537.9
-23543.8 23543.8
-23549.6 23549.6
-23555.4 23555.4
-23561.3 23561.3
-23567.1 23567.1
-23572.9 23572.9
-23578.7 23578.7
-23584.5 23584.5
-23590.3 23590.3
-23596.1 23596.1
-23601.8 23601.8
-23607.6 23607.6
-23613.4 23613.4
-23619.1 23619.1
-23624.9 23624.9
-23630.6 23630.6
-23636.3 23636.3
-23642 23642
-23647.8 23647.8
-23653.5 23653.5
-23659.2 23659.2
-23664.9 23664.9
-23670.5 23670.5
-23676.2 23676.2
-23681.9 23681.9
-23687.6 23687.6
-23693.2 23693.2
-23698.9 23698.9
-23704.5 23704.5
-23710.1 23710.1
-23715.8 23715.8
-23721.4 23721.4
-23727 23727
-23732.6 23732.6
-23738.2 23738.2
-23743.8 23743.8
-23749.4 23749.4
-23755 23755
-23760.6 23760.6
-23766.1 23766.1
-23771.7 23771.7
-23777.2 23777.2
-23782.8 23782.8
-23788.3 23788.3
-23793.9 23793.9
-23799.4 23799.4
-23804.9 23804.9
-23810.4 23810.4
-23815.9 23815.9
-23821.4 23821.4
-23826.9 23826.9
-23832.4 23832.4
-23837.9 23837.9
-23843.4 23843.4
-23848.9 23848.9
-23854.3 23854.3
-23859.8 23859.8
-23865.2 23865.2
-23870.7 23870.7
-23876.1 23876.1
-23881.5 23881.5
-23887 23887
-23892.4 23892.4
-23897.8 23897.8
-23903.2 23903.2
-23908.6 23908.6
-23914 23914
-23919.4 23919.4
-23924.8 23924.8
-23930.1 23930.1
-23935.5 23935.5
-23940.9 23940.9
-23946.2 23946.2
-23951.6 23951.6
-23956.9 23956.9
-23962.3 23962.3
-23967.6 23967.6
-23972.9 23972.9
-23978.2 23978.2
-23983.5 23983.5
-23988.9 23988.9
-23994.2 23994.2
-23999.5 23999.5
-24004.7 24004.7
-24010 24010
-24015.3 24015.3
-24020.6 24020.6
-24025.8 24025.8
-24031.1 24031.1
-24036.4 24036.4
-24041.6 24041.6
-24046.8 24046.8
-24052.1 24052.1
-24057.3 24057.3
-24062.5 24062.5
-24067.8 24067.8
-24073 24073
-24078.2 24078.2
-24083.4 24083.4
-24088.6 24088.6
-24093.8 24093.8
-24099 24099
-24104.1 24104.1
-24109.3 24109.3
-24114.5 24114.5
-24119.6 24119.6
-24124.8 24124.8
-24129.9 24129.9
-24135.1 24135.1
-24140.2 24140.2
-24145.4 24145.4
-24150.5 24150.5
-24155.6 24155.6
-24160.7 24160.7
-24165.9 24165.9
-24171 24171
-24176.1 24176.1
-24181.2 24181.2
-24186.2 24186.2
-24191.3 24191.3
-24196.4 24196.4
-24201.5 24201.5
-24206.6 24206.6
-24211.6 24211.6
-24216.7 24216.7
-24221.7 24221.7
-24226.8 24226.8
-24231.8 24231.8
-24236.9 24236.9
-24241.9 24241.9
-24246.9 24246.9
-24251.9 24251.9
-24257 24257
-24262 24262
-24267 24267
-24272 24272
-24277 24277
-24282 24282
-24286.9 24286.9
-24291.9 24291.9
-24296.9 24296.9
-24301.9 24301.9
-24306.8 24306.8
-24311.8 24311.8
-24316.7 24316.7
-24321.7 24321.7
-24326.6 24326.6
-24331.6 24331.6
-24336.5 24336.5
-24341.4 24341.4
-24346.4 24346.4
-24588.5 24588.5
-24914.8 24914.8
-25240.6 25240.6
-25565.9 25565.9
-25890.8 25890.8
-26215.1 26215.1
-26538.9 26538.9
-26873.6 26873.6
-27208.2 27208.2
-27542.2 27542.2
-27875.6 27875.6
-28208.4 28208.4
-28540.6 28540.6
-28872.2 28872.2
-29203.2 29203.2
-29533.7 29533.7
-29863.5 29863.5
-30192.7 30192.7
-30521.2 30521.2
-30849.2 30849.2
-31176.5 31176.5
-31503.1 31503.1
-31829.1 31829.1
-32154.5 32154.5
-32509.3 32509.3
-32864.6 32864.6
-33218.9 33218.9
-33572.4 33572.4
-33924.9 33924.9
-34276.5 34276.5
-34632.4 34632.4
-35015.2 35015.2
-35396.5 35396.5
-35776.5 35776.5
-36155.1 36155.1
-36532.3 36532.3
-36908.1 36908.1
-37282.3 37282.3
-37655.2 37655.2
-38026.5 38026.5
-38396.2 38396.2
-38764.5 38764.5
-39131.1 39131.1
-39496.2 39496.2
-39859.6 39859.6
-40221.4 40221.4
-40581.4 40581.4
-40939.8 40939.8
-41296.3 41296.3
-41651.1 41651.1
-42004 42004
-42355.1 42355.1
-42704.3 42704.3
-43051.5 43051.5
-43396.7 43396.7
-43739.8 43739.8
-44080.9 44080.9
-44419.8 44419.8
-44756.5 44756.5
-45090.9 45090.9
-45423.1 45423.1
-45752.8 45752.8
-46080.1 46080.1
-46405 46405
-46727.2 46727.2
-47046.8 47046.8
-47363.7 47363.7
-47677.8 47677.8
-47989 47989
-48297.3 48297.3
-48602.6 48602.6
-48904.8 48904.8
-49203.9 49203.9
-49499.6 49499.6
-49792 49792
-50081 50081
-50366.5 50366.5
-50648.4 50648.4
-50926.7 50926.7
-51203 51203
-51478.3 51478.3
-51749.3 51749.3
-52016.2 52016.2
-52278.7 52278.7
-52536.9 52536.9
-52790.7 52790.7
-53040 53040
-53284.8 53284.8
-53525 53525
-53760.7 53760.7
-53991.6 53991.6
-54217.9 54217.9
-54439.6 54439.6
-54656.5 54656.5
-54868.7 54868.7
-55076.2 55076.2
-55279.1 55279.1
-55477.2 55477.2
-55670.7 55670.7
-55859.6 55859.6
-56043.9 56043.9
-56223.7 56223.7
-56398.9 56398.9
-56569.7 56569.7
-56736.1 56736.1
-56898.1 56898.1
-57055.9 57055.9
-57209.4 57209.4
-57358.8 57358.8
-57504.2 57504.2
-57645.5 57645.5
-57783 57783
-57916.6 57916.6
-58046.4 58046.4
-58172.6 58172.6
-58295.1 58295.1
-58414.2 58414.2
-58529.8 58529.8
-58642 58642
-58751 58751
-58856.9 58856.9
-58959.6 58959.6
-59059.3 59059.3
-59156.1 59156.1
-59250 59250
-59341.1 59341.1
-59429.6 59429.6
-59515.4 59515.4
-59598.7 59598.7
-59679.6 59679.6
-59758.1 59758.1
-59834.3 59834.3
-59908.3 59908.3
-59980.2 59980.2
-60050 60050
-60117.8 60117.8
-60183.7 60183.7
-60247.8 60247.8
-60310.2 60310.2
-60370.8 60370.8
-60429.8 60429.8
-60487.3 60487.3
-60543.3 60543.3
-60597.9 60597.9
-60651.1 60651.1
-60703 60703
-60753.7 60753.7
-60803.2 60803.2
-60104.9 60104.9
-59406.7 59406.7
-58708.6 58708.6
-58010.9 58010.9
-57313.4 57313.4
-56616.3 56616.3
-55919.5 55919.5
-55223.3 55223.3
-54529.5 54529.5
-53856.1 53856.1
-53184.2 53184.2
-52512.9 52512.9
-51842.3 51842.3
-51172.2 51172.2
-50502.9 50502.9
-49834.2 49834.2
-49166.3 49166.3
-48505.3 48505.3
-47848.3 47848.3
-47192.3 47192.3
-46537.2 46537.2
-45890.7 45890.7
-45245.4 45245.4
-44601.1 44601.1
-43962.4 43962.4
-43327.7 43327.7
-42694.2 42694.2
-42061.8 42061.8
-41430.6 41430.6
-40800.6 40800.6
-40171.8 40171.8
-39544.3 39544.3
-38918.2 38918.2
-38293.4 38293.4
-37669.9 37669.9
-37047.9 37047.9
-36427.3 36427.3
-35808.2 35808.2
-35190.7 35190.7
-34574.6 34574.6
-33960.2 33960.2
-33347.4 33347.4
-32736.2 32736.2
-32126.7 32126.7
-31518.9 31518.9
-30912.8 30912.8
-30308.6 30308.6
-29706.1 29706.1
-29105.5 29105.5
-28506.8 28506.8
-27910 27910
-27331 27331
-26757.9 26757.9
-26186.6 26186.6
-25640.7 25640.7
-25101.9 25101.9
-24566.1 24566.1
-24043.9 24043.9
-23552 23552
-23061.8 23061.8
-22573.1 22573.1
-22086.1 22086.1
-21600.7 21600.7
-21117 21117
-20635 20635
-20154.6 20154.6
-19675.9 19675.9
-19199 19199
-18723.8 18723.8
-18250.4 18250.4
-17778.8 17778.8
-17309 17309
-16887.4 16887.4
-16482.3 16482.3
-16078.7 16078.7
-15676.5 15676.5
-15275.6 15275.6
-14876.2 14876.2
-14478.1 14478.1
-14081.5 14081.5
-13686.4 13686.4
-13292.6 13292.6
-12982.2 12982.2
-12703.8 12703.8
-12426.7 12426.7
-12151 12151
-11876.7 11876.7
-11603.8 11603.8
-11332.3 11332.3
-11062.2 11062.2
-10793.5 10793.5
-10526.2 10526.2
-10260.3 10260.3
-9995.93 9995.93
-9732.96 9732.96
-9471.43 9471.43
-9211.31 9211.31
-8952.62 8952.62
-8695.39 8695.39
-8439.62 8439.62
-8185.33 8185.33
-7932.51 7932.51
-7681.18 7681.18
-7431.32 7431.32
-7182.95 7182.95
-6936.06 6936.06
-6690.67 6690.67
-6446.77 6446.77
-6204.36 6204.36
-5963.45 5963.45
-5724.03 5724.03
-5486.83 5486.83
-5254.96 5254.96
-5027.65 5027.65
-4801.98 4801.98
-4577.77 4577.77
-4355.89 4355.89
-4135.66 4135.66
-3916.89 3916.89
-3699.55 3699.55
-3483.65 3483.65
-3269.2 3269.2
-3056.17 3056.17
-2845.03 2845.03
-2635.47 2635.47
-2428.48 2428.48
-2223.01 2223.01
-2018.92 2018.92
-1816.97 1816.97
-1617.13 1617.13
-1418.63 1418.63
-1221.99 1221.99
-1027.23 1027.23
-834.036 834.036
-642.708 642.708
-452.646 452.646
-266.036 266.036
-83.0304 83.0304
89.0471 -89.0471
258.22 -258.22
427.67 -427.67
597.446 -597.446
766.399 -766.399
935.914 -935.914
1104.78 -1104.78
1272.54 -1272.54
1439.18 -1439.18
1604.71 -1604.71
1769.13 -1769.13
1932.46 -1932.46
2094.68 -2094.68
2255.81 -2255.81
2415.85 -2415.85
2574.8 -2574.8
2732.67 -2732.67
2889.47 -2889.47
3045.19 -3045.19
3199.84 -3199.84
3353.42 -3353.42
3505.95 -3505.95
3657.41 -3657.41
3807.83 -3807.83
3957.2 -3957.2
4105.53 -4105.53
4252.82 -4252.82
4396.03 -4396.03
4536.02 -4536.02
4674.94 -4674.94
4812.8 -4812.8
4949.59 -4949.59
5085.33 -5085.33
5220.02 -5220.02
5353.66 -5353.66
5486.26 -5486.26
5617.83 -5617.83
5748.36 -5748.36
5877.87 -5877.87
6006.37 -6006.37
6133.84 -6133.84
6260.31 -6260.31
6385.78 -6385.78
6510.24 -6510.24
6633.72 -6633.72
6756.21 -6756.21
6877.71 -6877.71
6998.24 -6998.24
7117.8 -7117.8
7236.4 -7236.4
7354.04 -7354.04
7470.72 -7470.72
7586.45 -7586.45
7701.25 -7701.25
7815.1 -7815.1
7928.03 -7928.03
8040.03 -8040.03
8151.12 -8151.12
8261.29 -8261.29
8370.55 -8370.55
8478.91 -8478.91
8586.37 -8586.37
8692.95 -8692.95
8798.64 -8798.64
8903.45 -8903.45
9007.39 -9007.39
9110.46 -9110.46
9212.67 -9212.67
9314.03 -9314.03
9414.53 -9414.53
9514.19 -9514.19
9613.02 -9613.02
9711.01 -9711.01
9808.18 -9808.18
9904.52 -9904.52
10000.1 -10000.1
10094.8 -10094.8
10188.7 -10188.7
10281.8 -10281.8
10374.1 -10374.1
10465.7 -10465.7
10556.5 -10556.5
10646.4 -10646.4
10735.7 -10735.7
10824.1 -10824.1
10911.8 -10911.8
10998.8 -10998.8
11085 -11085
11170.4 -11170.4
11255.2 -11255.2
11339.2 -11339.2
11422.4 -11422.4
11505 -11505
11586.8 -11586.8
11668 -11668
11748.4 -11748.4
11828.2 -11828.2
11907.2 -11907.2
11985.6 -11985.6
12063.3 -12063.3
12140.3 -12140.3
12216.6 -12216.6
12292.3 -12292.3
12367.3 -12367.3
12441.7 -12441.7
12515.4 -12515.4
12588.5 -12588.5
12660.9 -12660.9
12732.7 -12732.7
12803.9 -12803.9
12874.5 -12874.5
12944.4 -12944.4
13013.7 -13013.7
13082.4 -13082.4
13150.6 -13150.6
13218.1 -13218.1
13285 -13285
13351.4 -13351.4
13417.1 -13417.1
13482.3 -13482.3
13546.9 -13546.9
13611 -13611
13674.5 -13674.5
13737.4 -13737.4
13799.8 -13799.8
13861.6 -13861.6
13922.9 -13922.9
13983.7 -13983.7
14043.9 -14043.9
14103.6 -14103.6
14162.7 -14162.7
14221.4 -14221.4
14279.5 -14279.5
14337.1 -14337.1
14394.2 -14394.2
14450.8 -14450.8
14506.9 -14506.9
14562.5 -14562.5
14617.7 -14617.7
14672.3 -14672.3
14726.5 -14726.5
14780.2 -14780.2
14833.4 -14833.4
14886.1 -14886.1
14938.4 -14938.4
14990.2 -14990.2
15041.6 -15041.6
15092.5 -15092.5
15143 -15143
15193 -15193
15242.6 -15242.6
15291.7 -15291.7
15340.5 -15340.5
15388.8 -15388.8
15436.6 -15436.6
15484.1 -15484.1
15531.1 -15531.1
15577.7 -15577.7
15624 -15624
15669.8 -15669.8
15715.2 -15715.2
15760.2 -15760.2
15804.8 -15804.8
15849.1 -15849.1
15892.9 -15892.9
15936.4 -15936.4
15979.5 -15979.5
16022.2 -16022.2
16064.5 -16064.5
16106.5 -16106.5
16148.1 -16148.1
16189.4 -16189.4
16230.2 -16230.2
16270.8 -16270.8
16311 -16311
16350.8 -16350.8
16390.3 -16390.3
16429.5 -16429.5
16468.3 -16468.3
16506.8 -16506.8
16544.9 -16544.9
16582.7 -16582.7
16620.2 -16620.2
16657.4 -16657.4
16694.3 -16694.3
16730.8 -16730.8
16767.1 -16767.1
16803 -16803
16838.6 -16838.6
16873.9 -16873.9
16908.9 -16908.9
16943.6 -16943.6
16978.1 -16978.1
17012.2 -17012.2
17046 -17046
17079.6 -17079.6
17112.9 -17112.9
17145.9 -17145.9
17178.6 -17178.6
17211 -17211
17243.2 -17243.2
17275.1 -17275.1
17306.8 -17306.8
17338.2 -17338.2
17369.3 -17369.3
17400.1 -17400.1
17430.7 -17430.7
17461.1 -17461.1
17491.2 -17491.2
17521 -17521
17550.7 -17550.7
17580 -17580
17609.2 -17609.2
17638 -17638
17666.7 -17666.7
17695.1 -17695.1
17723.3 -17723.3
17751.3 -17751.3
17779 -17779
17806.5 -17806.5
17833.8 -17833.8
17860.9 -17860.9
17887.8 -17887.8
17914.4 -17914.4
17940.9 -17940.9
17967.1 -17967.1
17993.1 -17993.1
18019 -18019
18044.6 -18044.6
18070 -18070
18095.2 -18095.2
18120.3 -18120.3
18145.1 -18145.1
18169.7 -18169.7
18194.2 -18194.2
18218.4 -18218.4
18242.5 -18242.5
18266.4 -18266.4
18290.1 -18290.1
18313.7 -18313.7
18337 -18337
18360.2 -18360.2
18383.2 -18383.2
18406.1 -18406.1
18428.7 -18428.7
18451.2 -18451.2
18473.6 -18473.6
18495.7 -18495.7
18517.7 -18517.7
18539.6 -18539.6
18561.3 -18561.3
18582.8 -18582.8
18604.2 -18604.2
18625.4 -18625.4
18646.5 -18646.5
18667.4 -18667.4
18688.2 -18688.2
18708.8 -18708.8
18729.3 -18729.3
18749.6 -18749.6
18769.8 -18769.8
18789.9 -18789.9
18809.8 -18809.8
18829.6 -18829.6
18849.2 -18849.2
18868.8 -18868.8
18888.1 -18888.1
18907.4 -18907.4
18926.5 -18926.5
18945.5 -18945.5
18964.4 -18964.4
18983.1 -18983.1
19001.7 -19001.7
19020.2 -19020.2
19038.6 -19038.6
19056.9 -19056.9
19075 -19075
19093 -19093
19110.9 -19110.9
19128.7 -19128.7
19146.4 -19146.4
19164 -19164
19181.4 -19181.4
19198.8 -19198.8
19216 -19216
19233.2 -19233.2
19250.2 -19250.2
19267.1 -19267.1
19284 -19284
19300.7 -19300.7
19317.3 -19317.3
19333.8 -19333.8
19350.3 -19350.3
19366.6 -19366.6
19382.8 -19382.8
19399 -19399
19415 -19415
19431 -19431
19446.8 -19446.8
19462.6 -19462.6
19478.3 -19478.3
19493.9 -19493.9
19509.4 -19509.4
19524.8 -19524.8
19540.1 -19540.1
19555.4 -19555.4
19570.6 -19570.6
19585.6 -19585.6
19600.7 -19600.7
19615.6 -19615.6
19630.4 -19630.4
19645.2 -19645.2
19659.9 -19659.9
19674.5 -19674.5
19689 -19689
19703.5 -19703.5
19717.9 -19717.9
19732.2 -19732.2
19746.4 -19746.4
19760.6 -19760.6
19774.7 -19774.7
19788.7 -19788.7
19802.7 -19802.7
19816.6 -19816.6
19830.4 -19830.4
19844.1 -19844.1
19857.8 -19857.8
19871.4 -19871.4
19885 -19885
19898.5 -19898.5
19911.9 -19911.9
19925.3 -19925.3
19938.6 -19938.6
19951.8 -19951.8
19965 -19965
19978.1 -19978.1
19991.2 -19991.2
20004.2 -20004.2
20017.2 -20017.2
20030 -20030
20042.9 -20042.9
20055.6 -20055.6
20068.4 -20068.4
20081 -20081
20093.6 -20093.6
20106.2 -20106.2
20118.7 -20118.7
20131.2 -20131.2
20143.5 -20143.5
20155.9 -20155.9
20168.2 -20168.2
20180.4 -20180.4
20192.6 -20192.6
20204.8 -20204.8
20216.9 -20216.9
20228.9 -20228.9
20240.9 -20240.9
20252.9 -20252.9
20264.8 -20264.8
20276.6 -20276.6
20288.4 -20288.4
20300.2 -20300.2
20311.9 -20311.9
20323.6 -20323.6
20335.2 -20335.2
20346.8 -20346.8
20358.4 -20358.4
20369.9 -20369.9
20381.3 -20381.3
20392.7 -20392.7
20404.1 -20404.1
20415.4 -20415.4
20426.7 -20426.7
20438 -20438
20449.2 -20449.2
20460.4 -20460.4
20471.5 -20471.5
20482.6 -20482.6
20493.6 -20493.6
20504.7 -20504.7
20515.6 -20515.6
20526.6 -20526.6
20537.5 -20537.5
20548.3 -20548.3
20559.2 -20559.2
20570 -20570
20580.7 -20580.7
20591.5 -20591.5
20602.1 -20602.1
20612.8 -20612.8
20623.4 -20623.4
20634 -20634
20644.5 -20644.5
20655.1 -20655.1
20665.5 -20665.5
20676 -20676
20686.4 -20686.4
20696.8 -20696.8
20707.2 -20707.2
20717.5 -20717.5
20727.8 -20727.8
20738 -20738
20748.3 -20748.3
20758.5 -20758.5
20768.6 -20768.6
20778.8 -20778.8
20788.9 -20788.9
20798.9 -20798.9
20809 -20809
20819 -20819
20829 -20829
20839 -20839
20848.9 -20848.9
20858.8 -20858.8
20868.7 -20868.7
20878.5 -20878.5
20888.3 -20888.3
20898.1 -20898.1
20907.9 -20907.9
20917.6 -20917.6
20927.3 -20927.3
20937 -20937
20946.7 -20946.7
20956.3 -20956.3
20965.9 -20965.9
20975.5 -20975.5
20985.1 -20985.1
20994.6 -20994.6
21004.1 -21004.1
21013.6 -21013.6
21023.1 -21023.1
21032.5 -21032.5
21041.9 -21041.9
21051.3 -21051.3
21060.6 -21060.6
21070 -21070
21079.3 -21079.3
21088.6 -21088.6
21097.9 -21097.9
21107.1 -21107.1
21116.3 -21116.3
21125.5 -21125.5
21134.7 -21134.7
21143.9 -21143.9
21153 -21153
21162.1 -21162.1
21171.2 -21171.2
21180.3 -21180.3
21189.3 -21189.3
21198.3 -21198.3
21207.3 -21207.3
21216.3 -21216.3
21225.3 -21225.3
21234.2 -21234.2
21243.1 -21243.1
21252 -21252
21260.9 -21260.9
21269.8 -21269.8
21278.6 -21278.6
21287.4 -21287.4
21296.2 -21296.2
21305 -21305
21313.8 -21313.8
21322.5 -21322.5
21331.2 -21331.2
21339.9 -21339.9
21348.6 -21348.6
21357.3 -21357.3
21365.9 -21365.9
21374.6 -21374.6
21383.2 -21383.2
21391.8 -21391.8
21400.3 -21400.3
21408.9 -21408.9
21417.4 -21417.4
21425.9 -21425.9
21434.4 -21434.4
21442.9 -21442.9
21451.4 -21451.4
21459.8 -21459.8
21468.3 -21468.3
21476.7 -21476.7
21485.1 -21485.1
21493.4 -21493.4
21501.8 -21501.8
21510.1 -21510.1
21518.5 -21518.5
21526.8 -21526.8
21535.1 -21535.1
21543.4 -21543.4
21551.6 -21551.6
21559.9 -21559.9
21568.1 -21568.1
21576.3 -21576.3
21584.5 -21584.5
21592.7 -21592.7
21600.8 -21600.8
21609 -21609
21617.1 -21617.1
21625.2 -21625.2
21633.3 -21633.3
21641.4 -21641.4
21649.5 -21649.5
21657.6 -21657.6
21665.6 -21665.6
21673.6 -21673.6
21681.6 -21681.6
21689.6 -21689.6
21697.6 -21697.6
21705.6 -21705.6
21713.5 -21713.5
21721.5 -21721.5
21729.4 -21729.4
21737.3 -21737.3
21745.2 -21745.2
21753.1 -21753.1
21760.9 -21760.9
21768.8 -21768.8
21776.6 -21776.6
21784.5 -21784.5
21792.3 -21792.3
21800.1 -21800.1
21807.8 -21807.8
21815.6 -21815.6
21823.4 -21823.4
21831.1 -21831.1
21838.8 -21838.8
21846.5 -21846.5
21854.2 -21854.2
21861.9 -21861.9
21869.6 -21869.6
21877.3 -21877.3
21884.9 -21884.9
21892.5 -21892.5
21900.2 -21900.2
21907.8 -21907.8
21915.4 -21915.4
21922.9 -21922.9
21930.5 -21930.5
21938.1 -21938.1
21945.6 -21945.6
21953.1 -21953.1
21960.7 -21960.7
21968.2 -21968.2
21975.7 -21975.7
21983.1 -21983.1
21990.6 -21990.6
21998.1 -21998.1
22005.5 -22005.5
22012.9 -22012.9
22020.4 -22020.4
22027.8 -22027.8
22035.2 -22035.2
22042.5 -22042.5
22049.9 -22049.9
22057.3 -22057.3
22064.6 -22064.6
22072 -22072
22079.3 -22079.3
22086.6 -22086.6
22093.9 -22093.9
22101.2 -22101.2
22108.5 -22108.5
22115.7 -22115.7
22123 -22123
22130.2 -22130.2
22137.5 -22137.5
22144.7 -22144.7
22151.9 -22151.9
22159.1 -22159.1
22166.3 -22166.3
22173.5 -22173.5
22180.6 -22180.6
22187.8 -22187.8
22194.9 -22194.9
22202 -22202
22209.2 -22209.2
22216.3 -22216.3
22223.4 -22223.4
22230.5 -22230.5
22237.5 -22237.5
22244.6 -22244.6
22251.7 -22251.7
22258.7 -22258.7
22265.7 -22265.7
22272.8 -22272.8
22279.8 -22279.8
22286.8 -22286.8
22293.8 -22293.8
22300.7 -22300.7
22307.7 -22307.7
22314.7 -22314.7
22321.6 -22321.6
22328.6 -22328.6
22335.5 -22335.5
22342.4 -22342.4
22349.3 -22349.3
22356.2 -22356.2
22363.1 -22363.1
22370 -22370
22376.9 -22376.9
22383.7 -22383.7
22390.6 -22390.6
22397.4 -22397.4
22404.2 -22404.2
22411.1 -22411.1
22417.9 -22417.9
22424.7 -22424.7
22431.5 -22431.5
22438.2 -22438.2
22445 -22445
22451.8 -22451.8
22458.5 -22458.5
22465.3 -22465.3
22472 -22472
22478.7 -22478.7
22485.4 -22485.4
22492.1 -22492.1
22498.8 -22498.8
22505.5 -22505.5
22512.2 -22512.2
22518.8 -22518.8
22525.5 -22525.5
22532.1 -22532.1
22538.8 -22538.8
22545.4 -22545.4
22552 -22552
22558.6 -22558.6
22565.2 -22565.2
22571.8 -22571.8
22578.4 -22578.4
22585 -22585
22591.5 -22591.5
22598.1 -22598.1
22604.6 -22604.6
22611.2 -22611.2
22617.7 -22617.7
22624.2 -22624.2
22630.7 -22630.7
22637.2 -22637.2
22643.7 -22643.7
22650.2 -22650.2
22656.7 -22656.7
22663.1 -22663.1
22669.6 -22669.6
22676 -22676
22682.5 -22682.5
22688.9 -22688.9
22695.3 -22695.3
22701.7 -22701.7
22708.1 -22708.1
22714.5 -22714.5
22720.9 -22720.9
22727.3 -22727.3
22733.7 -22733.7
22740 -22740
22746.4 -22746.4
22752.7 -22752.7
22759.1 -22759.1
22765.4 -22765.4
22771.7 -22771.7
22778 -22778
22784.3 -22784.3
22790.6 -22790.6
22796.9 -22796.9
22803.2 -22803.2
22809.4 -22809.4
22815.7 -22815.7
22822 -22822
22828.2 -22828.2
22834.4 -22834.4
22840.7 -22840.7
22846.9 -22846.9
22853.1 -22853.1
22859.3 -22859.3
22865.5 -22865.5
22871.7 -22871.7
22877.8 -22877.8
22884 -22884
22890.2 -22890.2
22896.3 -22896.3
22902.5 -22902.5
22908.6 -22908.6
22914.7 -22914.7
22920.9 -22920.9
22927 -22927
22933.1 -22933.1
22939.2 -22939.2
22945.3 -22945.3
22951.4 -22951.4
22957.4 -22957.4
22963.5 -22963.5
22969.6 -22969.6
22975.6 -22975.6
22981.7 -22981.7
22987.7 -22987.7
22993.7 -22993.7
22999.7 -22999.7
23005.7 -23005.7
23011.8 -23011.8
23017.8 -23017.8
23023.7 -23023.7
23029.7 -23029.7
23035.7 -23035.7
23041.7 -23041.7
23047.6 -23047.6
23053.6 -23053.6
23059.5 -23059.5
23065.5 -23065.5
23071.4 -23071.4
23077.3 -23077.3
23083.2 -23083.2
23089.1 -23089.1
23095 -23095
23100.9 -23100.9
23106.8 -23106.8
23112.7 -23112.7
23118.6 -23118.6
23124.4 -23124.4
23130.3 -23130.3
23136.1 -23136.1
23142 -23142
23147.8 -23147.8
23153.6 -23153.6
23159.4 -23159.4
23165.3 -23165.3
23171.1 -23171.1
23176.9 -23176.9
23182.6 -23182.6
23188.4 -23188.4
23194.2 -23194.2
23200 -23200
23205.7 -23205.7
23211.5 -23211.5
23217.2 -23217.2
23223 -23223
23228.7 -23228.7
23234.4 -23234.4
23240.2 -23240.2
23245.9 -23245.9
23251.6 -23251.6
23257.3 -23257.3
23263 -23263
23268.7 -23268.7
23274.3 -23274.3
23280 -23280
23285.7 -23285.7
23291.3 -23291.3
23297 -23297
23302.6 -23302.6
23308.2 -23308.2
23313.9 -23313.9
23319.5 -23319.5
23325.1 -23325.1
23330.7 -23330.7
23336.3 -23336.3
23341.9 -23341.9
23347.5 -23347.5
23353.1 -23353.1
23358.7 -23358.7
23364.2 -23364.2
23369.8 -23369.8
23375.4 -23375.4
23380.9 -23380.9
23386.4 -23386.4
23392 -23392
23397.5 -23397.5
23403 -23403
23408.5 -23408.5
23414.1 -23414.1
23419.6 -23419.6
23425.1 -23425.1
23430.5 -23430.5
23436 -23436
23441.5 -23441.5
23447 -23447
23452.4 -23452.4
23457.9 -23457.9
23463.3 -23463.3
23468.8 -23468.8
23474.2 -23474.2
23479.7 -23479.7
23485.1 -23485.1
23490.5 -23490.5
23495.9 -23495.9
23501.3 -23501.3
23506.7 -23506.7
23512.1 -23512.1
23517.5 -23517.5
23522.9 -23522.9
23528.2 -23528.2
23533.6 -23533.6
23539 -23539
23544.3 -23544.3
23549.7 -23549.7
23555 -23555
23560.4 -23560.4
23565.7 -23565.7
23571 -23571
23576.3 -23576.3
23581.6 -23581.6
23586.9 -23586.9
23592.2 -23592.2
23597.5 -23597.5
23602.8 -23602.8
23608.1 -23608.1
23613.4 -23613.4
23618.6 -23618.6
23623.9 -23623.9
23629.2 -23629.2
23634.4 -23634.4
23639.7 -23639.7
23644.9 -23644.9
23650.1 -23650.1
23655.4 -23655.4
23660.6 -23660.6
23665.8 -23665.8
23671 -23671
23676.2 -23676.2
23681.4 -23681.4
23686.6 -23686.6
23691.8 -23691.8
23696.9 -23696.9
23702.1 -23702.1
23707.3 -23707.3
23712.4 -23712.4
23717.6 -23717.6
23722.8 -23722.8
23727.9 -23727.9
23733 -23733
23738.2 -23738.2
23743.3 -23743.3
23748.4 -23748.4
23753.5 -23753.5
23758.6 -23758.6
23763.7 -23763.7
23768.8 -23768.8
23773.9 -23773.9
23779 -23779
23784.1 -23784.1
23789.2 -23789.2
23794.2 -23794.2
23799.3 -23799.3
23804.3 -23804.3
23809.4 -23809.4
23814.4 -23814.4
23819.5 -23819.5
23824.5 -23824.5
23829.5 -23829.5
23834.6 -23834.6
23839.6 -23839.6
23844.6 -23844.6
23849.6 -23849.6
23854.6 -23854.6
23859.6 -23859.6
23864.6 -23864.6
23869.6 -23869.6
23874.6 -23874.6
23879.5 -23879.5
23884.5 -23884.5
23889.5 -23889.5
23894.4 -23894.4
23899.4 -23899.4
23904.3 -23904.3
23909.3 -23909.3
23914.2 -23914.2
23919.1 -23919.1
23924 -23924
23929 -23929
23933.9 -23933.9
23938.8 -23938.8
23943.7 -23943.7
23948.6 -23948.6
23953.5 -23953.5
23958.4 -23958.4
23963.2 -23963.2
23968.1 -23968.1
23973 -23973
23977.8 -23977.8
23982.7 -23982.7
23987.6 -23987.6
23992.4 -23992.4
23997.3 -23997.3
24002.1 -24002.1
24006.9 -24006.9
24011.8 -24011.8
24016.6 -24016.6
24021.4 -24021.4
24026.2 -24026.2
24031 -24031
24035.8 -24035.8
24040.6 -24040.6
24045.4 -24045.4
24050.2 -24050.2
24055 -24055
24059.8 -24059.8
24064.5 -24064.5
24069.3 -24069.3
24074.1 -24074.1
24078.8 -24078.8
24083.6 -24083.6
24088.3 -24088.3
24093 -24093
24097.8 -24097.8
24102.5 -24102.5
24107.2 -24107.2
24112 -24112
24116.7 -24116.7
24121.4 -24121.4
24126.1 -24126.1
24130.8 -24130.8
24135.5 -24135.5
24140.2 -24140.2
24144.9 -24144.9
24149.6 -24149.6
24154.2 -24154.2
24158.9 -24158.9
24163.6 -24163.6
24168.2 -24168.2
24172.9 -24172.9
24177.5 -24177.5
24182.2 -24182.2
24186.8 -24186.8
24191.5 -24191.5
24196.1 -24196.1
24200.7 -24200.7
24205.3 -24205.3
24210 -24210
24214.6 -24214.6
24219.2 -24219.2
24223.8 -24223.8
24228.4 -24228.4
24233 -24233
24237.6 -24237.6
24242.2 -24242.2
24246.7 -24246.7
24251.3 -24251.3
24255.9 -24255.9
24260.4 -24260.4
24265 -24265
24269.6 -24269.6
24274.1 -24274.1
24278.7 -24278.7
24283.2 -24283.2
24287.7 -24287.7
24292.3 -24292.3
24296.8 -24296.8
24301.3 -24301.3
24305.8 -24305.8
24310.4 -24310.4
24314.9 -24314.9
24319.4 -24319.4
24323.9 -24323.9
24328.4 -24328.4
24332.9 -24332.9
24337.4 -24337.4
24341.8 -24341.8
24346.3 -24346.3
24350.8 -24350.8
24355.3 -24355.3
24359.7 -24359.7
24364.2 -24364.2
24368.6 -24368.6
24373.1 -24373.1
24377.5 -24377.5
24382 -24382
24386.4 -24386.4
24390.8 -24390.8
24395.3 -24395.3
24399.7 -24399.7
24404.1 -24404.1
24408.5 -24408.5
24412.9 -24412.9
24417.4 -24417.4
24421.8 -24421.8
24426.2 -24426.2
24430.5 -24430.5
24434.9 -24434.9
24439.3 -24439.3
24443.7 -24443.7
24448.1 -24448.1
24452.5 -24452.5
24456.8 -24456.8
24461.2 -24461.2
24465.5 -24465.5
24469.9 -24469.9
24474.2 -24474.2
24478.6 -24478.6
24482.9 -24482.9
24487.3 -24487.3
24491.6 -24491.6
24495.9 -24495.9
24500.3 -24500.3
24504.6 -24504.6
24508.9 -24508.9
24513.2 -24513.2
24517.5 -24517.5
24521.8 -24521.8
24526.1 -24526.1
24530.4 -24530.4
24534.7 -24534.7
24539 -24539
24543.3 -24543.3
24547.6 -24547.6
24551.8 -24551.8
24556.1 -24556.1
24560.4 -24560.4
24564.6 -24564.6
24568.9 -24568.9
24573.2 -24573.2
24577.4 -24577.4
24581.7 -24581.7
24585.9 -24585.9
24590.1 -24590.1
24594.4 -24594.4
24598.6 -24598.6
24602.8 -24602.8
24607 -24607
24611.3 -24611.3
24615.5 -24615.5
24619.7 -24619.7
24623.9 -24623.9
24628.1 -24628.1
24632.3 -24632.3
24636.5 -24636.5
24640.7 -24640.7
24644.9 -24644.9
24649.1 -24649.1
24653.2 -24653.2
24657.4 -24657.4
24661.6 -24661.6
24665.7 -24665.7
24669.9 -24669.9
24674.1 -24674.1
24678.2 -24678.2
24682.4 -24682.4
24686.5 -24686.5
24690.7 -24690.7
24694.8 -24694.8
24698.9 -24698.9
24703.1 -24703.1
24707.2 -24707.2
24711.3 -24711.3
24715.5 -24715.5
24719.6 -24719.6
24723.7 -24723.7
24727.8 -24727.8
24731.9 -24731.9
24736 -24736
24740.1 -24740.1
24744.2 -24744.2
24748.3 -24748.3
24752.4 -24752.4
24756.5 -24756.5
24760.5 -24760.5
24764.6 -24764.6
24768.7 -24768.7
24772.8 -24772.8
24776.8 -24776.8
24780.9 -24780.9
24784.9 -24784.9
24789 -24789
24793 -24793
24797.1 -24797.1
24801.1 -24801.1
24805.2 -24805.2
24809.2 -24809.2
24813.2 -24813.2
24817.3 -24817.3
24821.3 -24821.3
24825.3 -24825.3
24829.3 -24829.3
24833.3 -24833.3
24837.4 -24837.4
24841.4 -24841.4
24845.4 -24845.4
24849.4 -24849.4
24853.4 -24853.4
24857.4 -24857.4
24861.3 -24861.3
24865.3 -24865.3
24869.3 -24869.3
24873.3 -24873.3
24877.3 -24877.3
24881.2 -24881.2
24885.2 -24885.2
24889.2 -24889.2
24893.1 -24893.1
24897.1 -24897.1
24901 -24901
24905 -24905
24908.9 -24908.9
24912.9 -24912.9
24916.8 -24916.8
24920.8 -24920.8
24924.7 -24924.7
24928.6 -24928.6
24932.6 -24932.6
24936.5 -24936.5
24940.4 -24940.4
24944.3 -24944.3
24948.2 -24948.2
24952.1 -24952.1
24956 -24956
24959.9 -24959.9
24963.8 -24963.8
24967.7 -24967.7
24971.6 -24971.6
24975.5 -24975.5
24979.4 -24979.4
24983.3 -24983.3
24987.2 -24987.2
24991.1 -24991.1
24994.9 -24994.9
24998.8 -24998.8
25002.7 -25002.7
25006.5 -25006.5
25010.4 -25010.4
25014.2 -25014.2
25018.1 -25018.1
25021.9 -25021.9
25025.8 -25025.8
25029.6 -25029.6
25033.5 -25033.5
25037.3 -25037.3
25041.2 -25041.2
25045 -25045
25048.8 -25048.8
25052.6 -25052.6
25056.5 -25056.5
25060.3 -25060.3
25064.1 -25064.1
25067.9 -25067.9
25071.7 -25071.7
25075.5 -25075.5
25079.3 -25079.3
25083.1 -25083.1
25086.9 -25086.9
25090.7 -25090.7
25094.5 -25094.5
25098.3 -25098.3
25102.1 -25102.1
25105.9 -25105.9
25109.6 -25109.6
25113.4 -25113.4
25117.2 -25117.2
25120.9 -25120.9
25124.7 -25124.7
25128.5 -25128.5
25132.2 -25132.2
25136 -25136
25139.7 -25139.7
25143.5 -25143.5
25147.2 -25147.2
25151 -25151
25154.7 -25154.7
25158.5 -25158.5
25162.2 -25162.2
25165.9 -25165.9
25169.7 -25169.7
25173.4 -25173.4
25177.1 -25177.1
25180.8 -25180.8
25184.5 -25184.5
25188.3 -25188.3
25192 -25192
25195.7 -25195.7
25199.4 -25199.4
25203.1 -25203.1
25206.8 -25206.8
25210.5 -25210.5
25214.2 -25214.2
25217.9 -25217.9
25221.6 -25221.6
25225.2 -25225.2
25228.9 -25228.9
25232.6 -25232.6
25236.3 -25236.3
25239.9 -25239.9
25243.6 -25243.6
25247.3 -25247.3
25251 -25251
25254.6 -25254.6
25258.3 -25258.3
25261.9 -25261.9
25265.6 -25265.6
25269.2 -25269.2
25272.9 -25272.9
25276.5 -25276.5
25280.2 -25280.2
25283.8 -25283.8
25287.4 -25287.4
25291.1 -25291.1
25294.7 -25294.7
25298.3 -25298.3
25302 -25302
25305.6 -25305.6
25309.2 -25309.2
25312.8 -25312.8
25316.4 -25316.4
25320 -25320
25323.7 -25323.7
25327.3 -25327.3
25330.9 -25330.9
25334.5 -25334.5
25338.1 -25338.1
25341.7 -25341.7
25345.3 -25345.3
25348.8 -25348.8
25352.4 -25352.4
25356 -25356
25359.6 -25359.6
25363.2 -25363.2
25366.7 -25366.7
25370.3 -25370.3
25373.9 -25373.9
25377.5 -25377.5
25381 -25381
25384.6 -25384.6
25388.2 -25388.2
25391.7 -25391.7
25395.3 -25395.3
25398.8 -25398.8
25402.4 -25402.4
25405.9 -25405.9
25409.5 -25409.5
25413 -25413
25416.5 -25416.5
25420.1 -25420.1
25423.6 -25423.6
25427.1 -25427.1
25430.7 -25430.7
25434.2 -25434.2
25437.7 -25437.7
25441.2 -25441.2
25444.8 -25444.8
25448.3 -25448.3
25451.8 -25451.8
25455.3 -25455.3
25458.8 -25458.8
25462.3 -25462.3
25465.8 -25465.8
25469.3 -25469.3
25472.8 -25472.8
25476.3 -25476.3
25479.8 -25479.8
25483.3 -25483.3
25486.8 -25486.8
25490.3 -25490.3
25493.8 -25493.8
25497.2 -25497.2
25500.7 -25500.7
25504.2 -25504.2
25507.7 -25507.7
25511.1 -25511.1
25514.6 -25514.6
25518.1 -25518.1
25521.5 -25521.5
25525 -25525
25528.5 -25528.5
25531.9 -25531.9
25535.4 -25535.4
25538.8 -25538.8
25542.3 -25542.3
25545.7 -25545.7
25549.2 -25549.2
25552.6 -25552.6
25556 -25556
25559.5 -25559.5
25562.9 -25562.9
25566.3 -25566.3
25569.8 -25569.8
25573.2 -25573.2
25576.6 -25576.6
25580 -25580
25583.5 -25583.5
25586.9 -25586.9
25590.3 -25590.3
25593.7 -25593.7
25597.1 -25597.1
25600.5 -25600.5
25603.9 -25603.9
25607.3 -25607.3
25610.7 -25610.7
25614.1 -25614.1
25617.5 -25617.5
25620.9 -25620.9
25624.3 -25624.3
25627.7 -25627.7
25631.1 -25631.1
25634.5 -25634.5
25637.9 -25637.9
25641.3 -25641.3
25644.6 -25644.6
25648 -25648
25651.4 -25651.4
25654.8 -25654.8
25658.1 -25658.1
25661.5 -25661.5
25664.9 -25664.9
25668.2 -25668.2
25671.6 -25671.6
25674.9 -25674.9
25678.3 -25678.3
25681.6 -25681.6
25685 -25685
25688.4 -25688.4
25691.7 -25691.7
25695 -25695
25698.4 -25698.4
25701.7 -25701.7
25705.1 -25705.1
25708.4 -25708.4
25711.7 -25711.7
25715.1 -25715.1
25718.4 -25718.4
25721.7 -25721.7
25725 -25725
25728.4 -25728.4
25731.7 -25731.7
25735 -25735
25738.3 -25738.3
25741.6 -25741.6
25745 -25745
25748.3 -25748.3
25751.6 -25751.6
25754.9 -25754.9
25758.2 -25758.2
25761.5 -25761.5
25764.8 -25764.8
25768.1 -25768.1
25771.4 -25771.4
25774.7 -25774.7
25778 -25778
25781.3 -25781.3
25784.5 -25784.5
25787.8 -25787.8
25791.1 -25791.1
25794.4 -25794.4
25797.7 -25797.7
25800.9 -25800.9
25804.2 -25804.2
25807.5 -25807.5
25810.8 -25810.8
25814 -25814
25817.3 -25817.3
25820.6 -25820.6
25823.8 -25823.8
25827.1 -25827.1
25830.3 -25830.3
25833.6 -25833.6
25836.9 -25836.9
25840.1 -25840.1
25843.4 -25843.4
25846.6 -25846.6
25849.8 -25849.8
25853.1 -25853.1
25856.3 -25856.3
25859.6 -25859.6
25862.8 -25862.8
25866 -25866
25869.3 -25869.3
25872.5 -25872.5
25875.7 -25875.7
25879 -25879
25882.2 -25882.2
25885.4 -25885.4
25888.6 -25888.6
25891.9 -25891.9
25895.1 -25895.1
25898.3 -25898.3
25901.5 -25901.5
25904.7 -25904.7
25907.9 -25907.9
25911.1 -25911.1
25914.3 -25914.3
25917.6 -25917.6
25920.8 -25920.8
25924 -25924
25927.2 -25927.2
25930.4 -25930.4
25933.5 -25933.5
25936.7 -25936.7
25939.9 -25939.9
25943.1 -25943.1
25946.3 -25946.3
25949.5 -25949.5
25952.7 -25952.7
25955.9 -25955.9
25959 -25959
25962.2 -25962.2
25965.4 -25965.4
25968.6 -25968.6
25971.7 -25971.7
25974.9 -25974.9
25978.1 -25978.1
25981.2 -25981.2
25984.4 -25984.4
25987.6 -25987.6
25990.7 -25990.7
25993.9 -25993.9
25997 -25997
26000.2 -26000.2
26003.4 -26003.4
26006.5 -26006.5
26009.7 -26009.7
26012.8 -26012.8
26016 -26016
26019.1 -26019.1
26022.2 -26022.2
26025.4 -26025.4
26028.5 -26028.5
26031.7 -26031.7
26034.8 -26034.8
26037.9 -26037.9
26041.1 -26041.1
26044.2 -26044.2
26047.3 -26047.3
26050.4 -26050.4
26053.6 -26053.6
26056.7 -26056.7
26059.8 -26059.8
26062.9 -26062.9
26066.1 -26066.1
26069.2 -26069.2
26072.3 -26072.3
26075.4 -26075.4
26078.5 -26078.5
26081.6 -26081.6
26084.7 -26084.7
26087.8 -26087.8
26090.9 -26090.9
26094 -26094
26097.1 -26097.1
26100.2 -26100.2
26103.3 -26103.3
26106.4 -26106.4
26109.5 -26109.5
26112.6 -26112.6
26115.7 -26115.7
26118.8 -26118.8
26121.9 -26121.9
26125 -26125
26128 -26128
26131.1 -26131.1
26134.2 -26134.2
26137.3 -26137.3
26140.4 -26140.4
26143.4 -26143.4
26146.5 -26146.5
26149.6 -26149.6
26152.6 -26152.6
26155.7 -26155.7
26158.8 -26158.8
26161.8 -26161.8
26164.9 -26164.9
26168 -26168
26171 -26171
26174.1 -26174.1
26177.1 -26177.1
26180.2 -26180.2
26183.2 -26183.2
26186.3 -26186.3
26189.4 -26189.4
26192.4 -26192.4
26195.4 -26195.4
26198.5 -26198.5
26201.5 -26201.5
26204.6 -26204.6
26207.6 -26207.6
26210.7 -26210.7
26213.7 -26213.7
26216.7 -26216.7
26219.8 -26219.8
26222.8 -26222.8
26225.8 -26225.8
26228.9 -26228.9
26231.9 -26231.9
26234.9 -26234.9
26237.9 -26237.9
26240.9 -26240.9
26244 -26244
26247 -26247
26250 -26250
26253 -26253
26256 -26256
26259.1 -26259.1
26262.1 -26262.1
26265.1 -26265.1
26268.1 -26268.1
26271.1 -26271.1
26274.1 -26274.1
26277.1 -26277.1
26280.1 -26280.1
26283.1 -26283.1
26286.1 -26286.1
26289.1 -26289.1
26292.1 -26292.1
26295.1 -26295.1
26298.1 -26298.1
26301.1 -26301.1
26304.1 -26304.1
26307 -26307
26310 -26310
26313 -26313
26316 -26316
26319 -26319
26322 -26322
26324.9 -26324.9
26327.9 -26327.9
26330.9 -26330.9
26333.9 -26333.9
26336.8 -26336.8
26339.8 -26339.8
26342.8 -26342.8
26345.8 -26345.8
26348.7 -26348.7
26351.7 -26351.7
26354.7 -26354.7
26357.6 -26357.6
26360.6 -26360.6
26363.5 -26363.5
26366.5 -26366.5
26369.4 -26369.4
26372.4 -26372.4
26375.4 -26375.4
26378.3 -26378.3
26381.3 -26381.3
26384.2 -26384.2
26387.2 -26387.2
26390.1 -26390.1
26393.1 -26393.1
26396 -26396
26398.9 -26398.9
26401.9 -26401.9
26404.8 -26404.8
26407.8 -26407.8
26410.7 -26410.7
26413.6 -26413.6
26416.6 -26416.6
26419.5 -26419.5
26422.4 -26422.4
26425.4 -26425.4
26428.3 -26428.3
26431.2 -26431.2
26434.1 -26434.1
26437.1 -26437.1
26440 -26440
26442.9 -26442.9
26445.8 -26445.8
26448.7 -26448.7
26451.7 -26451.7
26454.6 -26454.6
26457.5 -26457.5
26460.4 -26460.4
26463.3 -26463.3
26466.2 -26466.2
26469.1 -26469.1
26472 -26472
26474.9 -26474.9
26477.8 -26477.8
26480.7 -26480.7
26483.6 -26483.6
26486.5 -26486.5
26489.4 -26489.4
26492.3 -26492.3
26495.2 -26495.2
26498.1 -26498.1
26501 -26501
26503.9 -26503.9
26506.8 -26506.8
26509.7 -26509.7
26512.6 -26512.6
26515.5 -26515.5
26518.4 -26518.4
26521.2 -26521.2
26524.1 -26524.1
26527 -26527
26529.9 -26529.9
26532.8 -26532.8
26535.6 -26535.6
26538.5 -26538.5
26541.4 -26541.4
26544.3 -26544.3
26547.1 -26547.1
26550 -26550
26552.9 -26552.9
26555.8 -26555.8
26558.6 -26558.6
26561.5 -26561.5
26564.3 -26564.3
26567.2 -26567.2
26570.1 -26570.1
26572.9 -26572.9
26575.8 -26575.8
26578.6 -26578.6
26581.5 -26581.5
26584.4 -26584.4
26587.2 -26587.2
26590.1 -26590.1
26592.9 -26592.9
26595.8 -26595.8
26598.6 -26598.6
26601.5 -26601.5
26604.3 -26604.3
26607.2 -26607.2
26610 -26610
26612.8 -26612.8
26615.7 -26615.7
26618.5 -26618.5
26621.4 -26621.4
26624.2 -26624.2
26627 -26627
26629.9 -26629.9
26632.7 -26632.7
26635.5 -26635.5
26638.4 -26638.4
26641.2 -26641.2
26644 -26644
26646.9 -26646.9
26649.7 -26649.7
26652.5 -26652.5
26655.3 -26655.3
26658.2 -26658.2
26661 -26661
26663.8 -26663.8
26666.6 -26666.6
26669.4 -26669.4
26672.2 -26672.2
26675.1 -26675.1
26677.9 -26677.9
26680.7 -26680.7
26683.5 -26683.5
26686.3 -26686.3
26689.1 -26689.1
26691.9 -26691.9
26694.7 -26694.7
26697.5 -26697.5
26700.3 -26700.3
26703.1 -26703.1
26705.9 -26705.9
26708.7 -26708.7
26711.5 -26711.5
26714.3 -26714.3
26717.1 -26717.1
26719.9 -26719.9
26722.7 -26722.7
26725.5 -26725.5
26728.3 -26728.3
26731.1 -26731.1
26733.9 -26733.9
26736.7 -26736.7
26739.5 -26739.5
26742.3 -26742.3
26745 -26745
26747.8 -26747.8
26750.6 -26750.6
26753.4 -26753.4
26756.2 -26756.2
26759 -26759
26761.7 -26761.7
26764.5 -26764.5
26767.3 -26767.3
26770.1 -26770.1
26772.8 -26772.8
26775.6 -26775.6
26778.4 -26778.4
26781.2 -26781.2
26783.9 -26783.9
26786.7 -26786.7
26789.5 -26789.5
26792.2 -26792.2
26795 -26795
26797.8 -26797.8
26800.5 -26800.5
26803.3 -26803.3
26806 -26806
26808.8 -26808.8
26811.6 -26811.6
26814.3 -26814.3
26817.1 -26817.1
26819.8 -26819.8
26822.6 -26822.6
26825.3 -26825.3
26828.1 -26828.1
26830.8 -26830.8
26833.6 -26833.6
26836.3 -26836.3
26839.1 -26839.1
26841.8 -26841.8
26844.6 -26844.6
26847.3 -26847.3
26850.1 -26850.1
26852.8 -26852.8
26855.5 -26855.5
26858.3 -26858.3
26861 -26861
26863.7 -26863.7
26866.5 -26866.5
26869.2 -26869.2
26872 -26872
26874.7 -26874.7
26877.4 -26877.4
26880.1 -26880.1
26882.9 -26882.9
26885.6 -26885.6
26888.3 -26888.3
26891.1 -26891.1
26893.8 -26893.8
26896.5 -26896.5
26899.2 -26899.2
26902 -26902
26904.7 -26904.7
26907.4 -26907.4
26910.1 -26910.1
26912.8 -26912.8
26915.5 -26915.5
26918.3 -26918.3
26921 -26921
26923.7 -26923.7
26926.4 -26926.4
26929.1 -26929.1
26931.8 -26931.8
26934.5 -26934.5
26937.2 -26937.2
26940 -26940
26942.7 -26942.7
26945.4 -26945.4
26948.1 -26948.1
26950.8 -26950.8
26953.5 -26953.5
26956.2 -26956.2
26958.9 -26958.9
26961.6 -26961.6
26964.3 -26964.3
26967 -26967
26969.7 -26969.7
26972.4 -26972.4
26975.1 -26975.1
26977.7 -26977.7
26980.4 -26980.4
26983.1 -26983.1
26985.8 -26985.8
26988.5 -26988.5
26991.2 -26991.2
26993.9 -26993.9
26996.6 -26996.6
26999.3 -26999.3
27001.9 -27001.9
27004.6 -27004.6
27007.3 -27007.3
27010 -27010
27012.7 -27012.7
27015.3 -27015.3
27018 -27018
27020.7 -27020.7
27023.4 -27023.4
27026 -27026
27028.7 -27028.7
27031.4 -27031.4
27034.1 -27034.1
27036.7 -27036.7
27039.4 -27039.4
27042.1 -27042.1
27044.7 -27044.7
27047.4 -27047.4
27050.1 -27050.1
27052.7 -27052.7
27055.4 -27055.4
27058.1 -27058.1
27060.7 -27060.7
27063.4 -27063.4
27066.1 -27066.1
27068.7 -27068.7
27071.4 -27071.4
27074 -27074
27076.7 -27076.7
27079.3 -27079.3
27082 -27082
27084.7 -27084.7
27087.3 -27087.3
27090 -27090
27092.6 -27092.6
27095.3 -27095.3
27097.9 -27097.9
27100.6 -27100.6
26813.3 -26813.3
26526.2 -26526.2
26239.3 -26239.3
25952.6 -25952.6
25666.2 -25666.2
25380.2 -25380.2
25094.5 -25094.5
24809.2 -24809.2
24524.4 -24524.4
24240.1 -24240.1
23956.2 -23956.2
23672.9 -23672.9
23390.1 -23390.1
23107.9 -23107.9
22826.3 -22826.3
22545.4 -22545.4
22265.1 -22265.1
21985.5 -21985.5
21706.6 -21706.6
21428.4 -21428.4
21151 -21151
20874.3 -20874.3
20598.4 -20598.4
20323.4 -20323.4
20049.2 -20049.2
19775.8 -19775.8
19503.3 -19503.3
19231.6 -19231.6
18960.9 -18960.9
18691.1 -18691.1
18422.3 -18422.3
18154.4 -18154.4
17887.4 -17887.4
17621.5 -17621.5
17356.6 -17356.6
17092.6 -17092.6
16829.8 -16829.8
16567.9 -16567.9
16307.2 -16307.2
16047.5 -16047.5
15788.9 -15788.9
15531.4 -15531.4
15275.1 -15275.1
15019.9 -15019.9
14765.8 -14765.8
14512.9 -14512.9
14261.2 -14261.2
14010.6 -14010.6
13761.2 -13761.2
13513.1 -13513.1
13266.2 -13266.2
13020.4 -13020.4
12776 -12776
12532.8 -12532.8
12290.8 -12290.8
12050.1 -12050.1
11810.7 -11810.7
11572.6 -11572.6
11335.8 -11335.8
11100.3 -11100.3
10866 -10866
10633.2 -10633.2
10401.6 -10401.6
10171.4 -10171.4
9942.52 -9942.52
9715 -9715
9488.83 -9488.83
9264.03 -9264.03
9040.6 -9040.6
8818.54 -8818.54
8597.86 -8597.86
8378.57 -8378.57
8160.67 -8160.67
7944.17 -7944.17
7729.07 -7729.07
7515.37 -7515.37
7303.08 -7303.08
7092.2 -7092.2
6882.73 -6882.73
6674.69 -6674.69
6468.06 -6468.06
6262.86 -6262.86
6059.09 -6059.09
5856.74 -5856.74
5655.83 -5655.83
5456.34 -5456.34
5258.29 -5258.29
5061.67 -5061.67
4866.49 -4866.49
4672.74 -4672.74
4480.43 -4480.43
4289.55 -4289.55
4100.11 -4100.11
3912.1 -3912.1
3725.53 -3725.53
3540.39 -3540.39
3356.68 -3356.68
3174.41 -3174.41
2993.56 -2993.56
2814.15 -2814.15
2636.16 -2636.16
2459.59 -2459.59
2284.44 -2284.44
2110.72 -2110.72
1938.41 -1938.41
1767.51 -1767.51
1598.02 -1598.02
1429.94 -1429.94
1263.27 -1263.27
1097.99 -1097.99
934.987 -934.987
773.456 -773.456
614.244 -614.244
456.814 -456.814
301.599 -301.599
148.396 -148.396
-0.80821 0.80821
-154.938 154.938
-310.221 310.221
-466.613 466.613
-622.131 622.131
-776.162 776.162
-929.127 929.127
-1080.9 1080.9
-1231.2 1231.2
-1380.02 1380.02
-1528.09 1528.09
-1674.74 1674.74
-1819.91 1819.91
-1963.79 1963.79
-2106.84 2106.84
-2248.43 2248.43
-2388.56 2388.56
-2527.25 2527.25
-2664.51 2664.51
-2800.76 2800.76
-2936.03 2936.03
-3069.88 3069.88
-3202.31 3202.31
-3333.34 3333.34
-3462.98 3462.98
-3591.24 3591.24
-3718.12 3718.12
-3843.66 3843.66
-3967.84 3967.84
-4090.69 4090.69
-4212.22 4212.22
-4332.44 4332.44
-4451.36 4451.36
-4568.99 4568.99
-4685.34 4685.34
-4800.43 4800.43
-4914.27 4914.27
-5026.87 5026.87
-5138.23 5138.23
-5248.38 5248.38
-5357.32 5357.32
-5465.07 5465.07
-5571.63 5571.63
-5677.02 5677.02
-5781.25 5781.25
-5884.33 5884.33
-5986.28 5986.28
-6087.09 6087.09
-6186.79 6186.79
-6285.39 6285.39
-6382.89 6382.89
-6479.31 6479.31
-6574.66 6574.66
-6668.95 6668.95
-6762.19 6762.19
-6854.4 6854.4
-6945.57 6945.57
-7035.73 7035.73
-7124.89 7124.89
-7213.05 7213.05
-7300.23 7300.23
-7386.43 7386.43
-7471.67 7471.67
-7555.96 7555.96
-7639.31 7639.31
-7721.73 7721.73
-7803.22 7803.22
-7883.81 7883.81
-7963.5 7963.5
-8042.29 8042.29
-8120.2 8120.2
-8197.24 8197.24
-8273.42 8273.42
-8348.75 8348.75
-8423.24 8423.24
-8496.9 8496.9
-8569.73 8569.73
-8641.76 8641.76
-8712.99 8712.99
-8783.42 8783.42
-8853.07 8853.07
-8921.95 8921.95
-8990.06 8990.06
-9057.42 9057.42
-9124.03 9124.03
-9189.91 9189.91
-9255.06 9255.06
-9319.49 9319.49
-9383.21 9383.21
-9446.23 9446.23
-9508.55 9508.55
-9570.2 9570.2
-9631.16 9631.16
-9691.46 9691.46
-9751.1 9751.1
-9810.09 9810.09
-9868.44 9868.44
-9926.16 9926.16
-9983.25 9983.25
-10039.7 10039.7
-10095.6 10095.6
-10150.8 10150.8
-10205.5 10205.5
-10259.6 10259.6
-10313.1 10313.1
-10366 10366
-10418.4 10418.4
-10470.2 10470.2
-10521.5 10521.5
-10572.2 10572.2
-10622.4 10622.4
-10672 10672
-10721.2 10721.2
-10769.8 10769.8
-10817.9 10817.9
-10865.5 10865.5
-10912.6 10912.6
-10959.3 10959.3
-11005.4 11005.4
-11051.1 11051.1
-11096.4 11096.4
-11141.1 11141.1
-11185.4 11185.4
-11229.3 11229.3
-11272.7 11272.7
-11315.7 11315.7
-11358.2 11358.2
-11400.4 11400.4
-11442.1 11442.1
-11483.4 11483.4
-11524.3 11524.3
-11564.8 11564.8
-11604.9 11604.9
-11644.6 11644.6
-11684 11684
-11722.9 11722.9
-11761.5 11761.5
-11799.7 11799.7
-11837.6 11837.6
-11875.1 11875.1
-11912.2 11912.2
-11949 11949
-11985.5 11985.5
-12021.6 12021.6
-12057.4 12057.4
-12092.8 12092.8
-12128 12128
-12162.8 12162.8
-12197.3 12197.3
-12231.5 12231.5
-12265.4 12265.4
-12299 12299
-12332.3 12332.3
-12365.3 12365.3
-12398 12398
-12430.4 12430.4
-12462.6 12462.6
-12494.4 12494.4
-12526.1 12526.1
-12557.4 12557.4
-12588.5 12588.5
-12619.3 12619.3
-12649.8 12649.8
-12680.1 12680.1
-12710.2 12710.2
-12740 12740
-12769.6 12769.6
-12798.9 12798.9
-12828 12828
-12856.9 12856.9
-12885.5 12885.5
-12913.9 12913.9
-12942.1 12942.1
-12970.1 12970.1
-12997.8 12997.8
-13025.4 13025.4
-13052.7 13052.7
-13079.8 13079.8
-13106.7 13106.7
-13133.4 13133.4
-13160 13160
-13186.3 13186.3
-13212.4 13212.4
-13238.4 13238.4
-13264.1 13264.1
-13289.7 13289.7
-13315.1 13315.1
-13340.3 13340.3
-13365.3 13365.3
-13390.1 13390.1
-13414.8 13414.8
-13439.3 13439.3
-13463.7 13463.7
-13487.8 13487.8
-13511.9 13511.9
-13535.7 13535.7
-13559.4 13559.4
-13582.9 13582.9
-13606.3 13606.3
-13629.5 13629.5
-13652.6 13652.6
-13675.5 13675.5
-13698.3 13698.3
-13721 13721
-13743.5 13743.5
-13765.8 13765.8
-13788 13788
-13810.1 13810.1
-13832 13832
-13853.8 13853.8
-13875.5 13875.5
-13897.1 13897.1
-13918.5 13918.5
-13939.8 13939.8
-13960.9 13960.9
-13982 13982
-14002.9 14002.9
-14023.7 14023.7
-14044.3 14044.3
-14064.9 14064.9
-14085.3 14085.3
-14105.7 14105.7
-14125.9 14125.9
-14146 14146
-14166 14166
-14185.9 14185.9
-14205.6 14205.6
-14225.3 14225.3
-14244.9 14244.9
-14264.3 14264.3
-14283.7 14283.7
-14302.9 14302.9
-14322.1 14322.1
-14341.1 14341.1
-14360.1 14360.1
-14378.9 14378.9
-14397.7 14397.7
-14416.4 14416.4
-14435 14435
-14453.4 14453.4
-14471.8 14471.8
-14490.1 14490.1
-14508.3 14508.3
-14526.5 14526.5
-14544.5 14544.5
-14562.4 14562.4
-14580.3 14580.3
-14598.1 14598.1
-14615.8 14615.8
-14633.4 14633.4
-14650.9 14650.9
-14668.4 14668.4
-14685.8 14685.8
-14703 14703
-14720.3 14720.3
-14737.4 14737.4
-14754.5 14754.5
-14771.4 14771.4
-14788.4 14788.4
-14805.2 14805.2
-14822 14822
-14838.6 14838.6
-14855.3 14855.3
-14871.8 14871.8
-14888.3 14888.3
-14904.7 14904.7
-14921 14921
-14937.3 14937.3
-14953.5 14953.5
-14969.7 14969.7
-14985.7 14985.7
-15001.7 15001.7
-15017.7 15017.7
-15033.6 15033.6
-15049.4 15049.4
-15065.1 15065.1
-15080.8 15080.8
-15096.5 15096.5
-15112 15112
-15127.5 15127.5
-15143 15143
-15158.4 15158.4
-15173.7 15173.7
-15189 15189
-15204.2 15204.2
-15219.4 15219.4
-15234.5 15234.5
-15249.5 15249.5
-15264.5 15264.5
-15279.4 15279.4
-15294.3 15294.3
-15309.2 15309.2
-15323.9 15323.9
-15338.7 15338.7
-15353.3 15353.3
-15368 15368
-15382.5 15382.5
-15397 15397
-15411.5 15411.5
-15425.9 15425.9
-15440.3 15440.3
-15454.6 15454.6
-15468.9 15468.9
-15483.1 15483.1
-15497.3 15497.3
-15511.4 15511.4
-15525.5 15525.5
-15539.5 15539.5
-15553.5 15553.5
-15567.5 15567.5
-15581.4 15581.4
-15595.2 15595.2
-15609 15609
-15622.8 15622.8
-15636.5 15636.5
-15650.2 15650.2
-15663.8 15663.8
-15677.4 15677.4
-15690.9 15690.9
-15704.5 15704.5
-15717.9 15717.9
-15731.3 15731.3
-15744.7 15744.7
-15758.1 15758.1
-15771.4 15771.4
-15784.6 15784.6
-15797.9 15797.9
-15811 15811
-15824.2 15824.2
-15837.3 15837.3
-15850.4 15850.4
-15863.4 15863.4
-15876.4 15876.4
-15889.3 15889.3
-15902.2 15902.2
-15915.1 15915.1
-15928 15928
-15940.8 15940.8
-15953.5 15953.5
-15966.3 15966.3
-15979 15979
-15991.6 15991.6
-16004.3 16004.3
-16016.9 16016.9
-16029.4 16029.4
-16041.9 16041.9
-16054.4 16054.4
-16066.9 16066.9
-16079.3 16079.3
-16091.7 16091.7
-16104.1 16104.1
-16116.4 16116.4
-16128.7 16128.7
-16141 16141
-16153.2 16153.2
-16165.4 16165.4
-16177.5 16177.5
-16189.7 16189.7
-16201.8 16201.8
-16213.8 16213.8
-16225.9 16225.9
-16237.9 16237.9
-16249.9 16249.9
-16261.8 16261.8
-16273.8 16273.8
-16285.6 16285.6
-16297.5 16297.5
-16309.3 16309.3
-16321.1 16321.1
-16332.9 16332.9
-16344.7 16344.7
-16356.4 16356.4
-16368.1 16368.1
-16379.7 16379.7
-16391.4 16391.4
-16403 16403
-16414.5 16414.5
-16426.1 16426.1
-16437.6 16437.6
-16449.1 16449.1
-16460.6 16460.6
-16472 16472
-16483.4 16483.4
-16494.8 16494.8
-16506.2 16506.2
-16517.5 16517.5
-16528.8 16528.8
-16540.1 16540.1
-16551.4 16551.4
-16562.6 16562.6
-16573.8 16573.8
-16585 16585
-16596.2 16596.2
-16607.3 16607.3
-16618.4 16618.4
-16629.5 16629.5
-16640.6 16640.6
-16651.6 16651.6
-16662.6 16662.6
-16673.6 16673.6
-16684.6 16684.6
-16695.5 16695.5
-16706.4 16706.4
-16717.3 16717.3
-16728.2 16728.2
-16739.1 16739.1
-16749.9 16749.9
-16760.7 16760.7
-16771.5 16771.5
-16782.2 16782.2
-16793 16793
-16803.7 16803.7
-16814.4 16814.4
-16825.1 16825.1
-16835.7 16835.7
-16846.3 16846.3
-16856.9 16856.9
-16867.5 16867.5
-16878.1 16878.1
-16888.6 16888.6
-16899.2 16899.2
-16909.7 16909.7
-16920.1 16920.1
-16930.6 16930.6
-16941 16941
-16951.4 16951.4
-16961.8 16961.8
-16972.2 16972.2
-16982.6 16982.6
-16992.9 16992.9
-17003.2 17003.2
-17013.5 17013.5
-17023.8 17023.8
-17034.1 17034.1
-17044.3 17044.3
-17054.5 17054.5
-17064.7 17064.7
-17074.9 17074.9
-17085.1 17085.1
-17095.2 17095.2
-17105.3 17105.3
-17115.4 17115.4
-17125.5 17125.5
-17135.6 17135.6
-17145.6 17145.6
-17155.7 17155.7
-17165.7 17165.7
-17175.7 17175.7
-17185.6 17185.6
-17195.6 17195.6
-17205.5 17205.5
-17215.5 17215.5
-17225.4 17225.4
-17235.2 17235.2
-17245.1 17245.1
-17255 17255
-17264.8 17264.8
-17274.6 17274.6
-17284.4 17284.4
-17294.2 17294.2
-17304 17304
-17313.7 17313.7
-17323.4 17323.4
-17333.1 17333.1
-17342.8 17342.8
-17352.5 17352.5
-17362.2 17362.2
-17371.8 17371.8
-17381.5 17381.5
-17391.1 17391.1
-17400.7 17400.7
-17410.3 17410.3
-17419.8 17419.8
-17429.4 17429.4
-17438.9 17438.9
-17448.4 17448.4
-17457.9 17457.9
-17467.4 17467.4
-17476.9 17476.9
-17486.3 17486.3
-17495.8 17495.8
-17505.2 17505.2
-17514.6 17514.6
-17524 17524
-17533.4 17533.4
-17542.7 17542.7
-17552.1 17552.1
-17561.4 17561.4
-17570.7 17570.7
-17580 17580
-17589.3 17589.3
-17598.6 17598.6
-17607.8 17607.8
-17617.1 17617.1
-17626.3 17626.3
-17635.5 17635.5
-17644.7 17644.7
-17653.9 17653.9
-17663 17663
-17672.2 17672.2
-17681.3 17681.3
-17690.5 17690.5
-17699.6 17699.6
-17708.7 17708.7
-17717.8 17717.8
-17726.8 17726.8
-17735.9 17735.9
-17744.9 17744.9
-17753.9 17753.9
-17763 17763
-17772 17772
-17780.9 17780.9
-17789.9 17789.9
-17798.9 17798.9
-17807.8 17807.8
-17816.8 17816.8
-17825.7 17825.7
-17834.6 17834.6
-17843.5 17843.5
-17852.3 17852.3
-17861.2 17861.2
-17870.1 17870.1
-17878.9 17878.9
-17887.7 17887.7
-17896.5 17896.5
-17905.3 17905.3
-17914.1 17914.1
-17922.9 17922.9
-17931.7 17931.7
-17940.4 17940.4
-17949.1 17949.1
-17957.9 17957.9
-17966.6 17966.6
-17975.3 17975.3
-17984 17984
-17992.6 17992.6
-18001.3 18001.3
-18009.9 18009.9
-18018.6 18018.6
-18027.2 18027.2
-18035.8 18035.8
-18044.4 18044.4
-18053 18053
-18061.6 18061.6
-18070.1 18070.1
-18078.7 18078.7
-18087.2 18087.2
-18095.7 18095.7
-18104.2 18104.2
-18112.7 18112.7
-18121.2 18121.2
-18129.7 18129.7
-18138.2 18138.2
-18146.6 18146.6
-18155.1 18155.1
-18163.5 18163.5
-18171.9 18171.9
-18180.3 18180.3
-18188.7 18188.7
-18197.1 18197.1
-18205.5 18205.5
-18213.9 18213.9
-18222.2 18222.2
-18230.5 18230.5
-18238.9 18238.9
-18247.2 18247.2
-18255.5 18255.5
-18263.8 18263.8
-18272.1 18272.1
-18280.3 18280.3
-18288.6 18288.6
-18296.8 18296.8
-18305.1 18305.1
-18313.3 18313.3
-18321.5 18321.5
-18329.7 18329.7
-18337.9 18337.9
-18346.1 18346.1
-18354.3 18354.3
-18362.4 18362.4
-18370.6 18370.6
-18378.7 18378.7
-18386.9 18386.9
-18395 18395
-18403.1 18403.1
-18411.2 18411.2
-18419.3 18419.3
-18427.4 18427.4
-18435.4 18435.4
-18443.5 18443.5
-18451.5 18451.5
-18459.6 18459.6
-18467.6 18467.6
-18475.6 18475.6
-18483.6 18483.6
-18491.6 18491.6
-18499.6 18499.6
-18507.6 18507.6
-18515.5 18515.5
-18523.5 18523.5
-18531.4 18531.4
-18539.3 18539.3
-18547.3 18547.3
-18555.2 18555.2
-18563.1 18563.1
-18571 18571
-18578.9 18578.9
-18586.7 18586.7
-18594.6 18594.6
-18602.4 18602.4
-18610.3 18610.3
-18618.1 18618.1
-18625.9 18625.9
-18633.8 18633.8
-18641.6 18641.6
-18649.4 18649.4
-18657.1 18657.1
-18664.9 18664.9
-18672.7 18672.7
-18680.4 18680.4
-18688.2 18688.2
-18695.9 18695.9
-18703.6 18703.6
-18711.4 18711.4
-18719.1 18719.1
-18726.8 18726.8
-18734.4 18734.4
-18742.1 18742.1
-18749.8 18749.8
-18757.5 18757.5
-18765.1 18765.1
-18772.7 18772.7
-18780.4 18780.4
-18788 18788
-18795.6 18795.6
-18803.2 18803.2
-18810.8 18810.8
-18818.4 18818.4
-18826 18826
-18833.5 18833.5
-18841.1 18841.1
-18848.7 18848.7
-18856.2 18856.2
-18863.7 18863.7
-18871.2 18871.2
-18878.8 18878.8
-18886.3 18886.3
-18893.8 18893.8
-18901.2 18901.2
-18908.7 18908.7
-18916.2 18916.2
-18923.6 18923.6
-18931.1 18931.1
-18938.5 18938.5
-18946 18946
-18953.4 18953.4
-18960.8 18960.8
-18968.2 18968.2
-18975.6 18975.6
-18983 18983
-18990.4 18990.4
-18997.8 18997.8
-19005.1 19005.1
-19012.5 19012.5
-19019.8 19019.8
-19027.2 19027.2
-19034.5 19034.5
-19041.8 19041.8
-19049.1 19049.1
-19056.4 19056.4
-19063.7 19063.7
-19071 19071
-19078.3 19078.3
-19085.5 19085.5
-19092.8 19092.8
-19100.1 19100.1
-19107.3 19107.3
-19114.5 19114.5
-19121.8 19121.8
-19129 19129
-19136.2 19136.2
-19143.4 19143.4
-19150.6 19150.6
-19157.8 19157.8
-19165 19165
-19172.1 19172.1
-19179.3 19179.3
-19186.4 19186.4
-19193.6 19193.6
-19200.7 19200.7
-19207.9 19207.9
-19215 19215
-19222.1 19222.1
-19229.2 19229.2
-19236.3 19236.3
-19243.4 19243.4
-19250.5 19250.5
-19257.5 19257.5
-19264.6 19264.6
-19271.6 19271.6
-19278.7 19278.7
-19285.7 19285.7
-19292.8 19292.8
-19299.8 19299.8
-19306.8 19306.8
-19313.8 19313.8
-19320.8 19320.8
-19327.8 19327.8
-19334.8 19334.8
-19341.8 19341.8
-19348.7 19348.7
-19355.7 19355.7
-19362.7 19362.7
-19369.6 19369.6
-19376.5 19376.5
-19383.5 19383.5
-19390.4 19390.4
-19397.3 19397.3
-19404.2 19404.2
-19411.1 19411.1
-19418 19418
-19424.9 19424.9
-19431.8 19431.8
-19438.6 19438.6
-19445.5 19445.5
-19452.4 19452.4
-19459.2 19459.2
-19466 19466
-19472.9 19472.9
-19479.7 19479.7
-19486.5 19486.5
-19493.3 19493.3
-19500.1 19500.1
-19506.9 19506.9
-19513.7 19513.7
-19520.5 19520.5
-19527.3 19527.3
-19534 19534
-19540.8 19540.8
-19547.5 19547.5
-19554.3 19554.3
-19561 19561
-19567.7 19567.7
-19574.5 19574.5
-19581.2 19581.2
-19587.9 19587.9
-19594.6 19594.6
-19601.3 19601.3
-19608 19608
-19614.6 19614.6
-19621.3 19621.3
-19628 19628
-19634.6 19634.6
-19641.3 19641.3
-19647.9 19647.9
-19654.6 19654.6
-19661.2 19661.2
-19667.8 19667.8
-19674.4 19674.4
-19681 19681
-19687.6 19687.6
-19694.2 19694.2
-19700.8 19700.8
-19707.4 19707.4
-19714 19714
-19720.5 19720.5
-19727.1 19727.1
-19733.6 19733.6
-19740.2 19740.2
-19746.7 19746.7
-19753.2 19753.2
-19759.8 19759.8
-19766.3 19766.3
-19772.8 19772.8
-19779.3 19779.3
-19785.8 19785.8
-19792.3 19792.3
-19798.8 19798.8
-19805.2 19805.2
-19811.7 19811.7
-19818.2 19818.2
-19824.6 19824.6
-19831.1 19831.1
-19837.5 19837.5
-19843.9 19843.9
-19850.4 19850.4
-19856.8 19856.8
-19863.2 19863.2
-19869.6 19869.6
-19876 19876
-19882.4 19882.4
-19888.8 19888.8
-19895.2 19895.2
-19901.5 19901.5
-19907.9 19907.9
-19914.3 19914.3
-19920.6 19920.6
-19927 19927
-19933.3 19933.3
-19939.6 19939.6
-19946 19946
-19952.3 19952.3
-19958.6 19958.6
-19964.9 19964.9
-19971.2 19971.2
-19977.5 19977.5
-19983.8 19983.8
-19990.1 19990.1
-19996.4 19996.4
-20002.6 20002.6
-20008.9 20008.9
-20015.1 20015.1
-20021.4 20021.4
-20027.6 20027.6
-20033.9 20033.9
-20040.1 20040.1
-20046.3 20046.3
-20052.6 20052.6
-20058.8 20058.8
-20065 20065
-20071.2 20071.2
-20077.4 20077.4
-20083.6 20083.6
-20089.7 20089.7
-20095.9 20095.9
-20102.1 20102.1
-20108.2 20108.2
-20114.4 20114.4
-20120.5 20120.5
-20126.7 20126.7
-20132.8 20132.8
-20139 20139
-20145.1 20145.1
-20151.2 20151.2
-20157.3 20157.3
-20163.4 20163.4
-20169.5 20169.5
-20175.6 20175.6
-20181.7 20181.7
-20187.8 20187.8
-20193.9 20193.9
-20199.9 20199.9
-20206 20206
-20212 20212
-20218.1 20218.1
-20224.1 20224.1
-20230.2 20230.2
-20236.2 20236.2
-20242.2 20242.2
-20248.3 20248.3
-20254.3 20254.3
-20260.3 20260.3
-20266.3 20266.3
-20272.3 20272.3
-20278.3 20278.3
-20284.3 20284.3
-20290.2 20290.2
-20296.2 20296.2
-20302.2 20302.2
-20308.1 20308.1
-20314.1 20314.1
-20320.1 20320.1
-20326 20326
-20331.9 20331.9
-20337.9 20337.9
-20343.8 20343.8
-20349.7 20349.7
-20355.6 20355.6
-20361.5 20361.5
-20367.4 20367.4
-20373.3 20373.3
-20379.2 20379.2
-20385.1 20385.1
-20391 20391
-20396.9 20396.9
-20402.8 20402.8
-20408.6 20408.6
-20414.5 20414.5
-20420.3 20420.3
-20426.2 20426.2
-20432 20432
-20437.8 20437.8
-20443.7 20443.7
-20449.5 20449.5
-20455.3 20455.3
-20461.1 20461.1
-20466.9 20466.9
-20472.7 20472.7
-20478.5 20478.5
-20484.3 20484.3
-20490.1 20490.1
-20495.9 20495.9
-20501.7 20501.7
-20507.4 20507.4
-20513.2 20513.2
-20519 20519
-20524.7 20524.7
-20530.5 20530.5
-20536.2 20536.2
-20541.9 20541.9
-20547.7 20547.7
-20553.4 20553.4
-20559.1 20559.1
-20564.8 20564.8
-20570.5 20570.5
-20576.2 20576.2
-20581.9 20581.9
-20587.6 20587.6
-20593.3 20593.3
-20599 20599
-20604.7 20604.7
-20610.3 20610.3
-20616 20616
-20621.7 20621.7
-20627.3 20627.3
-20633 20633
-20638.6 20638.6
-20644.2 20644.2
-20649.9 20649.9
-20655.5 20655.5
-20661.1 20661.1
-20666.7 20666.7
-20672.4 20672.4
-20678 20678
-20683.6 20683.6
-20689.2 20689.2
-20694.8 20694.8
-20700.3 20700.3
-20705.9 20705.9
-20711.5 20711.5
-20717.1 20717.1
-20722.6 20722.6
-20728.2 20728.2
-20733.7 20733.7
-20739.3 20739.3
-20744.8 20744.8
-20750.4 20750.4
-20755.9 20755.9
-20761.4 20761.4
-20767 20767
-20772.5 20772.5
-20778 20778
-20783.5 20783.5
-20789 20789
-20794.5 20794.5
-20800 20800
-20805.5 20805.5
-20811 20811
-20816.5 20816.5
-20821.9 20821.9
-20827.4 20827.4
-20832.9 20832.9
-20838.3 20838.3
-20843.8 20843.8
-20849.2 20849.2
-20854.7 20854.7
-20860.1 20860.1
-20865.5 20865.5
-20871 20871
-20876.4 20876.4
-20881.8 20881.8
-20887.2 20887.2
-20892.6 20892.6
-20898.1 20898.1
-20903.5 20903.5
-20908.8 20908.8
-20914.2 20914.2
-20919.6 20919.6
-20925 20925
-20930.4 20930.4
-20935.7 20935.7
-20941.1 20941.1
-20946.5 20946.5
-20951.8 20951.8
-20957.2 20957.2
-20962.5 20962.5
-20967.9 20967.9
-20973.2 20973.2
-20978.5 20978.5
-20983.9 20983.9
-20989.2 20989.2
-20994.5 20994.5
-20999.8 20999.8
-21005.1 21005.1
-21010.4 21010.4
-21015.7 21015.7
-21021 21021
-21026.3 21026.3
-21031.6 21031.6
-21036.9 21036.9
-21042.2 21042.2
-21047.4 21047.4
-21052.7 21052.7
-21058 21058
-21063.2 21063.2
-21068.5 21068.5
-21073.7 21073.7
-21079 21079
-21084.2 21084.2
-21089.5 21089.5
-21094.7 21094.7
-21099.9 21099.9
-21105.1 21105.1
-21110.3 21110.3
-21115.6 21115.6
-21120.8 21120.8
-21126 21126
-21131.2 21131.2
-21136.4 21136.4
-21141.6 21141.6
-21146.7 21146.7
-21151.9 21151.9
-21157.1 21157.1
-21162.3 21162.3
-21167.4 21167.4
-21172.6 21172.6
-21177.8 21177.8
-21182.9 21182.9
-21188.1 21188.1
-21193.2 21193.2
-21198.3 21198.3
-21203.5 21203.5
-21208.6 21208.6
-21213.7 21213.7
-21218.9 21218.9
-21224 21224
-21229.1 21229.1
-21234.2 21234.2
-21239.3 21239.3
-21244.4 21244.4
-21249.5 21249.5
-21254.6 21254.6
-21259.7 21259.7
-21264.8 21264.8
-21269.9 21269.9
-21274.9 21274.9
-21280 21280
-21285.1 21285.1
-21290.1 21290.1
-21295.2 21295.2
-21300.3 21300.3
-21305.3 21305.3
-21310.4 21310.4
-21315.4 21315.4
-21320.4 21320.4
-21325.5 21325.5
-21330.5 21330.5
-21335.5 21335.5
-21340.5 21340.5
-21345.6 21345.6
-21350.6 21350.6
-21355.6 21355.6
-21360.6 21360.6
-21365.6 21365.6
-21370.6 21370.6
-21375.6 21375.6
-21380.6 21380.6
-21385.5 21385.5
-21390.5 21390.5
-21395.5 21395.5
-21400.5 21400.5
-21405.4 21405.4
-21410.4 21410.4
-21415.4 21415.4
-21420.3 21420.3
-21425.3 21425.3
-21430.2 21430.2
-21435.2 21435.2
-21440.1 21440.1
-21445 21445
-21450 21450
-21454.9 21454.9
-21459.8 21459.8
-21464.7 21464.7
-21469.6 21469.6
-21474.6 21474.6
-21479.5 21479.5
-21484.4 21484.4
-21489.3 21489.3
-21494.2 21494.2
-21499 21499
-21503.9 21503.9
-21508.8 21508.8
-21513.7 21513.7
-21518.6 21518.6
-21523.4 21523.4
-21528.3 21528.3
-21533.2 21533.2
-21538 21538
-21542.9 21542.9
-21547.7 21547.7
-21552.6 21552.6
-21557.4 21557.4
-21562.3 21562.3
-21567.1 21567.1
-21571.9 21571.9
-21576.8 21576.8
-21581.6 21581.6
-21586.4 21586.4
-21591.2 21591.2
-21596.1 21596.1
-21600.9 21600.9
-21605.7 21605.7
-21610.5 21610.5
-21615.3 21615.3
-21620.1 21620.1
-21624.9 21624.9
-21629.6 21629.6
-21634.4 21634.4
-21639.2 21639.2
-21644 21644
-21648.8 21648.8
-21653.5 21653.5
-21658.3 21658.3
-21663 21663
-21667.8 21667.8
-21672.6 21672.6
-21677.3 21677.3
-21682.1 21682.1
-21686.8 21686.8
-21691.5 21691.5
-21696.3 21696.3
-21701 21701
-21705.7 21705.7
-21710.5 21710.5
-21715.2 21715.2
-21719.9 21719.9
-21724.6 21724.6
-21729.3 21729.3
-21734 21734
-21738.7 21738.7
-21743.4 21743.4
-21748.1 21748.1
-21752.8 21752.8
-21757.5 21757.5
-21762.2 21762.2
-21766.9 21766.9
-21771.5 21771.5
-21776.2 21776.2
-21780.9 21780.9
-21785.5 21785.5
-21790.2 21790.2
-21794.9 21794.9
-21799.5 21799.5
-21804.2 21804.2
-21808.8 21808.8
-21813.5 21813.5
-21818.1 21818.1
-21822.8 21822.8
-21827.4 21827.4
-21832 21832
-21836.6 21836.6
-21841.3 21841.3
-21845.9 21845.9
-21850.5 21850.5
-21855.1 21855.1
-21859.7 21859.7
-21864.3 21864.3
-21868.9 21868.9
-21873.5 21873.5
-21878.1 21878.1
-21882.7 21882.7
-21887.3 21887.3
-21891.9 21891.9
-21896.5 21896.5
-21901.1 21901.1
-21905.7 21905.7
-21910.2 21910.2
-21914.8 21914.8
-21919.4 21919.4
-21923.9 21923.9
-21928.5 21928.5
-21933 21933
-21937.6 21937.6
-21942.1 21942.1
-21946.7 21946.7
-21951.2 21951.2
-21955.8 21955.8
-21960.3 21960.3
-21964.8 21964.8
-21969.4 21969.4
-21973.9 21973.9
-21978.4 21978.4
-21982.9 21982.9
-21987.5 21987.5
-21992 21992
-21996.5 21996.5
-22001 22001
-22005.5 22005.5
-22010 22010
-22014.5 22014.5
-22019 22019
-22023.5 22023.5
-22028 22028
-22032.4 22032.4
-22036.9 22036.9
-22041.4 22041.4
-22045.9 22045.9
-22050.3 22050.3
-22054.8 22054.8
-22059.3 22059.3
-22063.7 22063.7
-22068.2 22068.2
-22072.7 22072.7
-22077.1 22077.1
-22081.6 22081.6
-22086 22086
-22090.4 22090.4
-22094.9 22094.9
-22099.3 22099.3
-22103.7 22103.7
-22108.2 22108.2
-22112.6 22112.6
-22117 22117
-22121.4 22121.4
-22125.9 22125.9
-22130.3 22130.3
-22134.7 22134.7
-22139.1 22139.1
-22143.5 22143.5
-22147.9 22147.9
-22152.3 22152.3
-22156.7 22156.7
-22161.1 22161.1
-22165.5 22165.5
-22169.9 22169.9
-22174.3 22174.3
-22178.6 22178.6
-22183 22183
-22187.4 22187.4
-22191.8 22191.8
-22196.1 22196.1
-22200.5 22200.5
-22204.9 22204.9
-22209.2 22209.2
-22213.6 22213.6
-22217.9 22217.9
-22222.3 22222.3
-22226.6 22226.6
-22231 22231
-22235.3 22235.3
-22239.6 22239.6
-22244 22244
-22248.3 22248.3
-22252.6 22252.6
-22257 22257
-22261.3 22261.3
-22265.6 22265.6
-22269.9 22269.9
-22274.2 22274.2
-22278.5 22278.5
-22282.9 22282.9
-22287.2 22287.2
-22291.5 22291.5
-22295.8 22295.8
-22300.1 22300.1
-22304.4 22304.4
-22308.6 22308.6
-22312.9 22312.9
-22317.2 22317.2
-22321.5 22321.5
-22325.8 22325.8
-22330.1 22330.1
-22334.3 22334.3
-22338.6 22338.6
-22342.9 22342.9
-22347.1 22347.1
-22351.4 22351.4
-22355.7 22355.7
-22359.9 22359.9
-22364.2 22364.2
-22368.4 22368.4
-22372.7 22372.7
-22376.9 22376.9
-22381.2 22381.2
-22385.4 22385.4
-22389.6 22389.6
-22393.9 22393.9
-22398.1 22398.1
-22402.3 22402.3
-22406.5 22406.5
-22410.8 22410.8
-22415 22415
-22419.2 22419.2
-22423.4 22423.4
-22427.6 22427.6
-22431.8 22431.8
-22436 22436
-22440.3 22440.3
-22444.5 22444.5
-22451.2 22451.2
-22458 22458
-22464.8 22464.8
-22471.7 22471.7
-22478.4 22478.4
-22485.2 22485.2
-22492 22492
-22498.8 22498.8
-22505.5 22505.5
-22512.3 22512.3
-22519 22519
-22525.7 22525.7
-22532.4 22532.4
-22539.1 22539.1
-22545.8 22545.8
-22552.5 22552.5
-22559.1 22559.1
-22565.8 22565.8
-22572.4 22572.4
-22579.1 22579.1
-22585.7 22585.7
-22592.3 22592.3
-22598.9 22598.9
-22605.5 22605.5
-22612.1 22612.1
-22618.7 22618.7
-22625.2 22625.2
-22631.8 22631.8
-22638.3 22638.3
-22644.9 22644.9
-22651.4 22651.4
-22657.9 22657.9
-22664.4 22664.4
-22670.9 22670.9
-22677.4 22677.4
-22683.9 22683.9
-22690.4 22690.4
-22696.8 22696.8
-22703.3 22703.3
-22709.7 22709.7
-22716.1 22716.1
-22722.6 22722.6
-22729 22729
-22735.4 22735.4
-22741.8 22741.8
-22748.1 22748.1
-22754.5 22754.5
-22760.9 22760.9
-22767.2 22767.2
-22773.6 22773.6
-22779.9 22779.9
-22786.3 22786.3
-22792.6 22792.6
-22798.9 22798.9
-22805.2 22805.2
-22811.5 22811.5
-22817.8 22817.8
-22824.1 22824.1
-22830.3 22830.3
-22836.6 22836.6
-22842.8 22842.8
-22849.1 22849.1
-22855.3 22855.3
-22861.5 22861.5
-22867.7 22867.7
-22873.9 22873.9
-22880.1 22880.1
-22886.3 22886.3
-22892.5 22892.5
-22898.7 22898.7
-22904.9 22904.9
-22911 22911
-22917.2 22917.2
-22923.3 22923.3
-22929.4 22929.4
-22935.5 22935.5
-22941.7 22941.7
-22947.8 22947.8
-22953.9 22953.9
-22960 22960
-22966 22966
-22972.1 22972.1
-22978.2 22978.2
-22984.2 22984.2
-22990.3 22990.3
-22996.3 22996.3
-23002.4 23002.4
-23008.4 23008.4
-23014.4 23014.4
-23020.4 23020.4
-23026.4 23026.4
-23032.4 23032.4
-23038.4 23038.4
-23044.4 23044.4
-23050.3 23050.3
-23056.3 23056.3
-23062.3 23062.3
-23068.2 23068.2
-23074.2 23074.2
-23080.2 23080.2
-23086.2 23086.2
-23092.2 23092.2
-23098.2 23098.2
-23104.1 23104.1
-23110.1 23110.1
-23116 23116
-23121.9 23121.9
-23127.9 23127.9
-23133.8 23133.8
-23139.7 23139.7
-23145.6 23145.6
-23151.5 23151.5
-23157.4 23157.4
-23163.3 23163.3
-23169.2 23169.2
-23175 23175
-23180.9 23180.9
-23186.7 23186.7
-23192.6 23192.6
-23198.4 23198.4
-23204.3 23204.3
-23210.1 23210.1
-23215.9 23215.9
-23221.7 23221.7
-23227.5 23227.5
-23233.3 23233.3
-23239.1 23239.1
-23244.9 23244.9
-23250.7 23250.7
-23256.4 23256.4
-23262.2 23262.2
-23267.9 23267.9
-23273.7 23273.7
-23279.4 23279.4
-23285.1 23285.1
-23290.9 23290.9
-23296.6 23296.6
-23302.3 23302.3
-23308 23308
-23313.7 23313.7
-23319.4 23319.4
-23325.1 23325.1
-23330.7 23330.7
-23336.4 23336.4
-23342.1 23342.1
-23347.7 23347.7
-23353.4 23353.4
-23359 23359
-23364.7 23364.7
-23370.3 23370.3
-23375.9 23375.9
-23381.5 23381.5
-23387.1 23387.1
-23392.7 23392.7
-23398.3 23398.3
-23403.9 23403.9
-23409.5 23409.5
-23415.1 23415.1
-23420.7 23420.7
-23426.2 23426.2
-23431.8 23431.8
-23437.3 23437.3
-23442.9 23442.9
-23448.4 23448.4
-23453.9 23453.9
-23459.5 23459.5
-23465 23465
-23470.5 23470.5
-23476 23476
-23481.5 23481.5
-23487 23487
-23492.5 23492.5
-23497.9 23497.9
-23503.4 23503.4
-23508.9 23508.9
-23514.4 23514.4
-23519.8 23519.8
-23525.3 23525.3
-23530.7 23530.7
-23536.1 23536.1
-23541.6 23541.6
-23547 23547
-23552.4 23552.4
-23557.8 23557.8
-23563.2 23563.2
-23568.6 23568.6
-23574 23574
-23579.4 23579.4
-23584.8 23584.8
-23590.2 23590.2
-23595.5 23595.5
-23600.9 23600.9
-23606.3 23606.3
-23611.6 23611.6
-23617 23617
-23622.3 23622.3
-23627.7 23627.7
-23633 23633
-23638.3 23638.3
-23643.6 23643.6
-23649 23649
-23654.3 23654.3
-23659.6 23659.6
-23664.9 23664.9
-23670.2 23670.2
-23675.5 23675.5
-23680.7 23680.7
-23686 23686
-23691.3 23691.3
-23696.5 23696.5
-23701.8 23701.8
-23707.1 23707.1
-23712.3 23712.3
-23717.6 23717.6
-23722.8 23722.8
-23728 23728
-23733.2 23733.2
-23738.5 23738.5
-23743.7 23743.7
-23748.9 23748.9
-23754.1 23754.1
-23759.3 23759.3
-23764.5 23764.5
-23769.7 23769.7
-23774.9 23774.9
-23780 23780
-23785.2 23785.2
-23790.4 23790.4
-23795.5 23795.5
-23800.7 23800.7
-23805.8 23805.8
-23811 23811
-23816.1 23816.1
-23821.2 23821.2
-23826.4 23826.4
-23831.5 23831.5
-23836.6 23836.6
-23841.7 23841.7
-23846.8 23846.8
-23851.9 23851.9
-23857 23857
-23862.1 23862.1
-23867.2 23867.2
-23872.3 23872.3
-23877.4 23877.4
-23882.4 23882.4
-23887.5 23887.5
-23892.6 23892.6
-23897.6 23897.6
-23902.7 23902.7
-23907.7 23907.7
-23912.7 23912.7
-23917.8 23917.8
-23922.8 23922.8
-23927.8 23927.8
-23932.9 23932.9
-23937.9 23937.9
-23942.9 23942.9
-23947.9 23947.9
-23952.9 23952.9
-23957.9 23957.9
-23962.9 23962.9
-23967.9 23967.9
-23972.8 23972.8
-23977.8 23977.8
-23982.8 23982.8
-23987.7 23987.7
-23992.7 23992.7
-23997.7 23997.7
-24002.6 24002.6
-24007.6 24007.6
-24012.5 24012.5
-24017.4 24017.4
-24022.4 24022.4
-24027.3 24027.3
-24032.2 24032.2
-24037.1 24037.1
-24042 24042
-24046.9 24046.9
-24051.8 24051.8
-24056.7 24056.7
-24061.6 24061.6
-24066.5 24066.5
-24071.4 24071.4
-24076.3 24076.3
-24081.2 24081.2
-24086 24086
-24090.9 24090.9
-24095.8 24095.8
-24100.6 24100.6
-24105.5 24105.5
-24110.3 24110.3
-24115.1 24115.1
-24120 24120
-24124.8 24124.8
-24129.6 24129.6
-24134.5 24134.5
-24139.3 24139.3
-24144.1 24144.1
-24148.9 24148.9
-24153.7 24153.7
-24158.5 24158.5
-24163.3 24163.3
-24168.1 24168.1
-24172.9 24172.9
-24177.7 24177.7
-24182.4 24182.4
-24187.2 24187.2
-24192 24192
-24196.8 24196.8
-24201.5 24201.5
-24206.3 24206.3
-24211 24211
-24215.8 24215.8
-24220.5 24220.5
-24225.2 24225.2
-24230 24230
-24234.7 24234.7
-24239.4 24239.4
-24244.2 24244.2
-24248.9 24248.9
-24253.6 24253.6
-24258.3 24258.3
-24263 24263
-24267.7 24267.7
-24272.4 24272.4
-24277.1 24277.1
-24281.8 24281.8
-24286.4 24286.4
-24291.1 24291.1
-24295.8 24295.8
-24300.5 24300.5
-24305.1 24305.1
-24309.8 24309.8
-24314.4 24314.4
-24319.1 24319.1
-24323.7 24323.7
-24328.4 24328.4
-24333 24333
-24337.7 24337.7
-24342.3 24342.3
-24346.9 24346.9
-24351.6 24351.6
-24356.2 24356.2
-24360.8 24360.8
-24365.4 24365.4
-24370 24370
-24374.6 24374.6
-24379.2 24379.2
-24383.8 24383.8
-24388.4 24388.4
-24393 24393
-24397.6 24397.6
-24402.1 24402.1
-24406.7 24406.7
-24411.3 24411.3
-24415.8 24415.8
-24420.4 24420.4
-24425 24425
-24429.5 24429.5
-24434.1 24434.1
-24438.6 24438.6
-24443.2 24443.2
-24447.7 24447.7
-24452.2 24452.2
-24456.8 24456.8
-24461.3 24461.3
-24465.8 24465.8
-24470.3 24470.3
-24474.8 24474.8
-24479.4 24479.4
-24483.9 24483.9
-24690.6 24690.6
-25010.5 25010.5
-25330 25330
-25649.1 25649.1
-25967.7 25967.7
-26285.9 26285.9
-26604.9 26604.9
-26933.5 26933.5
-27261.6 27261.6
-27589.2 27589.2
-27916.2 27916.2
-28242.7 28242.7
-28568.6 28568.6
-28894 28894
-29218.9 29218.9
-29543.2 29543.2
-29866.9 29866.9
-30190.1 30190.1
-30512.6 30512.6
-30834.6 30834.6
-31156 31156
-31476.9 31476.9
-31797.1 31797.1
-32116.7 32116.7
-32435.7 32435.7
-32754.1 32754.1
-33089.7 33089.7
-33436.7 33436.7
-33807.3 33807.3
-34184.6 34184.6
-34560.6 34560.6
-34935.4 34935.4
-35308.9 35308.9
-35681.2 35681.2
-36052.1 36052.1
-36421.7 36421.7
-36789.9 36789.9
-37156.8 37156.8
-37522.2 37522.2
-37886.3 37886.3
-38248.9 38248.9
-38610 38610
-38969.6 38969.6
-39327.7 39327.7
-39684.2 39684.2
-40039.1 40039.1
-40392.4 40392.4
-40744.1 40744.1
-41094.1 41094.1
-41442.3 41442.3
-41788.8 41788.8
-42133.5 42133.5
-42476.3 42476.3
-42817.3 42817.3
-43156.3 43156.3
-43493.4 43493.4
-43828.4 43828.4
-44161.3 44161.3
-44492.2 44492.2
-44820.8 44820.8
-45147.2 45147.2
-45471.3 45471.3
-45793.1 45793.1
-46112.4 46112.4
-46429.3 46429.3
-46743.6 46743.6
-47055.3 47055.3
-47364.3 47364.3
-47670.5 47670.5
-47973.9 47973.9
-48274.4 48274.4
-48572 48572
-48866.4 48866.4
-49157.8 49157.8
-49445.9 49445.9
-49730.8 49730.8
-50012.3 50012.3
-50290.3 50290.3
-50564.9 50564.9
-50835.9 50835.9
-51103.2 51103.2
-51366.8 51366.8
-51626.7 51626.7
-51882.7 51882.7
-52134.7 52134.7
-52382.9 52382.9
-52627 52627
-52867 52867
-53103 53103
-53336.9 53336.9
-53567.5 53567.5
-53793.5 53793.5
-54015.2 54015.2
-54232.4 54232.4
-54445.1 54445.1
-54653.4 54653.4
-54857.2 54857.2
-55056.6 55056.6
-55251.5 55251.5
-55442.1 55442.1
-55628.2 55628.2
-55810.1 55810.1
-55987.6 55987.6
-56160.9 56160.9
-56330 56330
-56494.9 56494.9
-56655.8 56655.8
-56812.6 56812.6
-56965.4 56965.4
-57114.3 57114.3
-57259.3 57259.3
-57400.6 57400.6
-57538.2 57538.2
-57672.2 57672.2
-57802.6 57802.6
-57929.5 57929.5
-58053 58053
-58173.1 58173.1
-58290 58290
-58403.7 58403.7
-58514.3 58514.3
-58621.8 58621.8
-58726.4 58726.4
-58828.1 58828.1
-58926.9 58926.9
-59023 59023
-59116.5 59116.5
-59207.3 59207.3
-59295.5 59295.5
-59381.3 59381.3
-59464.8 59464.8
-59545.8 59545.8
-59624.6 59624.6
-59701.2 59701.2
-59775.7 59775.7
-59848.1 59848.1
-59918.5 59918.5
-59987 59987
-60053.6 60053.6
-60118.4 60118.4
-60181.5 60181.5
-60242.9 60242.9
-60302.6 60302.6
-60360.9 60360.9
-60417.6 60417.6
-60472.9 60472.9
-60526.9 60526.9
-60579.5 60579.5
-60630.8 60630.8
-60681 60681
-60730 60730
-60777.9 60777.9
-60824.7 60824.7
-60870.5 60870.5
-60915.4 60915.4
-60959.3 60959.3
-61002.4 61002.4
-61044.6 61044.6
-61086 61086
-61126.6 61126.6
-61166.2 61166.2
-61204.3 61204.3
-61241.7 61241.7
-61278.5 61278.5
-61314.6 61314.6
-61350.2 61350.2
-61385.1 61385.1
-61419.6 61419.6
-61453.4 61453.4
-61486.8 61486.8
-61519.7 61519.7
-61552.1 61552.1
-61584.1 61584.1
-61615.6 61615.6
-61646.7 61646.7
-61677.4 61677.4
-61707.7 61707.7
-61737.1 61737.1
-61765.4 61765.4
-61792.8 61792.8
-61819.9 61819.9
-61846.3 61846.3
-61872.3 61872.3
-61898.1 61898.1
-61923.5 61923.5
-61948.7 61948.7
-61973.6 61973.6
-61998.2 61998.2
-62022.6 62022.6
-62046.7 62046.7
-62070.6 62070.6
-62093.9 62093.9
-62117 62117
-62139.8 62139.8
-62162.4 62162.4
-62184.7 62184.7
-62206.9 62206.9
-62228.8 62228.8
-62250.6 62250.6
-62272.1 62272.1
-62293.3 62293.3
-62314.2 62314.2
-62334.8 62334.8
-62355.2 62355.2
-62375.3 62375.3
-62395.4 62395.4
-62415.2 62415.2
-62434.8 62434.8
-62454.3 62454.3
-62473.6 62473.6
-62492.8 62492.8
-62511.8 62511.8
-62530.6 62530.6
-62549.3 62549.3
-62567.8 62567.8
-62586.1 62586.1
-62604.4 62604.4
-62622.4 62622.4
-62640.4 62640.4
-62658.1 62658.1
-62675.8 62675.8
-62693.3 62693.3
-62710.7 62710.7
-62727.9 62727.9
-62745 62745
-62762 62762
-62778.8 62778.8
-62795.5 62795.5
-62812.1 62812.1
-62828.6 62828.6
-62845 62845
-62861.2 62861.2
-62877.3 62877.3
-62893.3 62893.3
-62909.2 62909.2
-62925 62925
-62940.7 62940.7
-62956.3 62956.3
-62971.8 62971.8
-62987.1 62987.1
-63002.4 63002.4
-63017.6 63017.6
-63032.6 63032.6
-63047.6 63047.6
-63062.5 63062.5
-63077.3 63077.3
-63091.9 63091.9
-63106.5 63106.5
-63121 63121
-63135.4 63135.4
-63149.8 63149.8
-63164 63164
-63178.2 63178.2
-63192.2 63192.2
-63206.2 63206.2
-63220.1 63220.1
-63233.9 63233.9
-63247.6 63247.6
-63261.2 63261.2
-63274.8 63274.8
-63288.3 63288.3
-63301.7 63301.7
-63315 63315
-63328.3 63328.3
-63341.5 63341.5
-63354.6 63354.6
-63367.7 63367.7
-63380.7 63380.7
-63393.6 63393.6
-63406.4 63406.4
-63419.2 63419.2
-63431.9 63431.9
-63444.5 63444.5
-63457.1 63457.1
-63469.6 63469.6
-63482.1 63482.1
-63494.5 63494.5
-63506.8 63506.8
-63519.1 63519.1
-63531.3 63531.3
-63543.4 63543.4
-63555.5 63555.5
-63567.5 63567.5
-63579.5 63579.5
-63591.4 63591.4
-63603.3 63603.3
-63615.1 63615.1
-63626.9 63626.9
-63638.6 63638.6
-63650.2 63650.2
-63661.8 63661.8
-63673.3 63673.3
-63684.8 63684.8
-63696.3 63696.3
-63021.4 63021.4
-62346.7 62346.7
-61672.2 61672.2
-60998 60998
-60324.1 60324.1
-59650.6 59650.6
-58977.6 58977.6
-58305.1 58305.1
-57633.1 57633.1
-56961.7 56961.7
-56290.9 56290.9
-55620.9 55620.9
-54951.5 54951.5
-54282.9 54282.9
-53615.1 53615.1
-52948.2 52948.2
-52282.1 52282.1
-51617 51617
-50954.7 50954.7
-50300.8 50300.8
-49648 49648
-48996.3 48996.3
-48348 48348
-47706.3 47706.3
-47065.9 47065.9
-46426.6 46426.6
-45793.8 45793.8
-45164.6 45164.6
-44536.7 44536.7
-43910.1 43910.1
-43284.9 43284.9
-42661.1 42661.1
-42038.7 42038.7
-41417.7 41417.7
-40798.3 40798.3
-40180.4 40180.4
-39564.1 39564.1
-38949.3 38949.3
-38336.2 38336.2
-37724.8 37724.8
-37115 37115
-36506.9 36506.9
-35900.6 35900.6
-35296.1 35296.1
-34693.4 34693.4
-34092.5 34092.5
-33493.5 33493.5
-32896.4 32896.4
-32301.2 32301.2
-31708.4 31708.4
-31122.7 31122.7
-30539 30539
-29969.5 29969.5
-29408.9 29408.9
-28850.2 28850.2
-28306.8 28306.8
-27776.7 27776.7
-27248.2 27248.2
-26721.5 26721.5
-26196.6 26196.6
-25673.4 25673.4
-25152 25152
-24632.5 24632.5
-24114.8 24114.8
-23598.9 23598.9
-23084.9 23084.9
-22580.3 22580.3
-22109.4 22109.4
-21640.3 21640.3
-21172.9 21172.9
-20707.3 20707.3
-20243.5 20243.5
-19781.5 19781.5
-19321.4 19321.4
-18863.1 18863.1
-18406.6 18406.6
-17952 17952
-17499.3 17499.3
-17048.5 17048.5
-16599.6 16599.6
-16167.7 16167.7
-15783.8 15783.8
-15401.2 15401.2
-15020.2 15020.2
-14640.5 14640.5
-14262.3 14262.3
-13885.6 13885.6
-13510.3 13510.3
-13136.5 13136.5
-12764.1 12764.1
-12393.3 12393.3
-12023.9 12023.9
-11656 11656
-11289.6 11289.6
-10924.7 10924.7
-10561.2 10561.2
-10199.3 10199.3
-9883.87 9883.87
-9630.21 9630.21
-9377.91 9377.91
-9127 9127
-8877.51 8877.51
-8629.44 8629.44
-8382.8 8382.8
-8137.58 8137.58
-7893.79 7893.79
-7651.43 7651.43
-7410.51 7410.51
-7171.02 7171.02
-6935.06 6935.06
-6702.7 6702.7
-6471.76 6471.76
-6242.23 6242.23
-6014.12 6014.12
-5787.42 5787.42
-5562.13 5562.13
-5338.26 5338.26
-5115.8 5115.8
-4894.74 4894.74
-4675.18 4675.18
-4457.96 4457.96
-4242.12 4242.12
-4027.67 4027.67
-3815.41 3815.41
-3606.77 3606.77
-3399.51 3399.51
-3193.62 3193.62
-2989.41 2989.41
-2786.81 2786.81
-2585.95 2585.95
-2387.22 2387.22
-2189.81 2189.81
-1993.89 1993.89
-1800.07 1800.07
-1607.96 1607.96
-1417.12 1417.12
-1228.11 1228.11
-1040.86 1040.86
-855.018 855.018
-670.91 670.91
-488.034 488.034
-307.628 307.628
-131.286 131.286
37.9468 -37.9468
202.751 -202.751
369.135 -369.135
535.457 -535.457
701.593 -701.593
867.478 -867.478
1033.6 -1033.6
1198.67 -1198.67
1362.7 -1362.7
1525.68 -1525.68
1686.01 -1686.01
1843.72 -1843.72
2000.4 -2000.4
2156.04 -2156.04
2310.64 -2310.64
2464.22 -2464.22
2616.77 -2616.77
2768.3 -2768.3
2918.82 -2918.82
3068.32 -3068.32
3216.82 -3216.82
3364.32 -3364.32
3510.82 -3510.82
3656.32 -3656.32
3800.83 -3800.83
3944.36 -3944.36
4086.91 -4086.91
4228.49 -4228.49
4369.09 -4369.09
4508.73 -4508.73
4647.41 -4647.41
4785.13 -4785.13
4921.9 -4921.9
5057.72 -5057.72
5192.6 -5192.6
5326.55 -5326.55
5459.56 -5459.56
5591.64 -5591.64
5722.8 -5722.8
5852.03 -5852.03
5976.24 -5976.24
6099.49 -6099.49
6221.8 -6221.8
6343.17 -6343.17
6463.6 -6463.6
6583.1 -6583.1
6701.68 -6701.68
6819.34 -6819.34
6936.08 -6936.08
7051.91 -7051.91
7166.84 -7166.84
7280.87 -7280.87
7394 -7394
7506.25 -7506.25
7617.61 -7617.61
7728.1 -7728.1
7837.71 -7837.71
7946.45 -7946.45
8054.34 -8054.34
8161.36 -8161.36
8267.53 -8267.53
8372.86 -8372.86
8477.35 -8477.35
8581 -8581
8683.82 -8683.82
8785.82 -8785.82
8886.99 -8886.99
8987.35 -8987.35
9086.91 -9086.91
9185.66 -9185.66
9283.61 -9283.61
9380.77 -9380.77
9477.14 -9477.14
9572.72 -9572.72
9667.54 -9667.54
9761.58 -9761.58
9854.85 -9854.85
9947.36 -9947.36
10039.1 -10039.1
10130.1 -10130.1
10220.4 -10220.4
10309.9 -10309.9
10398.7 -10398.7
10486.7 -10486.7
10574.1 -10574.1
10660.7 -10660.7
10746.6 -10746.6
10831.8 -10831.8
10916.3 -10916.3
11000 -11000
11083.1 -11083.1
11165.5 -11165.5
11247.3 -11247.3
11328.3 -11328.3
11408.7 -11408.7
11488.4 -11488.4
11567.4 -11567.4
11645.8 -11645.8
11723.5 -11723.5
11800.6 -11800.6
11877 -11877
11952.8 -11952.8
12028 -12028
12102.5 -12102.5
12176.4 -12176.4
12249.7 -12249.7
12322.4 -12322.4
12394.4 -12394.4
12465.9 -12465.9
12536.7 -12536.7
12607 -12607
12676.7 -12676.7
12745.8 -12745.8
12814.3 -12814.3
12882.2 -12882.2
12949.5 -12949.5
13016.3 -13016.3
13082.6 -13082.6
13148.2 -13148.2
13213.3 -13213.3
13277.9 -13277.9
13341.9 -13341.9
13405.4 -13405.4
13468.3 -13468.3
13530.7 -13530.7
13592.6 -13592.6
13654 -13654
13714.8 -13714.8
13775.1 -13775.1
13834.9 -13834.9
13894.2 -13894.2
13953 -13953
14011.4 -14011.4
14069.2 -14069.2
14126.5 -14126.5
14183.3 -14183.3
14239.7 -14239.7
14295.5 -14295.5
14351 -14351
14405.9 -14405.9
14460.4 -14460.4
14514.4 -14514.4
14567.9 -14567.9
14621 -14621
14673.6 -14673.6
14725.8 -14725.8
14777.6 -14777.6
14828.9 -14828.9
14879.8 -14879.8
14930.2 -14930.2
14980.3 -14980.3
15029.9 -15029.9
15079 -15079
15127.8 -15127.8
15176.2 -15176.2
15224.1 -15224.1
15271.6 -15271.6
15318.8 -15318.8
15365.5 -15365.5
15411.9 -15411.9
15457.8 -15457.8
15503.4 -15503.4
15548.5 -15548.5
15593.3 -15593.3
15637.8 -15637.8
15681.8 -15681.8
15725.5 -15725.5
15768.8 -15768.8
15811.7 -15811.7
15854.3 -15854.3
15896.5 -15896.5
15938.4 -15938.4
15979.9 -15979.9
16021.1 -16021.1
16061.9 -16061.9
16102.4 -16102.4
16142.5 -16142.5
16182.3 -16182.3
16221.8 -16221.8
16260.9 -16260.9
16299.7 -16299.7
16338.2 -16338.2
16376.4 -16376.4
16414.2 -16414.2
16451.8 -16451.8
16489 -16489
16525.9 -16525.9
16562.5 -16562.5
16598.8 -16598.8
16634.8 -16634.8
16670.5 -16670.5
16705.9 -16705.9
16741 -16741
16775.9 -16775.9
16810.4 -16810.4
16844.7 -16844.7
16878.7 -16878.7
16912.4 -16912.4
16945.8 -16945.8
16978.9 -16978.9
17011.8 -17011.8
17044.4 -17044.4
17076.8 -17076.8
17108.8 -17108.8
17140.7 -17140.7
17172.2 -17172.2
17203.5 -17203.5
17234.6 -17234.6
17265.4 -17265.4
17296 -17296
17326.3 -17326.3
17356.3 -17356.3
17386.2 -17386.2
17415.7 -17415.7
17445.1 -17445.1
17474.2 -17474.2
17503.1 -17503.1
17531.8 -17531.8
17560.2 -17560.2
17588.4 -17588.4
17616.4 -17616.4
17644.2 -17644.2
17671.7 -17671.7
17699 -17699
17726.1 -17726.1
17753.1 -17753.1
17779.7 -17779.7
17806.2 -17806.2
17832.5 -17832.5
17858.6 -17858.6
17884.5 -17884.5
17910.2 -17910.2
17935.7 -17935.7
17960.9 -17960.9
17986 -17986
18011 -18011
18035.7 -18035.7
18060.2 -18060.2
18084.5 -18084.5
18108.7 -18108.7
18132.7 -18132.7
18156.5 -18156.5
18180.1 -18180.1
18203.6 -18203.6
18226.9 -18226.9
18250 -18250
18272.9 -18272.9
18295.7 -18295.7
18318.3 -18318.3
18340.7 -18340.7
18363 -18363
18385.1 -18385.1
18407.1 -18407.1
18428.9 -18428.9
18450.5 -18450.5
18472 -18472
18493.3 -18493.3
18514.5 -18514.5
18535.6 -18535.6
18556.4 -18556.4
18577.2 -18577.2
18597.8 -18597.8
18618.2 -18618.2
18638.6 -18638.6
18658.7 -18658.7
18678.8 -18678.8
18698.7 -18698.7
18718.4 -18718.4
18738.1 -18738.1
18757.6 -18757.6
18776.9 -18776.9
18796.2 -18796.2
18815.3 -18815.3
18834.2 -18834.2
18853.1 -18853.1
18871.8 -18871.8
18890.5 -18890.5
18908.9 -18908.9
18927.3 -18927.3
18945.6 -18945.6
18963.7 -18963.7
18981.7 -18981.7
18999.6 -18999.6
19017.4 -19017.4
19035.1 -19035.1
19052.7 -19052.7
19070.1 -19070.1
19087.5 -19087.5
19104.7 -19104.7
19121.9 -19121.9
19138.9 -19138.9
19155.8 -19155.8
19172.6 -19172.6
19189.4 -19189.4
19206 -19206
19222.5 -19222.5
19238.9 -19238.9
19255.3 -19255.3
19271.5 -19271.5
19287.7 -19287.7
19303.7 -19303.7
19319.7 -19319.7
19335.5 -19335.5
19351.3 -19351.3
19367 -19367
19382.6 -19382.6
19398.1 -19398.1
19413.5 -19413.5
19428.8 -19428.8
19444.1 -19444.1
19459.3 -19459.3
19474.3 -19474.3
19489.3 -19489.3
19504.3 -19504.3
19519.1 -19519.1
19533.9 -19533.9
19548.5 -19548.5
19563.1 -19563.1
19577.7 -19577.7
19592.1 -19592.1
19606.5 -19606.5
19620.8 -19620.8
19635 -19635
19649.2 -19649.2
19663.3 -19663.3
19677.3 -19677.3
19691.2 -19691.2
19705.1 -19705.1
19718.9 -19718.9
19732.7 -19732.7
19746.3 -19746.3
19759.9 -19759.9
19773.5 -19773.5
19787 -19787
19800.4 -19800.4
19813.7 -19813.7
19827 -19827
19840.2 -19840.2
19853.4 -19853.4
19866.5 -19866.5
19879.5 -19879.5
19892.5 -19892.5
19905.4 -19905.4
19918.3 -19918.3
19931.1 -19931.1
19943.8 -19943.8
19956.5 -19956.5
19969.2 -19969.2
19981.7 -19981.7
19994.3 -19994.3
20006.7 -20006.7
20019.2 -20019.2
20031.5 -20031.5
20043.8 -20043.8
20056.1 -20056.1
20068.3 -20068.3
20080.5 -20080.5
20092.6 -20092.6
20104.6 -20104.6
20116.7 -20116.7
20128.6 -20128.6
20140.5 -20140.5
20152.4 -20152.4
20164.2 -20164.2
20176 -20176
20187.7 -20187.7
20199.4 -20199.4
20211 -20211
20222.6 -20222.6
20234.2 -20234.2
20245.7 -20245.7
20257.1 -20257.1
20268.5 -20268.5
20279.9 -20279.9
20291.2 -20291.2
20302.5 -20302.5
20313.8 -20313.8
20325 -20325
20336.1 -20336.1
20347.3 -20347.3
20358.4 -20358.4
20369.4 -20369.4
20380.4 -20380.4
20391.4 -20391.4
20402.3 -20402.3
20413.2 -20413.2
20424 -20424
20434.9 -20434.9
20445.6 -20445.6
20456.4 -20456.4
20467.1 -20467.1
20477.8 -20477.8
20488.4 -20488.4
20499 -20499
20509.6 -20509.6
20520.1 -20520.1
20530.6 -20530.6
20541 -20541
20551.5 -20551.5
20561.9 -20561.9
20572.2 -20572.2
20582.6 -20582.6
20592.9 -20592.9
20603.1 -20603.1
20613.4 -20613.4
20623.6 -20623.6
20633.7 -20633.7
20643.9 -20643.9
20654 -20654
20664.1 -20664.1
20674.1 -20674.1
20684.1 -20684.1
20694.1 -20694.1
20704.1 -20704.1
20714 -20714
20723.9 -20723.9
20733.8 -20733.8
20743.6 -20743.6
20753.4 -20753.4
20763.2 -20763.2
20773 -20773
20782.7 -20782.7
20792.4 -20792.4
20802.1 -20802.1
20811.7 -20811.7
20821.4 -20821.4
20831 -20831
20840.5 -20840.5
20850.1 -20850.1
20859.6 -20859.6
20869.1 -20869.1
20878.6 -20878.6
20888 -20888
20897.4 -20897.4
20906.8 -20906.8
20916.2 -20916.2
20925.5 -20925.5
20934.8 -20934.8
20944.1 -20944.1
20953.4 -20953.4
20962.7 -20962.7
20971.9 -20971.9
20981.1 -20981.1
20990.3 -20990.3
20999.4 -20999.4
21008.5 -21008.5
21017.7 -21017.7
21026.7 -21026.7
21035.8 -21035.8
21044.9 -21044.9
21053.9 -21053.9
21062.9 -21062.9
21071.9 -21071.9
21080.8 -21080.8
21089.7 -21089.7
21098.7 -21098.7
21107.6 -21107.6
21116.4 -21116.4
21125.3 -21125.3
21134.1 -21134.1
21142.9 -21142.9
21151.7 -21151.7
21160.5 -21160.5
21169.2 -21169.2
21178 -21178
21186.7 -21186.7
21195.4 -21195.4
21204 -21204
21212.7 -21212.7
21221.3 -21221.3
21229.9 -21229.9
21238.5 -21238.5
21247.1 -21247.1
21255.7 -21255.7
21264.2 -21264.2
21272.7 -21272.7
21281.2 -21281.2
21289.7 -21289.7
21298.2 -21298.2
21306.6 -21306.6
21315 -21315
21323.5 -21323.5
21331.8 -21331.8
21340.2 -21340.2
21348.6 -21348.6
21356.9 -21356.9
21365.2 -21365.2
21373.6 -21373.6
21381.8 -21381.8
21390.1 -21390.1
21398.4 -21398.4
21406.6 -21406.6
21414.8 -21414.8
21423 -21423
21431.2 -21431.2
21439.4 -21439.4
21447.6 -21447.6
21455.7 -21455.7
21463.8 -21463.8
21471.9 -21471.9
21480 -21480
21488.1 -21488.1
21496.2 -21496.2
21504.2 -21504.2
21512.3 -21512.3
21520.3 -21520.3
21528.3 -21528.3
21536.3 -21536.3
21544.2 -21544.2
21552.2 -21552.2
21560.1 -21560.1
21568 -21568
21576 -21576
21583.9 -21583.9
21591.7 -21591.7
21599.6 -21599.6
21607.5 -21607.5
21615.3 -21615.3
21623.1 -21623.1
21630.9 -21630.9
21638.7 -21638.7
21646.5 -21646.5
21654.3 -21654.3
21662 -21662
21669.8 -21669.8
21677.5 -21677.5
21685.2 -21685.2
21692.9 -21692.9
21700.6 -21700.6
21708.2 -21708.2
21715.9 -21715.9
21723.5 -21723.5
21731.2 -21731.2
21738.8 -21738.8
21746.4 -21746.4
21754 -21754
21761.6 -21761.6
21769.1 -21769.1
21776.7 -21776.7
21784.2 -21784.2
21791.7 -21791.7
21799.2 -21799.2
21806.7 -21806.7
21814.2 -21814.2
21821.7 -21821.7
21829.2 -21829.2
21836.6 -21836.6
21844.1 -21844.1
21851.5 -21851.5
21858.9 -21858.9
21866.3 -21866.3
21873.7 -21873.7
21881.1 -21881.1
21888.4 -21888.4
21895.8 -21895.8
21903.1 -21903.1
21910.4 -21910.4
21917.7 -21917.7
21925 -21925
21932.3 -21932.3
21939.6 -21939.6
21946.9 -21946.9
21954.1 -21954.1
21961.4 -21961.4
21968.6 -21968.6
21975.8 -21975.8
21983 -21983
21990.2 -21990.2
21997.4 -21997.4
22004.6 -22004.6
22011.8 -22011.8
22018.9 -22018.9
22026.1 -22026.1
22033.2 -22033.2
22040.3 -22040.3
22047.4 -22047.4
22054.5 -22054.5
22061.6 -22061.6
22068.7 -22068.7
22075.7 -22075.7
22082.8 -22082.8
22089.8 -22089.8
22096.9 -22096.9
22103.9 -22103.9
22110.9 -22110.9
22117.9 -22117.9
22124.9 -22124.9
22131.9 -22131.9
22138.8 -22138.8
22145.8 -22145.8
22152.7 -22152.7
22159.7 -22159.7
22166.6 -22166.6
22173.5 -22173.5
22180.4 -22180.4
22187.3 -22187.3
22194.2 -22194.2
22201.1 -22201.1
22207.9 -22207.9
22214.8 -22214.8
22221.6 -22221.6
22228.5 -22228.5
22235.3 -22235.3
22242.1 -22242.1
22248.9 -22248.9
22255.7 -22255.7
22262.5 -22262.5
22269.3 -22269.3
22276 -22276
22282.8 -22282.8
22289.5 -22289.5
22296.3 -22296.3
22303 -22303
22309.7 -22309.7
22316.4 -22316.4
22323.1 -22323.1
22329.8 -22329.8
22336.5 -22336.5
22343.1 -22343.1
22349.8 -22349.8
22356.4 -22356.4
22363.1 -22363.1
22369.7 -22369.7
22376.3 -22376.3
22382.9 -22382.9
22389.5 -22389.5
22396.1 -22396.1
22402.7 -22402.7
22409.3 -22409.3
22415.8 -22415.8
22422.4 -22422.4
22429 -22429
22435.5 -22435.5
22442 -22442
22448.5 -22448.5
22455 -22455
22461.5 -22461.5
22468 -22468
22474.5 -22474.5
22481 -22481
22487.5 -22487.5
22493.9 -22493.9
22500.4 -22500.4
22506.8 -22506.8
22513.2 -22513.2
22519.6 -22519.6
22526.1 -22526.1
22532.5 -22532.5
22538.9 -22538.9
22545.2 -22545.2
22551.6 -22551.6
22558 -22558
22564.4 -22564.4
22570.7 -22570.7
22577 -22577
22583.4 -22583.4
22589.7 -22589.7
22596 -22596
22602.3 -22602.3
22608.6 -22608.6
22614.9 -22614.9
22621.2 -22621.2
22627.5 -22627.5
22633.7 -22633.7
22640 -22640
22646.3 -22646.3
22652.5 -22652.5
22658.7 -22658.7
22665 -22665
22671.2 -22671.2
22677.4 -22677.4
22683.6 -22683.6
22689.8 -22689.8
22696 -22696
22702.1 -22702.1
22708.3 -22708.3
22714.5 -22714.5
22720.6 -22720.6
22726.8 -22726.8
22732.9 -22732.9
22739 -22739
22745.1 -22745.1
22751.3 -22751.3
22757.4 -22757.4
22763.5 -22763.5
22769.5 -22769.5
22775.6 -22775.6
22781.7 -22781.7
22787.8 -22787.8
22793.8 -22793.8
22799.9 -22799.9
22805.9 -22805.9
22811.9 -22811.9
22818 -22818
22824 -22824
22830 -22830
22836 -22836
22842 -22842
22848 -22848
22853.9 -22853.9
22859.9 -22859.9
22865.9 -22865.9
22871.8 -22871.8
22877.8 -22877.8
22883.7 -22883.7
22889.7 -22889.7
22895.6 -22895.6
22901.5 -22901.5
22907.4 -22907.4
22913.3 -22913.3
22919.2 -22919.2
22925.1 -22925.1
22931 -22931
22936.9 -22936.9
22942.7 -22942.7
22948.6 -22948.6
22954.4 -22954.4
22960.3 -22960.3
22966.1 -22966.1
22972 -22972
22977.8 -22977.8
22983.6 -22983.6
22989.4 -22989.4
22995.2 -22995.2
23001 -23001
23006.8 -23006.8
23012.6 -23012.6
23018.3 -23018.3
23024.1 -23024.1
23029.9 -23029.9
23035.6 -23035.6
23041.4 -23041.4
23047.1 -23047.1
23052.8 -23052.8
23058.5 -23058.5
23064.3 -23064.3
23070 -23070
23075.7 -23075.7
23081.4 -23081.4
23087.1 -23087.1
23092.7 -23092.7
23098.4 -23098.4
23104.1 -23104.1
23109.7 -23109.7
23115.4 -23115.4
23121 -23121
23126.7 -23126.7
23132.3 -23132.3
23137.9 -23137.9
23143.5 -23143.5
23149.2 -23149.2
23154.8 -23154.8
23160.4 -23160.4
23166 -23166
23171.5 -23171.5
23177.1 -23177.1
23182.7 -23182.7
23188.2 -23188.2
23193.8 -23193.8
23199.4 -23199.4
23204.9 -23204.9
23210.4 -23210.4
23216 -23216
23221.5 -23221.5
23227 -23227
23232.5 -23232.5
23238 -23238
23243.5 -23243.5
23249 -23249
23254.5 -23254.5
23260 -23260
23265.5 -23265.5
23270.9 -23270.9
23276.4 -23276.4
23281.8 -23281.8
23287.3 -23287.3
23292.7 -23292.7
23298.1 -23298.1
23303.6 -23303.6
23309 -23309
23314.4 -23314.4
23319.8 -23319.8
23325.2 -23325.2
23330.6 -23330.6
23336 -23336
23341.4 -23341.4
23346.8 -23346.8
23352.1 -23352.1
23357.5 -23357.5
23362.8 -23362.8
23368.2 -23368.2
23373.5 -23373.5
23378.9 -23378.9
23384.2 -23384.2
23389.5 -23389.5
23394.9 -23394.9
23400.2 -23400.2
23405.5 -23405.5
23410.8 -23410.8
23416.1 -23416.1
23421.4 -23421.4
23426.6 -23426.6
23431.9 -23431.9
23437.2 -23437.2
23442.4 -23442.4
23447.7 -23447.7
23453 -23453
23458.2 -23458.2
23463.4 -23463.4
23468.7 -23468.7
23473.9 -23473.9
23479.1 -23479.1
23484.3 -23484.3
23489.6 -23489.6
23494.8 -23494.8
23500 -23500
23505.1 -23505.1
23510.3 -23510.3
23515.5 -23515.5
23520.7 -23520.7
23525.9 -23525.9
23531 -23531
23536.2 -23536.2
23541.3 -23541.3
23546.5 -23546.5
23551.6 -23551.6
23556.7 -23556.7
23561.9 -23561.9
23567 -23567
23572.1 -23572.1
23577.2 -23577.2
23582.3 -23582.3
23587.4 -23587.4
23592.5 -23592.5
23597.6 -23597.6
23602.7 -23602.7
23607.7 -23607.7
23612.8 -23612.8
23617.9 -23617.9
23622.9 -23622.9
23628 -23628
23633 -23633
23638.1 -23638.1
23643.1 -23643.1
23648.1 -23648.1
23653.2 -23653.2
23658.2 -23658.2
23663.2 -23663.2
23668.2 -23668.2
23673.2 -23673.2
23678.2 -23678.2
23683.2 -23683.2
23688.2 -23688.2
23693.2 -23693.2
23698.1 -23698.1
23703.1 -23703.1
23708.1 -23708.1
23713 -23713
23718 -23718
23722.9 -23722.9
23727.9 -23727.9
23732.8 -23732.8
23737.7 -23737.7
23742.6 -23742.6
23747.6 -23747.6
23752.5 -23752.5
23757.4 -23757.4
23762.3 -23762.3
23767.2 -23767.2
23772.1 -23772.1
23777 -23777
23781.8 -23781.8
23786.7 -23786.7
23791.6 -23791.6
23796.5 -23796.5
23801.3 -23801.3
23806.2 -23806.2
23811 -23811
23815.9 -23815.9
23820.7 -23820.7
23825.5 -23825.5
23830.4 -23830.4
23835.2 -23835.2
23840 -23840
23844.8 -23844.8
23849.6 -23849.6
23854.4 -23854.4
23859.2 -23859.2
23864 -23864
23868.8 -23868.8
23873.6 -23873.6
23878.4 -23878.4
23883.1 -23883.1
23887.9 -23887.9
23892.7 -23892.7
23897.4 -23897.4
23902.2 -23902.2
23906.9 -23906.9
23911.7 -23911.7
23916.4 -23916.4
23921.1 -23921.1
23925.9 -23925.9
23930.6 -23930.6
23935.3 -23935.3
23940 -23940
23944.7 -23944.7
23949.4 -23949.4
23954.1 -23954.1
23958.8 -23958.8
23963.5 -23963.5
23968.2 -23968.2
23972.8 -23972.8
23977.5 -23977.5
23982.2 -23982.2
23986.8 -23986.8
23991.5 -23991.5
23996.2 -23996.2
24000.8 -24000.8
24005.4 -24005.4
24010.1 -24010.1
24014.7 -24014.7
24019.3 -24019.3
24024 -24024
24028.6 -24028.6
24033.2 -24033.2
24037.8 -24037.8
24042.4 -24042.4
24047 -24047
24051.6 -24051.6
24056.2 -24056.2
24060.8 -24060.8
24065.4 -24065.4
24069.9 -24069.9
24074.5 -24074.5
24079.1 -24079.1
24083.6 -24083.6
24088.2 -24088.2
24092.7 -24092.7
24097.3 -24097.3
24101.8 -24101.8
24106.4 -24106.4
24110.9 -24110.9
24115.4 -24115.4
24119.9 -24119.9
24124.5 -24124.5
24129 -24129
24133.5 -24133.5
24138 -24138
24142.5 -24142.5
24147 -24147
24151.5 -24151.5
24156 -24156
24160.5 -24160.5
24164.9 -24164.9
24169.4 -24169.4
24173.9 -24173.9
24178.3 -24178.3
24182.8 -24182.8
24187.3 -24187.3
24191.7 -24191.7
24196.1 -24196.1
24200.6 -24200.6
24205 -24205
24209.5 -24209.5
24213.9 -24213.9
24218.3 -24218.3
24222.7 -24222.7
24227.1 -24227.1
24231.6 -24231.6
24236 -24236
24240.4 -24240.4
24244.8 -24244.8
24249.2 -24249.2
24253.5 -24253.5
24257.9 -24257.9
24262.3 -24262.3
24266.7 -24266.7
24271.1 -24271.1
24275.4 -24275.4
24279.8 -24279.8
24284.1 -24284.1
24288.5 -24288.5
24292.9 -24292.9
24297.2 -24297.2
24301.5 -24301.5
24305.9 -24305.9
24310.2 -24310.2
24314.5 -24314.5
24318.9 -24318.9
24323.2 -24323.2
24327.5 -24327.5
24331.8 -24331.8
24336.1 -24336.1
24340.4 -24340.4
24344.7 -24344.7
24349 -24349
24353.3 -24353.3
24357.6 -24357.6
24361.9 -24361.9
24366.2 -24366.2
24370.4 -24370.4
24374.7 -24374.7
24379 -24379
24383.2 -24383.2
24387.5 -24387.5
24391.7 -24391.7
24396 -24396
24400.2 -24400.2
24404.5 -24404.5
24408.7 -24408.7
24413 -24413
24417.2 -24417.2
24421.4 -24421.4
24425.6 -24425.6
24429.9 -24429.9
24434.1 -24434.1
24438.3 -24438.3
24442.5 -24442.5
24446.7 -24446.7
24450.9 -24450.9
24455.1 -24455.1
24459.3 -24459.3
24463.5 -24463.5
24467.6 -24467.6
24471.8 -24471.8
24476 -24476
24480.2 -24480.2
24484.3 -24484.3
24488.5 -24488.5
24492.6 -24492.6
24496.8 -24496.8
24500.9 -24500.9
24505.1 -24505.1
24509.2 -24509.2
24513.4 -24513.4
24517.5 -24517.5
24521.6 -24521.6
24525.8 -24525.8
24529.9 -24529.9
24534 -24534
24538.1 -24538.1
24542.2 -24542.2
24546.4 -24546.4
24550.5 -24550.5
24554.6 -24554.6
24558.7 -24558.7
24562.8 -24562.8
24566.8 -24566.8
24570.9 -24570.9
24575 -24575
24579.1 -24579.1
24583.2 -24583.2
24587.2 -24587.2
24591.3 -24591.3
24595.4 -24595.4
24599.4 -24599.4
24603.5 -24603.5
24607.5 -24607.5
24611.6 -24611.6
24615.6 -24615.6
24619.7 -24619.7
24623.7 -24623.7
24627.8 -24627.8
24631.8 -24631.8
24635.8 -24635.8
24639.8 -24639.8
24643.9 -24643.9
24647.9 -24647.9
24651.9 -24651.9
24655.9 -24655.9
24659.9 -24659.9
24663.9 -24663.9
24667.9 -24667.9
24671.9 -24671.9
24675.9 -24675.9
24679.9 -24679.9
24683.9 -24683.9
24687.8 -24687.8
24691.8 -24691.8
24695.8 -24695.8
24699.8 -24699.8
24703.7 -24703.7
24707.7 -24707.7
24711.7 -24711.7
24715.6 -24715.6
24719.6 -24719.6
24723.5 -24723.5
24727.5 -24727.5
24731.4 -24731.4
24735.3 -24735.3
24739.3 -24739.3
24743.2 -24743.2
24747.1 -24747.1
24751.1 -24751.1
24755 -24755
24758.9 -24758.9
24762.8 -24762.8
24766.7 -24766.7
24770.6 -24770.6
24774.6 -24774.6
24778.5 -24778.5
24782.4 -24782.4
24786.3 -24786.3
24790.1 -24790.1
24794 -24794
24797.9 -24797.9
24801.8 -24801.8
24805.7 -24805.7
24809.6 -24809.6
24813.4 -24813.4
24817.3 -24817.3
24821.2 -24821.2
24825 -24825
24828.9 -24828.9
24832.7 -24832.7
24836.6 -24836.6
24840.4 -24840.4
24844.3 -24844.3
24848.1 -24848.1
24852 -24852
24855.8 -24855.8
24859.6 -24859.6
24863.5 -24863.5
24867.3 -24867.3
24871.1 -24871.1
24874.9 -24874.9
24878.8 -24878.8
24882.6 -24882.6
24886.4 -24886.4
24890.2 -24890.2
24894 -24894
24897.8 -24897.8
24901.6 -24901.6
24905.4 -24905.4
24909.2 -24909.2
24913 -24913
24916.8 -24916.8
24920.5 -24920.5
24924.3 -24924.3
24928.1 -24928.1
24931.9 -24931.9
24935.7 -24935.7
24939.4 -24939.4
24943.2 -24943.2
24946.9 -24946.9
24950.7 -24950.7
24954.5 -24954.5
24958.2 -24958.2
24962 -24962
24965.7 -24965.7
24969.5 -24969.5
24973.2 -24973.2
24976.9 -24976.9
24980.7 -24980.7
24984.4 -24984.4
24988.1 -24988.1
24991.8 -24991.8
24995.6 -24995.6
24999.3 -24999.3
25003 -25003
25006.7 -25006.7
25010.4 -25010.4
25014.1 -25014.1
25017.8 -25017.8
25021.5 -25021.5
25025.2 -25025.2
25028.9 -25028.9
25032.6 -25032.6
25036.3 -25036.3
25040 -25040
25043.7 -25043.7
25047.4 -25047.4
25051.1 -25051.1
25054.7 -25054.7
25058.4 -25058.4
25062.1 -25062.1
25065.7 -25065.7
25069.4 -25069.4
25073.1 -25073.1
25076.7 -25076.7
25080.4 -25080.4
25084 -25084
25087.7 -25087.7
25091.3 -25091.3
25095 -25095
25098.6 -25098.6
25102.3 -25102.3
25105.9 -25105.9
25109.5 -25109.5
25113.2 -25113.2
25116.8 -25116.8
25120.4 -25120.4
25124 -25124
25127.6 -25127.6
25131.3 -25131.3
25134.9 -25134.9
25138.5 -25138.5
25142.1 -25142.1
25145.7 -25145.7
25149.3 -25149.3
25152.9 -25152.9
25156.5 -25156.5
25160.1 -25160.1
25163.7 -25163.7
25167.3 -25167.3
25170.9 -25170.9
25174.4 -25174.4
25178 -25178
25181.6 -25181.6
25185.2 -25185.2
25188.8 -25188.8
25192.3 -25192.3
25195.9 -25195.9
25199.5 -25199.5
25203 -25203
25206.6 -25206.6
25210.1 -25210.1
25213.7 -25213.7
25217.2 -25217.2
25220.8 -25220.8
25224.3 -25224.3
25227.9 -25227.9
25231.4 -25231.4
25235 -25235
25238.5 -25238.5
25242 -25242
25245.6 -25245.6
25249.1 -25249.1
25252.6 -25252.6
25256.1 -25256.1
25259.7 -25259.7
25263.2 -25263.2
25266.7 -25266.7
25270.2 -25270.2
25273.7 -25273.7
25277.2 -25277.2
25280.7 -25280.7
25284.2 -25284.2
25287.7 -25287.7
25291.2 -25291.2
25294.7 -25294.7
25298.2 -25298.2
25301.7 -25301.7
25305.2 -25305.2
25308.7 -25308.7
25312.2 -25312.2
25315.7 -25315.7
25319.1 -25319.1
25322.6 -25322.6
25326.1 -25326.1
25329.6 -25329.6
25333 -25333
25336.5 -25336.5
25340 -25340
25343.4 -25343.4
25346.9 -25346.9
25350.3 -25350.3
25353.8 -25353.8
25357.2 -25357.2
25360.7 -25360.7
25364.1 -25364.1
25367.6 -25367.6
25371 -25371
25374.5 -25374.5
25377.9 -25377.9
25381.3 -25381.3
25384.8 -25384.8
25388.2 -25388.2
25391.6 -25391.6
25395.1 -25395.1
25398.5 -25398.5
25401.9 -25401.9
25405.3 -25405.3
25408.7 -25408.7
25412.1 -25412.1
25415.6 -25415.6
25419 -25419
25422.4 -25422.4
25425.8 -25425.8
25429.2 -25429.2
25432.6 -25432.6
25436 -25436
25439.4 -25439.4
25442.8 -25442.8
25446.2 -25446.2
25449.5 -25449.5
25452.9 -25452.9
25456.3 -25456.3
25459.7 -25459.7
25463.1 -25463.1
25466.5 -25466.5
25469.8 -25469.8
25473.2 -25473.2
25476.6 -25476.6
25479.9 -25479.9
25483.3 -25483.3
25486.7 -25486.7
25490 -25490
25493.4 -25493.4
25496.7 -25496.7
25500.1 -25500.1
25503.5 -25503.5
25506.8 -25506.8
25510.1 -25510.1
25513.5 -25513.5
25516.8 -25516.8
25520.2 -25520.2
25523.5 -25523.5
25526.9 -25526.9
25530.2 -25530.2
25533.5 -25533.5
25536.9 -25536.9
25540.2 -25540.2
25543.5 -25543.5
25546.8 -25546.8
25550.2 -25550.2
25553.5 -25553.5
25556.8 -25556.8
25560.1 -25560.1
25563.4 -25563.4
25566.7 -25566.7
25570 -25570
25573.4 -25573.4
25576.7 -25576.7
25580 -25580
25583.3 -25583.3
25586.6 -25586.6
25589.9 -25589.9
25593.2 -25593.2
25596.4 -25596.4
25599.7 -25599.7
25603 -25603
25606.3 -25606.3
25609.6 -25609.6
25612.9 -25612.9
25616.2 -25616.2
25619.4 -25619.4
25622.7 -25622.7
25626 -25626
25629.3 -25629.3
25632.5 -25632.5
25635.8 -25635.8
25639.1 -25639.1
25642.3 -25642.3
25645.6 -25645.6
25648.8 -25648.8
25652.1 -25652.1
25655.4 -25655.4
25658.6 -25658.6
25661.9 -25661.9
25665.1 -25665.1
25668.4 -25668.4
25671.6 -25671.6
25674.8 -25674.8
25678.1 -25678.1
25681.3 -25681.3
25684.6 -25684.6
25687.8 -25687.8
25691 -25691
25694.3 -25694.3
25697.5 -25697.5
25700.7 -25700.7
25704 -25704
25707.2 -25707.2
25710.4 -25710.4
25713.6 -25713.6
25716.8 -25716.8
25720.1 -25720.1
25723.3 -25723.3
25726.5 -25726.5
25729.7 -25729.7
25732.9 -25732.9
25736.1 -25736.1
25739.3 -25739.3
25742.5 -25742.5
25745.7 -25745.7
25748.9 -25748.9
25752.1 -25752.1
25755.3 -25755.3
25758.5 -25758.5
25761.7 -25761.7
25764.9 -25764.9
25768.1 -25768.1
25771.3 -25771.3
25774.4 -25774.4
25777.6 -25777.6
25780.8 -25780.8
25784 -25784
25787.2 -25787.2
25790.3 -25790.3
25793.5 -25793.5
25796.7 -25796.7
25799.8 -25799.8
25803 -25803
25806.2 -25806.2
25809.3 -25809.3
25812.5 -25812.5
25815.7 -25815.7
25818.8 -25818.8
25822 -25822
25825.1 -25825.1
25828.3 -25828.3
25831.4 -25831.4
25834.6 -25834.6
25837.7 -25837.7
25840.9 -25840.9
25844 -25844
25847.2 -25847.2
25850.3 -25850.3
25853.4 -25853.4
25856.6 -25856.6
25859.7 -25859.7
25862.9 -25862.9
25866 -25866
25869.1 -25869.1
25872.2 -25872.2
25875.4 -25875.4
25878.5 -25878.5
25881.6 -25881.6
25884.7 -25884.7
25887.9 -25887.9
25891 -25891
25894.1 -25894.1
25897.2 -25897.2
25900.3 -25900.3
25903.4 -25903.4
25906.5 -25906.5
25909.6 -25909.6
25912.7 -25912.7
25915.9 -25915.9
25919 -25919
25922.1 -25922.1
25925.2 -25925.2
25928.2 -25928.2
25931.3 -25931.3
25934.4 -25934.4
25937.5 -25937.5
25940.6 -25940.6
25943.7 -25943.7
25946.8 -25946.8
25949.9 -25949.9
25953 -25953
25956 -25956
25959.1 -25959.1
25962.2 -25962.2
25965.3 -25965.3
25968.4 -25968.4
25971.4 -25971.4
25974.5 -25974.5
25977.6 -25977.6
25980.6 -25980.6
25983.7 -25983.7
25986.8 -25986.8
25989.8 -25989.8
25992.9 -25992.9
25996 -25996
25999 -25999
26002.1 -26002.1
26005.1 -26005.1
26008.2 -26008.2
26011.2 -26011.2
26014.3 -26014.3
26017.3 -26017.3
26020.4 -26020.4
26023.4 -26023.4
26026.5 -26026.5
26029.5 -26029.5
26032.6 -26032.6
26035.6 -26035.6
26038.6 -26038.6
26041.7 -26041.7
26044.7 -26044.7
26047.7 -26047.7
26050.8 -26050.8
26053.8 -26053.8
26056.8 -26056.8
26059.9 -26059.9
26062.9 -26062.9
26065.9 -26065.9
26068.9 -26068.9
26072 -26072
26075 -26075
26078 -26078
26081 -26081
26084 -26084
26087 -26087
26090 -26090
26093.1 -26093.1
26096.1 -26096.1
26099.1 -26099.1
26102.1 -26102.1
26105.1 -26105.1
26108.1 -26108.1
26111.1 -26111.1
26114.1 -26114.1
26117.1 -26117.1
26120.1 -26120.1
26123.1 -26123.1
26126.1 -26126.1
26129.1 -26129.1
26132 -26132
26135 -26135
26138 -26138
26141 -26141
26144 -26144
26147 -26147
26150 -26150
26152.9 -26152.9
26155.9 -26155.9
26158.9 -26158.9
26161.9 -26161.9
26164.8 -26164.8
26167.8 -26167.8
26170.8 -26170.8
26173.8 -26173.8
26176.7 -26176.7
26179.7 -26179.7
26182.7 -26182.7
26185.6 -26185.6
26188.6 -26188.6
26191.5 -26191.5
26194.5 -26194.5
26197.5 -26197.5
26200.4 -26200.4
26203.4 -26203.4
26206.3 -26206.3
26209.3 -26209.3
26212.2 -26212.2
26215.2 -26215.2
26218.1 -26218.1
26221.1 -26221.1
26224 -26224
26227 -26227
26229.9 -26229.9
26232.9 -26232.9
26235.8 -26235.8
26238.7 -26238.7
26241.7 -26241.7
26244.6 -26244.6
26247.5 -26247.5
26250.5 -26250.5
26253.4 -26253.4
26256.3 -26256.3
26259.3 -26259.3
26262.2 -26262.2
26265.1 -26265.1
26268 -26268
26271 -26271
26273.9 -26273.9
26276.8 -26276.8
26279.7 -26279.7
26282.6 -26282.6
26285.6 -26285.6
26288.5 -26288.5
26291.4 -26291.4
26294.3 -26294.3
26297.2 -26297.2
26300.1 -26300.1
26303 -26303
26305.9 -26305.9
26308.8 -26308.8
26311.8 -26311.8
26314.7 -26314.7
26317.6 -26317.6
26320.5 -26320.5
26323.4 -26323.4
26326.3 -26326.3
26329.2 -26329.2
26332 -26332
26334.9 -26334.9
26337.8 -26337.8
26340.7 -26340.7
26343.6 -26343.6
26346.5 -26346.5
26349.4 -26349.4
26352.3 -26352.3
26355.2 -26355.2
26358 -26358
26360.9 -26360.9
26363.8 -26363.8
26366.7 -26366.7
26369.6 -26369.6
26372.4 -26372.4
26375.3 -26375.3
26378.2 -26378.2
26381.1 -26381.1
26383.9 -26383.9
26386.8 -26386.8
26389.7 -26389.7
26392.5 -26392.5
26395.4 -26395.4
26398.3 -26398.3
26401.1 -26401.1
26404 -26404
26406.9 -26406.9
26409.7 -26409.7
26412.6 -26412.6
26415.4 -26415.4
26418.3 -26418.3
26421.2 -26421.2
26424 -26424
26426.9 -26426.9
26429.7 -26429.7
26432.6 -26432.6
26435.4 -26435.4
26438.3 -26438.3
26441.1 -26441.1
26444 -26444
26446.8 -26446.8
26449.6 -26449.6
26452.5 -26452.5
26455.3 -26455.3
26458.2 -26458.2
26461 -26461
26463.8 -26463.8
26466.7 -26466.7
26469.5 -26469.5
26472.4 -26472.4
26475.2 -26475.2
26478 -26478
26480.8 -26480.8
26483.7 -26483.7
26486.5 -26486.5
26489.3 -26489.3
26492.2 -26492.2
26495 -26495
26497.8 -26497.8
26500.6 -26500.6
26503.4 -26503.4
26506.3 -26506.3
26509.1 -26509.1
26511.9 -26511.9
26514.7 -26514.7
26517.5 -26517.5
26520.3 -26520.3
26523.2 -26523.2
26526 -26526
26528.8 -26528.8
26531.6 -26531.6
26534.4 -26534.4
26537.2 -26537.2
26540 -26540
26542.8 -26542.8
26545.6 -26545.6
26548.4 -26548.4
26551.2 -26551.2
26554 -26554
26556.8 -26556.8
26559.6 -26559.6
26562.4 -26562.4
26565.2 -26565.2
26568 -26568
26570.8 -26570.8
26573.6 -26573.6
26576.4 -26576.4
26579.2 -26579.2
26581.9 -26581.9
26584.7 -26584.7
26587.5 -26587.5
26590.3 -26590.3
26593.1 -26593.1
26595.9 -26595.9
26598.6 -26598.6
26601.4 -26601.4
26604.2 -26604.2
26607 -26607
26609.8 -26609.8
26612.5 -26612.5
26615.3 -26615.3
26618.1 -26618.1
26620.9 -26620.9
26623.6 -26623.6
26626.4 -26626.4
26629.2 -26629.2
26631.9 -26631.9
26634.7 -26634.7
26637.5 -26637.5
26640.2 -26640.2
26643 -26643
26645.8 -26645.8
26648.5 -26648.5
26651.3 -26651.3
26654 -26654
26656.8 -26656.8
26659.6 -26659.6
26662.3 -26662.3
26665.1 -26665.1
26667.8 -26667.8
26670.6 -26670.6
26673.3 -26673.3
26676.1 -26676.1
26678.8 -26678.8
26681.6 -26681.6
26684.3 -26684.3
26687.1 -26687.1
26689.8 -26689.8
26692.6 -26692.6
26695.3 -26695.3
26698.1 -26698.1
26700.8 -26700.8
26703.5 -26703.5
26706.3 -26706.3
26709 -26709
26711.8 -26711.8
26714.5 -26714.5
26717.2 -26717.2
26720 -26720
26722.7 -26722.7
26725.4 -26725.4
26728.2 -26728.2
26730.9 -26730.9
26733.6 -26733.6
26736.3 -26736.3
26739.1 -26739.1
26741.8 -26741.8
26744.5 -26744.5
26747.2 -26747.2
26750 -26750
26752.7 -26752.7
26755.4 -26755.4
26758.1 -26758.1
26760.8 -26760.8
26763.6 -26763.6
26766.3 -26766.3
26769 -26769
26771.7 -26771.7
26774.4 -26774.4
26777.1 -26777.1
26779.9 -26779.9
26782.6 -26782.6
26785.3 -26785.3
26788 -26788
26790.7 -26790.7
26793.4 -26793.4
26796.1 -26796.1
26798.8 -26798.8
26801.5 -26801.5
26804.2 -26804.2
26806.9 -26806.9
26809.6 -26809.6
26812.3 -26812.3
26815 -26815
26817.7 -26817.7
26820.4 -26820.4
26823.1 -26823.1
26825.8 -26825.8
26828.5 -26828.5
26831.2 -26831.2
26833.9 -26833.9
26836.6 -26836.6
26839.3 -26839.3
26842 -26842
26844.6 -26844.6
26847.3 -26847.3
26850 -26850
26852.7 -26852.7
26855.4 -26855.4
26858.1 -26858.1
26860.8 -26860.8
26863.4 -26863.4
26866.1 -26866.1
26868.8 -26868.8
26871.5 -26871.5
26874.2 -26874.2
26876.8 -26876.8
26879.5 -26879.5
26882.2 -26882.2
26884.9 -26884.9
26887.5 -26887.5
26890.2 -26890.2
26892.9 -26892.9
26895.5 -26895.5
26898.2 -26898.2
26900.9 -26900.9
26903.6 -26903.6
26906.2 -26906.2
26908.9 -26908.9
26911.5 -26911.5
26914.2 -26914.2
26916.9 -26916.9
26919.5 -26919.5
26922.2 -26922.2
26924.9 -26924.9
26927.5 -26927.5
26930.2 -26930.2
26932.8 -26932.8
26935.5 -26935.5
26938.1 -26938.1
26940.8 -26940.8
26943.5 -26943.5
26946.1 -26946.1
26948.8 -26948.8
26951.4 -26951.4
26954.1 -26954.1
26956.7 -26956.7
26959.4 -26959.4
26962 -26962
26964.7 -26964.7
26967.3 -26967.3
26970 -26970
26972.6 -26972.6
26975.2 -26975.2
26977.9 -26977.9
26980.5 -26980.5
26983.2 -26983.2
26985.8 -26985.8
26988.4 -26988.4
26991.1 -26991.1
26993.7 -26993.7
26996.4 -26996.4
26999 -26999
27001.6 -27001.6
27004.3 -27004.3
27006.9 -27006.9
27009.5 -27009.5
27012.2 -27012.2
27014.8 -27014.8
27017.4 -27017.4
27020 -27020
27022.7 -27022.7
27025.3 -27025.3
27027.9 -27027.9
27030.5 -27030.5
27033.2 -27033.2
27035.8 -27035.8
27038.4 -27038.4
27041 -27041
27043.7 -27043.7
27046.3 -27046.3
27048.9 -27048.9
27051.5 -27051.5
27054.1 -27054.1
27056.8 -27056.8
27059.4 -27059.4
27062 -27062
27064.6 -27064.6
27067.2 -27067.2
27069.8 -27069.8
27072.4 -27072.4
27075 -27075
27077.7 -27077.7
27080.3 -27080.3
27082.9 -27082.9
27085.5 -27085.5
27088.1 -27088.1
27090.7 -27090.7
27093.3 -27093.3
27095.9 -27095.9
27098.5 -27098.5
27101.1 -27101.1
27103.7 -27103.7
27106.3 -27106.3
27108.9 -27108.9
27111.5 -27111.5
27114.1 -27114.1
27116.7 -27116.7
27119.3 -27119.3
27121.9 -27121.9
27124.5 -27124.5
27127.1 -27127.1
27129.7 -27129.7
27132.3 -27132.3
27134.9 -27134.9
27137.5 -27137.5
27140 -27140
27142.6 -27142.6
27145.2 -27145.2
27147.8 -27147.8
27150.4 -27150.4
27153 -27153
27155.6 -27155.6
27158.2 -27158.2
27160.7 -27160.7
27163.3 -27163.3
27165.9 -27165.9
27168.5 -27168.5
27171.1 -27171.1
27173.7 -27173.7
27176.2 -27176.2
27178.8 -27178.8
27181.4 -27181.4
27184 -27184
27186.5 -27186.5
27189.1 -27189.1
27191.7 -27191.7
27194.3 -27194.3
27196.8 -27196.8
27199.4 -27199.4
27202 -27202
27204.6 -27204.6
27207.1 -27207.1
27209.7 -27209.7
27212.3 -27212.3
27214.8 -27214.8
27217.4 -27217.4
27220 -27220
27222.5 -27222.5
27225.1 -27225.1
27227.7 -27227.7
27230.2 -27230.2
27232.8 -27232.8
27235.3 -27235.3
27237.9 -27237.9
27240.5 -27240.5
27243 -27243
27245.6 -27245.6
27248.1 -27248.1
27250.7 -27250.7
27253.3 -27253.3
27255.8 -27255.8
27258.4 -27258.4
27260.9 -27260.9
27263.5 -27263.5
27266 -27266
27268.6 -27268.6
27271.1 -27271.1
27273.7 -27273.7
27276.2 -27276.2
27278.8 -27278.8
27281.3 -27281.3
27283.9 -27283.9
27286.4 -27286.4
27289 -27289
27291.5 -27291.5
27294.1 -27294.1
27296.6 -27296.6
27299.1 -27299.1
27301.7 -27301.7
27304.2 -27304.2
27017 -27017
26730 -26730
26443.1 -26443.1
26156.5 -26156.5
25870.2 -25870.2
25584.2 -25584.2
25298.7 -25298.7
25013.5 -25013.5
24728.8 -24728.8
24444.5 -24444.5
24160.8 -24160.8
23877.6 -23877.6
23595 -23595
23312.9 -23312.9
23031.5 -23031.5
22750.7 -22750.7
22470.6 -22470.6
22191.2 -22191.2
21912.5 -21912.5
21634.6 -21634.6
21357.4 -21357.4
21081 -21081
20805.3 -20805.3
20530.5 -20530.5
20256.6 -20256.6
19983.5 -19983.5
19711.3 -19711.3
19439.9 -19439.9
19169.5 -19169.5
18900 -18900
18631.5 -18631.5
18364 -18364
18097.4 -18097.4
17831.8 -17831.8
17567.2 -17567.2
17303.7 -17303.7
17041.2 -17041.2
16779.8 -16779.8
16519.5 -16519.5
16260.2 -16260.2
16002 -16002
15745 -15745
15489.1 -15489.1
15234.3 -15234.3
14980.7 -14980.7
14728.3 -14728.3
14477 -14477
14226.9 -14226.9
13978.1 -13978.1
13730.4 -13730.4
13484 -13484
13238.8 -13238.8
12994.9 -12994.9
12752.2 -12752.2
12510.8 -12510.8
12270.6 -12270.6
12031.8 -12031.8
11794.2 -11794.2
11557.9 -11557.9
11323 -11323
11089.3 -11089.3
10857 -10857
10626 -10626
10396.4 -10396.4
10168.1 -10168.1
9941.17 -9941.17
9715.59 -9715.59
9491.38 -9491.38
9268.54 -9268.54
9047.08 -9047.08
8827 -8827
8608.31 -8608.31
8391.02 -8391.02
8175.12 -8175.12
7960.62 -7960.62
7747.52 -7747.52
7535.84 -7535.84
7325.56 -7325.56
7116.7 -7116.7
6909.26 -6909.26
6703.24 -6703.24
6498.64 -6498.64
6295.47 -6295.47
6093.72 -6093.72
5893.4 -5893.4
5694.51 -5694.51
5497.05 -5497.05
5301.02 -5301.02
5106.43 -5106.43
4913.26 -4913.26
4721.53 -4721.53
4531.23 -4531.23
4342.37 -4342.37
4154.93 -4154.93
3968.92 -3968.92
3784.34 -3784.34
3601.2 -3601.2
3419.47 -3419.47
3239.17 -3239.17
3060.3 -3060.3
2882.84 -2882.84
2706.81 -2706.81
2532.19 -2532.19
2358.98 -2358.98
2187.18 -2187.18
2016.79 -2016.79
1847.8 -1847.8
1680.22 -1680.22
1514.02 -1514.02
1349.23 -1349.23
1185.82 -1185.82
1024.2 -1024.2
864.395 -864.395
706.49 -706.49
550.483 -550.483
396.568 -396.568
244.518 -244.518
94.8814 -94.8814
-51.3812 51.3812
-204.53 204.53
-356.753 356.753
-510.532 510.532
-662.772 662.772
-813.551 813.551
-963.373 963.373
-1111.92 1111.92
-1259.01 1259.01
-1404.65 1404.65
-1549.56 1549.56
-1693.05 1693.05
-1835.1 1835.1
-1975.78 1975.78
-2115.73 2115.73
-2254.25 2254.25
-2391.34 2391.34
-2527.03 2527.03
-2661.31 2661.31
-2794.3 2794.3
-2926.63 2926.63
-3057.56 3057.56
-3187.11 3187.11
-3315.29 3315.29
-3442.11 3442.11
-3567.58 3567.58
-3691.71 3691.71
-3814.52 3814.52
-3936.01 3936.01
-4056.21 4056.21
-4175.11 4175.11
-4292.73 4292.73
-4409.09 4409.09
-4524.19 4524.19
-4638.05 4638.05
-4750.67 4750.67
-4862.07 4862.07
-4972.26 4972.26
-5081.25 5081.25
-5189.05 5189.05
-5295.68 5295.68
-5401.15 5401.15
-5505.46 5505.46
-5608.63 5608.63
-5710.66 5710.66
-5811.58 5811.58
-5911.39 5911.39
-6010.1 6010.1
-6107.73 6107.73
-6204.28 6204.28
-6299.76 6299.76
-6394.2 6394.2
-6487.59 6487.59
-6579.95 6579.95
-6671.28 6671.28
-6761.61 6761.61
-6850.94 6850.94
-6939.28 6939.28
-7026.64 7026.64
-7113.03 7113.03
-7198.47 7198.47
-7282.96 7282.96
-7366.51 7366.51
-7449.14 7449.14
-7530.85 7530.85
-7611.65 7611.65
-7691.56 7691.56
-7770.59 7770.59
-7848.73 7848.73
-7926.01 7926.01
-8002.44 8002.44
-8078.02 8078.02
-8152.76 8152.76
-8226.66 8226.66
-8299.76 8299.76
-8372.04 8372.04
-8443.52 8443.52
-8514.22 8514.22
-8584.14 8584.14
-8653.28 8653.28
-8721.67 8721.67
-8789.3 8789.3
-8856.19 8856.19
-8922.34 8922.34
-8987.77 8987.77
-9052.48 9052.48
-9116.48 9116.48
-9179.79 9179.79
-9242.4 9242.4
-9304.33 9304.33
-9365.59 9365.59
-9426.18 9426.18
-9486.11 9486.11
-9545.4 9545.4
-9604.04 9604.04
-9662.05 9662.05
-9719.44 9719.44
-9776.21 9776.21
-9832.37 9832.37
-9887.92 9887.92
-9942.89 9942.89
-9997.27 9997.27
-10051.1 10051.1
-10104.3 10104.3
-10157 10157
-10209.1 10209.1
-10260.6 10260.6
-10311.6 10311.6
-10362.1 10362.1
-10412.1 10412.1
-10461.5 10461.5
-10510.4 10510.4
-10558.9 10558.9
-10606.8 10606.8
-10654.2 10654.2
-10701.1 10701.1
-10747.6 10747.6
-10793.6 10793.6
-10839.1 10839.1
-10884.1 10884.1
-10928.7 10928.7
-10972.9 10972.9
-11016.6 11016.6
-11059.9 11059.9
-11102.7 11102.7
-11145.1 11145.1
-11187.1 11187.1
-11228.7 11228.7
-11269.9 11269.9
-11310.6 11310.6
-11351 11351
-11391 11391
-11430.6 11430.6
-11469.8 11469.8
-11508.7 11508.7
-11547.2 11547.2
-11585.3 11585.3
-11623.1 11623.1
-11660.5 11660.5
-11697.5 11697.5
-11734.2 11734.2
-11770.6 11770.6
-11806.6 11806.6
-11842.4 11842.4
-11877.7 11877.7
-11912.8 11912.8
-11947.6 11947.6
-11982 11982
-12016.1 12016.1
-12050 12050
-12083.5 12083.5
-12116.7 12116.7
-12149.7 12149.7
-12182.3 12182.3
-12214.7 12214.7
-12246.8 12246.8
-12278.6 12278.6
-12310.2 12310.2
-12341.5 12341.5
-12372.5 12372.5
-12403.3 12403.3
-12433.8 12433.8
-12464.1 12464.1
-12494.1 12494.1
-12523.9 12523.9
-12553.4 12553.4
-12582.7 12582.7
-12611.7 12611.7
-12640.6 12640.6
-12669.2 12669.2
-12697.5 12697.5
-12725.7 12725.7
-12753.6 12753.6
-12781.4 12781.4
-12808.9 12808.9
-12836.2 12836.2
-12863.3 12863.3
-12890.2 12890.2
-12916.8 12916.8
-12943.3 12943.3
-12969.6 12969.6
-12995.7 12995.7
-13021.7 13021.7
-13047.4 13047.4
-13072.9 13072.9
-13098.3 13098.3
-13123.5 13123.5
-13148.5 13148.5
-13173.3 13173.3
-13198 13198
-13222.5 13222.5
-13246.8 13246.8
-13270.9 13270.9
-13294.9 13294.9
-13318.7 13318.7
-13342.4 13342.4
-13365.9 13365.9
-13389.3 13389.3
-13412.5 13412.5
-13435.5 13435.5
-13458.5 13458.5
-13481.2 13481.2
-13503.8 13503.8
-13526.3 13526.3
-13548.6 13548.6
-13570.8 13570.8
-13592.9 13592.9
-13614.8 13614.8
-13636.6 13636.6
-13658.2 13658.2
-13679.8 13679.8
-13701.1 13701.1
-13722.4 13722.4
-13743.6 13743.6
-13764.6 13764.6
-13785.5 13785.5
-13806.2 13806.2
-13826.9 13826.9
-13847.4 13847.4
-13867.8 13867.8
-13888.1 13888.1
-13908.3 13908.3
-13928.4 13928.4
-13948.4 13948.4
-13968.2 13968.2
-13988 13988
-14007.6 14007.6
-14027.2 14027.2
-14046.6 14046.6
-14065.9 14065.9
-14085.1 14085.1
-14104.3 14104.3
-14123.3 14123.3
-14142.2 14142.2
-14161 14161
-14179.8 14179.8
-14198.4 14198.4
-14217 14217
-14235.4 14235.4
-14253.8 14253.8
-14272 14272
-14290.2 14290.2
-14308.3 14308.3
-14326.3 14326.3
-14344.2 14344.2
-14362.1 14362.1
-14379.8 14379.8
-14397.5 14397.5
-14415.1 14415.1
-14432.6 14432.6
-14450 14450
-14467.3 14467.3
-14484.6 14484.6
-14501.8 14501.8
-14518.9 14518.9
-14535.9 14535.9
-14552.8 14552.8
-14569.7 14569.7
-14586.5 14586.5
-14603.2 14603.2
-14619.9 14619.9
-14636.5 14636.5
-14653 14653
-14669.4 14669.4
-14685.8 14685.8
-14702.1 14702.1
-14718.3 14718.3
-14734.5 14734.5
-14750.6 14750.6
-14766.6 14766.6
-14782.6 14782.6
-14798.5 14798.5
-14814.3 14814.3
-14830.1 14830.1
-14845.8 14845.8
-14861.5 14861.5
-14877 14877
-14892.6 14892.6
-14908 14908
-14923.4 14923.4
-14938.8 14938.8
-14954.1 14954.1
-14969.3 14969.3
-14984.5 14984.5
-14999.6 14999.6
-15014.6 15014.6
-15029.6 15029.6
-15044.6 15044.6
-15059.5 15059.5
-15074.3 15074.3
-15089.1 15089.1
-15103.8 15103.8
-15118.5 15118.5
-15133.1 15133.1
-15147.7 15147.7
-15162.2 15162.2
-15176.7 15176.7
-15191.1 15191.1
-15205.5 15205.5
-15219.8 15219.8
-15234 15234
-15248.3 15248.3
-15262.4 15262.4
-15276.6 15276.6
-15290.6 15290.6
-15304.7 15304.7
-15318.6 15318.6
-15332.6 15332.6
-15346.5 15346.5
-15360.3 15360.3
-15374.1 15374.1
-15387.9 15387.9
-15401.6 15401.6
-15415.2 15415.2
-15428.9 15428.9
-15442.4 15442.4
-15456 15456
-15469.5 15469.5
-15482.9 15482.9
-15496.3 15496.3
-15509.7 15509.7
-15523 15523
-15536.3 15536.3
-15549.5 15549.5
-15562.8 15562.8
-15575.9 15575.9
-15589 15589
-15602.1 15602.1
-15615.2 15615.2
-15628.2 15628.2
-15641.2 15641.2
-15654.1 15654.1
-15667 15667
-15679.8 15679.8
-15692.7 15692.7
-15705.4 15705.4
-15718.2 15718.2
-15730.9 15730.9
-15743.6 15743.6
-15756.2 15756.2
-15768.8 15768.8
-15781.4 15781.4
-15793.9 15793.9
-15806.4 15806.4
-15818.9 15818.9
-15831.3 15831.3
-15843.7 15843.7
-15856.1 15856.1
-15868.4 15868.4
-15880.7 15880.7
-15893 15893
-15905.2 15905.2
-15917.4 15917.4
-15929.6 15929.6
-15941.7 15941.7
-15953.8 15953.8
-15965.9 15965.9
-15977.9 15977.9
-15989.9 15989.9
-16001.9 16001.9
-16013.8 16013.8
-16025.7 16025.7
-16037.6 16037.6
-16049.5 16049.5
-16061.3 16061.3
-16073.1 16073.1
-16084.9 16084.9
-16096.6 16096.6
-16108.3 16108.3
-16120 16120
-16131.7 16131.7
-16143.3 16143.3
-16154.9 16154.9
-16166.5 16166.5
-16178 16178
-16189.5 16189.5
-16201 16201
-16212.5 16212.5
-16223.9 16223.9
-16235.3 16235.3
-16246.7 16246.7
-16258 16258
-16269.3 16269.3
-16280.6 16280.6
-16291.9 16291.9
-16303.2 16303.2
-16314.4 16314.4
-16325.6 16325.6
-16336.7 16336.7
-16347.9 16347.9
-16359 16359
-16370.1 16370.1
-16381.2 16381.2
-16392.2 16392.2
-16403.2 16403.2
-16414.2 16414.2
-16425.2 16425.2
-16436.2 16436.2
-16447.1 16447.1
-16458 16458
-16468.9 16468.9
-16479.7 16479.7
-16490.6 16490.6
-16501.4 16501.4
-16512.2 16512.2
-16522.9 16522.9
-16533.7 16533.7
-16544.4 16544.4
-16555.1 16555.1
-16565.7 16565.7
-16576.4 16576.4
-16587 16587
-16597.6 16597.6
-16608.2 16608.2
-16618.8 16618.8
-16629.3 16629.3
-16639.8 16639.8
-16650.3 16650.3
-16660.8 16660.8
-16671.3 16671.3
-16681.7 16681.7
-16692.1 16692.1
-16702.5 16702.5
-16712.9 16712.9
-16723.2 16723.2
-16733.6 16733.6
-16743.9 16743.9
-16754.2 16754.2
-16764.5 16764.5
-16774.7 16774.7
-16784.9 16784.9
-16795.2 16795.2
-16805.3 16805.3
-16815.5 16815.5
-16825.7 16825.7
-16835.8 16835.8
-16845.9 16845.9
-16856 16856
-16866.1 16866.1
-16876.2 16876.2
-16886.2 16886.2
-16896.2 16896.2
-16906.2 16906.2
-16916.2 16916.2
-16926.2 16926.2
-16936.1 16936.1
-16946.1 16946.1
-16956 16956
-16965.9 16965.9
-16975.7 16975.7
-16985.6 16985.6
-16995.5 16995.5
-17005.3 17005.3
-17015.1 17015.1
-17024.9 17024.9
-17034.6 17034.6
-17044.4 17044.4
-17054.1 17054.1
-17063.9 17063.9
-17073.6 17073.6
-17083.2 17083.2
-17092.9 17092.9
-17102.6 17102.6
-17112.2 17112.2
-17121.8 17121.8
-17131.4 17131.4
-17141 17141
-17150.6 17150.6
-17160.1 17160.1
-17169.7 17169.7
-17179.2 17179.2
-17188.7 17188.7
-17198.2 17198.2
-17207.7 17207.7
-17217.1 17217.1
-17226.6 17226.6
-17236 17236
-17245.4 17245.4
-17254.8 17254.8
-17264.2 17264.2
-17273.5 17273.5
-17282.9 17282.9
-17292.2 17292.2
-17301.5 17301.5
-17310.8 17310.8
-17320.1 17320.1
-17329.4 17329.4
-17338.7 17338.7
-17347.9 17347.9
-17357.1 17357.1
-17366.3 17366.3
-17375.5 17375.5
-17384.7 17384.7
-17393.9 17393.9
-17403.1 17403.1
-17412.2 17412.2
-17421.3 17421.3
-17430.4 17430.4
-17439.5 17439.5
-17448.6 17448.6
-17457.7 17457.7
-17466.7 17466.7
-17475.8 17475.8
-17484.8 17484.8
-17493.8 17493.8
-17502.8 17502.8
-17511.8 17511.8
-17520.8 17520.8
-17529.7 17529.7
-17538.7 17538.7
-17547.6 17547.6
-17556.5 17556.5
-17565.4 17565.4
-17574.3 17574.3
-17583.2 17583.2
-17592.1 17592.1
-17600.9 17600.9
-17609.8 17609.8
-17618.6 17618.6
-17627.4 17627.4
-17636.2 17636.2
-17645 17645
-17653.8 17653.8
-17662.5 17662.5
-17671.3 17671.3
-17680 17680
-17688.7 17688.7
-17697.5 17697.5
-17706.2 17706.2
-17714.8 17714.8
-17723.5 17723.5
-17732.2 17732.2
-17740.8 17740.8
-17749.5 17749.5
-17758.1 17758.1
-17766.7 17766.7
-17775.3 17775.3
-17783.9 17783.9
-17792.5 17792.5
-17801 17801
-17809.6 17809.6
-17818.1 17818.1
-17826.6 17826.6
-17835.1 17835.1
-17843.6 17843.6
-17852.1 17852.1
-17860.6 17860.6
-17869.1 17869.1
-17877.5 17877.5
-17886 17886
-17894.4 17894.4
-17902.8 17902.8
-17911.2 17911.2
-17919.6 17919.6
-17928 17928
-17936.4 17936.4
-17944.8 17944.8
-17953.1 17953.1
-17961.5 17961.5
-17969.8 17969.8
-17978.1 17978.1
-17986.4 17986.4
-17994.7 17994.7
-18003 18003
-18011.3 18011.3
-18019.5 18019.5
-18027.8 18027.8
-18036 18036
-18044.3 18044.3
-18052.5 18052.5
-18060.7 18060.7
-18068.9 18068.9
-18077.1 18077.1
-18085.2 18085.2
-18093.4 18093.4
-18101.6 18101.6
-18109.7 18109.7
-18117.8 18117.8
-18126 18126
-18134.1 18134.1
-18142.2 18142.2
-18150.3 18150.3
-18158.3 18158.3
-18166.4 18166.4
-18174.5 18174.5
-18182.5 18182.5
-18190.6 18190.6
-18198.6 18198.6
-18206.6 18206.6
-18214.6 18214.6
-18222.6 18222.6
-18230.6 18230.6
-18238.6 18238.6
-18246.5 18246.5
-18254.5 18254.5
-18262.4 18262.4
-18270.4 18270.4
-18278.3 18278.3
-18286.2 18286.2
-18294.1 18294.1
-18302 18302
-18309.9 18309.9
-18317.8 18317.8
-18325.6 18325.6
-18333.5 18333.5
-18341.3 18341.3
-18349.2 18349.2
-18357 18357
-18364.8 18364.8
-18372.6 18372.6
-18380.4 18380.4
-18388.2 18388.2
-18396 18396
-18403.8 18403.8
-18411.5 18411.5
-18419.3 18419.3
-18427 18427
-18434.8 18434.8
-18442.5 18442.5
-18450.2 18450.2
-18457.9 18457.9
-18465.6 18465.6
-18473.3 18473.3
-18481 18481
-18488.6 18488.6
-18496.3 18496.3
-18503.9 18503.9
-18511.6 18511.6
-18519.2 18519.2
-18526.8 18526.8
-18534.4 18534.4
-18542 18542
-18549.6 18549.6
-18557.2 18557.2
-18564.8 18564.8
-18572.3 18572.3
-18579.9 18579.9
-18587.4 18587.4
-18595 18595
-18602.5 18602.5
-18610 18610
-18617.5 18617.5
-18625 18625
-18632.5 18632.5
-18640 18640
-18647.5 18647.5
-18655 18655
-18662.4 18662.4
-18669.9 18669.9
-18677.3 18677.3
-18684.7 18684.7
-18692.2 18692.2
-18699.6 18699.6
-18707 18707
-18714.4 18714.4
-18721.8 18721.8
-18729.2 18729.2
-18736.5 18736.5
-18743.9 18743.9
-18751.3 18751.3
-18758.6 18758.6
-18765.9 18765.9
-18773.3 18773.3
-18780.6 18780.6
-18787.9 18787.9
-18795.2 18795.2
-18802.5 18802.5
-18809.8 18809.8
-18817.1 18817.1
-18824.3 18824.3
-18831.6 18831.6
-18838.8 18838.8
-18846.1 18846.1
-18853.3 18853.3
-18860.6 18860.6
-18867.8 18867.8
-18875 18875
-18882.2 18882.2
-18889.4 18889.4
-18896.6 18896.6
-18903.8 18903.8
-18910.9 18910.9
-18918.1 18918.1
-18925.3 18925.3
-18932.4 18932.4
-18939.5 18939.5
-18946.7 18946.7
-18953.8 18953.8
-18960.9 18960.9
-18968 18968
-18975.1 18975.1
-18982.2 18982.2
-18989.3 18989.3
-18996.4 18996.4
-19003.4 19003.4
-19010.5 19010.5
-19017.5 19017.5
-19024.6 19024.6
-19031.6 19031.6
-19038.7 19038.7
-19045.7 19045.7
-19052.7 19052.7
-19059.7 19059.7
-19066.7 19066.7
-19073.7 19073.7
-19080.7 19080.7
-19087.6 19087.6
-19094.6 19094.6
-19101.6 19101.6
-19108.5 19108.5
-19115.5 19115.5
-19122.4 19122.4
-19129.3 19129.3
-19136.2 19136.2
-19143.2 19143.2
-19150.1 19150.1
-19157 19157
-19163.9 19163.9
-19170.7 19170.7
-19177.6 19177.6
-19184.5 19184.5
-19191.3 19191.3
-19198.2 19198.2
-19205 19205
-19211.9 19211.9
-19218.7 19218.7
-19225.5 19225.5
-19232.3 19232.3
-19239.2 19239.2
-19246 19246
-19252.7 19252.7
-19259.5 19259.5
-19266.3 19266.3
-19273.1 19273.1
-19279.9 19279.9
-19286.6 19286.6
-19293.4 19293.4
-19300.1 19300.1
-19306.8 19306.8
-19313.6 19313.6
-19320.3 19320.3
-19327 19327
-19333.7 19333.7
-19340.4 19340.4
-19347.1 19347.1
-19353.8 19353.8
-19360.5 19360.5
-19367.1 19367.1
-19373.8 19373.8
-19380.5 19380.5
-19387.1 19387.1
-19393.7 19393.7
-19400.4 19400.4
-19407 19407
-19413.6 19413.6
-19420.2 19420.2
-19426.9 19426.9
-19433.5 19433.5
-19440 19440
-19446.6 19446.6
-19453.2 19453.2
-19459.8 19459.8
-19466.3 19466.3
-19472.9 19472.9
-19479.5 19479.5
-19486 19486
-19492.5 19492.5
-19499.1 19499.1
-19505.6 19505.6
-19512.1 19512.1
-19518.6 19518.6
-19525.1 19525.1
-19531.6 19531.6
-19538.1 19538.1
-19544.6 19544.6
-19551.1 19551.1
-19557.5 19557.5
-19564 19564
-19570.5 19570.5
-19576.9 19576.9
-19583.4 19583.4
-19589.8 19589.8
-19596.2 19596.2
-19602.7 19602.7
-19609.1 19609.1
-19615.5 19615.5
-19621.9 19621.9
-19628.3 19628.3
-19634.7 19634.7
-19641.1 19641.1
-19647.4 19647.4
-19653.8 19653.8
-19660.2 19660.2
-19666.5 19666.5
-19672.9 19672.9
-19679.2 19679.2
-19685.6 19685.6
-19691.9 19691.9
-19698.2 19698.2
-19704.5 19704.5
-19710.8 19710.8
-19717.1 19717.1
-19723.4 19723.4
-19729.7 19729.7
-19736 19736
-19742.3 19742.3
-19748.6 19748.6
-19754.8 19754.8
-19761.1 19761.1
-19767.4 19767.4
-19773.6 19773.6
-19779.8 19779.8
-19786.1 19786.1
-19792.3 19792.3
-19798.5 19798.5
-19804.7 19804.7
-19811 19811
-19817.2 19817.2
-19823.4 19823.4
-19829.5 19829.5
-19835.7 19835.7
-19841.9 19841.9
-19848.1 19848.1
-19854.2 19854.2
-19860.4 19860.4
-19866.6 19866.6
-19872.7 19872.7
-19878.8 19878.8
-19885 19885
-19891.1 19891.1
-19897.2 19897.2
-19903.3 19903.3
-19909.5 19909.5
-19915.6 19915.6
-19921.7 19921.7
-19927.8 19927.8
-19933.8 19933.8
-19939.9 19939.9
-19946 19946
-19952.1 19952.1
-19958.1 19958.1
-19964.2 19964.2
-19970.2 19970.2
-19976.3 19976.3
-19982.3 19982.3
-19988.3 19988.3
-19994.4 19994.4
-20000.4 20000.4
-20006.4 20006.4
-20012.4 20012.4
-20018.4 20018.4
-20024.4 20024.4
-20030.4 20030.4
-20036.4 20036.4
-20042.4 20042.4
-20048.3 20048.3
-20054.3 20054.3
-20060.3 20060.3
-20066.2 20066.2
-20072.2 20072.2
-20078.1 20078.1
-20084 20084
-20090 20090
-20095.9 20095.9
-20101.8 20101.8
-20107.7 20107.7
-20113.6 20113.6
-20119.6 20119.6
-20125.4 20125.4
-20131.3 20131.3
-20137.2 20137.2
-20143.1 20143.1
-20149 20149
-20154.8 20154.8
-20160.7 20160.7
-20166.6 20166.6
-20172.4 20172.4
-20178.3 20178.3
-20184.1 20184.1
-20189.9 20189.9
-20195.8 20195.8
-20201.6 20201.6
-20207.4 20207.4
-20213.2 20213.2
-20219 20219
-20224.8 20224.8
-20230.6 20230.6
-20236.4 20236.4
-20242.2 20242.2
-20248 20248
-20253.7 20253.7
-20259.5 20259.5
-20265.3 20265.3
-20271 20271
-20276.8 20276.8
-20282.5 20282.5
-20288.3 20288.3
-20294 20294
-20299.7 20299.7
-20305.5 20305.5
-20311.2 20311.2
-20316.9 20316.9
-20322.6 20322.6
-20328.3 20328.3
-20334 20334
-20339.7 20339.7
-20345.4 20345.4
-20351.1 20351.1
-20356.7 20356.7
-20362.4 20362.4
-20368.1 20368.1
-20373.7 20373.7
-20379.4 20379.4
-20385 20385
-20390.7 20390.7
-20396.3 20396.3
-20401.9 20401.9
-20407.6 20407.6
-20413.2 20413.2
-20418.8 20418.8
-20424.4 20424.4
-20430 20430
-20435.6 20435.6
-20441.2 20441.2
-20446.8 20446.8
-20452.4 20452.4
-20458 20458
-20463.5 20463.5
-20469.1 20469.1
-20474.7 20474.7
-20480.2 20480.2
-20485.8 20485.8
-20491.3 20491.3
-20496.9 20496.9
-20502.4 20502.4
-20508 20508
-20513.5 20513.5
-20519 20519
-20524.5 20524.5
-20530 20530
-20535.5 20535.5
-20541 20541
-20546.5 20546.5
-20552 20552
-20557.5 20557.5
-20563 20563
-20568.5 20568.5
-20574 20574
-20579.4 20579.4
-20584.9 20584.9
-20590.3 20590.3
-20595.8 20595.8
-20601.2 20601.2
-20606.7 20606.7
-20612.1 20612.1
-20617.6 20617.6
-20623 20623
-20628.4 20628.4
-20633.8 20633.8
-20639.2 20639.2
-20644.6 20644.6
-20650 20650
-20655.4 20655.4
-20660.8 20660.8
-20666.2 20666.2
-20671.6 20671.6
-20677 20677
-20682.4 20682.4
-20687.7 20687.7
-20693.1 20693.1
-20698.5 20698.5
-20703.8 20703.8
-20709.2 20709.2
-20714.5 20714.5
-20719.8 20719.8
-20725.2 20725.2
-20730.5 20730.5
-20735.8 20735.8
-20741.2 20741.2
-20746.5 20746.5
-20751.8 20751.8
-20757.1 20757.1
-20762.4 20762.4
-20767.7 20767.7
-20773 20773
-20778.3 20778.3
-20783.6 20783.6
-20788.8 20788.8
-20794.1 20794.1
-20799.4 20799.4
-20804.6 20804.6
-20809.9 20809.9
-20815.2 20815.2
-20820.4 20820.4
-20825.7 20825.7
-20830.9 20830.9
-20836.1 20836.1
-20841.4 20841.4
-20846.6 20846.6
-20851.8 20851.8
-20857 20857
-20862.2 20862.2
-20867.5 20867.5
-20872.7 20872.7
-20877.9 20877.9
-20883.1 20883.1
-20888.2 20888.2
-20893.4 20893.4
-20898.6 20898.6
-20903.8 20903.8
-20909 20909
-20914.1 20914.1
-20919.3 20919.3
-20924.5 20924.5
-20929.6 20929.6
-20934.8 20934.8
-20939.9 20939.9
-20945 20945
-20950.2 20950.2
-20955.3 20955.3
-20960.4 20960.4
-20965.6 20965.6
-20970.7 20970.7
-20975.8 20975.8
-20980.9 20980.9
-20986 20986
-20991.1 20991.1
-20996.2 20996.2
-21001.3 21001.3
-21006.4 21006.4
-21011.5 21011.5
-21016.6 21016.6
-21021.6 21021.6
-21026.7 21026.7
-21031.8 21031.8
-21036.8 21036.8
-21041.9 21041.9
-21047 21047
-21052 21052
-21057.1 21057.1
-21062.1 21062.1
-21067.1 21067.1
-21072.2 21072.2
-21077.2 21077.2
-21082.2 21082.2
-21087.2 21087.2
-21092.3 21092.3
-21097.3 21097.3
-21102.3 21102.3
-21107.3 21107.3
-21112.3 21112.3
-21117.3 21117.3
-21122.3 21122.3
-21127.3 21127.3
-21132.2 21132.2
-21137.2 21137.2
-21142.2 21142.2
-21147.2 21147.2
-21152.1 21152.1
-21157.1 21157.1
-21162 21162
-21167 21167
-21171.9 21171.9
-21176.9 21176.9
-21181.8 21181.8
-21186.8 21186.8
-21191.7 21191.7
-21196.6 21196.6
-21201.6 21201.6
-21206.5 21206.5
-21211.4 21211.4
-21216.3 21216.3
-21221.2 21221.2
-21226.1 21226.1
-21231 21231
-21235.9 21235.9
-21240.8 21240.8
-21245.7 21245.7
-21250.6 21250.6
-21255.5 21255.5
-21260.3 21260.3
-21265.2 21265.2
-21270.1 21270.1
-21275 21275
-21279.8 21279.8
-21284.7 21284.7
-21289.5 21289.5
-21294.4 21294.4
-21299.2 21299.2
-21304.1 21304.1
-21308.9 21308.9
-21313.7 21313.7
-21318.6 21318.6
-21323.4 21323.4
-21328.2 21328.2
-21333 21333
-21337.8 21337.8
-21342.6 21342.6
-21347.5 21347.5
-21352.3 21352.3
-21357.1 21357.1
-21361.8 21361.8
-21366.6 21366.6
-21371.4 21371.4
-21376.2 21376.2
-21381 21381
-21385.8 21385.8
-21390.5 21390.5
-21395.3 21395.3
-21400.1 21400.1
-21404.8 21404.8
-21409.6 21409.6
-21414.3 21414.3
-21419.1 21419.1
-21423.8 21423.8
-21428.6 21428.6
-21433.3 21433.3
-21438 21438
-21442.8 21442.8
-21447.5 21447.5
-21452.2 21452.2
-21456.9 21456.9
-21461.7 21461.7
-21466.4 21466.4
-21471.1 21471.1
-21475.8 21475.8
-21480.5 21480.5
-21485.2 21485.2
-21489.9 21489.9
-21494.6 21494.6
-21499.3 21499.3
-21503.9 21503.9
-21508.6 21508.6
-21513.3 21513.3
-21518 21518
-21522.6 21522.6
-21527.3 21527.3
-21532 21532
-21536.6 21536.6
-21541.3 21541.3
-21545.9 21545.9
-21550.6 21550.6
-21555.2 21555.2
-21559.8 21559.8
-21564.5 21564.5
-21569.1 21569.1
-21573.7 21573.7
-21578.4 21578.4
-21583 21583
-21587.6 21587.6
-21592.2 21592.2
-21596.8 21596.8
-21601.4 21601.4
-21606 21606
-21610.6 21610.6
-21615.2 21615.2
-21619.8 21619.8
-21624.4 21624.4
-21629 21629
-21633.6 21633.6
-21638.2 21638.2
-21642.8 21642.8
-21647.3 21647.3
-21651.9 21651.9
-21656.5 21656.5
-21661 21661
-21665.6 21665.6
-21670.1 21670.1
-21674.7 21674.7
-21679.2 21679.2
-21683.8 21683.8
-21688.3 21688.3
-21692.9 21692.9
-21697.4 21697.4
-21701.9 21701.9
-21706.5 21706.5
-21711 21711
-21715.5 21715.5
-21720 21720
-21724.5 21724.5
-21729.1 21729.1
-21733.6 21733.6
-21738.1 21738.1
-21742.6 21742.6
-21747.1 21747.1
-21751.6 21751.6
-21756.1 21756.1
-21760.5 21760.5
-21765 21765
-21769.5 21769.5
-21774 21774
-21778.5 21778.5
-21782.9 21782.9
-21787.4 21787.4
-21791.9 21791.9
-21796.3 21796.3
-21800.8 21800.8
-21805.3 21805.3
-21809.7 21809.7
-21814.2 21814.2
-21818.6 21818.6
-21823 21823
-21827.5 21827.5
-21831.9 21831.9
-21836.4 21836.4
-21840.8 21840.8
-21845.2 21845.2
-21849.6 21849.6
-21854.1 21854.1
-21858.5 21858.5
-21862.9 21862.9
-21867.3 21867.3
-21871.7 21871.7
-21876.1 21876.1
-21880.5 21880.5
-21884.9 21884.9
-21889.3 21889.3
-21893.7 21893.7
-21898.1 21898.1
-21902.5 21902.5
-21906.8 21906.8
-21911.2 21911.2
-21915.6 21915.6
-21920 21920
-21924.3 21924.3
-21928.7 21928.7
-21933.1 21933.1
-21937.4 21937.4
-21941.8 21941.8
-21946.2 21946.2
-21950.5 21950.5
-21954.9 21954.9
-21959.2 21959.2
-21963.5 21963.5
-21967.9 21967.9
-21972.2 21972.2
-21976.5 21976.5
-21980.9 21980.9
-21985.2 21985.2
-21989.5 21989.5
-21993.9 21993.9
-21998.2 21998.2
-22002.5 22002.5
-22006.8 22006.8
-22011.1 22011.1
-22015.4 22015.4
-22019.7 22019.7
-22024 22024
-22028.3 22028.3
-22032.6 22032.6
-22036.9 22036.9
-22041.2 22041.2
-22045.5 22045.5
-22049.8 22049.8
-22054 22054
-22058.3 22058.3
-22062.6 22062.6
-22066.9 22066.9
-22071.1 22071.1
-22075.4 22075.4
-22079.6 22079.6
-22083.9 22083.9
-22088.2 22088.2
-22092.4 22092.4
-22096.7 22096.7
-22100.9 22100.9
-22105.2 22105.2
-22109.4 22109.4
-22113.6 22113.6
-22117.9 22117.9
-22122.1 22122.1
-22126.3 22126.3
-22130.6 22130.6
-22134.8 22134.8
-22139 22139
-22143.2 22143.2
-22147.4 22147.4
-22151.7 22151.7
-22155.9 22155.9
-22160.1 22160.1
-22164.3 22164.3
-22168.5 22168.5
-22172.7 22172.7
-22176.9 22176.9
-22181.1 22181.1
-22185.3 22185.3
-22189.4 22189.4
-22193.6 22193.6
-22197.8 22197.8
-22202 22202
-22206.2 22206.2
-22210.3 22210.3
-22214.5 22214.5
-22218.7 22218.7
-22222.8 22222.8
-22227 22227
-22231.2 22231.2
-22235.3 22235.3
-22239.5 22239.5
-22243.6 22243.6
-22247.8 22247.8
-22251.9 22251.9
-22256.1 22256.1
-22260.2 22260.2
-22264.3 22264.3
-22268.5 22268.5
-22272.6 22272.6
-22276.7 22276.7
-22280.9 22280.9
-22285 22285
-22289.1 22289.1
-22293.2 22293.2
-22297.3 22297.3
-22301.5 22301.5
-22305.6 22305.6
-22309.7 22309.7
-22313.8 22313.8
-22317.9 22317.9
-22322 22322
-22326.1 22326.1
-22330.2 22330.2
-22334.3 22334.3
-22338.4 22338.4
-22342.5 22342.5
-22346.5 22346.5
-22350.6 22350.6
-22354.7 22354.7
-22358.8 22358.8
-22362.8 22362.8
-22366.9 22366.9
-22371 22371
-22375.1 22375.1
-22379.1 22379.1
-22383.2 22383.2
-22387.2 22387.2
-22391.3 22391.3
-22395.3 22395.3
-22399.4 22399.4
-22403.4 22403.4
-22407.5 22407.5
-22411.5 22411.5
-22415.6 22415.6
-22419.6 22419.6
-22423.6 22423.6
-22427.7 22427.7
-22431.7 22431.7
-22435.7 22435.7
-22439.8 22439.8
-22443.8 22443.8
-22447.8 22447.8
-22451.8 22451.8
-22455.8 22455.8
-22459.8 22459.8
-22463.9 22463.9
-22467.9 22467.9
-22471.9 22471.9
-22475.9 22475.9
-22479.9 22479.9
-22483.9 22483.9
-22487.9 22487.9
-22494.2 22494.2
-22500.5 22500.5
-22506.7 22506.7
-22513 22513
-22519.2 22519.2
-22525.5 22525.5
-22531.7 22531.7
-22537.9 22537.9
-22544.1 22544.1
-22550.3 22550.3
-22556.5 22556.5
-22562.7 22562.7
-22568.9 22568.9
-22575.1 22575.1
-22581.2 22581.2
-22587.4 22587.4
-22593.5 22593.5
-22599.6 22599.6
-22605.8 22605.8
-22611.9 22611.9
-22618 22618
-22624.1 22624.1
-22630.2 22630.2
-22636.3 22636.3
-22642.3 22642.3
-22648.4 22648.4
-22654.5 22654.5
-22660.5 22660.5
-22666.6 22666.6
-22672.6 22672.6
-22678.6 22678.6
-22684.6 22684.6
-22690.6 22690.6
-22696.6 22696.6
-22702.6 22702.6
-22708.6 22708.6
-22714.6 22714.6
-22720.6 22720.6
-22726.5 22726.5
-22732.5 22732.5
-22738.4 22738.4
-22744.4 22744.4
-22750.3 22750.3
-22756.2 22756.2
-22762.1 22762.1
-22768 22768
-22773.9 22773.9
-22779.8 22779.8
-22785.7 22785.7
-22791.6 22791.6
-22797.4 22797.4
-22803.3 22803.3
-22809.1 22809.1
-22815 22815
-22820.8 22820.8
-22826.7 22826.7
-22832.5 22832.5
-22838.3 22838.3
-22844.1 22844.1
-22849.9 22849.9
-22855.7 22855.7
-22861.5 22861.5
-22867.3 22867.3
-22873 22873
-22878.8 22878.8
-22884.5 22884.5
-22890.3 22890.3
-22896 22896
-22901.8 22901.8
-22907.5 22907.5
-22913.2 22913.2
-22918.9 22918.9
-22924.6 22924.6
-22930.3 22930.3
-22936 22936
-22941.7 22941.7
-22947.4 22947.4
-22953 22953
-22958.7 22958.7
-22964.4 22964.4
-22970 22970
-22975.7 22975.7
-22981.3 22981.3
-22986.9 22986.9
-22992.5 22992.5
-22998.2 22998.2
-23003.8 23003.8
-23009.4 23009.4
-23015 23015
-23020.6 23020.6
-23026.1 23026.1
-23031.7 23031.7
-23037.3 23037.3
-23042.8 23042.8
-23048.4 23048.4
-23053.9 23053.9
-23059.5 23059.5
-23065 23065
-23070.6 23070.6
-23076.1 23076.1
-23081.6 23081.6
-23087.1 23087.1
-23092.6 23092.6
-23098.1 23098.1
-23103.6 23103.6
-23109.1 23109.1
-23114.6 23114.6
-23120 23120
-23125.5 23125.5
-23130.9 23130.9
-23136.4 23136.4
-23141.8 23141.8
-23147.3 23147.3
-23152.7 23152.7
-23158.1 23158.1
-23163.6 23163.6
-23169 23169
-23174.4 23174.4
-23179.8 23179.8
-23185.2 23185.2
-23190.6 23190.6
-23196 23196
-23201.3 23201.3
-23206.7 23206.7
-23212.1 23212.1
-23217.4 23217.4
-23222.8 23222.8
-23228.1 23228.1
-23233.5 23233.5
-23238.8 23238.8
-23244.2 23244.2
-23249.5 23249.5
-23254.8 23254.8
-23260.1 23260.1
-23265.4 23265.4
-23270.7 23270.7
-23276 23276
-23281.3 23281.3
-23286.6 23286.6
-23291.9 23291.9
-23297.2 23297.2
-23302.5 23302.5
-23307.8 23307.8
-23313.1 23313.1
-23318.4 23318.4
-23323.7 23323.7
-23328.9 23328.9
-23334.2 23334.2
-23339.5 23339.5
-23344.7 23344.7
-23350 23350
-23355.2 23355.2
-23360.4 23360.4
-23365.7 23365.7
-23370.9 23370.9
-23376.1 23376.1
-23381.3 23381.3
-23386.5 23386.5
-23391.8 23391.8
-23397 23397
-23402.1 23402.1
-23407.3 23407.3
-23412.5 23412.5
-23417.7 23417.7
-23422.9 23422.9
-23428 23428
-23433.2 23433.2
-23438.3 23438.3
-23443.5 23443.5
-23448.6 23448.6
-23453.8 23453.8
-23458.9 23458.9
-23464 23464
-23469.2 23469.2
-23474.3 23474.3
-23479.4 23479.4
-23484.5 23484.5
-23489.6 23489.6
-23494.7 23494.7
-23499.8 23499.8
-23504.9 23504.9
-23510 23510
-23515 23515
-23520.1 23520.1
-23525.2 23525.2
-23530.2 23530.2
-23535.3 23535.3
-23540.3 23540.3
-23545.4 23545.4
-23550.4 23550.4
-23555.4 23555.4
-23560.5 23560.5
-23565.5 23565.5
-23570.5 23570.5
-23575.5 23575.5
-23580.5 23580.5
-23585.5 23585.5
-23590.5 23590.5
-23595.5 23595.5
-23600.5 23600.5
-23605.5 23605.5
-23610.5 23610.5
-23615.5 23615.5
-23620.4 23620.4
-23625.4 23625.4
-23630.3 23630.3
-23635.3 23635.3
-23640.3 23640.3
-23645.2 23645.2
-23650.1 23650.1
-23655.1 23655.1
-23660 23660
-23664.9 23664.9
-23669.8 23669.8
-23674.8 23674.8
-23679.7 23679.7
-23684.6 23684.6
-23689.5 23689.5
-23694.4 23694.4
-23699.3 23699.3
-23704.2 23704.2
-23709 23709
-23713.9 23713.9
-23718.8 23718.8
-23723.7 23723.7
-23728.5 23728.5
-23733.4 23733.4
-23738.2 23738.2
-23743.1 23743.1
-23747.9 23747.9
-23752.8 23752.8
-23757.6 23757.6
-23762.4 23762.4
-23767.3 23767.3
-23772.1 23772.1
-23776.9 23776.9
-23781.7 23781.7
-23786.5 23786.5
-23791.3 23791.3
-23796.1 23796.1
-23800.9 23800.9
-23805.7 23805.7
-23810.5 23810.5
-23815.3 23815.3
-23820.1 23820.1
-23824.8 23824.8
-23829.6 23829.6
-23834.4 23834.4
-23839.1 23839.1
-23843.9 23843.9
-23848.6 23848.6
-23853.4 23853.4
-23858.1 23858.1
-23862.9 23862.9
-23867.6 23867.6
-23872.3 23872.3
-23877 23877
-23881.8 23881.8
-23886.5 23886.5
-23891.2 23891.2
-23895.9 23895.9
-23900.6 23900.6
-23905.3 23905.3
-23910 23910
-23914.7 23914.7
-23919.4 23919.4
-23924.1 23924.1
-23928.8 23928.8
-23933.5 23933.5
-23938.2 23938.2
-23942.9 23942.9
-23947.6 23947.6
-23952.2 23952.2
-23956.9 23956.9
-23961.6 23961.6
-23966.2 23966.2
-23970.9 23970.9
-23975.5 23975.5
-23980.2 23980.2
-23984.8 23984.8
-23989.5 23989.5
-23994.1 23994.1
-23998.7 23998.7
-24003.3 24003.3
-24008 24008
-24012.6 24012.6
-24017.2 24017.2
-24021.8 24021.8
-24026.4 24026.4
-24031 24031
-24035.6 24035.6
-24040.2 24040.2
-24044.8 24044.8
-24049.4 24049.4
-24054 24054
-24058.5 24058.5
-24063.1 24063.1
-24067.7 24067.7
-24072.2 24072.2
-24076.8 24076.8
-24081.4 24081.4
-24085.9 24085.9
-24090.5 24090.5
-24095 24095
-24099.6 24099.6
-24104.1 24104.1
-24108.6 24108.6
-24113.2 24113.2
-24117.7 24117.7
-24122.2 24122.2
-24126.7 24126.7
-24131.2 24131.2
-24135.7 24135.7
-24140.3 24140.3
-24144.8 24144.8
-24149.3 24149.3
-24153.8 24153.8
-24158.2 24158.2
-24162.7 24162.7
-24167.2 24167.2
-24171.7 24171.7
-24176.2 24176.2
-24180.7 24180.7
-24185.1 24185.1
-24189.6 24189.6
-24194 24194
-24198.5 24198.5
-24203 24203
-24207.4 24207.4
-24211.9 24211.9
-24216.3 24216.3
-24220.7 24220.7
-24225.2 24225.2
-24229.6 24229.6
-24234 24234
-24238.5 24238.5
-24242.9 24242.9
-24247.3 24247.3
-24251.7 24251.7
-24256.1 24256.1
-24260.5 24260.5
-24264.9 24264.9
-24269.3 24269.3
-24273.7 24273.7
-24278.1 24278.1
-24282.5 24282.5
-24286.9 24286.9
-24291.3 24291.3
-24295.7 24295.7
-24300 24300
-24304.4 24304.4
-24308.8 24308.8
-24313.2 24313.2
-24317.5 24317.5
-24321.9 24321.9
-24326.2 24326.2
-24330.6 24330.6
-24334.9 24334.9
-24339.3 24339.3
-24343.6 24343.6
-24347.9 24347.9
-24352.3 24352.3
-24356.6 24356.6
-24360.9 24360.9
-24365.3 24365.3
-24369.6 24369.6
-24373.9 24373.9
-24378.2 24378.2
-24382.5 24382.5
-24386.8 24386.8
-24391.1 24391.1
-24395.4 24395.4
-24399.7 24399.7
-24404 24404
-24408.3 24408.3
-24412.6 24412.6
-24416.9 24416.9
-24421.2 24421.2
-24425.4 24425.4
-24429.7 24429.7
-24434 24434
-24438.2 24438.2
-24442.5 24442.5
-24446.8 24446.8
-24451 24451
-24455.3 24455.3
-24459.5 24459.5
-24463.8 24463.8
-24468 24468
-24472.2 24472.2
-24476.5 24476.5
-24480.7 24480.7
-24484.9 24484.9
-24489.2 24489.2
-24493.4 24493.4
-24497.6 24497.6
-24501.8 24501.8
-24506.1 24506.1
-24510.3 24510.3
-24514.5 24514.5
-24518.7 24518.7
-24522.9 24522.9
-24527.1 24527.1
-24531.3 24531.3
-24535.5 24535.5
-24539.7 24539.7
-24543.8 24543.8
-24548 24548
-24552.2 24552.2
-24556.4 24556.4
-24560.5 24560.5
-24564.7 24564.7
-24568.9 24568.9
-24573.1 24573.1
-24577.2 24577.2
-24581.4 24581.4
-24585.5 24585.5
-24589.7 24589.7
-24593.8 24593.8
-24598 24598
-24602.1 24602.1
-24606.3 24606.3
-24610.4 24610.4
-24614.5 24614.5
-24618.7 24618.7
-24686 24686
-24992.5 24992.5
-25298.6 25298.6
-25607.8 25607.8
-25924.7 25924.7
-26241.2 26241.2
-26557.4 26557.4
-26873.1 26873.1
-27188.4 27188.4
-27503.3 27503.3
-27817.7 27817.7
-28131.7 28131.7
-28445.3 28445.3
-28758.5 28758.5
-29071.2 29071.2
-29383.4 29383.4
-29695.2 29695.2
-30006.6 30006.6
-30317.4 30317.4
-30627.9 30627.9
-30937.8 30937.8
-31247.3 31247.3
-31556.3 31556.3
-31868.3 31868.3
-32205 32205
-32540.9 32540.9
-32876.1 32876.1
-33210.6 33210.6
-33544.4 33544.4
-33877.4 33877.4
-34209.6 34209.6
-34541.1 34541.1
-34871.8 34871.8
-35201.6 35201.6
-35530.7 35530.7
-35858.9 35858.9
-36186.3 36186.3
-36512.8 36512.8
-36838.4 36838.4
-37163.1 37163.1
-37490.1 37490.1
-37846.4 37846.4
-38201.4 38201.4
-38555.1 38555.1
-38907.5 38907.5
-39258.4 39258.4
-39608 39608
-39956.1 39956.1
-40302.8 40302.8
-40648 40648
-40991.6 40991.6
-41333.6 41333.6
-41673.9 41673.9
-42012.7 42012.7
-42349.6 42349.6
-42684.9 42684.9
-43018.3 43018.3
-43349.8 43349.8
-43679.5 43679.5
-44007.2 44007.2
-44332.8 44332.8
-44656.4 44656.4
-44977.8 44977.8
-45297.1 45297.1
-45614.1 45614.1
-45928.8 45928.8
-46241.1 46241.1
-46550.9 46550.9
-46858.3 46858.3
-47163 47163
-47465.1 47465.1
-47764.6 47764.6
-48061.2 48061.2
-48354.9 48354.9
-48645.8 48645.8
-48933.7 48933.7
-49218.5 49218.5
-49500.2 49500.2
-49778.7 49778.7
-50054 50054
-50325.9 50325.9
-50594.5 50594.5
-50859.7 50859.7
-51121.3 51121.3
-51379.5 51379.5
-51634 51634
-51884.9 51884.9
-52132.1 52132.1
-52375.6 52375.6
-52615.3 52615.3
-52851.3 52851.3
-53083.4 53083.4
-53311.6 53311.6
-53536 53536
-53756.5 53756.5
-53973.1 53973.1
-54185.8 54185.8
-54394.5 54394.5
-54599.4 54599.4
-54800.3 54800.3
-54997.3 54997.3
-55190.5 55190.5
-55379.8 55379.8
-55565.2 55565.2
-55746.8 55746.8
-55924.6 55924.6
-56098.7 56098.7
-56269 56269
-56435.6 56435.6
-56598.6 56598.6
-56758 56758
-56913.9 56913.9
-57066.2 57066.2
-57215.1 57215.1
-57360.6 57360.6
-57502.7 57502.7
-57641.6 57641.6
-57777.2 57777.2
-57909.7 57909.7
-58039 58039
-58165.3 58165.3
-58288.6 58288.6
-58408.9 58408.9
-58526.4 58526.4
-58641.1 58641.1
-58753 58753
-58862.3 58862.3
-58968.9 58968.9
-59072.9 59072.9
-59174.4 59174.4
-59273.5 59273.5
-59370.2 59370.2
-59464.5 59464.5
-59556.5 59556.5
-59646.4 59646.4
-59734 59734
-59819.6 59819.6
-59903 59903
-59984.5 59984.5
-60064 60064
-60141.6 60141.6
-60217.3 60217.3
-60291.3 60291.3
-60363.4 60363.4
-60433.9 60433.9
-60502.7 60502.7
-60569.9 60569.9
-60635.5 60635.5
-60699.5 60699.5
-60762.1 60762.1
-60823.3 60823.3
-60883.1 60883.1
-60941.5 60941.5
-60998.6 60998.6
-61054.4 61054.4
-61109 61109
-61162.5 61162.5
-61214.7 61214.7
-61265.8 61265.8
-61315.9 61315.9
-61364.9 61364.9
-61412.9 61412.9
-61459.9 61459.9
-61506 61506
-61551.2 61551.2
-61595.4 61595.4
-61638.9 61638.9
-61681.4 61681.4
-61723.2 61723.2
