2356.32 0.1
4708.89 0.2
7057.69 0.3
9363.32 0.4
11327.3 0.5
12910.4 0.6
14178.1 0.7
15104.3 0.8
15694.1 0.9
15567.8 1
15263.3 1.1
15870.1 1.2
16344 1.3
16887.4 1.4
17412.4 1.5
17872.5 1.6
18107.8 1.7
18342.2 1.8
18576.2 1.9
18809.7 2
18985.4 2.1
18834.3 2.2
18638 2.3
18441.5 2.4
18245 2.5
18048.3 2.6
17948 2.7
17973 2.8
18089.1 2.9
18256.7 3
18468.1 3.1
18703.3 3.2
18938.5 3.3
19172 3.4
19412.5 3.5
19689.3 3.6
20047.1 3.7
20406.7 3.8
20766.2 3.9
21119.9 4
21469.3 4.1
21818.4 4.2
22163 4.3
22499.8 4.4
22773.9 4.5
22424.9 4.6
22446.6 4.7
22486.5 4.8
22526 4.9
22565.2 5
22603.9 5.1
22642.2 5.2
22653.4 5.3
22648.6 5.4
22694.2 5.5
22745.2 5.6
22795.3 5.7
22853.3 5.8
22900.6 5.9
22947.7 6
22994.7 6.1
23041.8 6.2
23088.8 6.3
23135.6 6.4
23182.3 6.5
23228.9 6.6
23275.3 6.7
23321.6 6.8
23367.8 6.9
23413.9 7
23460 7.1
23506.3 7.2
23552.4 7.3
23598.4 7.4
23644.3 7.5
23689.9 7.6
23735.5 7.7
23780.9 7.8
23826.1 7.9
23871.2 8
23916.2 8.1
23961 8.2
24005.6 8.3
24050.1 8.4
24094.5 8.5
24138.7 8.6
24182.7 8.7
24230.5 8.8
24281 8.9
24331.6 9
24382.1 9.1
24432.3 9.2
24481.8 9.3
24531.1 9.4
24580.2 9.5
24629.1 9.6
24677.8 9.7
24726.3 9.8
24774.6 9.9
24822.7 10
24870.6 10.1
24918.3 10.2
24965.7 10.3
25013 10.4
25060 10.5
25106.8 10.6
25153.5 10.7
25200.8 10.8
25247.8 10.9
25293.9 11
25339.9 11.1
24848.4 11
24357 10.9
23865.7 10.8
23374.5 10.7
22883.5 10.6
22392.8 10.5
21902.3 10.4
21412.2 10.3
20922.4 10.2
20432.9 10.1
19943.9 10
19455.4 9.9
18967.3 9.8
18479.8 9.7
17992.8 9.6
17506.5 9.5
17020.8 9.4
16535.8 9.3
16051.6 9.2
15568.1 9.1
15085.4 9
14603.5 8.9
14122.6 8.8
13642.6 8.7
13163.6 8.6
12685.6 8.5
12208.7 8.4
11732.9 8.3
11258.3 8.2
10785 8.1
10312.9 8
9842.1 7.9
9372.71 7.8
8904.76 7.7
8438.31 7.6
7973.42 7.5
7510.14 7.4
7048.53 7.3
6588.67 7.2
6130.62 7.1
5674.45 7
5220.22 6.9
4768.01 6.8
4317.88 6.7
3869.93 6.6
3424.22 6.5
2980.84 6.4
2539.86 6.3
2101.37 6.2
1665.47 6.1
1241.85 6
818.417 5.9
393.606 5.8
-51.6111 5.7
-830.987 5.6
-1697.43 5.5
-2529.35 5.4
-3329.24 5.3
-4098.66 5.2
-4837.74 5.1
-5546.74 5
-6226.06 4.9
-6869.9 4.8
-7476.62 4.7
-8057.48 4.6
-8607.77 4.5
-9127.98 4.4
-9621.74 4.3
-10088.4 4.2
-10530.8 4.1
-10948.5 4
-11349.1 3.9
-11733.4 3.8
-12079.9 3.7
-12401.5 3.6
-12711.2 3.5
-12993.5 3.4
-13264.6 3.3
-13526.3 3.2
-13778.9 3.1
-14022.8 3
-14258.1 2.9
-14485.4 2.8
-14702.9 2.7
-14907.6 2.6
-15105 2.5
-15295.5 2.4
-15479.8 2.3
-15658 2.2
-15830.4 2.1
-15997.4 2
-16173.4 1.9
-16349.5 1.8
-16520.6 1.7
-16686.7 1.6
-16817.2 1.5
-16918.6 1.4
-17014.8 1.3
-17107.5 1.2
-17196.9 1.1
-17283.2 1
-17366.4 0.9
-17446.8 0.8
-17524.4 0.7
-17599.4 0.6
-17671.9 0.5
-17742 0.4
-17809.7 0.3
-17875.4 0.2
-17938.9 0.1
-18000.5 -6.79928e-16
-18060.3 -0.1
-18118.2 -0.2
-18174.4 -0.3
-18229 -0.4
-18282 -0.5
-18334 -0.6
-18393.1 -0.7
-18450.9 -0.8
-18507.3 -0.9
-18562.4 -1
-18616.4 -1.1
-18669.2 -1.2
-18720.9 -1.3
-18771.5 -1.4
-19354.6 -1.5
-20049.6 -1.6
-20730.3 -1.7
-21297.4 -1.8
-21872.8 -1.9
-22445.8 -2
-23002.2 -2.1
-23558.2 -2.2
-24101.3 -2.3
-24637.9 -2.4
-25170.9 -2.5
-25696.6 -2.6
-26281.7 -2.7
-26870.7 -2.8
-27488.7 -2.9
-28090 -3
-28704.4 -3.1
-29326.5 -3.2
-29959.3 -3.3
-30626.7 -3.4
-31306 -3.5
-31964.6 -3.6
-32618.8 -3.7
-33272.5 -3.8
-33864.5 -3.9
-34452.4 -4
-35040.5 -4.1
-35635.8 -4.2
-36229.6 -4.3
-36821.4 -4.4
-37416 -4.5
-38009.8 -4.6
-38617.7 -4.7
-39220.4 -4.8
-39814.5 -4.9
-40408.1 -5
-40996.1 -5.1
-41576.3 -5.2
-42120 -5.3
-42624.1 -5.4
-43127.6 -5.5
-43630.4 -5.6
-44132.2 -5.7
-44632.9 -5.8
-45132.3 -5.9
-45633.3 -6
-46169.4 -6.1
-46702.1 -6.2
-47245.2 -6.3
-47789.9 -6.4
-48332.1 -6.5
-48871.2 -6.6
-49392.1 -6.7
-49892.2 -6.8
-50357.8 -6.9
-50732.3 -7
-50942.7 -7.1
-51062.2 -7.2
-51167.2 -7.3
-51270.1 -7.4
-51373.3 -7.5
-51476 -7.6
-51578.1 -7.7
-51679.8 -7.8
-51780.9 -7.9
-51881.5 -8
-51981.7 -8.1
-52081.2 -8.2
-52174 -8.3
-52235.1 -8.4
-52296 -8.5
-52356.6 -8.6
-52417.1 -8.7
-52477.4 -8.8
-52537.5 -8.9
-52597.4 -9
-52653.8 -9.1
-52697.2 -9.2
-52740.5 -9.3
-52783.7 -9.4
-52826.8 -9.5
-52869.8 -9.6
-52912.7 -9.7
-52955.5 -9.8
-52998.1 -9.9
-53040.7 -10
-53083.1 -10.1
-53125.5 -10.2
-53167.7 -10.3
-53209.8 -10.4
-53251.9 -10.5
-53293.7 -10.6
-53335.5 -10.7
-53377.2 -10.8
-53418.8 -10.9
-53460.2 -11
-53501.5 -11.1
-52770.3 -11
-52039.1 -10.9
-51307.9 -10.8
-50576.8 -10.7
-49845.6 -10.6
-49114.6 -10.5
-48383.6 -10.4
-47652.7 -10.3
-46921.8 -10.2
-46191.1 -10.1
-45460.4 -10
-44729.9 -9.9
-43999.5 -9.8
-43269.2 -9.7
-42539.1 -9.6
-41809.4 -9.5
-41083.7 -9.4
-40360.8 -9.3
-39638 -9.2
-38915.4 -9.1
-38193 -9
-37470.9 -8.9
-36748.9 -8.8
-36027.2 -8.7
-35305.8 -8.6
-34584.6 -8.5
-33863.7 -8.4
-33143.1 -8.3
-32422.8 -8.2
-31702.8 -8.1
-30983.2 -8
-30263.9 -7.9
-29544.9 -7.8
-28826.3 -7.7
-28108.1 -7.6
-27390.3 -7.5
-26672.9 -7.4
-25956 -7.3
-25239.5 -7.2
-24523.4 -7.1
-23807.8 -7
-23092.7 -6.9
-22378.1 -6.8
-21664.1 -6.7
-20950.5 -6.6
-20237.6 -6.5
-19532.8 -6.4
-18828.5 -6.3
-18130.6 -6.2
-17437.9 -6.1
-16745.9 -6
-16054.5 -5.9
-15363.8 -5.8
-14673.7 -5.7
-13984.3 -5.6
-13295.6 -5.5
-12607.6 -5.4
-11950 -5.3
-11301.3 -5.2
-10653.5 -5.1
-10006.2 -5
-9359.85 -4.9
-8714.44 -4.8
-8144.38 -4.7
-7596.02 -4.6
-7049.75 -4.5
-6505.75 -4.4
-5964.56 -4.3
-5426.28 -4.2
-4897.21 -4.1
-4376.1 -4
-3858.08 -3.9
-3343.87 -3.8
-2844.11 -3.7
-2352.41 -3.6
-1878.84 -3.5
-1420.85 -3.4
-976.992 -3.3
-544.886 -3.2
-132.114 -3.1
171.309 -3
472.912 -2.9
783.425 -2.8
1137.72 -2.7
1507.13 -2.6
1885.23 -2.5
2260.9 -2.4
2634.06 -2.3
3004.63 -2.2
3372.54 -2.1
3737.71 -2
4100.06 -1.9
4459.51 -1.8
4815.98 -1.7
5169.36 -1.6
5519.58 -1.5
5866.55 -1.4
6210.2 -1.3
6550.44 -1.2
6887.17 -1.1
7220.29 -1
7549.73 -0.9
7875.38 -0.8
8197.16 -0.7
8514.97 -0.6
8828.72 -0.5
9138.31 -0.4
9443.65 -0.3
9744.65 -0.2
10041.2 -0.1
10333.3 -1.02696e-15
10620.7 0.1
10903.5 0.2
11181.5 0.3
11454.6 0.4
11722.8 0.5
11986 0.6
12244.2 0.7
12497.3 0.8
12745.2 0.9
12987.9 1
13225.3 1.1
13457.4 1.2
13684.3 1.3
13905.8 1.4
14122 1.5
14332.8 1.6
14538.3 1.7
14738.5 1.8
14933.4 1.9
15123 2
15307.4 2.1
15486.7 2.2
15660.8 2.3
15829.9 2.4
15994.1 2.5
16153.3 2.6
16307.7 2.7
16457.5 2.8
16602.5 2.9
16743.1 3
16879.3 3.1
17011.1 3.2
17138.8 3.3
17262.3 3.4
17382 3.5
17497.7 3.6
17609.7 3.7
17718.1 3.8
17823.1 3.9
17924.6 4
18022.8 4.1
18118 4.2
18210 4.3
18299.2 4.4
18385.5 4.5
18469.2 4.6
18550.2 4.7
18628.8 4.8
18704.9 4.9
18778.8 5
18850.4 5.1
18919.9 5.2
18987.4 5.3
19053 5.4
19116.6 5.5
19178.5 5.6
19238.7 5.7
19297.2 5.8
19354.1 5.9
19409.5 6
19463.5 6.1
19516 6.2
19567.3 6.3
19617.2 6.4
19665.9 6.5
19713.5 6.6
19759.9 6.7
19805.2 6.8
19849.4 6.9
19892.7 7
19935 7.1
19976.4 7.2
20016.9 7.3
20056.5 7.4
20095.3 7.5
20133.3 7.6
20170.6 7.7
20207.1 7.8
20243 7.9
20278.1 8
20312.6 8.1
20346.5 8.2
20379.8 8.3
20412.4 8.4
20444.6 8.5
20476.2 8.6
20507.2 8.7
20537.8 8.8
20567.9 8.9
20597.5 9
20626.6 9.1
20655.3 9.2
20683.6 9.3
20711.5 9.4
20739 9.5
20766.1 9.6
20792.8 9.7
20819.2 9.8
20845.2 9.9
20870.9 10
20896.3 10.1
20921.3 10.2
20946.1 10.3
20970.5 10.4
20994.7 10.5
21018.6 10.6
21042.2 10.7
21065.6 10.8
21088.7 10.9
21111.5 11
21134.1 11.1
21156.5 11.2
21178.7 11.3
21200.6 11.4
21222.3 11.5
21243.9 11.6
21265.2 11.7
21286.3 11.8
21307.2 11.9
21328 12
21348.5 12.1
21368.9 12.2
21389.1 12.3
21409.2 12.4
21429.1 12.5
21448.8 12.6
21468.3 12.7
21487.8 12.8
21507 12.9
21526.1 13
21545.1 13.1
21564 13.2
21582.7 13.3
21601.2 13.4
21619.7 13.5
21638 13.6
21656.2 13.7
21674.3 13.8
21692.2 13.9
21710.1 14
21727.8 14.1
21745.4 14.2
21763 14.3
21780.4 14.4
21797.7 14.5
21814.9 14.6
21832 14.7
21849 14.8
21865.9 14.9
21882.7 15
21899.5 15.1
21916.1 15.2
21932.7 15.3
21949.1 15.4
21965.5 15.5
21981.8 15.6
21998 15.7
22014.2 15.8
22030.2 15.9
22046.2 16
22062.1 16.1
22078 16.2
22093.7 16.3
22109.4 16.4
22125 16.5
22140.6 16.6
22156.1 16.7
22171.5 16.8
22186.8 16.9
22202.1 17
22217.3 17.1
22232.5 17.2
22247.6 17.3
22262.6 17.4
22277.6 17.5
22292.5 17.6
22307.4 17.7
22322.2 17.8
22336.9 17.9
22351.6 18
22366.3 18.1
22380.9 18.2
22395.4 18.3
22409.9 18.4
22424.3 18.5
22438.7 18.6
22453 18.7
22467.3 18.8
22481.6 18.9
22495.7 19
22509.9 19.1
22524 19.2
22538 19.3
22552 19.4
22565.9 19.5
22579.8 19.6
22593.7 19.7
22607.3 19.8
22620.9 19.9
22634.4 20
22647.8 20.1
22661.2 20.2
22674.6 20.3
22687.9 20.4
22701.2 20.5
22714.5 20.6
22727.7 20.7
22740.9 20.8
22754.1 20.9
22767.2 21
22780.3 21.1
22793.4 21.2
22806.4 21.3
22819.4 21.4
22832.3 21.5
22845.2 21.6
22858.1 21.7
22871 21.8
22883.8 21.9
22896.6 22
22909.4 22.1
22922.1 22.2
22934.9 22.3
22947.5 22.4
22960.2 22.5
22972.8 22.6
22985.4 22.7
22998 22.8
23010.5 22.9
23023 23
23035.5 23.1
23048 23.2
23060.4 23.3
23072.8 23.4
23085.2 23.5
23109.2 23.6
23162.7 23.7
23216.1 23.8
23269.4 23.9
23322.7 24
23375.9 24.1
23429 24.2
23482 24.3
23534.9 24.4
23587.8 24.5
23640.5 24.6
23693.2 24.7
23745.7 24.8
23798.2 24.9
23850.6 25
23902.8 25.1
23954.9 25.2
24006.9 25.3
24058.8 25.4
24110.5 25.5
24162.1 25.6
24213.6 25.7
24264.8 25.8
24315.9 25.9
24366.8 26
24417.5 26.1
24468 26.2
24518.3 26.3
24568.3 26.4
24618.1 26.5
24667.5 26.6
24716.7 26.7
24765.5 26.8
24813.9 26.9
24862 27
24909.6 27.1
24956.8 27.2
25003.5 27.3
25049.6 27.4
25094.8 27.5
25139.1 27.6
25182.8 27.7
25225.8 27.8
25268 27.9
25309.2 28
25349.6 28.1
25389 28.2
25426.9 28.3
25463.7 28.4
25499.1 28.5
25531.9 28.6
25563.6 28.7
25594.2 28.8
25623.7 28.9
25652 29
25675.9 29.1
25697.4 29.2
25717.5 29.3
23966.4 29.4
24057.2 29.5
24218.2 29.6
23837.3 29.5
23456.5 29.4
23075.8 29.3
22695.2 29.2
22314.8 29.1
21934.6 29
21554.5 28.9
21174.8 28.8
20795.2 28.7
20416 28.6
20037 28.5
19658.4 28.4
19280 28.3
18902 28.2
18524.4 28.1
18147.2 28
17770.4 27.9
17393.9 27.8
17018 27.7
16642.4 27.6
16267.4 27.5
15892.8 27.4
15518.8 27.3
15145.3 27.2
14772.3 27.1
14399.9 27
14028.1 26.9
13656.9 26.8
13286.3 26.7
12916.4 26.6
12547.2 26.5
12178.6 26.4
11810.8 26.3
11443.7 26.2
11077.3 26.1
10711.8 26
10347 25.9
9983.11 25.8
9620.05 25.7
9257.89 25.6
8896.63 25.5
8536.31 25.4
8177.1 25.3
7819.2 25.2
7462.31 25.1
7106.48 25
6751.72 24.9
6398.08 24.8
6045.58 24.7
5697.78 24.6
5355.36 24.5
5014.22 24.4
4674.4 24.3
4335.95 24.2
3998.88 24.1
3663.26 24
3329.12 23.9
2996.49 23.8
2665.42 23.7
2335.96 23.6
2008.15 23.5
1687.51 23.4
1377.36 23.3
1069.04 23.2
762.618 23.1
462.611 23
178.997 22.9
-85.0765 22.8
-343.29 22.7
-605.265 22.6
-866.487 22.5
-1127.26 22.4
-1388.8 22.3
-1650.1 22.2
-1910.79 22.1
-2170.95 22
-2431.01 21.9
-2689.07 21.8
-2945.09 21.7
-3199.02 21.6
-3450.81 21.5
-3700.42 21.4
-3947.8 21.3
-4192.91 21.2
-4435.69 21.1
-4676.1 21
-4914.11 20.9
-5149.65 20.8
-5382.69 20.7
-5613.18 20.6
-5841.09 20.5
-6066.36 20.4
-6338.41 20.3
-6645.81 20.2
-6952.52 20.1
-7251.4 20
-7542.5 19.9
-7825.87 19.8
-8101.59 19.7
-8369.74 19.6
-8630.41 19.5
-8883.7 19.4
-9129.73 19.3
-9368.62 19.2
-9600.5 19.1
-9825.52 19
-10043.8 18.9
-10255.6 18.8
-10460.9 18.7
-10660 18.6
-10852.9 18.5
-11040 18.4
-11221.3 18.3
-11397.1 18.2
-11567.4 18.1
-11732.6 18
-11892.6 17.9
-12047.8 17.8
-12198.2 17.7
-12344 17.6
-12485.5 17.5
-12622.7 17.4
-12755.8 17.3
-12885 17.2
-13010.3 17.1
-13132 17
-13250.2 16.9
-13365 16.8
-13476.5 16.7
-13584.9 16.6
-13690.3 16.5
-13792.8 16.4
-13892.5 16.3
-13989.6 16.2
-14084 16.1
-14176 16
-14265.7 15.9
-14353 15.8
-14438.2 15.7
-14521.2 15.6
-14602.2 15.5
-14681.3 15.4
-14758.5 15.3
-14833.9 15.2
-14907.6 15.1
-14979.6 15
-15050.1 14.9
-15118.9 14.8
-15186.3 14.7
-15252.3 14.6
-15316.9 14.5
-15380.2 14.4
-15442.2 14.3
-15503 14.2
-15562.6 14.1
-15621 14
-15678.4 13.9
-15734.7 13.8
-15790 13.7
-15844.3 13.6
-15897.6 13.5
-15950.1 13.4
-16001.6 13.3
-16052.3 13.2
-16102.1 13.1
-16151.2 13
-16199.5 12.9
-16247 12.8
-16293.9 12.7
-16340 12.6
-16385.4 12.5
-16430.2 12.4
-16474.4 12.3
-16517.9 12.2
-16560.9 12.1
-16603.2 12
-16645 11.9
-16686.3 11.8
-16727.1 11.7
-16767.3 11.6
-16807 11.5
-16846.3 11.4
-16885.1 11.3
-16923.4 11.2
-16961.3 11.1
-16998.8 11
-17035.8 10.9
-17072.4 10.8
-17108.7 10.7
-17144.6 10.6
-17180 10.5
-17215.2 10.4
-17249.9 10.3
-17284.4 10.2
-17318.5 10.1
-17352.2 10
-17385.7 9.9
-17418.8 9.8
-17451.6 9.7
-17484.2 9.6
-17516.4 9.5
-17548.4 9.4
-17580.1 9.3
-17611.5 9.2
-17642.6 9.1
-17673.5 9
-17704.2 8.9
-17734.6 8.8
-17764.7 8.7
-17794.6 8.6
-17824.3 8.5
-17853.8 8.4
-17883 8.3
-17912.1 8.2
-17940.9 8.1
-17969.5 8
-17997.9 7.9
-18026.1 7.8
-18054.1 7.7
-18081.9 7.6
-18109.6 7.5
-18137 7.4
-18164.3 7.3
-18191.4 7.2
-18218.3 7.1
-18245 7
-18271.6 6.9
-18298 6.8
-18324.2 6.7
-18350.3 6.6
-18376.3 6.5
-18402 6.4
-18427.7 6.3
-18453.1 6.2
-18478.5 6.1
-18503.6 6
-18528.7 5.9
-18553.6 5.8
-18578.3 5.7
-18603 5.6
-18627.5 5.5
-18651.8 5.4
-18676 5.3
-18700.2 5.2
-18724.1 5.1
-18748 5
-18771.7 4.9
-18795.3 4.8
-18818.8 4.7
-18842.2 4.6
-18865.4 4.5
-18888.6 4.4
-18911.6 4.3
-18934.5 4.2
-18957.3 4.1
-18980 4
-19002.6 3.9
-19025.1 3.8
-19047.5 3.7
-19069.8 3.6
-19091.9 3.5
-19114 3.4
-19136 3.3
-19157.9 3.2
-19179.6 3.1
-19201.3 3
-19222.9 2.9
-19244.4 2.8
-19265.8 2.7
-19287.1 2.6
-19308.3 2.5
-19329.4 2.4
-19350.5 2.3
-19371.4 2.2
-19392.3 2.1
-19413 2
-19433.7 1.9
-19454.3 1.8
-19474.9 1.7
-19495.3 1.6
-19515.6 1.5
-19535.9 1.4
-19556.1 1.3
-19576.2 1.2
-19596.2 1.1
-19616.2 1
-19636.1 0.9
-19655.8 0.8
-19675.6 0.7
-19695.2 0.6
-19714.8 0.5
-19734.3 0.4
-19753.7 0.3
-19773 0.2
-19792.3 0.1
-19811.5 -1.8846e-14
-19830.6 -0.1
-19849.7 -0.2
-19868.7 -0.3
-19887.6 -0.4
-19906.5 -0.5
-19925.2 -0.6
-19944 -0.7
-19962.6 -0.8
-19981.2 -0.9
-19999.7 -1
-20018.1 -1.1
-20036.5 -1.2
-20054.8 -1.3
-20073.1 -1.4
-20091.3 -1.5
-20109.4 -1.6
-20127.5 -1.7
-20145.5 -1.8
-20163.4 -1.9
-20181.3 -2
-20199.1 -2.1
-20216.9 -2.2
-20234.5 -2.3
-20252.2 -2.4
-20269.8 -2.5
-20287.3 -2.6
-20304.7 -2.7
-20322.1 -2.8
-20339.5 -2.9
-20356.8 -3
-20374 -3.1
-20391.2 -3.2
-20408.3 -3.3
-20425.3 -3.4
-20442.3 -3.5
-20459.3 -3.6
-20476.2 -3.7
-20493 -3.8
-20509.8 -3.9
-20526.6 -4
-20543.2 -4.1
-20559.9 -4.2
-20576.4 -4.3
-20593 -4.4
-20609.4 -4.5
-20625.9 -4.6
-20642.2 -4.7
-20658.6 -4.8
-20674.8 -4.9
-20691 -5
-20707.2 -5.1
-20723.3 -5.2
-20739.4 -5.3
-20755.4 -5.4
-20771.4 -5.5
-21105.3 -5.6
-21720.1 -5.7
-22334 -5.8
-22947.1 -5.9
-23559.4 -6
-24171 -6.1
-24781.7 -6.2
-25391.7 -6.3
-26000.9 -6.4
-26609.4 -6.5
-27217.1 -6.6
-27847.2 -6.7
-28480.7 -6.8
-29113.3 -6.9
-29745 -7
-30376 -7.1
-31006.2 -7.2
-31635.5 -7.3
-32264.1 -7.4
-32891.8 -7.5
-33518.8 -7.6
-34144.9 -7.7
-34770.1 -7.8
-35394.5 -7.9
-36018 -8
-36640.4 -8.1
-37261.8 -8.2
-37882 -8.3
-38500.9 -8.4
-39118.4 -8.5
-39734.2 -8.6
-40348.1 -8.7
-40959.8 -8.8
-41568.9 -8.9
-42175.1 -9
-42777.7 -9.1
-43377.6 -9.2
-43976.4 -9.3
-44569 -9.4
-45154 -9.5
-45730.2 -9.6
-46295.7 -9.7
-46848.5 -9.8
-47386.2 -9.9
-47906 -10
-48404.7 -10.1
-48878.8 -10.2
-49324.6 -10.3
-49738.6 -10.4
-50118 -10.5
-50461.1 -10.6
-50765.6 -10.7
-51036.5 -10.8
-51275 -10.9
-51488.8 -11
-51681.7 -11.1
-51857.2 -11.2
-52018.1 -11.3
-52167 -11.4
-52304.9 -11.5
-52428.5 -11.6
-52544.5 -11.7
-52654.1 -11.8
-52757.9 -11.9
-52854.1 -12
-52944.9 -12.1
-53031.5 -12.2
-53114.3 -12.3
-53193.5 -12.4
-53269.6 -12.5
-53342.8 -12.6
-53413.3 -12.7
-53481.4 -12.8
-53547.2 -12.9
-53610.9 -13
-53672.6 -13.1
-53732.6 -13.2
-53791 -13.3
-53847.8 -13.4
-53903.2 -13.5
-53957.3 -13.6
-54010.2 -13.7
-54061.9 -13.8
-54112.5 -13.9
-54162.1 -14
-54210.8 -14.1
-54258.6 -14.2
-54305.6 -14.3
-54351.8 -14.4
-54397.3 -14.5
-54442.1 -14.6
-54486.2 -14.7
-54529.7 -14.8
-54572.7 -14.9
-54615.1 -15
-54656.9 -15.1
-54698.3 -15.2
-54739.1 -15.3
-54779.6 -15.4
-54819.6 -15.5
-54859.2 -15.6
-54898.3 -15.7
-54937.2 -15.8
-54975.6 -15.9
-55013.7 -16
-55051.5 -16.1
-55088.9 -16.2
-55126.1 -16.3
-55162.9 -16.4
-55199.5 -16.5
-55235.8 -16.6
-55271.8 -16.7
-55307.5 -16.8
-55343 -16.9
-55378.3 -17
-55413.3 -17.1
-55448 -17.2
-55482.6 -17.3
-55516.9 -17.4
-55551 -17.5
-55584.9 -17.6
-55618.5 -17.7
-55652 -17.8
-55685.3 -17.9
-55718.3 -18
-55751.2 -18.1
-55783.9 -18.2
-55816.4 -18.3
-55848.7 -18.4
-55880.8 -18.5
-55912.7 -18.6
-55944.5 -18.7
-55976 -18.8
-56007.4 -18.9
-56038.6 -19
-56069.7 -19.1
-56100.5 -19.2
-56131.2 -19.3
-56161.7 -19.4
-56192 -19.5
-56222.1 -19.6
-56252 -19.7
-56281.7 -19.8
-56311.2 -19.9
-56340.5 -20
-56369.6 -20.1
-56398.6 -20.2
-56427.3 -20.3
-56455.9 -20.4
-56484.3 -20.5
-56512.4 -20.6
-56540.4 -20.7
-56568.2 -20.8
-56595.8 -20.9
-56623.2 -21
-56650.3 -21.1
-56661.3 -21.2
-56671.9 -21.3
-56682.4 -21.4
-56692.8 -21.5
-56703.1 -21.6
-56713.3 -21.7
-56723.4 -21.8
-56733.4 -21.9
-56743.2 -22
-56753 -22.1
-56762.7 -22.2
-56772.3 -22.3
-56781.8 -22.4
-56791.1 -22.5
-56800.4 -22.6
-56809.5 -22.7
-56818.5 -22.8
-56827.4 -22.9
-56836.2 -23
-56844.8 -23.1
-56853.4 -23.2
-56861.8 -23.3
-56870 -23.4
-56878.1 -23.5
-56886.1 -23.6
-56893.9 -23.7
-56901.6 -23.8
-56909.1 -23.9
-56916.4 -24
-56923.6 -24.1
-56930.5 -24.2
-56937.3 -24.3
-56943.8 -24.4
-56950 -24.5
-56956 -24.6
-56961.7 -24.7
-56967.1 -24.8
-56972.1 -24.9
-56976.6 -25
-56980.7 -25.1
-56984.2 -25.2
-56987 -25.3
-56988.9 -25.4
-56989.7 -25.5
-56989 -25.6
-56986.3 -25.7
-56980.4 -25.8
-56968.6 -25.9
-56940.1 -26
-56577.2 -26.1
-56709.5 -26.2
-56704.1 -26.3
-56698 -26.4
-56691.4 -26.5
-56684 -26.6
-56676 -26.7
-56667.2 -26.8
-56657.7 -26.9
-56647.3 -27
-56636.1 -27.1
-56623.9 -27.2
-56610.7 -27.3
-56596.5 -27.4
-56581 -27.5
-56567.7 -27.6
-56592.4 -27.7
-56617.1 -27.8
-56641.8 -27.9
-56666.4 -28
-56691 -28.1
-56715.5 -28.2
-56740 -28.3
-56764.5 -28.4
-56788.9 -28.5
-56813.3 -28.6
-56837.6 -28.7
-56861.9 -28.8
-56886.1 -28.9
-56910.3 -29
-56934.4 -29.1
-56955.9 -29.2
-56972.2 -29.3
-56988.5 -29.4
-57004.7 -29.5
-57020.8 -29.6
-56300.3 -29.5
-55580 -29.4
-54859.7 -29.3
-54139.5 -29.2
-53419.6 -29.1
-52699.8 -29
-51980.2 -28.9
-51260.8 -28.8
-50541.7 -28.7
-49822.8 -28.6
-49104.2 -28.5
-48385.9 -28.4
-47668 -28.3
-46950.3 -28.2
-46233.1 -28.1
-45530.3 -28
-44831.6 -27.9
-44133.3 -27.8
-43435.5 -27.7
-42738.1 -27.6
-42041.2 -27.5
-41344.7 -27.4
-40648.8 -27.3
-39953.3 -27.2
-39258.4 -27.1
-38564.1 -27
-37870.3 -26.9
-37177.1 -26.8
-36484.5 -26.7
-35792.5 -26.6
-35101.2 -26.5
-34410.5 -26.4
-33720.5 -26.3
-33031.2 -26.2
-32346.7 -26.1
-31673.3 -26
-31003.1 -25.9
-30333.7 -25.8
-29665 -25.7
-28997.1 -25.6
-28330 -25.5
-27663.7 -25.4
-26998.3 -25.3
-26333.6 -25.2
-25669.9 -25.1
-25007 -25
-24345.1 -24.9
-23684.1 -24.8
-23024 -24.7
-22364.9 -24.6
-21706.8 -24.5
-21049.7 -24.4
-20393.7 -24.3
-19738.7 -24.2
-19084.8 -24.1
-18432 -24
-17780.3 -23.9
-17129.8 -23.8
-16491.6 -23.7
-15879.2 -23.6
-15288.7 -23.5
-14699.7 -23.4
-14112.2 -23.3
-13526.4 -23.2
-12942.2 -23.1
-12359.6 -23
-11778.7 -22.9
-11199.5 -22.8
-10622 -22.7
-10046.3 -22.6
-9472.11 -22.5
-8899.73 -22.4
-8329.4 -22.3
-7772.54 -22.2
-7217.87 -22.1
-6672.96 -22
-6138.87 -21.9
-5736.3 -21.8
-5418.74 -21.7
-5101.54 -21.6
-4784.7 -21.5
-4468.23 -21.4
-4152.14 -21.3
-3836.42 -21.2
-3547.15 -21.1
-3261.52 -21
-2976.83 -20.9
-2693.08 -20.8
-2410.47 -20.7
-2129.96 -20.6
-1852.58 -20.5
-1576.47 -20.4
-1303.71 -20.3
-1032.64 -20.2
-764.451 -20.1
-498.464 -20
-236.977 -19.9
14.3455 -19.8
256.646 -19.7
505.61 -19.6
758.107 -19.5
1010.33 -19.4
1261.52 -19.3
1511.67 -19.2
1766.24 -19.1
2048.12 -19
2328.38 -18.9
2606.98 -18.8
2889.16 -18.7
3170.93 -18.6
3450.81 -18.5
3728.77 -18.4
4004.78 -18.3
4278.81 -18.2
4550.81 -18.1
4820.75 -18
5090.18 -17.9
5357.57 -17.8
5622.75 -17.7
5885.68 -17.6
6146.33 -17.5
6404.66 -17.4
6660.64 -17.3
6914.22 -17.2
7165.37 -17.1
7414.06 -17
7660.24 -16.9
7903.88 -16.8
8144.95 -16.7
8383.41 -16.6
8619.23 -16.5
8852.37 -16.4
9082.8 -16.3
9310.49 -16.2
9535.41 -16.1
9757.53 -16
9976.81 -15.9
10193.2 -15.8
10406.8 -15.7
10617.4 -15.6
10825.1 -15.5
11029.9 -15.4
11231.7 -15.3
11430.5 -15.2
11626.2 -15.1
11819 -15
12008.7 -14.9
12195.4 -14.8
12379 -14.7
12559.6 -14.6
12737.1 -14.5
12911.6 -14.4
13083 -14.3
13251.3 -14.2
13416.6 -14.1
13578.9 -14
13738.1 -13.9
13894.3 -13.8
14047.6 -13.7
14197.9 -13.6
14345.2 -13.5
14489.6 -13.4
14631.1 -13.3
14769.7 -13.2
14905.5 -13.1
15038.4 -13
15168.5 -12.9
15295.9 -12.8
15420.5 -12.7
15542.5 -12.6
15661.8 -12.5
15778.5 -12.4
15892.6 -12.3
16004.3 -12.2
16113.4 -12.1
16220.1 -12
16324.5 -11.9
16426.5 -11.8
16526.2 -11.7
16623.7 -11.6
16719 -11.5
16812.1 -11.4
16903.1 -11.3
16992.1 -11.2
17079.1 -11.1
17164.1 -11
17247.3 -10.9
17328.5 -10.8
17408 -10.7
17485.6 -10.6
17561.6 -10.5
17635.9 -10.4
17708.5 -10.3
17779.5 -10.2
17849 -10.1
17917 -10
17983.5 -9.9
18048.6 -9.8
18112.3 -9.7
18174.7 -9.6
18235.7 -9.5
18295.5 -9.4
18354 -9.3
18411.4 -9.2
18467.5 -9.1
18522.6 -9
18576.5 -8.9
18629.4 -8.8
18681.2 -8.7
18732 -8.6
18781.8 -8.5
18830.7 -8.4
18878.7 -8.3
18925.8 -8.2
18972 -8.1
19017.4 -8
19061.9 -7.9
19105.7 -7.8
19148.7 -7.7
19190.9 -7.6
19232.4 -7.5
19273.3 -7.4
19313.4 -7.3
19352.9 -7.2
19391.7 -7.1
19429.9 -7
19467.5 -6.9
19504.5 -6.8
19541 -6.7
19576.8 -6.6
19612.2 -6.5
19647 -6.4
19681.3 -6.3
19715.1 -6.2
19748.4 -6.1
19781.3 -6
19813.6 -5.9
19845.6 -5.8
19877.1 -5.7
19908.2 -5.6
19938.9 -5.5
19969.1 -5.4
19999 -5.3
20028.6 -5.2
20057.7 -5.1
20086.5 -5
20114.9 -4.9
20143 -4.8
20170.8 -4.7
20198.2 -4.6
20225.3 -4.5
20252.1 -4.4
20278.7 -4.3
20304.9 -4.2
20330.8 -4.1
20356.5 -4
20381.9 -3.9
20407 -3.8
20431.8 -3.7
20456.5 -3.6
20480.8 -3.5
20504.9 -3.4
20528.8 -3.3
20552.5 -3.2
20575.9 -3.1
20599.1 -3
20622.2 -2.9
20644.9 -2.8
20667.5 -2.7
20689.9 -2.6
20712.1 -2.5
20734.1 -2.4
20755.9 -2.3
20777.6 -2.2
20799 -2.1
20820.3 -2
20841.4 -1.9
20862.4 -1.8
20883.2 -1.7
20903.8 -1.6
20924.2 -1.5
20944.6 -1.4
20964.7 -1.3
20984.7 -1.2
21004.6 -1.1
21024.3 -1
21043.9 -0.9
21063.4 -0.8
21082.7 -0.7
21101.9 -0.6
21120.9 -0.5
21139.9 -0.4
21158.7 -0.3
21177.4 -0.2
21196 -0.1
21214.4 -2.05391e-14
21232.8 0.1
21251 0.2
21269.1 0.3
21287.1 0.4
21305 0.5
21322.9 0.6
21340.6 0.7
21358.2 0.8
21375.7 0.9
21393.1 1
21410.4 1.1
21427.6 1.2
21444.8 1.3
21461.8 1.4
21478.8 1.5
21495.6 1.6
21512.4 1.7
21529.1 1.8
21545.7 1.9
21562.3 2
21578.7 2.1
21595.1 2.2
21611.4 2.3
21627.7 2.4
21643.8 2.5
21659.9 2.6
21675.9 2.7
21691.8 2.8
21707.7 2.9
21723.5 3
21739.2 3.1
21754.9 3.2
21770.5 3.3
21786 3.4
21801.5 3.5
21816.9 3.6
21832.3 3.7
21847.6 3.8
21862.8 3.9
21878 4
21893.1 4.1
21908.1 4.2
21923.1 4.3
21938.1 4.4
21953 4.5
21967.8 4.6
21982.6 4.7
21997.3 4.8
22012 4.9
22026.6 5
22041.2 5.1
22055.8 5.2
22070.2 5.3
22084.7 5.4
22099.1 5.5
22113.4 5.6
22127.7 5.7
22141.9 5.8
22156.2 5.9
22170.3 6
22184.4 6.1
22198.5 6.2
22212.5 6.3
22226.5 6.4
22240.5 6.5
22254.4 6.6
22268.3 6.7
22282.1 6.8
22295.9 6.9
22309.6 7
22323.3 7.1
22337 7.2
22350.6 7.3
22364.2 7.4
22377.8 7.5
22391.3 7.6
22404.8 7.7
22418.3 7.8
22431.7 7.9
22445.1 8
22458.4 8.1
22471.8 8.2
22485.1 8.3
22498.3 8.4
22511.5 8.5
22524.7 8.6
22537.9 8.7
22551 8.8
22564.1 8.9
22577.2 9
22590.2 9.1
22603.2 9.2
22616.2 9.3
22629.2 9.4
22642.1 9.5
22655 9.6
22667.8 9.7
22680.7 9.8
22693.5 9.9
22706.3 10
22719 10.1
22731.7 10.2
22744.4 10.3
22757.1 10.4
22769.8 10.5
22782.4 10.6
22795 10.7
22807.6 10.8
22820.1 10.9
22832.6 11
22845.1 11.1
22857.6 11.2
22870.1 11.3
22882.5 11.4
22894.9 11.5
22907.3 11.6
22919.6 11.7
22932 11.8
22944.3 11.9
22956.6 12
22968.9 12.1
22981.1 12.2
22993.3 12.3
23005.5 12.4
23017.7 12.5
23029.9 12.6
23042 12.7
23054.2 12.8
23066.3 12.9
23078.3 13
23090.4 13.1
23102.5 13.2
23114.5 13.3
23126.5 13.4
23138.5 13.5
23150.4 13.6
23162.4 13.7
23174.3 13.8
23186.2 13.9
23198.1 14
23210 14.1
23221.8 14.2
23233.7 14.3
23245.5 14.4
23257.3 14.5
23269.1 14.6
23280.9 14.7
23292.6 14.8
23304.3 14.9
23316.1 15
23327.8 15.1
23339.4 15.2
23351.1 15.3
23362.8 15.4
23374.4 15.5
23386 15.6
23397.6 15.7
23409.2 15.8
23420.8 15.9
23432.3 16
23443.9 16.1
23455.4 16.2
23466.9 16.3
23478.4 16.4
23489.9 16.5
23501.4 16.6
23512.8 16.7
23524.2 16.8
23535.7 16.9
23547.1 17
23558.5 17.1
23569.8 17.2
23581.2 17.3
23592.6 17.4
23603.9 17.5
23615.2 17.6
23626.5 17.7
23637.8 17.8
23649.1 17.9
23660.4 18
23671.6 18.1
23682.8 18.2
23694.1 18.3
23705.2 18.4
23716.4 18.5
23727.3 18.6
23738.1 18.7
23748.9 18.8
23759.7 18.9
23770.5 19
23781.2 19.1
23791.9 19.2
23802.7 19.3
23813.4 19.4
23824.1 19.5
23834.9 19.6
23845.9 19.7
23856.8 19.8
23867.8 19.9
23878.7 20
23889.6 20.1
23900.5 20.2
23911.4 20.3
23922.3 20.4
23933.1 20.5
23944 20.6
23954.8 20.7
23965.7 20.8
23976.5 20.9
23987.3 21
23998.1 21.1
24008.9 21.2
24019.7 21.3
24030.4 21.4
24041.2 21.5
24052 21.6
24062.7 21.7
24073.4 21.8
24084.1 21.9
24094.9 22
24105.6 22.1
24116.2 22.2
24126.9 22.3
24137.6 22.4
24148.3 22.5
24158.9 22.6
24169.5 22.7
24180.2 22.8
24190.8 22.9
24201.4 23
24212 23.1
24222.6 23.2
24233.2 23.3
24243.8 23.4
24254.3 23.5
24264.9 23.6
24275.4 23.7
24286 23.8
24296.5 23.9
24307 24
24317.5 24.1
24328 24.2
24338.5 24.3
24349 24.4
24359.5 24.5
24369.9 24.6
24380.4 24.7
24390.8 24.8
24401.3 24.9
24411.7 25
24422.1 25.1
24432.5 25.2
24442.9 25.3
24453.3 25.4
24463.7 25.5
24474.1 25.6
24484.5 25.7
24494.8 25.8
24505.2 25.9
24515.5 26
24525.8 26.1
24536.2 26.2
24546.5 26.3
24556.8 26.4
24567.1 26.5
24577.4 26.6
24587.7 26.7
24598 26.8
24608.2 26.9
24618.5 27
24628.7 27.1
24639 27.2
24649.2 27.3
24659.4 27.4
24669.7 27.5
24679.9 27.6
24690.1 27.7
24700.3 27.8
24710.4 27.9
24720.6 28
24730.8 28.1
24740.9 28.2
24751.1 28.3
24761.2 28.4
24771.4 28.5
24781.5 28.6
24791.6 28.7
24801.7 28.8
24811.8 28.9
24821.9 29
24832 29.1
24842.1 29.2
24852.2 29.3
24862.2 29.4
24872.3 29.5
24882.3 29.6
24526.8 29.5
24171.3 29.4
23816 29.3
23460.8 29.2
23105.8 29.1
22751 29
22396.4 28.9
22042.1 28.8
21688 28.7
21334.2 28.6
20980.8 28.5
20627.6 28.4
20274.8 28.3
19922.4 28.2
19570.3 28.1
19218.6 28
18867.4 27.9
18516.6 27.8
18166.2 27.7
17816.3 27.6
17466.9 27.5
17118 27.4
16769.7 27.3
16422.3 27.2
16075.5 27.1
15729.2 27
15383.6 26.9
15038.6 26.8
14694.2 26.7
14350.5 26.6
14007.5 26.5
13665.2 26.4
13323.7 26.3
12982.8 26.2
12642.8 26.1
12303.5 26
11965.1 25.9
11627.5 25.8
11290.7 25.7
10954.9 25.6
10620 25.5
10286 25.4
9953 25.3
9620.99 25.2
9290.01 25.1
8960.08 25
8631.23 24.9
8303.49 24.8
7976.9 24.7
7651.48 24.6
7327.26 24.5
7004.29 24.4
6682.58 24.3
6362.18 24.2
6043.12 24.1
5725.44 24
5409.17 23.9
5095.6 23.8
4784.53 23.7
4474.95 23.6
4166.9 23.5
3860.43 23.4
3555.56 23.3
3252.35 23.2
2950.83 23.1
2651.7 23
2358.33 22.9
2069.32 22.8
1782.05 22.7
1505.46 22.6
1241.15 22.5
993.339 22.4
747.208 22.3
504.636 22.2
266.328 22.1
34.8509 22
-202.402 21.9
-448.25 21.8
-696.396 21.7
-944.372 21.6
-1191.26 21.5
-1438.14 21.4
-1683.92 21.3
-1929.27 21.2
-2172.6 21.1
-2415.65 21
-2657.49 20.9
-2897.11 20.8
-3134.47 20.7
-3369.53 20.6
-3602.25 20.5
-3832.6 20.4
-4060.53 20.3
-4286.01 20.2
-4509.01 20.1
-4729.49 20
-4947.42 19.9
-5162.76 19.8
-5375.49 19.7
-5585.57 19.6
-5792.98 19.5
-5997.7 19.4
-6199.69 19.3
-6398.94 19.2
-6595.43 19.1
-6789.13 19
-6980.03 18.9
-7168.13 18.8
-7353.4 18.7
-7535.83 18.6
-7758.79 18.5
-7989.95 18.4
-8216.22 18.3
-8436.25 18.2
-8650.32 18.1
-8859.21 18
-9062.95 17.9
-9261.13 17.8
-9453.6 17.7
-9640.5 17.6
-9821.98 17.5
-9998.19 17.4
-10169.3 17.3
-10335.4 17.2
-10496.7 17.1
-10653.3 17
-10805.4 16.9
-10953.1 16.8
-11096.5 16.7
-11235.8 16.6
-11371.2 16.5
-11502.7 16.4
-11630.5 16.3
-11754.7 16.2
-11875.5 16.1
-11992.9 16
-12107.1 15.9
-12218.3 15.8
-12326.4 15.7
-12431.6 15.6
-12534.1 15.5
-12633.8 15.4
-12731 15.3
-12825.7 15.2
-12918.1 15.1
-13008 15
-13095.8 14.9
-13181.4 14.8
-13265 14.7
-13346.6 14.6
-13426.2 14.5
-13504 14.4
-13580 14.3
-13654.3 14.2
-13726.9 14.1
-13797.9 14
-13867.4 13.9
-13935.3 13.8
-14001.9 13.7
-14067.1 13.6
-14130.9 13.5
-14193.4 13.4
-14254.7 13.3
-14314.8 13.2
-14373.7 13.1
-14431.5 13
-14488.2 12.9
-14543.8 12.8
-14598.5 12.7
-14652.1 12.6
-14704.8 12.5
-14756.6 12.4
-14807.5 12.3
-14857.5 12.2
-14906.7 12.1
-14955.1 12
-15002.7 11.9
-15049.6 11.8
-15095.7 11.7
-15141.1 11.6
-15185.8 11.5
-15229.8 11.4
-15273.2 11.3
-15316 11.2
-15358.2 11.1
-15399.7 11
-15440.7 10.9
-15481.1 10.8
-15521 10.7
-15560.4 10.6
-15599.2 10.5
-15637.5 10.4
-15675.4 10.3
-15712.8 10.2
-15749.7 10.1
-15786.2 10
-15822.2 9.9
-15857.8 9.8
-15893 9.7
-15927.8 9.6
-15962.2 9.5
-15996.2 9.4
-16029.9 9.3
-16063.2 9.2
-16096.1 9.1
-16128.7 9
-16161 8.9
-16192.9 8.8
-16224.5 8.7
-16255.8 8.6
-16286.8 8.5
-16317.4 8.4
-16347.8 8.3
-16377.9 8.2
-16407.8 8.1
-16437.3 8
-16466.6 7.9
-16495.7 7.8
-16524.4 7.7
-16553 7.6
-16581.3 7.5
-16609.3 7.4
-16637.1 7.3
-16664.7 7.2
-16692.1 7.1
-16719.2 7
-16746.1 6.9
-16772.9 6.8
-16799.4 6.7
-16825.7 6.6
-16851.8 6.5
-16877.7 6.4
-16903.4 6.3
-16929 6.2
-16954.4 6.1
-16979.5 6
-17004.5 5.9
-17029.4 5.8
-17054 5.7
-17078.5 5.6
-17102.9 5.5
-17127 5.4
-17151.1 5.3
-17174.9 5.2
-17198.6 5.1
-17222.2 5
-17245.6 4.9
-17268.9 4.8
-17292 4.7
-17315 4.6
-17337.8 4.5
-17360.6 4.4
-17383.1 4.3
-17405.6 4.2
-17427.9 4.1
-17450.1 4
-17472.2 3.9
-17494.1 3.8
-17516 3.7
-17537.7 3.6
-17559.3 3.5
-17580.8 3.4
-17602.1 3.3
-17623.4 3.2
-17644.6 3.1
-17665.6 3
-17686.5 2.9
-17707.4 2.8
-17728.1 2.7
-17748.7 2.6
-17769.2 2.5
-17789.7 2.4
-17810 2.3
-17830.2 2.2
-17850.4 2.1
-17870.4 2
-17890.4 1.9
-17910.2 1.8
-17930 1.7
-17949.7 1.6
-17969.3 1.5
-17988.8 1.4
-18008.2 1.3
-18027.6 1.2
-18046.8 1.1
-18066 1
-18085.1 0.9
-18104.1 0.8
-18123 0.7
-18141.9 0.6
-18160.7 0.5
-18179.4 0.4
-18198 0.3
-18216.6 0.2
-18235.1 0.1
-18253.5 -1.89571e-14
-18271.8 -0.1
-18290.1 -0.2
-18308.3 -0.3
-18326.4 -0.4
-18344.5 -0.5
-18362.5 -0.6
-18380.4 -0.7
-18398.3 -0.8
-18416.1 -0.9
-18433.9 -1
-18451.5 -1.1
-18469.1 -1.2
-18486.7 -1.3
-18504.2 -1.4
-18521.6 -1.5
-18539 -1.6
-18556.3 -1.7
-18573.5 -1.8
-18590.7 -1.9
-18607.9 -2
-18624.9 -2.1
-18642 -2.2
-18658.9 -2.3
-18675.8 -2.4
-18692.7 -2.5
-18709.5 -2.6
-18726.3 -2.7
-18743 -2.8
-18759.6 -2.9
-18776.2 -3
-18792.7 -3.1
-18809.2 -3.2
-18825.7 -3.3
-18842.1 -3.4
-18858.4 -3.5
-18874.7 -3.6
-18890.9 -3.7
-18907.1 -3.8
-18923.3 -3.9
-18939.4 -4
-18955.5 -4.1
-18971.5 -4.2
-18987.4 -4.3
-19003.3 -4.4
-19019.2 -4.5
-19035.1 -4.6
-19050.8 -4.7
-19066.6 -4.8
-19082.3 -4.9
-19098 -5
-19113.6 -5.1
-19129.1 -5.2
-19144.7 -5.3
-19160.2 -5.4
-19175.6 -5.5
-19191 -5.6
-19206.4 -5.7
-19221.7 -5.8
-19237 -5.9
-19252.3 -6
-19267.5 -6.1
-19282.7 -6.2
-19297.8 -6.3
-19312.9 -6.4
-19328 -6.5
-19343 -6.6
-19358 -6.7
-19372.9 -6.8
-19387.9 -6.9
-19402.7 -7
-19417.6 -7.1
-19432.4 -7.2
-19447.2 -7.3
-19461.9 -7.4
-19476.6 -7.5
-19491.3 -7.6
-19505.9 -7.7
-19520.5 -7.8
-19535.1 -7.9
-19549.7 -8
-19564.2 -8.1
-19578.6 -8.2
-19593.1 -8.3
-19607.5 -8.4
-19621.9 -8.5
-19636.2 -8.6
-19650.5 -8.7
-19664.8 -8.8
-19679.1 -8.9
-19693.3 -9
-19707.5 -9.1
-19721.7 -9.2
-19735.8 -9.3
-19749.9 -9.4
-19764 -9.5
-19778 -9.6
-19792.1 -9.7
-19806 -9.8
-19820 -9.9
-19833.9 -10
-19847.8 -10.1
-19861.7 -10.2
-19875.6 -10.3
-19889.4 -10.4
-19903.2 -10.5
-19917 -10.6
-19930.7 -10.7
-19944.4 -10.8
-19958.1 -10.9
-19971.8 -11
-19985.4 -11.1
-19999 -11.2
-20012.6 -11.3
-20026.2 -11.4
-20039.7 -11.5
-20053.2 -11.6
-20066.7 -11.7
-20080.1 -11.8
-20093.6 -11.9
-20107 -12
-20120.4 -12.1
-20133.7 -12.2
-20147.1 -12.3
-20160.4 -12.4
-20173.7 -12.5
-20186.9 -12.6
-20200.2 -12.7
-20213.4 -12.8
-20226.6 -12.9
-20239.8 -13
-20252.9 -13.1
-20266.1 -13.2
-20279.2 -13.3
-20292.3 -13.4
-20305.3 -13.5
-20318.4 -13.6
-20331.4 -13.7
-20344.4 -13.8
-20357.4 -13.9
-20370.3 -14
-20383.3 -14.1
-20396.2 -14.2
-20409.1 -14.3
-20422 -14.4
-20434.8 -14.5
-20447.6 -14.6
-20460.4 -14.7
-20473.2 -14.8
-20486 -14.9
-20498.8 -15
-20511.5 -15.1
-20524.2 -15.2
-20536.9 -15.3
-20549.6 -15.4
-20562.2 -15.5
-20574.9 -15.6
-20587.5 -15.7
-20600.1 -15.8
-20612.7 -15.9
-20625.2 -16
-20637.8 -16.1
-20650.3 -16.2
-20662.8 -16.3
-20675.3 -16.4
-20687.7 -16.5
-20700.2 -16.6
-20712.6 -16.7
-20725 -16.8
-20737.4 -16.9
-20749.8 -17
-20762.2 -17.1
-20774.5 -17.2
-20786.8 -17.3
-20799.1 -17.4
-20811.4 -17.5
-20823.7 -17.6
-20836 -17.7
-20848.2 -17.8
-20860.4 -17.9
-20872.6 -18
-20884.8 -18.1
-20897 -18.2
-20909.2 -18.3
-20921.3 -18.4
-20933.4 -18.5
-20945.6 -18.6
-20957.7 -18.7
-20969.7 -18.8
-20981.8 -18.9
-20993.8 -19
-21005.9 -19.1
-21017.9 -19.2
-21029.9 -19.3
-21041.9 -19.4
-21053.9 -19.5
-21065.8 -19.6
-21077.8 -19.7
-21089.7 -19.8
-21101.6 -19.9
-21113.5 -20
-21125.4 -20.1
-21137.3 -20.2
-21149.1 -20.3
-21160.9 -20.4
-21172.8 -20.5
-21184.6 -20.6
-21196.4 -20.7
-21208.2 -20.8
-21219.9 -20.9
-21231.7 -21
-21243.4 -21.1
-21255.2 -21.2
-21266.9 -21.3
-21278.6 -21.4
-21290.3 -21.5
-21301.9 -21.6
-21313.6 -21.7
-21325.3 -21.8
-21336.9 -21.9
-21348.5 -22
-21360.1 -22.1
-21371.7 -22.2
-21383.3 -22.3
-21717.5 -22.4
-22236.8 -22.5
-22755.9 -22.6
-23274.9 -22.7
-23793.6 -22.8
-24312.1 -22.9
-24830.4 -23
-25348.5 -23.1
-25866.4 -23.2
-26384.1 -23.3
-26901.6 -23.4
-27418.8 -23.5
-27935.8 -23.6
-28452.5 -23.7
-28968.9 -23.8
-29485.1 -23.9
-30000.9 -24
-30516.3 -24.1
-31031.4 -24.2
-31546.1 -24.3
-32060.3 -24.4
-32574 -24.5
-33087.2 -24.6
-33629.2 -24.7
-34184.3 -24.8
-34738.5 -24.9
-35291.7 -25
-35844 -25.1
-36395 -25.2
-36944.8 -25.3
-37493.2 -25.4
-38040 -25.5
-38585.2 -25.6
-39147.2 -25.7
-39711.7 -25.8
-40273.6 -25.9
-40832.4 -26
-41387.9 -26.1
-41939.7 -26.2
-42487.5 -26.3
-43031 -26.4
-43569.6 -26.5
-44102.9 -26.6
-44630.4 -26.7
-45151.6 -26.8
-45665.9 -26.9
-46172.7 -27
-46671.4 -27.1
-47161.1 -27.2
-47641.3 -27.3
-48111.1 -27.4
-48569.8 -27.5
-49016.4 -27.6
-49450.3 -27.7
-49870.7 -27.8
-50276.6 -27.9
-50667.6 -28
-51042.8 -28.1
-51401.7 -28.2
-51743.9 -28.3
-52069.1 -28.4
-52377.2 -28.5
-52668.2 -28.6
-52942.3 -28.7
-53199.9 -28.8
-53441.5 -28.9
-53667.7 -29
-53879.3 -29.1
-54077.2 -29.2
-54262.2 -29.3
-54435.4 -29.4
-54597.6 -29.5
-54749.7 -29.6
-54029.9 -29.5
-53310.2 -29.4
-52590.7 -29.3
-51871.2 -29.2
-51151.9 -29.1
-50432.8 -29
-49713.9 -28.9
-48995.3 -28.8
-48276.9 -28.7
-47558.8 -28.6
-46840.9 -28.5
-46123.4 -28.4
-45406.2 -28.3
-44689.4 -28.2
-43975.7 -28.1
-43277.4 -28
-42579.5 -27.9
-41882.1 -27.8
-41185.1 -27.7
-40488.6 -27.6
-39792.6 -27.5
-39097 -27.4
-38402 -27.3
-37707.5 -27.2
-37013.6 -27.1
-36320.3 -27
-35627.5 -26.9
-34935.4 -26.8
-34247.3 -26.7
-33571.5 -26.6
-32898.4 -26.5
-32225.9 -26.4
-31554.1 -26.3
-30883.1 -26.2
-30212.7 -26.1
-29543 -26
-28874.1 -25.9
-28206 -25.8
-27538.7 -25.7
-26872.2 -25.6
-26206.5 -25.5
-25541.6 -25.4
-24877.6 -25.3
-24214.5 -25.2
-23552.3 -25.1
-22891.1 -25
-22230.8 -24.9
-21571.4 -24.8
-20913.1 -24.7
-20255.8 -24.6
-19599.5 -24.5
-18944.2 -24.4
-18290.1 -24.3
-17637.1 -24.2
-16985.2 -24.1
-16352.5 -24
-15738.2 -23.9
-15146.4 -23.8
-14556.3 -23.7
-13967.8 -23.6
-13380.9 -23.5
-12795.6 -23.4
-12211.9 -23.3
-11629.9 -23.2
-11049.6 -23.1
-10471.1 -23
-9894.26 -22.9
-9319.15 -22.8
-8747.66 -22.7
-8188.15 -22.6
-7660.03 -22.5
-7166.56 -22.4
-6833.73 -22.3
-6514.41 -22.2
-6195.43 -22.1
-5876.81 -22
-5558.54 -21.9
-5240.63 -21.8
-4923.08 -21.7
-4605.9 -21.6
-4289.08 -21.5
-3988.35 -21.4
-3699.69 -21.3
-3413.32 -21.2
-3128.3 -21.1
-2844.23 -21
-2561.14 -20.9
-2279.58 -20.8
-2000.89 -20.7
-1724.23 -20.6
-1449.89 -20.5
-1178.08 -20.4
-908.728 -20.3
-641.898 -20.2
-376.632 -20.1
-120.164 -20
121.524 -19.9
364.147 -19.8
610.166 -19.7
859.339 -19.6
1107.51 -19.5
1354.67 -19.4
1600.8 -19.3
1845.87 -19.2
2089.86 -19.1
2341.52 -19
2615.39 -18.9
2887.6 -18.8
3158.13 -18.7
3426.95 -18.6
3695.26 -18.5
3966.68 -18.4
4236.17 -18.3
4503.69 -18.2
4769.2 -18.1
5032.67 -18
5294.07 -17.9
5553.35 -17.8
5810.5 -17.7
6065.47 -17.6
6318.22 -17.5
6568.72 -17.4
6818.29 -17.3
7065.62 -17.2
7310.56 -17.1
7553.08 -17
7793.13 -16.9
8030.68 -16.8
8265.71 -16.7
8498.18 -16.6
8728.06 -16.5
8955.31 -16.4
9179.91 -16.3
9401.82 -16.2
9621.03 -16.1
9837.5 -16
10051.2 -15.9
10262.1 -15.8
10470.2 -15.7
10675.5 -15.6
10877.9 -15.5
11077.5 -15.4
11274.1 -15.3
11467.9 -15.2
11658.7 -15.1
11846.6 -15
12031.6 -14.9
12213.6 -14.8
12392.7 -14.7
12568.8 -14.6
12742 -14.5
12912.2 -14.4
13079.4 -14.3
13243.7 -14.2
13405.1 -14.1
13563.6 -14
13719.1 -13.9
13871.7 -13.8
14021.5 -13.7
14168.4 -13.6
14312.4 -13.5
14453.7 -13.4
14592.1 -13.3
14727.8 -13.2
14860.7 -13.1
14990.9 -13
15118.5 -12.9
15243.4 -12.8
15365.7 -12.7
15485.5 -12.6
15602.7 -12.5
15717.4 -12.4
15829.7 -12.3
15939.5 -12.2
16047 -12.1
16152.2 -12
16255.1 -11.9
16355.8 -11.8
16454.2 -11.7
16550.5 -11.6
16644.7 -11.5
16736.9 -11.4
16827 -11.3
16915.2 -11.2
17001.4 -11.1
17085.8 -11
17168.3 -10.9
17249.1 -10.8
17328.1 -10.7
17405.3 -10.6
17481 -10.5
17555 -10.4
17627.4 -10.3
17698.3 -10.2
17767.7 -10.1
17835.6 -10
17902.1 -9.9
17967.2 -9.8
18031 -9.7
18093.4 -9.6
18154.6 -9.5
18214.6 -9.4
18273.3 -9.3
18330.9 -9.2
18387.4 -9.1
18442.7 -9
18497 -8.9
18550.2 -8.8
18602.4 -8.7
18653.6 -8.6
18703.8 -8.5
18753.2 -8.4
18801.6 -8.3
18849.2 -8.2
18895.9 -8.1
18941.7 -8
18986.8 -7.9
19031.1 -7.8
19074.6 -7.7
19117.4 -7.6
19159.5 -7.5
19200.8 -7.4
19241.5 -7.3
19281.6 -7.2
19321 -7.1
19359.8 -7
19397.9 -6.9
19435.5 -6.8
19472.5 -6.7
19509 -6.6
19544.9 -6.5
19580.3 -6.4
19615.2 -6.3
19649.6 -6.2
19683.5 -6.1
19716.9 -6
19749.9 -5.9
19782.4 -5.8
19814.5 -5.7
19846.2 -5.6
19877.4 -5.5
19908.3 -5.4
19938.7 -5.3
19968.8 -5.2
19998.5 -5.1
20027.9 -5
20056.9 -4.9
20085.5 -4.8
20113.8 -4.7
20141.8 -4.6
20169.5 -4.5
20196.8 -4.4
20223.9 -4.3
20250.6 -4.2
20277.1 -4.1
20303.3 -4
20329.2 -3.9
20354.8 -3.8
20380.2 -3.7
20405.3 -3.6
20430.2 -3.5
20454.8 -3.4
20479.2 -3.3
20503.3 -3.2
20527.3 -3.1
20551 -3
20574.4 -2.9
20597.7 -2.8
20620.8 -2.7
20643.6 -2.6
20666.3 -2.5
20688.7 -2.4
20711 -2.3
20733.1 -2.2
20755 -2.1
20776.7 -2
20798.3 -1.9
20819.6 -1.8
20840.8 -1.7
20861.9 -1.6
20882.8 -1.5
20903.5 -1.4
20924.1 -1.3
20944.5 -1.2
20964.7 -1.1
20984.9 -1
21004.8 -0.9
21024.7 -0.8
21044.4 -0.7
21064 -0.6
21083.4 -0.5
21102.7 -0.4
21121.9 -0.3
21140.9 -0.2
21159.9 -0.1
21178.7 -2.05946e-14
21197.4 0.1
21216 0.2
21234.4 0.3
21252.8 0.4
21271 0.5
21289.2 0.6
21307.2 0.7
21325.2 0.8
21343 0.9
21360.7 1
21378.4 1.1
21395.9 1.2
21413.3 1.3
21430.7 1.4
21448 1.5
21465.1 1.6
21482.2 1.7
21499.2 1.8
21516.1 1.9
21532.9 2
21549.7 2.1
21566.4 2.2
21582.9 2.3
21599.4 2.4
21615.9 2.5
21632.2 2.6
21648.5 2.7
21664.7 2.8
21680.8 2.9
21696.9 3
21712.9 3.1
21728.8 3.2
21744.7 3.3
21760.4 3.4
21776.2 3.5
21791.8 3.6
21807.4 3.7
21822.9 3.8
21838.4 3.9
21853.8 4
21869.2 4.1
21884.4 4.2
21899.7 4.3
21914.8 4.4
21930 4.5
21945 4.6
21960 4.7
21975 4.8
21989.9 4.9
22004.7 5
22019.5 5.1
22034.2 5.2
22048.9 5.3
22063.5 5.4
22078.1 5.5
22092.7 5.6
22107.2 5.7
22121.6 5.8
22136 5.9
22150.4 6
22164.7 6.1
22178.9 6.2
22193.1 6.3
22207.3 6.4
22221.4 6.5
22235.5 6.6
22249.6 6.7
22263.6 6.8
22277.5 6.9
22291.5 7
22305.3 7.1
22319.2 7.2
22333 7.3
22346.7 7.4
22360.5 7.5
22374.2 7.6
22387.8 7.7
22401.4 7.8
22415 7.9
22428.5 8
22442.1 8.1
22455.5 8.2
22469 8.3
22482.4 8.4
22495.7 8.5
22509.1 8.6
22522.4 8.7
22535.7 8.8
22548.9 8.9
22562.1 9
22575.3 9.1
22588.4 9.2
22601.5 9.3
22614.6 9.4
22627.7 9.5
22640.7 9.6
22653.7 9.7
22666.7 9.8
22679.6 9.9
22692.5 10
22705.4 10.1
22718.2 10.2
22731.1 10.3
22743.8 10.4
22756.6 10.5
22769.4 10.6
22782.1 10.7
22794.8 10.8
22807.4 10.9
22820.1 11
22832.7 11.1
22845.3 11.2
22857.8 11.3
22870.4 11.4
22882.9 11.5
22895.4 11.6
22907.8 11.7
22920.3 11.8
22932.7 11.9
22945.1 12
22957.5 12.1
22969.8 12.2
22982.2 12.3
22994.5 12.4
23006.7 12.5
23019 12.6
23031.3 12.7
23043.5 12.8
23055.7 12.9
23067.8 13
23080 13.1
23092.1 13.2
23104.3 13.3
23116.3 13.4
23128.4 13.5
23140.5 13.6
23152.5 13.7
23164.5 13.8
23176.5 13.9
23188.5 14
23200.5 14.1
23212.4 14.2
23224.3 14.3
23236.2 14.4
23248.1 14.5
23260 14.6
23271.8 14.7
23283.6 14.8
23295.5 14.9
23307.2 15
23319 15.1
23330.8 15.2
23342.5 15.3
23354.2 15.4
23366 15.5
23377.6 15.6
23389.3 15.7
23401 15.8
23412.6 15.9
23424.3 16
23435.9 16.1
23447.5 16.2
23459 16.3
23470.6 16.4
23482.1 16.5
23493.7 16.6
23505.2 16.7
23516.7 16.8
23528.2 16.9
23539.6 17
23551.1 17.1
23562.5 17.2
23574 17.3
23585.4 17.4
23596.8 17.5
23608.2 17.6
23619.5 17.7
23630.9 17.8
23642.2 17.9
23653.6 18
23664.9 18.1
23676.2 18.2
23687.5 18.3
23698.7 18.4
23710 18.5
23721.2 18.6
23732.5 18.7
23743.7 18.8
23754.9 18.9
23766.1 19
23777.3 19.1
23788.5 19.2
23799.6 19.3
23810.8 19.4
23821.9 19.5
23833 19.6
23844.1 19.7
23855.2 19.8
23866.3 19.9
23877.4 20
23888.4 20.1
23899.5 20.2
23910.5 20.3
23921.5 20.4
23932.5 20.5
23943.5 20.6
23954.5 20.7
23965.5 20.8
23976.5 20.9
23987.4 21
23998.4 21.1
24009.3 21.2
24020.2 21.3
24031.1 21.4
24042 21.5
24052.9 21.6
24063.8 21.7
24074.6 21.8
24085.5 21.9
24096.3 22
24107.2 22.1
24118 22.2
24128.8 22.3
24139.6 22.4
24150.4 22.5
24161.2 22.6
24172 22.7
24182.7 22.8
24193.5 22.9
24204.2 23
24214.9 23.1
24225.7 23.2
24236.4 23.3
24247.1 23.4
24257.8 23.5
24268.4 23.6
24279.1 23.7
24289.8 23.8
24300.4 23.9
24311.1 24
24321.7 24.1
24332.3 24.2
24342.9 24.3
24353.5 24.4
24364.1 24.5
24374.7 24.6
24385.3 24.7
24395.9 24.8
24406.4 24.9
24417 25
24427.5 25.1
24438 25.2
24448.6 25.3
24459.1 25.4
24469.6 25.5
24480.1 25.6
24490.5 25.7
24501 25.8
24511.5 25.9
24521.9 26
24532.4 26.1
24542.8 26.2
24553.3 26.3
24563.7 26.4
24574.1 26.5
24584.5 26.6
24594.9 26.7
24605.3 26.8
24615.7 26.9
24626 27
24636.4 27.1
24646.7 27.2
24657.1 27.3
24667.4 27.4
24677.7 27.5
24688 27.6
24698.4 27.7
24708.6 27.8
24718.9 27.9
24729.2 28
24739.5 28.1
24749.8 28.2
24760 28.3
24770.3 28.4
24780.5 28.5
24790.7 28.6
24800.9 28.7
24811.2 28.8
24821.4 28.9
24831.6 29
24841.7 29.1
24851.9 29.2
24862.1 29.3
24872.2 29.4
24882.4 29.5
24892.5 29.6
24902.5 29.7
24912.5 29.8
24922.6 29.9
24932.6 30
24942.6 30.1
24952.6 30.2
24962.6 30.3
24972.6 30.4
24982.6 30.5
24992.6 30.6
25002.5 30.7
25012.5 30.8
25022.4 30.9
25032.4 31
25042.3 31.1
25052.2 31.2
25062.1 31.3
25072 31.4
25081.9 31.5
25091.8 31.6
25101.6 31.7
25111.5 31.8
25121.4 31.9
25131.2 32
25141 32.1
25150.9 32.2
25160.7 32.3
25170.5 32.4
25180.3 32.5
25190.1 32.6
25199.9 32.7
25209.6 32.8
25219.4 32.9
25229.1 33
25238.9 33.1
25248.6 33.2
25258.3 33.3
25268 33.4
25277.7 33.5
25287.4 33.6
25297 33.7
25306.7 33.8
25316.4 33.9
25326 34
25335.6 34.1
25345.2 34.2
25354.8 34.3
25364.4 34.4
25374 34.5
25383.6 34.6
25393.1 34.7
25402.7 34.8
25412.2 34.9
25421.7 35
25431.2 35.1
25440.7 35.2
25450.2 35.3
25459.6 35.4
25469.1 35.5
25478.5 35.6
25488 35.7
25497.4 35.8
25506.8 35.9
25516.2 36
25525.5 36.1
25534.9 36.2
25544.2 36.3
25553.5 36.4
25562.8 36.5
25572.1 36.6
25581.3 36.7
25590.6 36.8
25599.8 36.9
25609 37
25618.2 37.1
25627.3 37.2
25636.4 37.3
25645.5 37.4
25654.5 37.5
25663.5 37.6
25672.5 37.7
25681.4 37.8
25690.4 37.9
25699.2 38
25708.1 38.1
25716.9 38.2
25725.7 38.3
25734.4 38.4
25743.1 38.5
25751.8 38.6
25760.4 38.7
25769 38.8
25777.6 38.9
25786.1 39
25794.5 39.1
25802.9 39.2
25811.3 39.3
25819.6 39.4
25827.9 39.5
25836.1 39.6
25844.2 39.7
25852.3 39.8
25860.4 39.9
25868.4 40
25876.3 40.1
25884.2 40.2
25892 40.3
25899.7 40.4
25907.4 40.5
25915 40.6
25922.6 40.7
25930.1 40.8
25937.5 40.9
25944.9 41
25952.2 41.1
25959.5 41.2
25966.7 41.3
25973.8 41.4
25980.9 41.5
25988 41.6
25995 41.7
26001.9 41.8
26008.8 41.9
26015.7 42
26022.5 42.1
26029.3 42.2
26036.1 42.3
26042.8 42.4
26049.5 42.5
26056.2 42.6
26062.8 42.7
26069.4 42.8
26076 42.9
26082.5 43
26089.1 43.1
26095.6 43.2
26102.1 43.3
26108.6 43.4
26115 43.5
26121.5 43.6
26127.9 43.7
26134.4 43.8
26140.8 43.9
26147.2 44
26153.6 44.1
26160 44.2
26166.4 44.3
26172.8 44.4
25822 44.3
25471.3 44.2
25120.7 44.1
24770.3 44
24420 43.9
24070 43.8
23720.1 43.7
23370.5 43.6
23021.2 43.5
22672.2 43.4
22323.4 43.3
21975 43.2
21626.9 43.1
21279.2 43
20931.8 42.9
20584.9 42.8
20238.3 42.7
19892.2 42.6
19546.6 42.5
19201.4 42.4
18856.7 42.3
18512.5 42.2
18168.9 42.1
17825.8 42
17483.2 41.9
17141.3 41.8
16800 41.7
16459.3 41.6
16119.3 41.5
15779.9 41.4
15441.3 41.3
15103.4 41.2
14766.2 41.1
14429.8 41
14094.3 40.9
13759.5 40.8
13425.6 40.7
13092.6 40.6
12760.5 40.5
12429.3 40.4
12099.1 40.3
11769.9 40.2
11441.7 40.1
11114.6 40
10790 39.9
10467.5 39.8
10146.1 39.7
9825.91 39.6
9506.88 39.5
9189.07 39.4
8872.51 39.3
8557.24 39.2
8243.29 39.1
7930.7 39
7619.5 38.9
7309.72 38.8
7001.41 38.7
6694.6 38.6
6389.32 38.5
6085.63 38.4
5783.54 38.3
5483.11 38.2
5184.36 38.1
4887.35 38
4592.1 37.9
4298.66 37.8
4007.07 37.7
3717.37 37.6
3429.59 37.5
3143.78 37.4
2861.03 37.3
2583.52 37.2
2310.27 37.1
2039 37
1769.75 36.9
1502.56 36.8
1237.46 36.7
974.493 36.6
715.427 36.5
461.214 36.4
212.59 36.3
-27.2618 36.2
-282.745 36.1
-533.044 36
-782.449 35.9
-1019.42 35.8
-1247.29 35.7
-1474.11 35.6
-1699.62 35.5
-1923.99 35.4
-2146.08 35.3
-2366.98 35.2
-2586.65 35.1
-2803.9 35
-3018.71 34.9
-3231.04 34.8
-3440.89 34.7
-3648.23 34.6
-3853.06 34.5
-4055.34 34.4
-4255.07 34.3
-4452.24 34.2
-4646.83 34.1
-4838.83 34
-5028.24 33.9
-5215.05 33.8
-5399.25 33.7
-5580.84 33.6
-5759.82 33.5
-5936.18 33.4
-6109.93 33.3
-6281.07 33.2
-6449.61 33.1
-6615.54 33
-6778.89 32.9
-6939.65 32.8
-7097.83 32.7
-7253.46 32.6
-7406.54 32.5
-7557.09 32.4
-7705.12 32.3
-7850.66 32.2
-7993.72 32.1
-8134.31 32
-8272.46 31.9
-8408.21 31.8
-8541.56 31.7
-8672.56 31.6
-8801.23 31.5
-8927.58 31.4
-9051.67 31.3
-9173.5 31.2
-9293.11 31.1
-9410.54 31
-9525.82 30.9
-9638.97 30.8
-9750.03 30.7
-9859.04 30.6
-9966.02 30.5
-10071 30.4
-10174.1 30.3
-10275.2 30.2
-10374.4 30.1
-10471.8 30
-10567.4 29.9
-10661.2 29.8
-10753.2 29.7
-10843.5 29.6
-10932.2 29.5
-11019.2 29.4
-11104.6 29.3
-11188.5 29.2
-11270.8 29.1
-11351.6 29
-11430.9 28.9
-11508.8 28.8
-11585.3 28.7
-11660.4 28.6
-11734.2 28.5
-11806.7 28.4
-11877.8 28.3
-11947.8 28.2
-12016.5 28.1
-12084 28
-12150.3 27.9
-12215.5 27.8
-12279.7 27.7
-12342.7 27.6
-12404.7 27.5
-12465.6 27.4
-12525.5 27.3
-12584.5 27.2
-12642.5 27.1
-12699.6 27
-12755.7 26.9
-12811 26.8
-12865.4 26.7
-12919 26.6
-12971.8 26.5
-13023.7 26.4
-13074.9 26.3
-13125.3 26.2
-13175 26.1
-13223.9 26
-13272.1 25.9
-13319.7 25.8
-13366.6 25.7
-13412.8 25.6
-13458.4 25.5
-13503.3 25.4
-13547.7 25.3
-13591.4 25.2
-13634.6 25.1
-13677.2 25
-13719.3 24.9
-13760.8 24.8
-13801.8 24.7
-13842.2 24.6
-13882.2 24.5
-13921.7 24.4
-13960.7 24.3
-13999.3 24.2
-14037.4 24.1
-14075 24
-14112.2 23.9
-14149 23.8
-14185.4 23.7
-14221.4 23.6
-14257 23.5
-14292.2 23.4
-14327 23.3
-14361.4 23.2
-14395.5 23.1
-14429.2 23
-14462.6 22.9
-14495.7 22.8
-14528.4 22.7
-14560.8 22.6
-14592.8 22.5
-14624.6 22.4
-14656.1 22.3
-14687.2 22.2
-14718.1 22.1
-14748.7 22
-14779 21.9
-14809.1 21.8
-14838.9 21.7
-14868.4 21.6
-14897.6 21.5
-14926.6 21.4
-14955.4 21.3
-14983.9 21.2
-15012.2 21.1
-15040.3 21
-15068.1 20.9
-15095.7 20.8
-15123.1 20.7
-15150.3 20.6
-15177.2 20.5
-15204 20.4
-15230.5 20.3
-15256.9 20.2
-15283 20.1
-15309 20
-15334.8 19.9
-15360.4 19.8
-15385.8 19.7
-15411 19.6
-15436.1 19.5
-15461 19.4
-15485.7 19.3
-15510.3 19.2
-15534.7 19.1
-15558.9 19
-15583 18.9
-15606.9 18.8
-15630.7 18.7
-15654.3 18.6
-15677.8 18.5
-15701.1 18.4
-15724.3 18.3
-15747.3 18.2
-15770.3 18.1
-15793 18
-15815.7 17.9
-15839.6 17.8
-15863.6 17.7
-15887.4 17.6
-15911.1 17.5
-15934.6 17.4
-15958 17.3
-15981.2 17.2
-16004.3 17.1
-16027.3 17
-16050.1 16.9
-16072.8 16.8
-16095.4 16.7
-16117.8 16.6
-16140.2 16.5
-16162.4 16.4
-16184.4 16.3
-16206.4 16.2
-16228.2 16.1
-16249.9 16
-16271.6 15.9
-16293 15.8
-16314.4 15.7
-16335.7 15.6
-16356.9 15.5
-16377.9 15.4
-16398.9 15.3
-16419.8 15.2
-16440.6 15.1
-16461.3 15
-16482 14.9
-16502.5 14.8
-16523 14.7
-16543.3 14.6
-16563.6 14.5
-16583.7 14.4
-16603.8 14.3
-16623.8 14.2
-16643.7 14.1
-16663.5 14
-16683.2 13.9
-16702.8 13.8
-16722.4 13.7
-16741.9 13.6
-16761.3 13.5
-16780.6 13.4
-16799.8 13.3
-16818.9 13.2
-16838 13.1
-16857 13
-16875.9 12.9
-16894.7 12.8
-16913.5 12.7
-16932.2 12.6
-16950.8 12.5
-16969.4 12.4
-16987.8 12.3
-17006.3 12.2
-17024.6 12.1
-17042.9 12
-17061.1 11.9
-17079.2 11.8
-17097.3 11.7
-17115.3 11.6
-17133.2 11.5
-17151.1 11.4
-17168.9 11.3
-17186.7 11.2
-17204.4 11.1
-17222 11
-17239.6 10.9
-17257.1 10.8
-17274.5 10.7
-17291.9 10.6
-17309.3 10.5
-17326.6 10.4
-17343.8 10.3
-17361 10.2
-17378.1 10.1
-17395.1 10
-17412.1 9.9
-17429.1 9.8
-17446 9.7
-17462.8 9.6
-17479.7 9.5
-17496.4 9.4
-17513.1 9.3
-17529.8 9.2
-17546.4 9.1
-17563 9
-17579.5 8.9
-17595.9 8.8
-17612.4 8.7
-17628.7 8.6
-17645.1 8.5
-17661.3 8.4
-17677.6 8.3
-17693.8 8.2
-17709.9 8.1
-17726 8
-17742 7.9
-17758.1 7.8
-17774 7.7
-17789.9 7.6
-17805.8 7.5
-17821.6 7.4
-17837.4 7.3
-17853.2 7.2
-17868.9 7.1
-17884.6 7
-17900.2 6.9
-17915.8 6.8
-17931.3 6.7
-17946.9 6.6
-17962.3 6.5
-17977.8 6.4
-17993.2 6.3
-18008.5 6.2
-18023.8 6.1
-18039.1 6
-18054.4 5.9
-18069.6 5.8
-18084.7 5.7
-18099.9 5.6
-18115 5.5
-18130 5.4
-18145.1 5.3
-18160.1 5.2
-18175 5.1
-18190 5
-18204.8 4.9
-18219.7 4.8
-18234.5 4.7
-18249.3 4.6
-18264.1 4.5
-18278.8 4.4
-18293.5 4.3
-18308.2 4.2
-18322.8 4.1
-18337.4 4
-18351.9 3.9
-18366.5 3.8
-18381 3.7
-18395.5 3.6
-18409.9 3.5
-18424.3 3.4
-18438.7 3.3
-18453.1 3.2
-18467.4 3.1
-18481.7 3
-18495.9 2.9
-18510.2 2.8
-18524.4 2.7
-18538.6 2.6
-18552.7 2.5
-18566.8 2.4
-18580.9 2.3
-18595 2.2
-18609 2.1
-18623.1 2
-18637 1.9
-18651 1.8
-18664.9 1.7
-18678.8 1.6
-18692.7 1.5
-18706.6 1.4
-18720.4 1.3
-18734.2 1.2
-18748 1.1
-18761.7 1
-18775.5 0.9
-18789.2 0.8
-18802.9 0.7
-18816.5 0.6
-18830.1 0.5
-18843.7 0.4
-18857.3 0.3
-18870.9 0.2
-18884.4 0.1
-18897.9 -2.23987e-14
-18911.4 -0.1
-18924.9 -0.2
-18938.3 -0.3
-18951.7 -0.4
-18965.1 -0.5
-18978.5 -0.6
-18991.9 -0.7
-19005.2 -0.8
-19018.5 -0.9
-19031.8 -1
-19045 -1.1
-19058.3 -1.2
-19071.5 -1.3
-19084.7 -1.4
-19097.9 -1.5
-19111 -1.6
-19124.2 -1.7
-19137.3 -1.8
-19150.4 -1.9
-19163.4 -2
-19176.5 -2.1
-19189.5 -2.2
-19202.5 -2.3
-19215.5 -2.4
-19228.5 -2.5
-19241.5 -2.6
-19254.4 -2.7
-19267.3 -2.8
-19280.2 -2.9
-19293.1 -3
-19305.9 -3.1
-19318.8 -3.2
-19331.6 -3.3
-19344.4 -3.4
-19357.2 -3.5
-19369.9 -3.6
-19382.7 -3.7
-19395.4 -3.8
-19408.1 -3.9
-19420.8 -4
-19433.4 -4.1
-19446.1 -4.2
-19458.7 -4.3
-19471.3 -4.4
-19483.9 -4.5
-19496.5 -4.6
-19509.1 -4.7
-19521.6 -4.8
-19534.2 -4.9
-19546.7 -5
-19559.2 -5.1
-19571.7 -5.2
-19584.1 -5.3
-19596.6 -5.4
-19609 -5.5
-19621.4 -5.6
-19633.8 -5.7
-19646.2 -5.8
-19658.5 -5.9
-19670.9 -6
-19683.2 -6.1
-19695.5 -6.2
-19707.8 -6.3
-19720.1 -6.4
-19732.4 -6.5
-19744.6 -6.6
-19756.9 -6.7
-19769.1 -6.8
-19781.3 -6.9
-19793.5 -7
-19805.7 -7.1
-19817.8 -7.2
-19830 -7.3
-19842.1 -7.4
-19854.3 -7.5
-19866.4 -7.6
-19878.4 -7.7
-19890.5 -7.8
-19902.6 -7.9
-19914.6 -8
-19926.7 -8.1
-19938.7 -8.2
-19950.7 -8.3
-19962.7 -8.4
-19974.7 -8.5
-19986.6 -8.6
-19998.6 -8.7
-20010.5 -8.8
-20022.4 -8.9
-20034.4 -9
-20046.2 -9.1
-20058.1 -9.2
-20070 -9.3
-20081.9 -9.4
-20093.7 -9.5
-20105.5 -9.6
-20117.3 -9.7
-20129.2 -9.8
-20140.9 -9.9
-20152.7 -10
-20164.5 -10.1
-20176.2 -10.2
-20188 -10.3
-20199.7 -10.4
-20211.4 -10.5
-20223.1 -10.6
-20234.8 -10.7
-20246.5 -10.8
-20258.2 -10.9
-20269.8 -11
-20281.5 -11.1
-20293.1 -11.2
-20304.7 -11.3
-20316.3 -11.4
-20327.9 -11.5
-20339.5 -11.6
-20351 -11.7
-20362.6 -11.8
-20374.2 -11.9
-20385.7 -12
-20397.2 -12.1
-20408.7 -12.2
-20420.2 -12.3
-20431.7 -12.4
-20443.2 -12.5
-20454.7 -12.6
-20466.1 -12.7
-20477.6 -12.8
-20489 -12.9
-20500.4 -13
-20511.8 -13.1
-20523.2 -13.2
-20534.6 -13.3
-20546 -13.4
-20557.4 -13.5
-20568.7 -13.6
-20580.1 -13.7
-20591.4 -13.8
-20602.7 -13.9
-20614.1 -14
-20625.4 -14.1
-20636.7 -14.2
-20647.9 -14.3
-20659.2 -14.4
-20670.5 -14.5
-20681.7 -14.6
-20693 -14.7
-20704.2 -14.8
-20715.4 -14.9
-20726.7 -15
-20737.9 -15.1
-20749.1 -15.2
-20760.2 -15.3
-20771.4 -15.4
-20782.6 -15.5
-20793.7 -15.6
-20804.9 -15.7
-20816 -15.8
-20827.2 -15.9
-20838.3 -16
-20849.4 -16.1
-20860.5 -16.2
-20871.6 -16.3
-20882.7 -16.4
-20893.7 -16.5
-20904.8 -16.6
-20915.8 -16.7
-20926.9 -16.8
-20937.9 -16.9
-20949 -17
-20960 -17.1
-20971 -17.2
-20982 -17.3
-20993 -17.4
-21004 -17.5
-21014.9 -17.6
-21025.9 -17.7
-21036.9 -17.8
-21047.8 -17.9
-21058.7 -18
-21069.7 -18.1
-21080.6 -18.2
-21091.5 -18.3
-21102.4 -18.4
-21113.3 -18.5
-21124.2 -18.6
-21135.1 -18.7
-21146 -18.8
-21156.8 -18.9
-21167.7 -19
-21178.5 -19.1
-21189.4 -19.2
-21200.2 -19.3
-21211 -19.4
-21221.8 -19.5
-21232.6 -19.6
-21243.4 -19.7
-21254.2 -19.8
-21265 -19.9
-21275.8 -20
-21286.6 -20.1
-21297.3 -20.2
-21308.1 -20.3
-21318.8 -20.4
-21329.6 -20.5
-21340.3 -20.6
-21351 -20.7
-21361.8 -20.8
-21372.5 -20.9
-21383.2 -21
-21393.9 -21.1
-21404.5 -21.2
-21415.2 -21.3
-21425.9 -21.4
-21436.6 -21.5
-21447.2 -21.6
-21457.9 -21.7
-21468.5 -21.8
-21479.2 -21.9
-21489.8 -22
-21500.4 -22.1
-21511 -22.2
-21521.7 -22.3
-21532.3 -22.4
-21733.5 -22.5
-22245.1 -22.6
-22756.6 -22.7
-23267.9 -22.8
-23779.2 -22.9
-24290.3 -23
-24801.4 -23.1
-25312.3 -23.2
-25823.1 -23.3
-26333.7 -23.4
-26844.2 -23.5
-27354.6 -23.6
-27864.8 -23.7
-28374.8 -23.8
-28884.6 -23.9
-29394.1 -24
-29903.4 -24.1
-30412.4 -24.2
-30921.1 -24.3
-31429.4 -24.4
-31937.4 -24.5
-32444.8 -24.6
-32951.8 -24.7
-33488.2 -24.8
-34036.5 -24.9
-34584 -25
-35130.7 -25.1
-35676.3 -25.2
-36220.9 -25.3
-36764.2 -25.4
-37306.2 -25.5
-37846.8 -25.6
-38385.7 -25.7
-38922.8 -25.8
-39459.9 -25.9
-40015.5 -26
-40568.3 -26.1
-41117.9 -26.2
-41664.1 -26.3
-42206.5 -26.4
-42744.7 -26.5
-43278.5 -26.6
-43807.3 -26.7
-44330.7 -26.8
-44848.2 -26.9
-45359.3 -27
-45863.5 -27.1
-46360.1 -27.2
-46848.6 -27.3
-47328.3 -27.4
-47798.5 -27.5
-48258.4 -27.6
-48707.4 -27.7
-49144.7 -27.8
-49569.6 -27.9
-49981.3 -28
-50379.2 -28.1
-50762.5 -28.2
-51130.8 -28.3
-51483.4 -28.4
-51819.9 -28.5
-52140.1 -28.6
-52443.9 -28.7
-52731.2 -28.8
-53002.1 -28.9
-53257.1 -29
-53496.4 -29.1
-53720.8 -29.2
-53930.8 -29.3
-54127.2 -29.4
-54311 -29.5
-54482.8 -29.6
-54643.7 -29.7
-54793 -29.8
-54925.7 -29.9
-55050.2 -30
-55167 -30.1
-55277.1 -30.2
-55380.9 -30.3
-55479.1 -30.4
-55557.2 -30.5
-55629.6 -30.6
-55698.5 -30.7
-55764.3 -30.8
-55827.2 -30.9
-55887.4 -31
-55942.2 -31.1
-55994.7 -31.2
-56045 -31.3
-56093.3 -31.4
-56139.8 -31.5
-56184.6 -31.6
-56227.8 -31.7
-56269.4 -31.8
-56309.6 -31.9
-56348.4 -32
-56386 -32.1
-56422.3 -32.2
-56457.4 -32.3
-56491.5 -32.4
-56524.4 -32.5
-56556.3 -32.6
-56587.2 -32.7
-56617 -32.8
-56645.8 -32.9
-56673.5 -33
-56700.1 -33.1
-56725.7 -33.2
-56750 -33.3
-56773.1 -33.4
-56794.7 -33.5
-56814.7 -33.6
-56832.7 -33.7
-56848.1 -33.8
-56860 -33.9
-56865.9 -34
-56857 -34.1
-56618 -34.2
-52030.5 -34.3
-52506.9 -34.4
-52963.2 -34.5
-53406.2 -34.6
-53833.7 -34.7
-54242.8 -34.8
-54628.9 -34.9
-54974.8 -35
-55250.1 -35.1
-55481.5 -35.2
-55662.6 -35.3
-55764.3 -35.4
-55708 -35.5
-56040.6 -35.6
-56466 -35.7
-56487 -35.8
-56500.5 -35.9
-56514 -36
-56527.5 -36.1
-56541 -36.2
-56554.5 -36.3
-56568 -36.4
-56581.5 -36.5
-56594.9 -36.6
-56608.4 -36.7
-56621.8 -36.8
-56635.2 -36.9
-56648.6 -37
-56662 -37.1
-56675.4 -37.2
-56688.8 -37.3
-56705.7 -37.4
-56727.1 -37.5
-56748.5 -37.6
-56769.9 -37.7
-56791.3 -37.8
-56812.6 -37.9
-56834 -38
-56855.4 -38.1
-56876.7 -38.2
-56898 -38.3
-56919.3 -38.4
-56940.7 -38.5
-56962 -38.6
-56983.3 -38.7
-57004.6 -38.8
-57025.9 -38.9
-57047.1 -39
-57068.4 -39.1
-57089.7 -39.2
-57111 -39.3
-57132.2 -39.4
-57153.5 -39.5
-57174.7 -39.6
-57196 -39.7
-57217.2 -39.8
-57238.5 -39.9
-57259.7 -40
-57281 -40.1
-57302.2 -40.2
-57323.4 -40.3
-57344.7 -40.4
-57365.9 -40.5
-57387.1 -40.6
-57408.3 -40.7
-57429.5 -40.8
-57450.7 -40.9
-57471.9 -41
-57493.1 -41.1
-57514.3 -41.2
-57535.5 -41.3
-57556.7 -41.4
-57577.9 -41.5
-57599.1 -41.6
-57620.2 -41.7
-57641.4 -41.8
-57662.6 -41.9
-57683.7 -42
-57704.9 -42.1
-57726 -42.2
-57747.2 -42.3
-57768.3 -42.4
-57789.5 -42.5
-57810.6 -42.6
-57831.7 -42.7
-57852.8 -42.8
-57874 -42.9
-57895.1 -43
-57916.2 -43.1
-57937.3 -43.2
-57958.4 -43.3
-57979.5 -43.4
-58000.6 -43.5
-58021.7 -43.6
-58042.7 -43.7
-58063.8 -43.8
-58084.9 -43.9
-58106 -44
-58127 -44.1
-58148.1 -44.2
-58169.1 -44.3
-58190.2 -44.4
-57466.6 -44.3
-56743.2 -44.2
-56019.9 -44.1
-55296.7 -44
-54573.7 -43.9
-53851 -43.8
-53128.5 -43.7
-52406.3 -43.6
-51684.4 -43.5
-50962.9 -43.4
-50241.6 -43.3
-49520.8 -43.2
-48800.3 -43.1
-48080.2 -43
-47360.6 -42.9
-46641.4 -42.8
-45922.7 -42.7
-45204.4 -42.6
-44497.2 -42.5
-43791.9 -42.4
-43093.6 -42.3
-42405.3 -42.2
-41725 -42.1
-41047.6 -42
-40390.5 -41.9
-39733.9 -41.8
-39078.1 -41.7
-38422.9 -41.6
-37768.4 -41.5
-37114.7 -41.4
-36461.7 -41.3
-35809.5 -41.2
-35158 -41.1
-34507.4 -41
-33857.6 -40.9
-33208.6 -40.8
-32560.5 -40.7
-31913.3 -40.6
-31267 -40.5
-30621.7 -40.4
-29977.3 -40.3
-29333.8 -40.2
-28691.4 -40.1
-28050 -40
-27409.7 -39.9
-26770.4 -39.8
-26132.2 -39.7
-25495.1 -39.6
-24859.1 -39.5
-24224.3 -39.4
-23590.7 -39.3
-22958.3 -39.2
-22327.1 -39.1
-21697.2 -39
-21068.5 -38.9
-20441.2 -38.8
-19815.2 -38.7
-19190.5 -38.6
-18567.3 -38.5
-17947 -38.4
-17335.5 -38.3
-16726 -38.2
-16121.7 -38.1
-15521.6 -38
-14922.9 -37.9
-14331.4 -37.8
-13756.4 -37.7
-13259.2 -37.6
-12806.2 -37.5
-12482.3 -37.4
-12160 -37.3
-11838.1 -37.2
-11516.5 -37.1
-11195.2 -37
-10874.2 -36.9
-10553.6 -36.8
-10233.3 -36.7
-9913.4 -36.6
-9593.8 -36.5
-9274.56 -36.4
-8955.65 -36.3
-8637.01 -36.2
-8318.73 -36.1
-8000.83 -36
-7683.29 -35.9
-7366.12 -35.8
-7049.34 -35.7
-6732.94 -35.6
-6417.57 -35.5
-6105.76 -35.4
-5794.37 -35.3
-5483.43 -35.2
-5172.93 -35.1
-4862.88 -35
-4553.28 -34.9
-4244.15 -34.8
-3935.48 -34.7
-3628.61 -34.6
-3322.92 -34.5
-3019.57 -34.4
-2730.47 -34.3
-2442.42 -34.2
-2156.49 -34.1
-1873.16 -34
-1591.35 -33.9
-1324.8 -33.8
-1059.81 -33.7
-797.652 -33.6
-537.674 -33.5
-280.818 -33.4
-32.4643 -33.3
198.255 -33.2
434.322 -33.1
672.01 -33
912.836 -32.9
1152.69 -32.8
1391.46 -32.7
1629.14 -32.6
1865.71 -32.5
2101.15 -32.4
2335.44 -32.3
2568.54 -32.2
2800.46 -32.1
3031.16 -32
3280.52 -31.9
3537.15 -31.8
3791.98 -31.7
4044.97 -31.6
4296.1 -31.5
4545.34 -31.4
4792.65 -31.3
5038.02 -31.2
5281.4 -31.1
5522.78 -31
5766.47 -30.9
6008.63 -30.8
6248.56 -30.7
6486.23 -30.6
6721.61 -30.5
6954.68 -30.4
7185.4 -30.3
7413.75 -30.2
7639.71 -30.1
7863.24 -30
8084.33 -29.9
8302.95 -29.8
8519.08 -29.7
8732.69 -29.6
8943.77 -29.5
9152.29 -29.4
9358.24 -29.3
9561.61 -29.2
9762.36 -29.1
9960.5 -29
10156 -28.9
10348.9 -28.8
10539.1 -28.7
10726.6 -28.6
10911.5 -28.5
11093.7 -28.4
11273.2 -28.3
11450.5 -28.2
11625.4 -28.1
11797.5 -28
11966.8 -27.9
12133.5 -27.8
12297.5 -27.7
12458.8 -27.6
12617.4 -27.5
12773.3 -27.4
12926.5 -27.3
13077.1 -27.2
13225.1 -27.1
13370.5 -27
13513.2 -26.9
13653.4 -26.8
13791.1 -26.7
13926.2 -26.6
14058.8 -26.5
14188.9 -26.4
14316.6 -26.3
14441.8 -26.2
14564.7 -26.1
14685.2 -26
14803.3 -25.9
14919.2 -25.8
15032.8 -25.7
15144.1 -25.6
15253.3 -25.5
15360.2 -25.4
15465.1 -25.3
15567.8 -25.2
15668.5 -25.1
15767.1 -25
15863.8 -24.9
15958.5 -24.8
16051.3 -24.7
16142.3 -24.6
16231.3 -24.5
16318.6 -24.4
16404.1 -24.3
16487.9 -24.2
16570 -24.1
16650.4 -24
16729.2 -23.9
16806.4 -23.8
16882.1 -23.7
16956.2 -23.6
17028.9 -23.5
17100.1 -23.4
17169.9 -23.3
17238.4 -23.2
17305.4 -23.1
17371.2 -23
17435.7 -22.9
17498.9 -22.8
17560.9 -22.7
17621.7 -22.6
17681.4 -22.5
17739.9 -22.4
17797.3 -22.3
17853.7 -22.2
17909 -22.1
17963.2 -22
18016.5 -21.9
18068.8 -21.8
18120.2 -21.7
18170.6 -21.6
18220.2 -21.5
18268.8 -21.4
18316.6 -21.3
18363.6 -21.2
18409.8 -21.1
18455.2 -21
18499.8 -20.9
18543.7 -20.8
18586.8 -20.7
18629.3 -20.6
18671 -20.5
18712.1 -20.4
18752.5 -20.3
18792.3 -20.2
18831.5 -20.1
18870 -20
18908 -19.9
18945.4 -19.8
18982.2 -19.7
19018.5 -19.6
19054.3 -19.5
19089.6 -19.4
19124.3 -19.3
19158.6 -19.2
19192.4 -19.1
19225.7 -19
19258.6 -18.9
19291 -18.8
19323 -18.7
19354.6 -18.6
19385.8 -18.5
19416.6 -18.4
19446.9 -18.3
19477 -18.2
19506.6 -18.1
19535.9 -18
19564.8 -17.9
19593.4 -17.8
19621.7 -17.7
19649.6 -17.6
19677.2 -17.5
19704.5 -17.4
19731.5 -17.3
19758.2 -17.2
19784.6 -17.1
19810.7 -17
19836.5 -16.9
19862.1 -16.8
19887.4 -16.7
19912.5 -16.6
19937.3 -16.5
19961.8 -16.4
19986.1 -16.3
20010.2 -16.2
20034.1 -16.1
20057.7 -16
20081.1 -15.9
20104.3 -15.8
20127.3 -15.7
20150 -15.6
20172.6 -15.5
20195 -15.4
20217.1 -15.3
20239.1 -15.2
20260.9 -15.1
20282.6 -15
20304 -14.9
20325.3 -14.8
20346.4 -14.7
20367.3 -14.6
20388.1 -14.5
20408.7 -14.4
20429.1 -14.3
20449.4 -14.2
20469.6 -14.1
20489.6 -14
20509.4 -13.9
20529.1 -13.8
20548.7 -13.7
20568.1 -13.6
20587.5 -13.5
20606.6 -13.4
20625.7 -13.3
20644.6 -13.2
20663.4 -13.1
20682 -13
20700.6 -12.9
20719 -12.8
20737.3 -12.7
20755.6 -12.6
20773.6 -12.5
20791.6 -12.4
20809.5 -12.3
20827.3 -12.2
20845 -12.1
20862.5 -12
20880 -11.9
20897.4 -11.8
20914.6 -11.7
20931.8 -11.6
20948.9 -11.5
20965.9 -11.4
20982.8 -11.3
20999.6 -11.2
21016.4 -11.1
21033 -11
21049.6 -10.9
21066 -10.8
21082.4 -10.7
21098.8 -10.6
21115 -10.5
21131.2 -10.4
21147.2 -10.3
21163.3 -10.2
21179.2 -10.1
21195.1 -10
21210.9 -9.9
21226.6 -9.8
21242.2 -9.7
21257.8 -9.6
21273.3 -9.5
21288.8 -9.4
21304.2 -9.3
21319.5 -9.2
21334.8 -9.1
21350 -9
21365.1 -8.9
21380.2 -8.8
21395.2 -8.7
21410.2 -8.6
21425.1 -8.5
21439.9 -8.4
21454.7 -8.3
21469.4 -8.2
21484.1 -8.1
21498.7 -8
21513.3 -7.9
21527.8 -7.8
21542.3 -7.7
21556.7 -7.6
21571.1 -7.5
21585.4 -7.4
21599.7 -7.3
21613.9 -7.2
21628.1 -7.1
21642.2 -7
21656.3 -6.9
21670.3 -6.8
21684.3 -6.7
21698.2 -6.6
21712.1 -6.5
21726 -6.4
21739.8 -6.3
21753.6 -6.2
21767.3 -6.1
21781 -6
21794.7 -5.9
21808.3 -5.8
21821.9 -5.7
21835.4 -5.6
21848.9 -5.5
21862.3 -5.4
21875.8 -5.3
21889.1 -5.2
21902.5 -5.1
21915.8 -5
21929.1 -4.9
21942.3 -4.8
21955.5 -4.7
21968.7 -4.6
21981.8 -4.5
21994.9 -4.4
22008 -4.3
22021 -4.2
22034 -4.1
22047 -4
22059.9 -3.9
22072.8 -3.8
22085.7 -3.7
22098.5 -3.6
22111.4 -3.5
22124.1 -3.4
22136.9 -3.3
22149.6 -3.2
22162.3 -3.1
22175 -3
22187.6 -2.9
22200.2 -2.8
22212.8 -2.7
22225.4 -2.6
22237.9 -2.5
22250.4 -2.4
22262.9 -2.3
22275.3 -2.2
22287.7 -2.1
22300.1 -2
22312.5 -1.9
22324.8 -1.8
22337.1 -1.7
22349.4 -1.6
22361.7 -1.5
22374 -1.4
22386.2 -1.3
22398.4 -1.2
22410.5 -1.1
22422.7 -1
22434.8 -0.9
22446.9 -0.8
22459 -0.7
22471.1 -0.6
22483.1 -0.5
22495.1 -0.4
22507.1 -0.3
22519.1 -0.2
22531 -0.1
22543 -2.05114e-14
22554.9 0.1
22566.7 0.2
22578.6 0.3
22590.5 0.4
22602.3 0.5
22614.1 0.6
22625.9 0.7
22637.6 0.8
22649.4 0.9
22661.1 1
22672.8 1.1
22684.5 1.2
22696.2 1.3
22707.8 1.4
22719.4 1.5
22731.1 1.6
22742.7 1.7
22754.2 1.8
22765.8 1.9
22777.3 2
22788.9 2.1
22800.4 2.2
22811.8 2.3
22823.3 2.4
22834.8 2.5
22846.2 2.6
22857.6 2.7
22869 2.8
22880.4 2.9
22891.8 3
22903.1 3.1
22914.5 3.2
22925.8 3.3
22937.1 3.4
22948.4 3.5
22959.7 3.6
22970.9 3.7
22982.2 3.8
22993.4 3.9
23004.6 4
23015.8 4.1
23027 4.2
23038.2 4.3
23049.3 4.4
23060.5 4.5
23071.6 4.6
23082.7 4.7
23093.8 4.8
23104.9 4.9
23115.9 5
23127 5.1
23138 5.2
23149.1 5.3
23160.1 5.4
23171.1 5.5
23182.1 5.6
23193 5.7
23204 5.8
23214.9 5.9
23225.9 6
23236.8 6.1
23247.7 6.2
23258.6 6.3
23269.5 6.4
23280.3 6.5
23291.2 6.6
23302 6.7
23312.9 6.8
23323.7 6.9
23334.5 7
23345.3 7.1
23356.1 7.2
23366.8 7.3
23377.6 7.4
23388.3 7.5
23399.1 7.6
23409.8 7.7
23420.5 7.8
23431.2 7.9
23441.9 8
23452.6 8.1
23463.2 8.2
23473.9 8.3
23484.5 8.4
23495.1 8.5
23505.8 8.6
23516.4 8.7
23527 8.8
23537.5 8.9
23548.1 9
23558.7 9.1
23569.2 9.2
23579.8 9.3
23590.3 9.4
23600.8 9.5
23611.3 9.6
23621.8 9.7
23632.3 9.8
23642.8 9.9
23653.3 10
23663.7 10.1
23674.2 10.2
23684.6 10.3
23695 10.4
23705.5 10.5
23715.9 10.6
23726.3 10.7
23736.7 10.8
23747 10.9
23757.4 11
23767.8 11.1
23778.1 11.2
23788.4 11.3
23798.8 11.4
23809.1 11.5
23819.4 11.6
23829.7 11.7
23840 11.8
23850.3 11.9
23860.5 12
23870.8 12.1
23881.1 12.2
23891.3 12.3
23901.5 12.4
23911.8 12.5
23922 12.6
23932.2 12.7
23942.4 12.8
23952.6 12.9
23962.7 13
23972.9 13.1
23983.1 13.2
23993.2 13.3
24003.4 13.4
24013.5 13.5
24023.6 13.6
24033.7 13.7
24043.8 13.8
24053.9 13.9
24064 14
24074.1 14.1
24084.2 14.2
24094.3 14.3
24104.3 14.4
24114.4 14.5
24124.4 14.6
24134.4 14.7
24144.4 14.8
24154.5 14.9
24164.5 15
24174.4 15.1
24184.4 15.2
24194.4 15.3
24204.4 15.4
24214.3 15.5
24224.3 15.6
24234.2 15.7
24244.2 15.8
24254.1 15.9
24264 16
24273.9 16.1
24283.8 16.2
24293.7 16.3
24303.6 16.4
24313.5 16.5
24323.4 16.6
24333.2 16.7
24343.1 16.8
24352.9 16.9
24362.8 17
24372.6 17.1
24382.4 17.2
24392.2 17.3
24402 17.4
24411.8 17.5
24421.6 17.6
24431.4 17.7
24441.2 17.8
24451 17.9
24460.7 18
24470.5 18.1
24480.2 18.2
24489.9 18.3
24499.7 18.4
24509.4 18.5
24519.1 18.6
24528.8 18.7
24538.5 18.8
24548.2 18.9
24557.8 19
24567.5 19.1
24577.2 19.2
24586.8 19.3
24596.5 19.4
24606.1 19.5
24615.8 19.6
24625.4 19.7
24635 19.8
24644.6 19.9
24654.2 20
24663.8 20.1
24673.4 20.2
24682.9 20.3
24692.5 20.4
24702.1 20.5
24711.6 20.6
24721.2 20.7
24730.7 20.8
24740.2 20.9
24749.8 21
24759.3 21.1
24768.8 21.2
24778.3 21.3
24787.8 21.4
24797.2 21.5
24806.7 21.6
24816.2 21.7
24825.6 21.8
24835.1 21.9
24844.5 22
24854 22.1
24863.4 22.2
24872.8 22.3
24882.2 22.4
24891.6 22.5
24901 22.6
24910.4 22.7
24919.8 22.8
24929.1 22.9
24938.5 23
24947.8 23.1
24957.2 23.2
24966.5 23.3
24975.9 23.4
24985.2 23.5
24994.5 23.6
25003.8 23.7
25013.1 23.8
25022.4 23.9
25031.7 24
25040.9 24.1
25050.2 24.2
25059.5 24.3
25068.7 24.4
25077.9 24.5
25087.2 24.6
25096.4 24.7
25105.6 24.8
25114.8 24.9
25124 25
25133.2 25.1
25142.4 25.2
25151.5 25.3
25160.7 25.4
25169.9 25.5
25179 25.6
25188.1 25.7
25197.3 25.8
25206.4 25.9
25215.5 26
25224.6 26.1
25233.7 26.2
25242.8 26.3
25251.9 26.4
25260.9 26.5
25270 26.6
25279 26.7
25288.1 26.8
25297.1 26.9
25306.1 27
25315.1 27.1
25324.2 27.2
25333.1 27.3
25342.1 27.4
25351.1 27.5
25360.1 27.6
25369 27.7
25378 27.8
25386.9 27.9
25395.9 28
25404.8 28.1
25413.7 28.2
25422.6 28.3
25431.5 28.4
25440.4 28.5
25449.3 28.6
25458.1 28.7
25467 28.8
25475.8 28.9
25484.6 29
25493.4 29.1
25502.2 29.2
25511 29.3
25519.7 29.4
25528.5 29.5
25537.3 29.6
25546 29.7
25554.7 29.8
25563.4 29.9
25572.1 30
25580.8 30.1
25589.5 30.2
25598.2 30.3
25606.9 30.4
25615.5 30.5
25624.2 30.6
25632.8 30.7
25641.4 30.8
25650 30.9
25658.6 31
25667.2 31.1
25675.8 31.2
25684.4 31.3
25692.9 31.4
25701.5 31.5
25710 31.6
25718.5 31.7
25727 31.8
25735.5 31.9
25744 32
25752.5 32.1
25760.9 32.2
25769.4 32.3
25777.8 32.4
25786.2 32.5
25794.7 32.6
25803.1 32.7
25811.4 32.8
25819.8 32.9
25828.2 33
25836.5 33.1
25844.9 33.2
25853.2 33.3
25861.5 33.4
25869.8 33.5
25878.1 33.6
25886.4 33.7
25894.6 33.8
25902.9 33.9
25911.1 34
25919.4 34.1
25927.6 34.2
25935.8 34.3
25944 34.4
25952.1 34.5
25960.3 34.6
25968.4 34.7
25976.6 34.8
25984.7 34.9
25992.8 35
26000.9 35.1
26008.9 35.2
26017 35.3
26025 35.4
26033 35.5
26041 35.6
26049 35.7
26056.9 35.8
26064.9 35.9
26072.8 36
26080.8 36.1
26088.7 36.2
26096.6 36.3
26104.5 36.4
26112.3 36.5
26120.2 36.6
26128 36.7
26135.8 36.8
26143.7 36.9
26151.5 37
26159.2 37.1
26167 37.2
26174.8 37.3
26182.5 37.4
26190.2 37.5
26198 37.6
26205.7 37.7
26213.3 37.8
26221 37.9
26228.7 38
26236.3 38.1
26243.9 38.2
26251.5 38.3
26259.1 38.4
26266.7 38.5
26274.3 38.6
26281.9 38.7
26289.4 38.8
26296.9 38.9
26304.4 39
26311.9 39.1
26319.4 39.2
26326.9 39.3
26334.4 39.4
26341.8 39.5
26349.2 39.6
26356.6 39.7
26364 39.8
26371.4 39.9
26378.8 40
26386.2 40.1
26393.5 40.2
26400.8 40.3
26408.1 40.4
26415.4 40.5
26422.7 40.6
26430 40.7
26437.3 40.8
26444.5 40.9
26451.8 41
26459 41.1
26466.2 41.2
26473.4 41.3
26480.6 41.4
26487.8 41.5
26495 41.6
26502.1 41.7
26509.3 41.8
26516.4 41.9
26523.5 42
26530.6 42.1
26537.7 42.2
26544.8 42.3
26551.8 42.4
26558.9 42.5
26565.9 42.6
26572.9 42.7
26580 42.8
26587 42.9
26593.9 43
26600.9 43.1
26607.9 43.2
26614.8 43.3
26621.8 43.4
26628.7 43.5
26635.6 43.6
26642.5 43.7
26649.4 43.8
26656.3 43.9
26663.1 44
26670 44.1
26676.8 44.2
26683.7 44.3
26690.5 44.4
26341.3 44.3
25992.2 44.2
25643.2 44.1
25294.4 44
24945.8 43.9
24597.4 43.8
24249.2 43.7
23901.2 43.6
23553.6 43.5
23206.3 43.4
22859.3 43.3
22512.7 43.2
22166.5 43.1
21821 43
21478.4 42.9
21136.2 42.8
20794.6 42.7
20453.4 42.6
20112.8 42.5
19772.7 42.4
19433.2 42.3
19094.4 42.2
18756.1 42.1
18418.5 42
18081.6 41.9
17745.5 41.8
17410 41.7
17075.4 41.6
16741.5 41.5
16408.4 41.4
16076.3 41.3
15745 41.2
15414.6 41.1
15085.1 41
14756.6 40.9
14429.1 40.8
14102.7 40.7
13777.3 40.6
13453 40.5
13129.8 40.4
12807.8 40.3
12486.9 40.2
12167.3 40.1
11848.9 40
11531.8 39.9
11216 39.8
10901.5 39.7
10588.4 39.6
10276.6 39.5
9966.35 39.4
9657.52 39.3
9350.19 39.2
9044.38 39.1
8740.12 39
8437.45 38.9
8136.39 38.8
7836.99 38.7
7539.26 38.6
7243.24 38.5
6948.97 38.4
6656.46 38.3
6365.76 38.2
6076.89 38.1
5789.88 38
5504.76 37.9
5221.56 37.8
4940.31 37.7
4661.04 37.6
4383.78 37.5
4108.55 37.4
3835.39 37.3
3566.59 37.2
3302.74 37.1
3041.79 37
2782.87 36.9
2526 36.8
2271.22 36.7
2018.53 36.6
1767.97 36.5
1519.56 36.4
1273.32 36.3
1029.27 36.2
788.833 36.1
552.466 36
320.698 35.9
94.2621 35.8
-131.873 35.7
-368.251 35.6
-608.276 35.5
-846.199 35.4
-1082.32 35.3
-1316.86 35.2
-1549.26 35.1
-1780.01 35
-2008.6 34.9
-2234.2 34.8
-2458.17 34.7
-2680.05 34.6
-2898.84 34.5
-3108.75 34.4
-3312.95 34.3
-3514.37 34.2
-3713.02 34.1
-3908.9 34
-4097.57 33.9
-4274.9 33.8
-4449.92 33.7
-4622.66 33.6
-4793.1 33.5
-4961.26 33.4
-5127.14 33.3
-5290.74 33.2
-5452.08 33.1
-5611.16 33
-5767.99 32.9
-5922.58 32.8
-6074.95 32.7
-6225.1 32.6
-6373.05 32.5
-6518.8 32.4
-6662.38 32.3
-6803.81 32.2
-6943.08 32.1
-7080.23 32
-7215.27 31.9
-7348.21 31.8
-7479.08 31.7
-7607.9 31.6
-7734.67 31.5
-7859.42 31.4
-7982.18 31.3
-8102.97 31.2
-8221.8 31.1
-8338.71 31
-8453.72 30.9
-8566.85 30.8
-8678.12 30.7
-8787.56 30.6
-8895.19 30.5
-9001.03 30.4
-9105.12 30.3
-9207.48 30.2
-9308.13 30.1
-9407.1 30
-9504.41 29.9
-9600.1 29.8
-9694.18 29.7
-9786.69 29.6
-9877.64 29.5
-9967.07 29.4
-10055 29.3
-10141.5 29.2
-10226.5 29.1
-10310.1 29
-10392.3 28.9
-10473.1 28.8
-10552.6 28.7
-10630.8 28.6
-10707.6 28.5
-10783.3 28.4
-10857.6 28.3
-10930.8 28.2
-11002.7 28.1
-11073.5 28
-11143.2 27.9
-11211.7 27.8
-11279.1 27.7
-11345.5 27.6
-11410.8 27.5
-11475 27.4
-11538.3 27.3
-11600.5 27.2
-11661.8 27.1
-11722.2 27
-11781.6 26.9
-11840.1 26.8
-11897.8 26.7
-11954.5 26.6
-12010.5 26.5
-12065.6 26.4
-12119.8 26.3
-12173.3 26.2
-12226 26.1
-12278 26
-12329.2 25.9
-12379.7 25.8
-12429.5 25.7
-12478.6 25.6
-12527 25.5
-12574.7 25.4
-12621.9 25.3
-12668.3 25.2
-12714.2 25.1
-12759.4 25
-12804.1 24.9
-12848.2 24.8
-12891.7 24.7
-12934.6 24.6
-12977.1 24.5
-13019 24.4
-13060.3 24.3
-13101.2 24.2
-13141.6 24.1
-13181.5 24
-13220.9 23.9
-13259.9 23.8
-13298.4 23.7
-13336.4 23.6
-13374.1 23.5
-13411.3 23.4
-13448.1 23.3
-13484.5 23.2
-13520.5 23.1
-13556.1 23
-13591.3 22.9
-13626.2 22.8
-13660.6 22.7
-13694.8 22.6
-13728.6 22.5
-13762 22.4
-13795.1 22.3
-13827.9 22.2
-13860.3 22.1
-13892.5 22
-13924.3 21.9
-13955.8 21.8
-13987.1 21.7
-14018 21.6
-14048.7 21.5
-14079.1 21.4
-14109.2 21.3
-14139 21.2
-14168.6 21.1
-14197.9 21
-14227 20.9
-14255.8 20.8
-14284.4 20.7
-14312.7 20.6
-14340.9 20.5
-14368.7 20.4
-14396.4 20.3
-14423.8 20.2
-14451 20.1
-14478 20
-14504.8 19.9
-14531.4 19.8
-14557.8 19.7
-14584 19.6
-14610 19.5
-14635.8 19.4
-14661.4 19.3
-14686.9 19.2
-14712.1 19.1
-14737.2 19
-14762.1 18.9
-14786.9 18.8
-14811.4 18.7
-14835.8 18.6
-14860 18.5
-14884.1 18.4
-14908 18.3
-14931.8 18.2
-14955.4 18.1
-14978.9 18
-15002.2 17.9
-15025.3 17.8
-15048.4 17.7
-15071.3 17.6
-15094 17.5
-15116.6 17.4
-15139.1 17.3
-15161.4 17.2
-15183.6 17.1
-15205.7 17
-15227.7 16.9
-15249.5 16.8
-15271.2 16.7
-15292.8 16.6
-15314.3 16.5
-15335.7 16.4
-15356.9 16.3
-15378 16.2
-15399 16.1
-15420 16
-15440.8 15.9
-15461.4 15.8
-15482 15.7
-15502.5 15.6
-15522.9 15.5
-15543.2 15.4
-15563.3 15.3
-15583.4 15.2
-15603.4 15.1
-15623.3 15
-15643.1 14.9
-15662.8 14.8
-15682.4 14.7
-15701.9 14.6
-15721.3 14.5
-15740.7 14.4
-15759.9 14.3
-15779.1 14.2
-15798.2 14.1
-15817.2 14
-15836.1 13.9
-15854.9 13.8
-15873.7 13.7
-15892.3 13.6
-15910.9 13.5
-15929.5 13.4
-15947.9 13.3
-15966.3 13.2
-15984.5 13.1
-16002.8 13
-16020.9 12.9
-16039 12.8
-16057 12.7
-16074.9 12.6
-16092.7 12.5
-16110.5 12.4
-16128.2 12.3
-16145.9 12.2
-16163.5 12.1
-16181 12
-16198.5 11.9
-16215.8 11.8
-16233.2 11.7
-16250.4 11.6
-16267.6 11.5
-16284.8 11.4
-16301.8 11.3
-16318.9 11.2
-16335.8 11.1
-16352.7 11
-16369.6 10.9
-16386.3 10.8
-16403.1 10.7
-16419.7 10.6
-16436.4 10.5
-16452.9 10.4
-16469.4 10.3
-16485.9 10.2
-16502.3 10.1
-16518.6 10
-16534.9 9.9
-16551.1 9.8
-16567.3 9.7
-16583.4 9.6
-16599.5 9.5
-16615.6 9.4
-16631.5 9.3
-16647.5 9.2
-16663.4 9.1
-16679.2 9
-16695 8.9
-16710.7 8.8
-16726.4 8.7
-16742.1 8.6
-16757.7 8.5
-16773.3 8.4
-16788.8 8.3
-16804.2 8.2
-16819.7 8.1
-16835.1 8
-16850.4 7.9
-16865.7 7.8
-16880.9 7.7
-16896.1 7.6
-16911.3 7.5
-16926.4 7.4
-16941.5 7.3
-16956.6 7.2
-16971.6 7.1
-16986.6 7
-17001.5 6.9
-17016.4 6.8
-17031.2 6.7
-17046 6.6
-17060.8 6.5
-17075.5 6.4
-17090.2 6.3
-17104.9 6.2
-17119.5 6.1
-17134.1 6
-17148.6 5.9
-17163.1 5.8
-17177.6 5.7
-17192.1 5.6
-17206.5 5.5
-17220.8 5.4
-17235.2 5.3
-17249.5 5.2
-17263.7 5.1
-17278 5
-17292.2 4.9
-17306.3 4.8
-17320.5 4.7
-17334.6 4.6
-17348.6 4.5
-17362.7 4.4
-17376.7 4.3
-17390.7 4.2
-17404.6 4.1
-17418.5 4
-17432.4 3.9
-17446.2 3.8
-17460 3.7
-17473.8 3.6
-17487.6 3.5
-17501.3 3.4
-17515 3.3
-17528.7 3.2
-17542.3 3.1
-17555.9 3
-17569.5 2.9
-17583.1 2.8
-17596.6 2.7
-17610.1 2.6
-17623.6 2.5
-17637 2.4
-17650.4 2.3
-17663.8 2.2
-17677.2 2.1
-17690.5 2
-17703.8 1.9
-17717.1 1.8
-17730.3 1.7
-17743.5 1.6
-17756.7 1.5
-17769.9 1.4
-17783.1 1.3
-17796.2 1.2
-17809.3 1.1
-17822.3 1
-17835.4 0.9
-17848.4 0.8
-17861.4 0.7
-17874.4 0.6
-17887.3 0.5
-17900.3 0.4
-17913.2 0.3
-17926 0.2
-17938.9 0.1
-17951.7 -2.23988e-14
-17964.5 -0.1
-17977.3 -0.2
-17990.1 -0.3
-18002.8 -0.4
-18015.5 -0.5
-18028.2 -0.6
-18040.9 -0.7
-18053.5 -0.8
-18066.1 -0.9
-18078.7 -1
-18091.3 -1.1
-18103.9 -1.2
-18116.4 -1.3
-18128.9 -1.4
-18141.4 -1.5
-18153.9 -1.6
-18166.3 -1.7
-18178.8 -1.8
-18191.2 -1.9
-18203.6 -2
-18215.9 -2.1
-18228.3 -2.2
-18240.6 -2.3
-18252.9 -2.4
-18265.2 -2.5
-18277.5 -2.6
-18289.7 -2.7
-18301.9 -2.8
-18314.1 -2.9
-18326.3 -3
-18338.5 -3.1
-18350.6 -3.2
-18362.8 -3.3
-18374.9 -3.4
-18387 -3.5
-18399 -3.6
-18411.1 -3.7
-18423.1 -3.8
-18435.1 -3.9
-18447.1 -4
-18459.1 -4.1
-18471.1 -4.2
-18483 -4.3
-18494.9 -4.4
-18506.8 -4.5
-18518.7 -4.6
-18530.6 -4.7
-18542.4 -4.8
-18554.3 -4.9
-18566.1 -5
-18577.9 -5.1
-18589.7 -5.2
-18601.4 -5.3
-18613.2 -5.4
-18624.9 -5.5
-18636.6 -5.6
-18648.3 -5.7
-18660 -5.8
-18671.6 -5.9
-18683.3 -6
-18694.9 -6.1
-18706.5 -6.2
-18718.1 -6.3
-18729.7 -6.4
-18741.3 -6.5
-18752.8 -6.6
-18764.3 -6.7
-18775.9 -6.8
-18787.4 -6.9
-18798.8 -7
-18810.3 -7.1
-18821.8 -7.2
-18833.2 -7.3
-18844.6 -7.4
-18856 -7.5
-18867.4 -7.6
-18878.8 -7.7
-18890.1 -7.8
-18901.5 -7.9
-18912.8 -8
-18924.1 -8.1
-18935.4 -8.2
-18946.7 -8.3
-18958 -8.4
-18969.2 -8.5
-18980.5 -8.6
-18991.7 -8.7
-19002.9 -8.8
-19014.1 -8.9
-19025.3 -9
-19036.4 -9.1
-19047.6 -9.2
-19058.7 -9.3
-19069.8 -9.4
-19080.9 -9.5
-19092 -9.6
-19103.1 -9.7
-19114.2 -9.8
-19125.2 -9.9
-19136.3 -10
-19147.3 -10.1
-19158.3 -10.2
-19169.3 -10.3
-19180.3 -10.4
-19191.3 -10.5
-19202.2 -10.6
-19213.2 -10.7
-19224.1 -10.8
-19235 -10.9
-19245.9 -11
-19256.8 -11.1
-19267.7 -11.2
-19278.5 -11.3
-19289.4 -11.4
-19300.2 -11.5
-19311.1 -11.6
-19321.9 -11.7
-19332.7 -11.8
-19343.4 -11.9
-19354.2 -12
-19365 -12.1
-19375.7 -12.2
-19386.5 -12.3
-19397.2 -12.4
-19409.2 -12.5
-19421.2 -12.6
-19433.2 -12.7
-19445.3 -12.8
-19457.3 -12.9
-19469.3 -13
-19481.3 -13.1
-19493.2 -13.2
-19505.2 -13.3
-19517.1 -13.4
-19529.1 -13.5
-19541 -13.6
-19552.9 -13.7
-19564.8 -13.8
-19576.7 -13.9
-19588.6 -14
-19600.4 -14.1
-19612.3 -14.2
-19624.1 -14.3
-19635.9 -14.4
-19647.8 -14.5
-19659.6 -14.6
-19671.4 -14.7
-19683.1 -14.8
-19694.9 -14.9
-19706.7 -15
-19718.4 -15.1
-19730.1 -15.2
-19741.9 -15.3
-19753.6 -15.4
-19765.3 -15.5
-19777 -15.6
-19788.7 -15.7
-19800.3 -15.8
-19812 -15.9
-19823.6 -16
-19835.3 -16.1
-19846.9 -16.2
-19858.5 -16.3
-19870.1 -16.4
-19881.7 -16.5
-19893.3 -16.6
-19904.9 -16.7
-19916.4 -16.8
-19928 -16.9
-19939.5 -17
-19951 -17.1
-19962.6 -17.2
-19974.1 -17.3
-19985.6 -17.4
-19997.1 -17.5
-20008.5 -17.6
-20020 -17.7
-20031.5 -17.8
-20042.9 -17.9
-20054.4 -18
-20065.8 -18.1
-20077.2 -18.2
-20088.6 -18.3
-20100 -18.4
-20111.4 -18.5
-20122.8 -18.6
-20134.2 -18.7
-20145.6 -18.8
-20156.9 -18.9
-20168.3 -19
-20179.6 -19.1
-20190.9 -19.2
-20202.2 -19.3
-20213.5 -19.4
-20224.8 -19.5
-20236.1 -19.6
-20247.4 -19.7
-20258.7 -19.8
-20270 -19.9
-20281.3 -20
-20292.6 -20.1
-20303.8 -20.2
-20315.1 -20.3
-20326.3 -20.4
-20337.6 -20.5
-20348.8 -20.6
-20360 -20.7
-20371.2 -20.8
-20382.4 -20.9
-20393.6 -21
-20404.8 -21.1
-20416 -21.2
-20427.2 -21.3
-20438.3 -21.4
-20449.5 -21.5
-20460.6 -21.6
-20471.8 -21.7
-20482.9 -21.8
-20494 -21.9
-20505.1 -22
-20516.2 -22.1
-20527.3 -22.2
-20538.4 -22.3
-20549.5 -22.4
-20560.6 -22.5
-20571.6 -22.6
-20582.7 -22.7
-20593.7 -22.8
-20604.8 -22.9
-20615.8 -23
-20626.8 -23.1
-20637.8 -23.2
-20648.8 -23.3
-20659.8 -23.4
-20670.8 -23.5
-20681.8 -23.6
-20692.8 -23.7
-20703.8 -23.8
-20714.7 -23.9
-20725.7 -24
-20736.6 -24.1
-20747.6 -24.2
-20758.5 -24.3
-20769.4 -24.4
-20780.3 -24.5
-20791.2 -24.6
-20802.1 -24.7
-20813 -24.8
-20823.9 -24.9
-20834.8 -25
-20845.7 -25.1
-20856.5 -25.2
-20867.4 -25.3
-20878.2 -25.4
-20889.1 -25.5
-20899.9 -25.6
-20910.8 -25.7
-20921.6 -25.8
-20932.4 -25.9
-20943.2 -26
-20954 -26.1
-20964.8 -26.2
-20975.6 -26.3
-20986.4 -26.4
-20997.1 -26.5
-21007.9 -26.6
-21018.7 -26.7
-21029.4 -26.8
-21040.2 -26.9
-21050.9 -27
-21061.6 -27.1
-21072.4 -27.2
-21083.1 -27.3
-21093.8 -27.4
-21104.5 -27.5
-21115.2 -27.6
-21125.9 -27.7
-21136.6 -27.8
-21147.3 -27.9
-21158 -28
-21168.6 -28.1
-21179.3 -28.2
-21189.9 -28.3
-21200.6 -28.4
-21211.2 -28.5
-21221.9 -28.6
-21232.5 -28.7
-21243.1 -28.8
-21253.7 -28.9
-21264.4 -29
-21275 -29.1
-21285.6 -29.2
-21296.2 -29.3
-21306.7 -29.4
-21317.3 -29.5
-21327.9 -29.6
-21338.5 -29.7
-21349 -29.8
-21359.6 -29.9
-21370.1 -30
-21380.7 -30.1
-21391.2 -30.2
-21401.8 -30.3
-21412.3 -30.4
-21422.8 -30.5
-21433.3 -30.6
-21443.8 -30.7
-21454.3 -30.8
-21464.8 -30.9
-21475.3 -31
-21485.8 -31.1
-21496.3 -31.2
-21506.8 -31.3
-21517.2 -31.4
-21527.7 -31.5
-21538.2 -31.6
-21548.6 -31.7
-21559.1 -31.8
-21569.5 -31.9
-21580 -32
-21590.4 -32.1
-21600.8 -32.2
-21611.2 -32.3
-21621.6 -32.4
-21632.1 -32.5
-21642.5 -32.6
-21652.9 -32.7
-21663.3 -32.8
-21673.6 -32.9
-21684 -33
-21694.4 -33.1
-21704.8 -33.2
-21715.1 -33.3
-21725.5 -33.4
-21735.9 -33.5
-21746.2 -33.6
-21756.6 -33.7
-21766.9 -33.8
-21777.3 -33.9
-21787.6 -34
-21798 -34.1
-21808.3 -34.2
-21818.6 -34.3
-21828.9 -34.4
-21839.2 -34.5
-21849.5 -34.6
-21859.8 -34.7
-21870.1 -34.8
-21880.4 -34.9
-21890.7 -35
-21901 -35.1
-21911.3 -35.2
-21921.6 -35.3
-21931.8 -35.4
-21942.1 -35.5
-21952.4 -35.6
-21962.6 -35.7
-21972.9 -35.8
-21983.1 -35.9
-22108.1 -36
-22552.2 -36.1
-22996.2 -36.2
-23440.2 -36.3
-23884 -36.4
-24327.8 -36.5
-24771.5 -36.6
-25219.1 -36.7
-25694.5 -36.8
-26180.3 -36.9
-26666 -37
-27151.4 -37.1
-27643.1 -37.2
-28136.2 -37.3
-28642.9 -37.4
-29158 -37.5
-29672.7 -37.6
-30186.9 -37.7
-30700.6 -37.8
-31213.7 -37.9
-31726.2 -38
-32250.6 -38.1
-32777.4 -38.2
-33303.3 -38.3
-33828.2 -38.4
-34351.9 -38.5
-34874.5 -38.6
-35395.8 -38.7
-35915.7 -38.8
-36434 -38.9
-36950.7 -39
-37465.5 -39.1
-37978.5 -39.2
-38489.4 -39.3
-38998 -39.4
-39504.2 -39.5
-40007.9 -39.6
-40508.8 -39.7
-41006.7 -39.8
-41501.4 -39.9
-41992.8 -40
-42480.5 -40.1
-42964.3 -40.2
-43443.9 -40.3
-43919.2 -40.4
-44389.7 -40.5
-44855.2 -40.6
-45315.4 -40.7
-45769.9 -40.8
-46218.3 -40.9
-46660.4 -41
-47095.7 -41.1
-47523.9 -41.2
-47944.5 -41.3
-48357.3 -41.4
-48769.2 -41.5
-49173.5 -41.6
-49567.2 -41.7
-49949.8 -41.8
-50321.1 -41.9
-50680.8 -42
-51028.7 -42.1
-51364.5 -42.2
-51688.2 -42.3
-51999.6 -42.4
-52298.9 -42.5
-52586 -42.6
-52861 -42.7
-53124.3 -42.8
-53375.9 -42.9
-53616.3 -43
-53845.8 -43.1
-54064.7 -43.2
-54273.5 -43.3
-54472.6 -43.4
-54662.5 -43.5
-54843.6 -43.6
-55016.5 -43.7
-55181.6 -43.8
-55339.4 -43.9
-55490.3 -44
-55634.7 -44.1
-55773.2 -44.2
-55903.5 -44.3
-56016.5 -44.4
-55293.1 -44.3
-54569.8 -44.2
-53846.6 -44.1
-53123.7 -44
-52400.9 -43.9
-51678.4 -43.8
-50956.7 -43.7
-50237.8 -43.6
-49519.3 -43.5
-48801 -43.4
-48083.1 -43.3
-47365.5 -43.2
-46648.3 -43.1
-45931.5 -43
-45215.1 -42.9
-44499.1 -42.8
-43792.4 -42.7
-43092.8 -42.6
-42393.8 -42.5
-41708.2 -42.4
-41027.1 -42.3
-40360.3 -42.2
-39702.3 -42.1
-39045 -42
-38388.4 -41.9
-37732.4 -41.8
-37077.1 -41.7
-36422.5 -41.6
-35768.7 -41.5
-35115.6 -41.4
-34463.3 -41.3
-33811.7 -41.2
-33161 -41.1
-32511.2 -41
-31862.2 -40.9
-31214.1 -40.8
-30566.9 -40.7
-29920.6 -40.6
-29275.2 -40.5
-28630.9 -40.4
-27987.5 -40.3
-27345.1 -40.2
-26703.8 -40.1
-26063.5 -40
-25424.3 -39.9
-24786.3 -39.8
-24149.3 -39.7
-23513.5 -39.6
-22878.9 -39.5
-22253.2 -39.4
-21630.3 -39.3
-21008.6 -39.2
-20390.2 -39.1
-19777.9 -39
-19167.2 -38.9
-18557.8 -38.8
-17949.7 -38.7
-17350.2 -38.6
-16758.7 -38.5
-16189.5 -38.4
-15689.4 -38.3
-15247.3 -38.2
-14912.5 -38.1
-14578 -38
-14243.8 -37.9
-13915.8 -37.8
-13588.9 -37.7
-13262.3 -37.6
-12936.1 -37.5
-12611.4 -37.4
-12288.9 -37.3
-11966.9 -37.2
-11645.3 -37.1
-11324.1 -37
-11003.4 -36.9
-10683.1 -36.8
-10363.3 -36.7
-10044.1 -36.6
-9725.33 -36.5
-9407.1 -36.4
-9089.41 -36.3
-8772.26 -36.2
-8455.61 -36.1
-8139.55 -36
-7824.1 -35.9
-7509.28 -35.8
-7195.11 -35.7
-6881.59 -35.6
-6568.76 -35.5
-6256.63 -35.4
-5948.61 -35.3
-5641.65 -35.2
-5335.46 -35.1
-5030.07 -35
-4725.49 -34.9
-4421.74 -34.8
-4118.84 -34.7
-3816.82 -34.6
-3519.54 -34.5
-3235.95 -34.4
-2953.42 -34.3
-2671.97 -34.2
-2392 -34.1
-2114.76 -34
-1839.99 -33.9
-1566.8 -33.8
-1307.3 -33.7
-1051.03 -33.6
-797.676 -33.5
-546.727 -33.4
-298.526 -33.3
-58.6419 -33.2
164.531 -33.1
390.384 -33
618.399 -32.9
847.632 -32.8
1077.09 -32.7
1305.25 -32.6
1532.09 -32.5
1757.6 -32.4
1981.75 -32.3
2204.54 -32.2
2425.94 -32.1
2645.95 -32
2864.54 -31.9
3081.71 -31.8
3297.44 -31.7
3511.7 -31.6
3728.49 -31.5
3966.19 -31.4
4201.89 -31.3
4435.58 -31.2
4667.25 -31.1
4896.87 -31
5124.44 -30.9
5349.95 -30.8
5573.37 -30.7
5794.7 -30.6
6013.92 -30.5
6235.13 -30.4
6454.22 -30.3
6671.04 -30.2
6885.6 -30.1
7097.87 -30
7307.86 -29.9
7515.55 -29.8
7720.94 -29.7
7924.03 -29.6
8124.8 -29.5
8323.26 -29.4
8519.4 -29.3
8713.23 -29.2
8904.73 -29.1
9093.91 -29
9280.77 -28.9
9465.3 -28.8
9647.52 -28.7
9827.41 -28.6
10005 -28.5
10180.3 -28.4
10353.2 -28.3
10523.9 -28.2
10692.3 -28.1
10858.4 -28
11022.2 -27.9
11183.7 -27.8
11343 -27.7
11500 -27.6
11654.8 -27.5
11807.3 -27.4
11957.7 -27.3
12105.8 -27.2
12251.7 -27.1
12395.5 -27
12537.1 -26.9
12676.5 -26.8
12813.8 -26.7
12949 -26.6
13082.1 -26.5
13213.1 -26.4
13342.1 -26.3
13469 -26.2
13593.9 -26.1
13716.7 -26
13837.6 -25.9
13956.6 -25.8
14073.6 -25.7
14188.6 -25.6
14301.8 -25.5
14413.1 -25.4
14522.5 -25.3
14630.2 -25.2
14736.1 -25.1
14840.2 -25
14942.6 -24.9
15043.2 -24.8
15142.1 -24.7
15239.2 -24.6
15334.7 -24.5
15428.6 -24.4
15520.8 -24.3
15611.4 -24.2
15700.5 -24.1
15788 -24
15874 -23.9
15958.4 -23.8
16041.4 -23.7
16123 -23.6
16203.1 -23.5
16281.8 -23.4
16359.2 -23.3
16435.2 -23.2
16509.8 -23.1
16583.2 -23
16655.3 -22.9
16726.1 -22.8
16795.7 -22.7
16864.1 -22.6
16931.3 -22.5
16997.3 -22.4
17062.3 -22.3
17126 -22.2
17188.7 -22.1
17250.4 -22
17310.9 -21.9
17370.5 -21.8
17429 -21.7
17486.6 -21.6
17543.2 -21.5
17598.8 -21.4
17653.6 -21.3
17707.4 -21.2
17760.3 -21.1
17812.4 -21
17863.6 -20.9
17914 -20.8
17963.5 -20.7
18012.3 -20.6
18060.3 -20.5
18107.5 -20.4
18154 -20.3
18199.8 -20.2
18244.9 -20.1
18289.2 -20
18332.9 -19.9
18375.9 -19.8
18418.3 -19.7
18460.1 -19.6
18501.2 -19.5
18541.7 -19.4
18581.6 -19.3
18620.9 -19.2
18659.7 -19.1
18697.9 -19
18735.6 -18.9
18772.8 -18.8
18809.4 -18.7
18845.6 -18.6
18881.2 -18.5
18916.4 -18.4
18951.1 -18.3
18985.3 -18.2
19019.1 -18.1
19052.4 -18
19085.4 -17.9
19117.9 -17.8
19150 -17.7
19181.6 -17.6
19213 -17.5
19243.9 -17.4
19274.4 -17.3
19304.6 -17.2
19334.4 -17.1
19363.9 -17
19393.1 -16.9
19421.9 -16.8
19450.3 -16.7
19478.5 -16.6
19506.4 -16.5
19533.9 -16.4
19561.1 -16.3
19588.1 -16.2
19614.8 -16.1
19641.1 -16
19667.3 -15.9
19693.1 -15.8
19718.7 -15.7
19744 -15.6
19769.1 -15.5
19793.9 -15.4
19818.5 -15.3
19842.9 -15.2
19867 -15.1
19890.9 -15
19914.6 -14.9
19938 -14.8
19961.3 -14.7
19984.3 -14.6
20007.1 -14.5
20029.8 -14.4
20052.2 -14.3
20074.4 -14.2
20096.5 -14.1
20118.4 -14
20140.1 -13.9
20161.6 -13.8
20182.9 -13.7
20204.1 -13.6
20225.1 -13.5
20245.9 -13.4
20266.6 -13.3
20287.1 -13.2
20307.5 -13.1
20327.7 -13
20347.8 -12.9
20367.7 -12.8
20387.5 -12.7
20407.1 -12.6
20426.6 -12.5
20445.9 -12.4
20465.2 -12.3
20484.3 -12.2
20503.2 -12.1
20522.1 -12
20540.8 -11.9
20559.4 -11.8
20577.9 -11.7
20596.2 -11.6
20614.5 -11.5
20632.6 -11.4
20650.6 -11.3
20668.5 -11.2
20686.3 -11.1
20704 -11
20721.6 -10.9
20739.1 -10.8
20756.5 -10.7
20773.8 -10.6
20791 -10.5
20808 -10.4
20825 -10.3
20842 -10.2
20858.8 -10.1
20875.5 -10
20892.1 -9.9
20908.7 -9.8
20925.2 -9.7
20941.5 -9.6
20957.8 -9.5
20974.1 -9.4
20990.2 -9.3
21006.3 -9.2
21022.3 -9.1
21038.2 -9
21054 -8.9
21069.7 -8.8
21085.4 -8.7
21101 -8.6
21116.6 -8.5
21132.1 -8.4
21147.5 -8.3
21162.8 -8.2
21178.1 -8.1
21193.3 -8
21208.4 -7.9
21223.5 -7.8
21238.5 -7.7
21253.4 -7.6
21268.3 -7.5
21283.2 -7.4
21297.9 -7.3
21312.6 -7.2
21327.3 -7.1
21341.9 -7
21356.4 -6.9
21370.9 -6.8
21385.3 -6.7
21399.7 -6.6
21414 -6.5
21428.3 -6.4
21442.5 -6.3
21456.7 -6.2
21470.8 -6.1
21484.9 -6
21498.9 -5.9
21512.9 -5.8
21526.8 -5.7
21540.7 -5.6
21554.5 -5.5
21568.3 -5.4
21582 -5.3
21595.7 -5.2
21609.4 -5.1
21623 -5
21636.5 -4.9
21650 -4.8
21663.5 -4.7
21677 -4.6
21690.3 -4.5
21703.7 -4.4
21717 -4.3
21730.3 -4.2
21743.5 -4.1
21756.7 -4
21769.9 -3.9
21783 -3.8
21796.1 -3.7
21809.1 -3.6
21822.1 -3.5
21835.1 -3.4
21848 -3.3
21860.9 -3.2
21873.8 -3.1
21886.6 -3
21899.4 -2.9
21912.2 -2.8
21924.9 -2.7
21937.6 -2.6
21950.3 -2.5
21962.9 -2.4
21975.5 -2.3
21988.1 -2.2
22000.6 -2.1
22013.1 -2
22025.6 -1.9
22038.1 -1.8
22050.5 -1.7
22062.9 -1.6
22075.2 -1.5
22087.6 -1.4
22099.9 -1.3
22112.1 -1.2
22124.4 -1.1
22136.6 -1
22148.8 -0.9
22161 -0.8
22173.1 -0.7
22185.2 -0.6
22197.3 -0.5
22209.3 -0.4
22221.4 -0.3
22233.4 -0.2
22245.4 -0.1
22257.3 -2.05669e-14
22269.2 0.1
22281.1 0.2
22293 0.3
22304.9 0.4
22316.7 0.5
22328.5 0.6
22340.3 0.7
22352.1 0.8
22363.8 0.9
22375.5 1
22387.2 1.1
22398.9 1.2
22410.5 1.3
22422.2 1.4
22433.8 1.5
22445.3 1.6
22456.9 1.7
22468.4 1.8
22480 1.9
22491.5 2
22502.9 2.1
22514.4 2.2
22525.8 2.3
22537.3 2.4
22548.7 2.5
22560 2.6
22571.4 2.7
22582.7 2.8
22594 2.9
22605.3 3
22616.6 3.1
22627.9 3.2
22639.1 3.3
22650.4 3.4
22661.6 3.5
22672.7 3.6
22683.9 3.7
22695.1 3.8
22706.2 3.9
22717.3 4
22728.4 4.1
22739.5 4.2
22750.6 4.3
22761.6 4.4
22772.6 4.5
22783.7 4.6
22794.6 4.7
22805.6 4.8
22816.6 4.9
22827.5 5
22838.5 5.1
22849.4 5.2
22860.3 5.3
22871.2 5.4
22882 5.5
22892.9 5.6
22903.7 5.7
22914.5 5.8
22925.3 5.9
22936.1 6
22946.9 6.1
22957.7 6.2
22968.4 6.3
22979.1 6.4
22989.9 6.5
23000.6 6.6
23011.3 6.7
23021.9 6.8
23032.6 6.9
23043.2 7
23053.9 7.1
23064.5 7.2
23075.1 7.3
23085.7 7.4
23096.2 7.5
23106.8 7.6
23117.3 7.7
23127.9 7.8
23138.4 7.9
23148.9 8
23159.4 8.1
23169.9 8.2
23180.4 8.3
23190.8 8.4
23201.3 8.5
23211.7 8.6
23222.1 8.7
23232.5 8.8
23242.9 8.9
23253.3 9
23263.6 9.1
23274 9.2
23284.3 9.3
23294.7 9.4
23305 9.5
23315.3 9.6
23325.6 9.7
23335.9 9.8
23346.1 9.9
23356.4 10
23366.6 10.1
23376.9 10.2
23387.1 10.3
23397.3 10.4
23407.5 10.5
23417.7 10.6
23427.9 10.7
23438.1 10.8
23448.2 10.9
23458.4 11
23468.5 11.1
23478.6 11.2
23488.7 11.3
23498.8 11.4
23508.9 11.5
23519 11.6
23529.1 11.7
23539.1 11.8
23549.2 11.9
23559.2 12
23569.2 12.1
23579.3 12.2
23589.3 12.3
23599.3 12.4
23609.3 12.5
23619.2 12.6
23629.2 12.7
23639.1 12.8
23649.1 12.9
23659 13
23669 13.1
23678.9 13.2
23688.8 13.3
23698.7 13.4
23708.6 13.5
23718.4 13.6
23728.3 13.7
23738.2 13.8
23748 13.9
23757.8 14
23767.7 14.1
23777.5 14.2
23787.3 14.3
23797.1 14.4
23806.9 14.5
23816.7 14.6
23826.4 14.7
23836.2 14.8
23846 14.9
23855.7 15
23865.4 15.1
23875.2 15.2
23884.9 15.3
23894.6 15.4
23904.3 15.5
23914 15.6
23923.7 15.7
23933.3 15.8
23943 15.9
23952.7 16
23962.3 16.1
23971.9 16.2
23981.6 16.3
23991.2 16.4
24000.8 16.5
24010.4 16.6
24020 16.7
24029.6 16.8
24039.2 16.9
24048.7 17
24058.3 17.1
24067.9 17.2
24077.4 17.3
24086.9 17.4
24096.5 17.5
24106 17.6
24115.5 17.7
24125 17.8
24134.5 17.9
24144 18
24153.5 18.1
24162.9 18.2
24172.4 18.3
24181.8 18.4
24191.3 18.5
24200.7 18.6
24210.2 18.7
24219.6 18.8
24229 18.9
24238.4 19
24247.8 19.1
24257.2 19.2
24266.6 19.3
24275.9 19.4
24285.3 19.5
24294.7 19.6
24304 19.7
24313.4 19.8
24322.7 19.9
24332 20
24341.4 20.1
24350.7 20.2
24360 20.3
24369.3 20.4
24378.6 20.5
24387.9 20.6
24397.1 20.7
24406.4 20.8
24415.7 20.9
24424.9 21
24434.2 21.1
24443.4 21.2
24452.6 21.3
24461.9 21.4
24471.1 21.5
24480.3 21.6
24489.5 21.7
24498.7 21.8
24507.9 21.9
24517.1 22
24526.2 22.1
24535.4 22.2
24544.6 22.3
24553.7 22.4
24562.8 22.5
24572 22.6
24581.1 22.7
24590.2 22.8
24599.4 22.9
24608.5 23
24617.6 23.1
24626.7 23.2
24635.8 23.3
24644.8 23.4
24653.9 23.5
24663 23.6
24672 23.7
24681.1 23.8
24690.1 23.9
24699.2 24
24708.2 24.1
24717.2 24.2
24726.3 24.3
24735.3 24.4
24744.3 24.5
24753.3 24.6
24762.3 24.7
24771.2 24.8
24780.2 24.9
24789.2 25
24798.2 25.1
24807.1 25.2
24816.1 25.3
24825 25.4
24833.9 25.5
24842.9 25.6
24851.8 25.7
24860.7 25.8
24869.6 25.9
24878.5 26
24887.4 26.1
24896.3 26.2
24905.2 26.3
24914.1 26.4
24923 26.5
24931.8 26.6
24940.7 26.7
24949.5 26.8
24958.4 26.9
24967.2 27
24976 27.1
24984.9 27.2
24993.7 27.3
25002.5 27.4
25011.3 27.5
25020.1 27.6
25028.9 27.7
25037.7 27.8
25046.5 27.9
25055.2 28
25064 28.1
25072.8 28.2
25081.5 28.3
25090.3 28.4
25099 28.5
25107.7 28.6
25116.5 28.7
25125.2 28.8
25133.9 28.9
25142.6 29
25151.3 29.1
25160 29.2
25168.7 29.3
25177.4 29.4
25186 29.5
25194.7 29.6
25203.3 29.7
25212 29.8
25220.6 29.9
25229.3 30
25237.9 30.1
25246.5 30.2
25255.1 30.3
25263.7 30.4
25272.3 30.5
25280.8 30.6
25289.4 30.7
25297.9 30.8
25306.5 30.9
25315 31
25323.5 31.1
25332 31.2
25340.5 31.3
25349 31.4
25357.5 31.5
25366 31.6
25374.5 31.7
25383 31.8
25391.5 31.9
25399.9 32
25408.4 32.1
25416.8 32.2
25425.3 32.3
25433.7 32.4
25442.1 32.5
25450.5 32.6
25459 32.7
25467.4 32.8
25475.8 32.9
25484.2 33
25492.6 33.1
25500.9 33.2
25509.3 33.3
25517.7 33.4
25526.1 33.5
25534.4 33.6
25542.8 33.7
25551.1 33.8
25559.4 33.9
25567.8 34
25576.1 34.1
25584.4 34.2
25592.7 34.3
25601 34.4
25609.3 34.5
25617.6 34.6
25625.9 34.7
25634.2 34.8
25642.4 34.9
25650.7 35
25659 35.1
25667.2 35.2
25675.5 35.3
25683.7 35.4
25691.9 35.5
25700.1 35.6
25708.4 35.7
25716.6 35.8
25724.8 35.9
25733 36
25741.2 36.1
25749.4 36.2
25757.5 36.3
25765.7 36.4
25773.9 36.5
25782 36.6
25790.2 36.7
25798.3 36.8
25806.5 36.9
25814.6 37
25822.7 37.1
25830.9 37.2
25839 37.3
25847.1 37.4
25855.2 37.5
25863.3 37.6
25871.4 37.7
25879.4 37.8
25887.5 37.9
25895.6 38
25903.6 38.1
25911.7 38.2
25919.7 38.3
25927.8 38.4
25935.8 38.5
25943.8 38.6
25951.9 38.7
25959.9 38.8
25967.9 38.9
25975.9 39
25983.9 39.1
25991.9 39.2
25999.9 39.3
26007.8 39.4
26015.8 39.5
26023.8 39.6
26031.7 39.7
26039.7 39.8
26047.6 39.9
26055.6 40
26063.5 40.1
26071.4 40.2
26079.3 40.3
26087.2 40.4
26095.2 40.5
26103.1 40.6
26110.9 40.7
26118.8 40.8
26126.7 40.9
26134.6 41
26142.4 41.1
26150.3 41.2
26158.2 41.3
26166 41.4
26173.8 41.5
26181.7 41.6
26189.5 41.7
26197.3 41.8
26205.1 41.9
26212.9 42
26220.7 42.1
26228.5 42.2
26236.3 42.3
26244.1 42.4
26251.9 42.5
26259.6 42.6
26267.4 42.7
26275.1 42.8
26282.9 42.9
26290.6 43
26298.4 43.1
26306.1 43.2
26313.8 43.3
26321.5 43.4
26329.2 43.5
26336.9 43.6
26344.6 43.7
26352.3 43.8
26360 43.9
26367.7 44
26375.4 44.1
26383 44.2
26390.7 44.3
26398.3 44.4
26406 44.5
26413.6 44.6
26421.3 44.7
26428.9 44.8
26436.5 44.9
26444.1 45
26451.7 45.1
26459.3 45.2
26466.9 45.3
26474.5 45.4
26482.1 45.5
26489.7 45.6
26497.2 45.7
26504.8 45.8
26512.4 45.9
26519.9 46
26527.5 46.1
26535 46.2
26542.5 46.3
26550 46.4
26557.6 46.5
26565.1 46.6
26572.6 46.7
26580.1 46.8
26587.6 46.9
26595.1 47
26602.5 47.1
26610 47.2
26617.5 47.3
26625 47.4
26632.4 47.5
26639.9 47.6
26647.3 47.7
26654.7 47.8
26662.2 47.9
26669.6 48
26677 48.1
26684.4 48.2
26691.8 48.3
26699.2 48.4
26706.6 48.5
26714 48.6
26721.4 48.7
26728.7 48.8
26736.1 48.9
26743.4 49
26750.8 49.1
26758.1 49.2
26765.5 49.3
26772.8 49.4
26780.1 49.5
26787.4 49.6
26794.7 49.7
26802 49.8
26809.3 49.9
26816.6 50
26823.9 50.1
26831.2 50.2
26838.5 50.3
26845.7 50.4
26853 50.5
26860.3 50.6
26867.5 50.7
26874.8 50.8
26882 50.9
26889.2 51
26896.5 51.1
26903.7 51.2
26910.9 51.3
26918.1 51.4
26925.3 51.5
26932.5 51.6
26939.7 51.7
26946.9 51.8
26954.1 51.9
26961.2 52
26968.4 52.1
26975.6 52.2
26982.7 52.3
26989.9 52.4
26997 52.5
27004.2 52.6
27011.3 52.7
27018.4 52.8
27025.6 52.9
27032.7 53
27039.8 53.1
27046.9 53.2
27054 53.3
27061.1 53.4
27068.2 53.5
27075.3 53.6
27082.3 53.7
27089.4 53.8
27096.5 53.9
27103.5 54
27110.6 54.1
27117.6 54.2
27124.7 54.3
27131.7 54.4
27138.8 54.5
27145.8 54.6
27152.8 54.7
27159.8 54.8
27166.8 54.9
27173.8 55
27180.8 55.1
27187.8 55.2
27194.8 55.3
27201.8 55.4
27208.8 55.5
27215.8 55.6
27222.7 55.7
27229.7 55.8
27236.6 55.9
27243.6 56
27250.5 56.1
27257.5 56.2
27264.4 56.3
27271.3 56.4
27278.3 56.5
27285.2 56.6
27292.1 56.7
27299 56.8
27305.9 56.9
27312.8 57
27319.7 57.1
27326.6 57.2
27333.5 57.3
27340.4 57.4
27347.2 57.5
27354.1 57.6
27361 57.7
27367.8 57.8
27374.7 57.9
27381.5 58
27388.3 58.1
27395.2 58.2
27402 58.3
27408.8 58.4
27415.7 58.5
27422.5 58.6
27429.3 58.7
27436.1 58.8
27442.9 58.9
27449.7 59
27456.5 59.1
27463.3 59.2
27117.6 59.1
26772 59
26426.5 58.9
26081.2 58.8
25736.2 58.7
25391.4 58.6
25046.9 58.5
24702.7 58.4
24359 58.3
24015.6 58.2
23672.7 58.1
23330.2 58
22988.3 57.9
22646.9 57.8
22306.1 57.7
21965.9 57.6
21626.4 57.5
21287.5 57.4
20949.3 57.3
20611.9 57.2
20275.2 57.1
19939.3 57
19604.3 56.9
19270.2 56.8
18936.9 56.7
18604.5 56.6
18273.2 56.5
17942.8 56.4
17613.4 56.3
17285.1 56.2
16957.8 56.1
16631.7 56
16306.7 55.9
15982.9 55.8
15660.3 55.7
15338.9 55.6
15018.8 55.5
14699.9 55.4
14382.4 55.3
14066.2 55.2
13751.4 55.1
13438 55
13126 54.9
12815.4 54.8
12506.4 54.7
12198.8 54.6
11892.8 54.5
11588.4 54.4
11285.5 54.3
10984.3 54.2
10684.7 54.1
10386.7 54
10090.5 53.9
9795.94 53.8
9503.14 53.7
9212.1 53.6
8922.85 53.5
8635.4 53.4
8349.78 53.3
8066.01 53.2
7784.11 53.1
7504.11 53
7226.03 52.9
6949.88 52.8
6675.68 52.7
6403.47 52.6
6133.24 52.5
5865.03 52.4
5598.85 52.3
5334.71 52.2
5072.65 52.1
4812.66 52
4554.77 51.9
4298.99 51.8
4045.35 51.7
3793.84 51.6
3544.49 51.5
3297.31 51.4
3052.32 51.3
2809.52 51.2
2568.92 51.1
2330.54 51
2094.39 50.9
1861.09 50.8
1631.38 50.7
1404.67 50.6
1181.83 50.5
961.674 50.4
744.685 50.3
531.683 50.2
322.473 50.1
117.272 50
-84.8212 49.9
-296.497 49.8
-511.07 49.7
-723.833 49.6
-935.328 49.5
-1144.39 49.4
-1352.23 49.3
-1557.65 49.2
-1761.43 49.1
-1963.2 49
-2162.33 48.9
-2359.1 48.8
-2554.73 48.7
-2747.66 48.6
-2937.92 48.5
-3125.52 48.4
-3310.46 48.3
-3492.76 48.2
-3672.44 48.1
-3849.52 48
-4024.01 47.9
-4195.92 47.8
-4365.28 47.7
-4532.11 47.6
-4696.42 47.5
-4858.23 47.4
-5017.57 47.3
-5174.45 47.2
-5328.9 47.1
-5480.94 47
-5630.6 46.9
-5777.89 46.8
-5922.84 46.7
-6065.47 46.6
-6205.81 46.5
-6343.89 46.4
-6479.73 46.3
-6613.35 46.2
-6744.79 46.1
-6874.06 46
-7001.2 45.9
-7126.23 45.8
-7249.19 45.7
-7370.09 45.6
-7488.97 45.5
-7605.86 45.4
-7720.76 45.3
-7833.73 45.2
-7944.79 45.1
-8053.97 45
-8161.3 44.9
-8265.55 44.8
-8366.34 44.7
-8465.48 44.6
-8563.01 44.5
-8658.95 44.4
-8753.32 44.3
-8846.15 44.2
-8937.47 44.1
-9027.31 44
-9115.67 43.9
-9202.6 43.8
-9288.12 43.7
-9372.24 43.6
-9455 43.5
-9536.42 43.4
-9616.53 43.3
-9695.34 43.2
-9772.89 43.1
-9849.19 43
-9924.27 42.9
-9998.15 42.8
-10070.9 42.7
-10142.4 42.6
-10212.8 42.5
-10282.2 42.4
-10349.3 42.3
-10413.9 42.2
-10477.5 42.1
-10540.2 42
-10602 41.9
-10662.9 41.8
-10722.9 41.7
-10782.1 41.6
-10840.4 41.5
-10897.9 41.4
-10954.6 41.3
-11010.5 41.2
-11065.6 41.1
-11119.9 41
-11173.5 40.9
-11226.4 40.8
-11278.6 40.7
-11330 40.6
-11380.8 40.5
-11430.9 40.4
-11480.3 40.3
-11529.1 40.2
-11577.2 40.1
-11624.7 40
-11671.6 39.9
-11717.9 39.8
-11763.7 39.7
-11808.8 39.6
-11853.4 39.5
-11897.4 39.4
-11940.9 39.3
-11983.9 39.2
-12026.4 39.1
-12068.3 39
-12109.8 38.9
-12150.7 38.8
-12191.2 38.7
-12231.2 38.6
-12270.8 38.5
-12309.9 38.4
-12348.6 38.3
-12386.8 38.2
-12424.6 38.1
-12462 38
-12499 37.9
-12535.6 37.8
-12571.9 37.7
-12607.7 37.6
-12643.1 37.5
-12678.2 37.4
-12713 37.3
-12747.4 37.2
-12781.4 37.1
-12815.1 37
-12848.5 36.9
-12881.5 36.8
-12914.2 36.7
-12946.6 36.6
-12978.7 36.5
-13010.5 36.4
-13042 36.3
-13073.3 36.2
-13104.2 36.1
-13134.8 36
-13165.2 35.9
-13195.3 35.8
-13225.2 35.7
-13254.8 35.6
-13284.1 35.5
-13313.2 35.4
-13342.1 35.3
-13370.7 35.2
-13399 35.1
-13427.2 35
-13455.1 34.9
-13482.8 34.8
-13510.2 34.7
-13537.5 34.6
-13564.5 34.5
-13591.4 34.4
-13618 34.3
-13644.4 34.2
-13670.7 34.1
-13696.7 34
-13722.6 33.9
-13748.2 33.8
-13773.7 33.7
-13799 33.6
-13824.1 33.5
-13849.1 33.4
-13873.8 33.3
-13898.4 33.2
-13922.9 33.1
-13947.2 33
-13971.3 32.9
-13995.2 32.8
-14019 32.7
-14042.7 32.6
-14066.2 32.5
-14089.5 32.4
-14112.7 32.3
-14135.8 32.2
-14158.7 32.1
-14181.5 32
-14204.1 31.9
-14226.6 31.8
-14249 31.7
-14271.2 31.6
-14293.4 31.5
-14315.3 31.4
-14337.2 31.3
-14358.9 31.2
-14380.6 31.1
-14402.1 31
-14423.4 30.9
-14444.7 30.8
-14465.9 30.7
-14486.9 30.6
-14507.8 30.5
-14528.6 30.4
-14549.3 30.3
-14569.9 30.2
-14590.4 30.1
-14610.8 30
-14631.1 29.9
-14651.3 29.8
-14671.4 29.7
-14691.4 29.6
-14711.2 29.5
-14731 29.4
-14750.7 29.3
-14770.4 29.2
-14789.9 29.1
-14809.3 29
-14828.6 28.9
-14847.9 28.8
-14867 28.7
-14886.1 28.6
-14905.1 28.5
-14924 28.4
-14942.8 28.3
-14961.6 28.2
-14980.2 28.1
-14998.8 28
-15017.3 27.9
-15035.7 27.8
-15054.1 27.7
-15072.3 27.6
-15090.5 27.5
-15108.6 27.4
-15126.7 27.3
-15144.7 27.2
-15162.6 27.1
-15180.4 27
-15198.1 26.9
-15215.8 26.8
-15233.5 26.7
-15251 26.6
-15268.5 26.5
-15285.9 26.4
-15303.3 26.3
-15320.6 26.2
-15337.8 26.1
-15355 26
-15372.1 25.9
-15389.1 25.8
-15406.1 25.7
-15423 25.6
-15439.8 25.5
-15456.6 25.4
-15473.4 25.3
-15490.1 25.2
-15506.7 25.1
-15523.2 25
-15539.7 24.9
-15556.2 24.8
-15572.6 24.7
-15588.9 24.6
-15605.2 24.5
-15621.5 24.4
-15637.7 24.3
-15653.8 24.2
-15669.9 24.1
-15685.9 24
-15701.9 23.9
-15717.8 23.8
-15733.7 23.7
-15749.5 23.6
-15765.3 23.5
-15781 23.4
-15796.7 23.3
-15812.3 23.2
-15827.9 23.1
-15843.4 23
-15858.9 22.9
-15874.4 22.8
-15889.8 22.7
-15905.1 22.6
-15920.5 22.5
-15935.7 22.4
-15950.9 22.3
-15966.1 22.2
-15981.3 22.1
-15996.4 22
-16011.4 21.9
-16026.4 21.8
-16041.4 21.7
-16056.3 21.6
-16071.2 21.5
-16086.1 21.4
-16100.9 21.3
-16115.6 21.2
-16130.4 21.1
-16145.1 21
-16159.7 20.9
-16174.3 20.8
-16188.9 20.7
-16203.4 20.6
-16217.9 20.5
-16232.4 20.4
-16246.8 20.3
-16261.2 20.2
-16275.6 20.1
-16289.9 20
-16304.2 19.9
-16318.4 19.8
-16332.6 19.7
-16346.8 19.6
-16361 19.5
-16375.1 19.4
-16389.1 19.3
-16403.2 19.2
-16417.2 19.1
-16431.2 19
-16445.1 18.9
-16459 18.8
-16472.9 18.7
-16486.7 18.6
-16500.6 18.5
-16514.3 18.4
-16528.1 18.3
-16541.8 18.2
-16555.5 18.1
-16569.1 18
-16582.8 17.9
-16596.4 17.8
-16609.9 17.7
-16623.5 17.6
-16637 17.5
-16650.5 17.4
-16663.9 17.3
-16677.3 17.2
-16690.7 17.1
-16704.1 17
-16717.4 16.9
-16730.7 16.8
-16744 16.7
-16757.3 16.6
-16770.5 16.5
-16783.7 16.4
-16796.8 16.3
-16810 16.2
-16823.1 16.1
-16836.2 16
-16849.2 15.9
-16862.3 15.8
-16875.3 15.7
-16888.3 15.6
-16901.2 15.5
-16914.2 15.4
-16927.1 15.3
-16940 15.2
-16952.8 15.1
-16965.7 15
-16978.5 14.9
-16991.2 14.8
-17004 14.7
-17016.7 14.6
-17029.5 14.5
-17042.1 14.4
-17054.8 14.3
-17067.4 14.2
-17080.1 14.1
-17092.7 14
-17105.2 13.9
-17117.8 13.8
-17130.3 13.7
-17142.8 13.6
-17155.3 13.5
-17167.7 13.4
-17180.2 13.3
-17192.6 13.2
-17205 13.1
-17217.3 13
-17229.7 12.9
-17242 12.8
-17254.3 12.7
-17266.6 12.6
-17278.9 12.5
-17291.1 12.4
-17303.3 12.3
-17315.5 12.2
-17327.7 12.1
-17339.9 12
-17352 11.9
-17364.1 11.8
-17376.2 11.7
-17388.3 11.6
-17400.3 11.5
-17412.4 11.4
-17424.4 11.3
-17436.4 11.2
-17448.4 11.1
-17460.3 11
-17472.3 10.9
-17484.2 10.8
-17496.1 10.7
-17508 10.6
-17519.8 10.5
-17531.7 10.4
-17543.5 10.3
-17555.3 10.2
-17567.1 10.1
-17578.8 10
-17590.6 9.9
-17602.3 9.8
-17614 9.7
-17625.7 9.6
-17637.4 9.5
-17649.1 9.4
-17660.7 9.3
-17672.4 9.2
-17684 9.1
-17695.6 9
-17707.1 8.9
-17718.7 8.8
-17730.2 8.7
-17741.7 8.6
-17753.2 8.5
-17764.7 8.4
-17776.2 8.3
-17787.7 8.2
-17799.1 8.1
-17810.5 8
-17821.9 7.9
-17833.3 7.8
-17844.7 7.7
-17856 7.6
-17867.4 7.5
-17878.7 7.4
-17890 7.3
-17901.3 7.2
-17912.6 7.1
-17923.8 7
-17935.1 6.9
-17946.3 6.8
-17957.5 6.7
-17968.7 6.6
-17979.9 6.5
-17991.1 6.4
-18002.2 6.3
-18013.3 6.2
-18024.5 6.1
-18035.6 6
-18046.7 5.9
-18057.7 5.8
-18068.8 5.7
-18079.8 5.6
-18090.9 5.5
-18101.9 5.4
-18112.9 5.3
-18123.9 5.2
-18134.9 5.1
-18145.8 5
-18156.8 4.9
-18167.7 4.8
-18178.6 4.7
-18189.5 4.6
-18200.4 4.5
-18211.3 4.4
-18222.1 4.3
-18233 4.2
-18243.8 4.1
-18254.6 4
-18265.4 3.9
-18276.2 3.8
-18287 3.7
-18297.8 3.6
-18308.5 3.5
-18319.2 3.4
-18330 3.3
-18340.7 3.2
-18351.4 3.1
-18362.1 3
-18372.7 2.9
-18383.4 2.8
-18394 2.7
-18404.7 2.6
-18415.3 2.5
-18425.9 2.4
-18436.5 2.3
-18447 2.2
-18457.6 2.1
-18468.2 2
-18478.7 1.9
-18489.2 1.8
-18499.7 1.7
-18510.2 1.6
-18520.7 1.5
-18531.2 1.4
-18541.7 1.3
-18552.1 1.2
-18562.6 1.1
-18573 1
-18583.4 0.9
-18593.8 0.8
-18604.2 0.7
-18614.6 0.6
-18625 0.5
-18635.3 0.4
-18645.7 0.3
-18656 0.2
-18666.3 0.1
-18676.6 -2.23987e-14
-18686.9 -0.1
-18697.2 -0.2
-18707.5 -0.3
-18717.7 -0.4
-18728 -0.5
-18738.2 -0.6
-18748.4 -0.7
-18758.6 -0.8
-18768.8 -0.9
-18779 -1
-18789.2 -1.1
-18799.4 -1.2
-18809.5 -1.3
-18819.7 -1.4
-18829.8 -1.5
-18839.9 -1.6
-18850.1 -1.7
-18860.2 -1.8
-18870.2 -1.9
-18880.3 -2
-18890.4 -2.1
-18900.4 -2.2
-18910.5 -2.3
-18920.5 -2.4
-18930.5 -2.5
-18940.6 -2.6
-18950.6 -2.7
-18960.5 -2.8
-18970.5 -2.9
-18980.5 -3
-18990.4 -3.1
-19000.4 -3.2
-19010.3 -3.3
-19020.3 -3.4
-19030.2 -3.5
-19040.1 -3.6
-19050 -3.7
-19059.8 -3.8
-19069.7 -3.9
-19079.6 -4
-19089.4 -4.1
-19099.3 -4.2
-19109.1 -4.3
-19118.9 -4.4
-19128.7 -4.5
-19138.5 -4.6
-19148.3 -4.7
-19158.1 -4.8
-19167.9 -4.9
-19177.6 -5
-19187.4 -5.1
-19197.1 -5.2
-19206.8 -5.3
-19216.6 -5.4
-19226.3 -5.5
-19236 -5.6
-19245.7 -5.7
-19255.3 -5.8
-19265 -5.9
-19274.7 -6
-19284.3 -6.1
-19293.9 -6.2
-19303.6 -6.3
-19313.2 -6.4
-19322.8 -6.5
-19332.4 -6.6
-19342 -6.7
-19351.6 -6.8
-19361.1 -6.9
-19370.7 -7
-19380.2 -7.1
-19389.8 -7.2
-19399.3 -7.3
-19408.8 -7.4
-19418.3 -7.5
-19427.8 -7.6
-19437.3 -7.7
-19446.8 -7.8
-19456.3 -7.9
-19465.7 -8
-19475.2 -8.1
-19484.6 -8.2
-19494.1 -8.3
-19503.5 -8.4
-19512.9 -8.5
-19522.3 -8.6
-19531.7 -8.7
-19541.1 -8.8
-19550.5 -8.9
-19559.8 -9
-19569.2 -9.1
-19578.5 -9.2
-19587.9 -9.3
-19597.2 -9.4
-19606.5 -9.5
-19615.8 -9.6
-19625.2 -9.7
-19634.4 -9.8
-19643.7 -9.9
-19653 -10
-19662.3 -10.1
-19671.5 -10.2
-19680.8 -10.3
-19690 -10.4
-19699.2 -10.5
-19708.5 -10.6
-19717.7 -10.7
-19726.9 -10.8
-19736.1 -10.9
-19745.3 -11
-19754.4 -11.1
-19763.6 -11.2
-19772.8 -11.3
-19781.9 -11.4
-19791 -11.5
-19800.2 -11.6
-19809.3 -11.7
-19818.4 -11.8
-19827.5 -11.9
-19836.6 -12
-19845.7 -12.1
-19854.8 -12.2
-19863.8 -12.3
-19872.9 -12.4
-19881.9 -12.5
-19891 -12.6
-19900 -12.7
-19909 -12.8
-19918.1 -12.9
-19927.1 -13
-19936.1 -13.1
-19945.1 -13.2
-19954 -13.3
-19963 -13.4
-19972 -13.5
-19980.9 -13.6
-19989.9 -13.7
-19998.8 -13.8
-20007.7 -13.9
-20016.7 -14
-20025.6 -14.1
-20034.5 -14.2
-20043.4 -14.3
-20052.3 -14.4
-20061.1 -14.5
-20070 -14.6
-20078.9 -14.7
-20087.7 -14.8
-20096.6 -14.9
-20105.4 -15
-20114.2 -15.1
-20123 -15.2
-20131.9 -15.3
-20140.7 -15.4
-20149.4 -15.5
-20158.2 -15.6
-20167 -15.7
-20175.8 -15.8
-20184.5 -15.9
-20193.3 -16
-20202 -16.1
-20210.8 -16.2
-20219.5 -16.3
-20228.2 -16.4
-20236.9 -16.5
-20245.6 -16.6
-20254.3 -16.7
-20263 -16.8
-20271.7 -16.9
-20280.3 -17
-20289 -17.1
-20297.6 -17.2
-20306.3 -17.3
-20314.9 -17.4
-20323.5 -17.5
-20332.1 -17.6
-20340.8 -17.7
-20349.4 -17.8
-20357.9 -17.9
-20366.5 -18
-20375.1 -18.1
-20383.7 -18.2
-20392.2 -18.3
-20400.8 -18.4
-20409.3 -18.5
-20417.9 -18.6
-20426.4 -18.7
-20434.9 -18.8
-20443.4 -18.9
-20451.9 -19
-20460.4 -19.1
-20468.9 -19.2
-20477.4 -19.3
-20485.8 -19.4
-20494.3 -19.5
-20502.8 -19.6
-20511.2 -19.7
-20519.6 -19.8
-20528.1 -19.9
-20536.5 -20
-20544.9 -20.1
-20553.3 -20.2
-20561.7 -20.3
-20570.1 -20.4
-20578.5 -20.5
-20586.9 -20.6
-20595.2 -20.7
-20603.6 -20.8
-20611.9 -20.9
-20620.3 -21
-20628.6 -21.1
-20636.9 -21.2
-20645.2 -21.3
-20653.5 -21.4
-20661.8 -21.5
-20670.1 -21.6
-20678.4 -21.7
-20686.7 -21.8
-20695 -21.9
-20703.2 -22
-20711.5 -22.1
-20719.7 -22.2
-20728 -22.3
-20736.2 -22.4
-20744.4 -22.5
-20752.6 -22.6
-20760.8 -22.7
-20769 -22.8
-20777.2 -22.9
-20785.4 -23
-20793.6 -23.1
-20801.7 -23.2
-20809.9 -23.3
-20818 -23.4
-20826.2 -23.5
-20834.3 -23.6
-20842.4 -23.7
-20850.5 -23.8
-20858.7 -23.9
-20866.8 -24
-20874.9 -24.1
-20882.9 -24.2
-20891 -24.3
-20899.1 -24.4
-20907.1 -24.5
-20915.2 -24.6
-20923.3 -24.7
-20931.3 -24.8
-20939.3 -24.9
-20947.3 -25
-20955.4 -25.1
-20963.4 -25.2
-20971.4 -25.3
-20979.4 -25.4
-20987.3 -25.5
-20995.3 -25.6
-21003.3 -25.7
-21011.2 -25.8
-21019.2 -25.9
-21027.1 -26
-21035.1 -26.1
-21043 -26.2
-21050.9 -26.3
-21058.8 -26.4
-21066.8 -26.5
-21074.7 -26.6
-21082.5 -26.7
-21090.6 -26.8
-21100.9 -26.9
-21111.3 -27
-21121.6 -27.1
-21131.9 -27.2
-21142.3 -27.3
-21152.6 -27.4
-21162.9 -27.5
-21173.2 -27.6
-21183.5 -27.7
-21193.8 -27.8
-21204.1 -27.9
-21214.4 -28
-21224.7 -28.1
-21235 -28.2
-21245.3 -28.3
-21255.5 -28.4
-21265.8 -28.5
-21276.1 -28.6
-21286.3 -28.7
-21296.6 -28.8
-21306.8 -28.9
-21317.1 -29
-21327.3 -29.1
-21337.6 -29.2
-21347.8 -29.3
-21358 -29.4
-21368.2 -29.5
-21378.5 -29.6
-21388.7 -29.7
-21398.9 -29.8
-21409.1 -29.9
-21419.3 -30
-21429.5 -30.1
-21439.7 -30.2
-21449.9 -30.3
-21460 -30.4
-21470.2 -30.5
-21480.4 -30.6
-21490.6 -30.7
-21500.7 -30.8
-21510.9 -30.9
-21521 -31
-21531.2 -31.1
-21541.3 -31.2
-21551.5 -31.3
-21561.6 -31.4
-21571.8 -31.5
-21581.9 -31.6
-21592 -31.7
-21602.1 -31.8
-21612.2 -31.9
-21622.4 -32
-21632.5 -32.1
-21642.6 -32.2
-21652.7 -32.3
-21662.8 -32.4
-21672.9 -32.5
-21682.9 -32.6
-21693 -32.7
-21703.1 -32.8
-21713.2 -32.9
-21723.3 -33
-21733.3 -33.1
-21743.4 -33.2
-21753.5 -33.3
-21763.5 -33.4
-21773.6 -33.5
-21783.6 -33.6
-21793.7 -33.7
-21803.7 -33.8
-21813.7 -33.9
-21823.8 -34
-21833.8 -34.1
-21843.8 -34.2
-21853.8 -34.3
-21863.9 -34.4
-21873.9 -34.5
-21883.9 -34.6
-21893.9 -34.7
-21903.9 -34.8
-21913.9 -34.9
-21923.9 -35
-21933.9 -35.1
-21943.9 -35.2
-21953.8 -35.3
-21963.8 -35.4
-21973.8 -35.5
-21983.8 -35.6
-21993.7 -35.7
-22003.7 -35.8
-22013.7 -35.9
-22023.6 -36
-22033.6 -36.1
-22043.5 -36.2
-22268.3 -36.3
-22696.1 -36.4
-23123.9 -36.5
-23551.6 -36.6
-23987.4 -36.7
-24429.1 -36.8
-24870.8 -36.9
-25336.8 -37
-25814 -37.1
-26291 -37.2
-26767.9 -37.3
-27244.7 -37.4
-27727.2 -37.5
-28219 -37.6
-28723.6 -37.7
-29227.9 -37.8
-29731.8 -37.9
-30239.7 -38
-30751.8 -38.1
-31263.3 -38.2
-31775.6 -38.3
-32301.6 -38.4
-32826.9 -38.5
-33351.3 -38.6
-33874.7 -38.7
-34397 -38.8
-34918.2 -38.9
-35438.1 -39
-35956.6 -39.1
-36473.7 -39.2
-36989.1 -39.3
-37502.8 -39.4
-38014.7 -39.5
-38524.5 -39.6
-39032.1 -39.7
-39537.3 -39.8
-40040.1 -39.9
-40540.1 -40
-41037.2 -40.1
-41531.2 -40.2
-42021.9 -40.3
-42509 -40.4
-42992.3 -40.5
-43471.5 -40.6
-43946.4 -40.7
-44416.6 -40.8
-44881.9 -40.9
-45342 -41
-45796.5 -41.1
-46245.1 -41.2
-46687.4 -41.3
-47123.1 -41.4
-47551.8 -41.5
-47973.1 -41.6
-48386.6 -41.7
-48792 -41.8
-49188.9 -41.9
-49576.9 -42
-49962.9 -42.1
-50337.8 -42.2
-50701.2 -42.3
-51052.9 -42.4
-51392.7 -42.5
-51720.5 -42.6
-52036.2 -42.7
-52339.7 -42.8
-52631 -42.9
-52910.2 -43
-53177.6 -43.1
-53433.3 -43.2
-53677.5 -43.3
-53910.7 -43.4
-54133.1 -43.5
-54345.2 -43.6
-54547.3 -43.7
-54740 -43.8
-54923.7 -43.9
-55098.9 -44
-55266 -44.1
-55425.6 -44.2
-55578 -44.3
-55723.8 -44.4
-55854 -44.5
-55968.1 -44.6
-56074.3 -44.7
-56175.4 -44.8
-56271.7 -44.9
-56363.5 -45
-56451.2 -45.1
-56534.8 -45.2
-56613.6 -45.3
-56689.1 -45.4
-56761.5 -45.5
-56831.1 -45.6
-56898.1 -45.7
-56962.7 -45.8
-57024.9 -45.9
-57085.1 -46
-57143.2 -46.1
-57199.6 -46.2
-57254.2 -46.3
-57307.2 -46.4
-57358.7 -46.5
-57408.8 -46.6
-57457.6 -46.7
-57505.1 -46.8
-57551.5 -46.9
-57596.9 -47
-57641.1 -47.1
-57684.5 -47.2
-57726.9 -47.3
-57768.4 -47.4
-57809.2 -47.5
-57849.2 -47.6
-57888.5 -47.7
-57927.1 -47.8
-57965 -47.9
-58002.3 -48
-58038.9 -48.1
-58075 -48.2
-58110.6 -48.3
-58145.6 -48.4
-58180.2 -48.5
-58214.3 -48.6
-58248 -48.7
-58281.3 -48.8
-58314.1 -48.9
-58346.6 -49
-58378.7 -49.1
-58410.5 -49.2
-58441.9 -49.3
-58473 -49.4
-58503.8 -49.5
-58534.2 -49.6
-58564.4 -49.7
-58594.4 -49.8
-58624 -49.9
-58653.4 -50
-58682.6 -50.1
-58711.5 -50.2
-58740.1 -50.3
-58768.6 -50.4
-58796.8 -50.5
-58824.8 -50.6
-58852.6 -50.7
-58880.2 -50.8
-58907.7 -50.9
-58934.9 -51
-58961.9 -51.1
-58988.8 -51.2
-59015.5 -51.3
-59042 -51.4
-59068.4 -51.5
-59094.6 -51.6
-59120 -51.7
-59144.9 -51.8
-59169.7 -51.9
-59194.4 -52
-59218.9 -52.1
-59243.3 -52.2
-59267.6 -52.3
-59291.8 -52.4
-59315.8 -52.5
-59339.7 -52.6
-59363.5 -52.7
-59387.1 -52.8
-59410.7 -52.9
-59434.1 -53
-59457.4 -53.1
-59480.6 -53.2
-59503.7 -53.3
-59526.7 -53.4
-59549.6 -53.5
-59572.3 -53.6
-59595 -53.7
-59617.5 -53.8
-59640 -53.9
-59662.3 -54
-59684.6 -54.1
-59706.7 -54.2
-59728.7 -54.3
-59750.7 -54.4
-59772.5 -54.5
-59794.2 -54.6
-59815.8 -54.7
-59837.4 -54.8
-59858.8 -54.9
-59880.1 -55
-59901.3 -55.1
-59922.4 -55.2
-59943.4 -55.3
-59964.3 -55.4
-59985.1 -55.5
-60005.8 -55.6
-60026.3 -55.7
-60046.8 -55.8
-60067.1 -55.9
-60087.4 -56
-60107.5 -56.1
-60127.5 -56.2
-60147.4 -56.3
-60167.1 -56.4
-60186.8 -56.5
-60206.3 -56.6
-60225.7 -56.7
-60244.9 -56.8
-60263.9 -56.9
-60282.8 -57
-60301.5 -57.1
-60320.1 -57.2
-60338.5 -57.3
-60356.8 -57.4
-60374.9 -57.5
-60392.8 -57.6
-60410.6 -57.7
-60428.2 -57.8
-60445.7 -57.9
-60462.9 -58
-60480 -58.1
-60497 -58.2
-60513.7 -58.3
-60530.3 -58.4
-60546.7 -58.5
-60563 -58.6
-60579 -58.7
-60594.9 -58.8
-60610.7 -58.9
-60626.2 -59
-60641.6 -59.1
-60656.9 -59.2
-59935.3 -59.1
-59213.9 -59
-58492.6 -58.9
-57771.5 -58.8
-57050.6 -58.7
-56329.9 -58.6
-55609.5 -58.5
-54889.4 -58.4
-54169.6 -58.3
-53450.2 -58.2
-52731.1 -58.1
-52012.4 -58
-51294.1 -57.9
-50576.2 -57.8
-49858.7 -57.7
-49141.7 -57.6
-48425.2 -57.5
-47711.7 -57.4
-47006.9 -57.3
-46302.6 -57.2
-45599 -57.1
-44900 -57
-44206.4 -56.9
-43513.6 -56.8
-42821.4 -56.7
-42137.4 -56.6
-41455 -56.5
-40773.4 -56.4
-40092.6 -56.3
-39412.6 -56.2
-38733.5 -56.1
-38055.2 -56
-37377.8 -55.9
-36701.4 -55.8
-36052.7 -55.7
-35409.4 -55.6
-34767 -55.5
-34134.1 -55.4
-33503.1 -55.3
-32873.1 -55.2
-32243.9 -55.1
-31615.8 -55
-30988.6 -54.9
-30362.5 -54.8
-29737.4 -54.7
-29113.4 -54.6
-28492.6 -54.5
-27877.7 -54.4
-27264.4 -54.3
-26652.3 -54.2
-26041.2 -54.1
-25431.4 -54
-24822.8 -53.9
-24215.3 -53.8
-23609.2 -53.7
-23004.3 -53.6
-22400.7 -53.5
-21798.5 -53.4
-21202.7 -53.3
-20613.2 -53.2
-20032.1 -53.1
-19471.3 -53
-18918.3 -52.9
-18366.7 -52.8
-17830.6 -52.7
-17298.7 -52.6
-16787.7 -52.5
-16317 -52.4
-15873 -52.3
-15469.1 -52.2
-15150.6 -52.1
-14832.8 -52
-14515.5 -51.9
-14199 -51.8
-13883.1 -51.7
-13567.9 -51.6
-13253.4 -51.5
-12939.7 -51.4
-12626.7 -51.3
-12314.6 -51.2
-12003.2 -51.1
-11692.6 -51
-11383 -50.9
-11074.1 -50.8
-10766.2 -50.7
-10459.2 -50.6
-10153.1 -50.5
-9847.98 -50.4
-9543.82 -50.3
-9240.66 -50.2
-8939.75 -50.1
-8641.47 -50
-8344.25 -49.9
-8048.1 -49.8
-7753.05 -49.7
-7459.1 -49.6
-7166.28 -49.5
-6874.61 -49.4
-6584.1 -49.3
-6294.78 -49.2
-6006.65 -49.1
-5719.74 -49
-5434.06 -48.9
-5149.63 -48.8
-4866.46 -48.7
-4584.58 -48.6
-4303.99 -48.5
-4025.8 -48.4
-3749.51 -48.3
-3474.53 -48.2
-3200.89 -48.1
-2928.6 -48
-2658.11 -47.9
-2389.77 -47.8
-2126.16 -47.7
-1877.57 -47.6
-1631.88 -47.5
-1388.58 -47.4
-1147.17 -47.3
-908.305 -47.2
-671.552 -47.1
-436.687 -47
-207.151 -46.9
14.1067 -46.8
223.448 -46.7
436.121 -46.6
650.086 -46.5
864.643 -46.4
1079.64 -46.3
1293.41 -46.2
1505.93 -46.1
1717.21 -46
1927.25 -45.9
2130.77 -45.8
2329.39 -45.7
2526.59 -45.6
2722.38 -45.5
2916.74 -45.4
3109.68 -45.3
3301.19 -45.2
3491.27 -45.1
3679.91 -45
3867.11 -44.9
4052.86 -44.8
4237.17 -44.7
4420.04 -44.6
4601.45 -44.5
4781.41 -44.4
4959.92 -44.3
5136.98 -44.2
5312.57 -44.1
5486.72 -44
5659.41 -43.9
5830.64 -43.8
6000.41 -43.7
6168.73 -43.6
6335.59 -43.5
6500.99 -43.4
6664.95 -43.3
6827.45 -43.2
6988.5 -43.1
7148.1 -43
7306.25 -42.9
7462.95 -42.8
7618.22 -42.7
7772.05 -42.6
7924.43 -42.5
8075.39 -42.4
8224.91 -42.3
8373.01 -42.2
8519.69 -42.1
8664.95 -42
8808.79 -41.9
8951.22 -41.8
9092.25 -41.7
9231.88 -41.6
9370.11 -41.5
9506.96 -41.4
9642.42 -41.3
9776.5 -41.2
9909.21 -41.1
10040.6 -41
10170.5 -40.9
10299.2 -40.8
10426.4 -40.7
10552.4 -40.6
10677 -40.5
10800.3 -40.4
10922.2 -40.3
11042.9 -40.2
11162.2 -40.1
11280.3 -40
11397 -39.9
11512.5 -39.8
11626.7 -39.7
11739.7 -39.6
11851.3 -39.5
11961.8 -39.4
12071 -39.3
12178.9 -39.2
12285.7 -39.1
12391.2 -39
12495.5 -38.9
12598.7 -38.8
12700.6 -38.7
12801.4 -38.6
12900.9 -38.5
12999.4 -38.4
13096.7 -38.3
13192.8 -38.2
13287.8 -38.1
13381.7 -38
13474.5 -37.9
13566.2 -37.8
13656.8 -37.7
13746.3 -37.6
13834.7 -37.5
13922.1 -37.4
14008.4 -37.3
14093.7 -37.2
14177.9 -37.1
14261.2 -37
14343.4 -36.9
14424.6 -36.8
14504.8 -36.7
14584 -36.6
14662.3 -36.5
14739.6 -36.4
14815.9 -36.3
14891.3 -36.2
14965.8 -36.1
15039.3 -36
15112 -35.9
15183.7 -35.8
15254.6 -35.7
15324.5 -35.6
15393.6 -35.5
15461.8 -35.4
15529.2 -35.3
15595.7 -35.2
15661.4 -35.1
15726.3 -35
15790.4 -34.9
15853.7 -34.8
15916.1 -34.7
15977.8 -34.6
16038.7 -34.5
16101.5 -34.4
16166.2 -34.3
16230.1 -34.2
16293 -34.1
16355.1 -34
16416.4 -33.9
16476.8 -33.8
16536.3 -33.7
16595.1 -33.6
16653 -33.5
16710.2 -33.4
16766.6 -33.3
16822.2 -33.2
16877 -33.1
16931.2 -33
16984.5 -32.9
17037.2 -32.8
17089.1 -32.7
17140.4 -32.6
17190.9 -32.5
17240.8 -32.4
17290 -32.3
17338.5 -32.2
17386.4 -32.1
17433.7 -32
17480.3 -31.9
17526.3 -31.8
17571.7 -31.7
17616.6 -31.6
17660.8 -31.5
17704.4 -31.4
17747.5 -31.3
17790 -31.2
17832 -31.1
17873.4 -31
17914.3 -30.9
17954.7 -30.8
17994.6 -30.7
18034 -30.6
18072.8 -30.5
18111.2 -30.4
18149.1 -30.3
18186.5 -30.2
18223.5 -30.1
18260 -30
18296.1 -29.9
18331.7 -29.8
18366.9 -29.7
18401.7 -29.6
18436.1 -29.5
18470 -29.4
18503.6 -29.3
18536.8 -29.2
18569.5 -29.1
18601.9 -29
18634 -28.9
18665.6 -28.8
18696.9 -28.7
18727.9 -28.6
18758.5 -28.5
18788.7 -28.4
18818.6 -28.3
18848.2 -28.2
18877.5 -28.1
18906.5 -28
18935.1 -27.9
18963.4 -27.8
18991.5 -27.7
19019.2 -27.6
19046.7 -27.5
19073.9 -27.4
19100.8 -27.3
19127.4 -27.2
19153.7 -27.1
19179.8 -27
19205.6 -26.9
19231.2 -26.8
19256.5 -26.7
19281.6 -26.6
19306.5 -26.5
19331.1 -26.4
19355.5 -26.3
19379.6 -26.2
19403.5 -26.1
19427.2 -26
19450.7 -25.9
19474 -25.8
19497.1 -25.7
19520 -25.6
19542.6 -25.5
19565.1 -25.4
19587.4 -25.3
19609.5 -25.2
19631.4 -25.1
19653.1 -25
19674.7 -24.9
19696 -24.8
19717.2 -24.7
19738.2 -24.6
19759.1 -24.5
19779.8 -24.4
19800.3 -24.3
19820.7 -24.2
19840.9 -24.1
19861 -24
19880.9 -23.9
19900.7 -23.8
19920.3 -23.7
19939.8 -23.6
19959.1 -23.5
19978.3 -23.4
19997.4 -23.3
20016.3 -23.2
20035.1 -23.1
20053.8 -23
20072.3 -22.9
20090.8 -22.8
20109.1 -22.7
20127.2 -22.6
20145.3 -22.5
20163.2 -22.4
20181.1 -22.3
20198.8 -22.2
20216.4 -22.1
20233.9 -22
20251.3 -21.9
20268.6 -21.8
20285.7 -21.7
20302.8 -21.6
20319.8 -21.5
20336.7 -21.4
20353.4 -21.3
20370.1 -21.2
20386.7 -21.1
20403.2 -21
20419.6 -20.9
20435.9 -20.8
20452.1 -20.7
20468.3 -20.6
20484.3 -20.5
20500.3 -20.4
20516.2 -20.3
20532 -20.2
20547.7 -20.1
20563.3 -20
20578.9 -19.9
20594.4 -19.8
20609.8 -19.7
20625.1 -19.6
20640.3 -19.5
20655.5 -19.4
20670.6 -19.3
20685.7 -19.2
20700.6 -19.1
20715.5 -19
20730.4 -18.9
20745.1 -18.8
20759.8 -18.7
20774.5 -18.6
20789 -18.5
20803.5 -18.4
20818 -18.3
20832.4 -18.2
20846.7 -18.1
20860.9 -18
20875.1 -17.9
20889.3 -17.8
20903.4 -17.7
20917.4 -17.6
20931.4 -17.5
20945.3 -17.4
20959.1 -17.3
20972.9 -17.2
20986.7 -17.1
21000.4 -17
21014.1 -16.9
21027.7 -16.8
21041.2 -16.7
21054.7 -16.6
21068.2 -16.5
21081.6 -16.4
21094.9 -16.3
21108.2 -16.2
21121.5 -16.1
21134.7 -16
21147.9 -15.9
21161 -15.8
21174.1 -15.7
21187.1 -15.6
21200.1 -15.5
21213 -15.4
21226 -15.3
21238.8 -15.2
21251.6 -15.1
21264.4 -15
21277.2 -14.9
21289.9 -14.8
21302.5 -14.7
21315.2 -14.6
21327.7 -14.5
21340.3 -14.4
21352.8 -14.3
21365.3 -14.2
21377.7 -14.1
21390.1 -14
21402.5 -13.9
21414.8 -13.8
21427.1 -13.7
21439.4 -13.6
21451.6 -13.5
21463.8 -13.4
21475.9 -13.3
21488.1 -13.2
21500.2 -13.1
21512.2 -13
21524.3 -12.9
21536.3 -12.8
21548.2 -12.7
21560.2 -12.6
21572.1 -12.5
21583.9 -12.4
21595.8 -12.3
21607.6 -12.2
21619.4 -12.1
21631.1 -12
21642.8 -11.9
21654.5 -11.8
21666.2 -11.7
21677.9 -11.6
21689.5 -11.5
21701.1 -11.4
21712.6 -11.3
21724.1 -11.2
21735.7 -11.1
21747.1 -11
21758.6 -10.9
21770 -10.8
21781.4 -10.7
21792.8 -10.6
21804.1 -10.5
21815.5 -10.4
21826.8 -10.3
21838.1 -10.2
21849.3 -10.1
21860.5 -10
21871.7 -9.9
21882.9 -9.8
21894.1 -9.7
21905.2 -9.6
21916.3 -9.5
21927.4 -9.4
21938.5 -9.3
21949.5 -9.2
21960.6 -9.1
21971.6 -9
21982.5 -8.9
21993.5 -8.8
22004.4 -8.7
22015.4 -8.6
22026.3 -8.5
22037.1 -8.4
22048 -8.3
22058.8 -8.2
22069.6 -8.1
22080.4 -8
22091.2 -7.9
22102 -7.8
22112.7 -7.7
22123.4 -7.6
22134.1 -7.5
22144.8 -7.4
22155.5 -7.3
22166.1 -7.2
22176.7 -7.1
22187.3 -7
22197.9 -6.9
22208.5 -6.8
22219.1 -6.7
22229.6 -6.6
22240.1 -6.5
22250.6 -6.4
22261.1 -6.3
22271.5 -6.2
22282 -6.1
22292.4 -6
22302.9 -5.9
22313.3 -5.8
22323.7 -5.7
22334.1 -5.6
22344.4 -5.5
22354.8 -5.4
22365.1 -5.3
22375.4 -5.2
22385.7 -5.1
22396 -5
22406.3 -4.9
22416.5 -4.8
22426.8 -4.7
22437 -4.6
22447.2 -4.5
22457.4 -4.4
22467.6 -4.3
22477.7 -4.2
22487.9 -4.1
22498 -4
22508.1 -3.9
22518.2 -3.8
22528.3 -3.7
22538.4 -3.6
22548.5 -3.5
22558.5 -3.4
22568.6 -3.3
22578.6 -3.2
22588.6 -3.1
22598.6 -3
22608.6 -2.9
22618.5 -2.8
22628.5 -2.7
22638.4 -2.6
22648.3 -2.5
22658.3 -2.4
22668.2 -2.3
22678 -2.2
22687.9 -2.1
22697.8 -2
22707.6 -1.9
22717.5 -1.8
22727.3 -1.7
22737.1 -1.6
22746.9 -1.5
22756.7 -1.4
22766.5 -1.3
22776.2 -1.2
22786 -1.1
22795.7 -1
22805.4 -0.9
22815.2 -0.8
22824.9 -0.7
22834.6 -0.6
22844.2 -0.5
22853.9 -0.4
22863.6 -0.3
22873.2 -0.2
22882.8 -0.1
22892.5 -2.05669e-14
22902.1 0.1
22911.7 0.2
22921.3 0.3
22930.9 0.4
22940.4 0.5
22950 0.6
22959.5 0.7
22969.1 0.8
22978.6 0.9
22988.1 1
22997.6 1.1
23007.1 1.2
23016.6 1.3
23026 1.4
23035.5 1.5
23045 1.6
23054.4 1.7
23063.8 1.8
23073.3 1.9
23082.7 2
23092.1 2.1
23101.5 2.2
23110.8 2.3
23120.2 2.4
23129.6 2.5
23138.9 2.6
23148.3 2.7
23157.6 2.8
23166.9 2.9
23176.2 3
23185.5 3.1
23194.8 3.2
23204.1 3.3
23213.4 3.4
23222.7 3.5
23231.9 3.6
23241.2 3.7
23250.4 3.8
23259.6 3.9
23268.9 4
23278.1 4.1
23287.3 4.2
23296.5 4.3
23305.6 4.4
23314.8 4.5
23324 4.6
23333.1 4.7
23342.3 4.8
23351.4 4.9
23360.6 5
23369.7 5.1
23378.8 5.2
23387.9 5.3
23397 5.4
23406.1 5.5
23415.2 5.6
23424.2 5.7
23433.3 5.8
23442.4 5.9
23451.4 6
23460.5 6.1
23469.5 6.2
23478.5 6.3
23487.5 6.4
23496.5 6.5
23505.5 6.6
23514.5 6.7
23523.5 6.8
23532.5 6.9
23541.4 7
23550.4 7.1
23559.3 7.2
23568.3 7.3
23577.2 7.4
23586.1 7.5
23595.1 7.6
23604 7.7
23612.9 7.8
23621.8 7.9
23630.7 8
23639.5 8.1
23648.4 8.2
23657.3 8.3
23666.1 8.4
23675 8.5
23683.8 8.6
23692.7 8.7
23701.5 8.8
23710.3 8.9
23719.1 9
23727.9 9.1
23736.7 9.2
23745.5 9.3
23754.3 9.4
23763.1 9.5
23771.9 9.6
23780.6 9.7
23789.4 9.8
23798.1 9.9
23806.9 10
23815.6 10.1
23824.3 10.2
23833.1 10.3
23841.8 10.4
23850.5 10.5
23859.2 10.6
23867.9 10.7
23876.6 10.8
23885.2 10.9
23893.9 11
23902.6 11.1
23911.2 11.2
23919.9 11.3
23928.5 11.4
23937.2 11.5
23945.8 11.6
23954.4 11.7
23963.1 11.8
23971.7 11.9
23980.3 12
23988.9 12.1
23997.5 12.2
24006.1 12.3
24014.6 12.4
24023.2 12.5
24031.8 12.6
24040.3 12.7
24048.9 12.8
24057.4 12.9
24066 13
24074.5 13.1
24083.1 13.2
24091.6 13.3
24100.1 13.4
24108.6 13.5
24117.1 13.6
24125.6 13.7
24134.1 13.8
24142.6 13.9
24151.1 14
24159.5 14.1
24168 14.2
24176.5 14.3
24184.9 14.4
24193.4 14.5
24201.8 14.6
24210.2 14.7
24218.7 14.8
24227.1 14.9
24235.5 15
24243.9 15.1
24252.3 15.2
24260.7 15.3
24269.1 15.4
24277.5 15.5
24285.9 15.6
24294.3 15.7
24302.7 15.8
24311 15.9
24319.4 16
24327.7 16.1
24336.1 16.2
24344.4 16.3
24352.8 16.4
24361.1 16.5
24369.4 16.6
24377.7 16.7
24386 16.8
24394.4 16.9
24402.7 17
24411 17.1
24419.2 17.2
24427.5 17.3
24435.8 17.4
24444.1 17.5
24452.4 17.6
24460.6 17.7
24468.9 17.8
24477.1 17.9
24485.4 18
24493.6 18.1
24501.9 18.2
24510.1 18.3
24518.3 18.4
24526.5 18.5
24534.7 18.6
24543 18.7
24551.2 18.8
24559.4 18.9
24567.6 19
24575.7 19.1
24583.9 19.2
24592.1 19.3
24600.3 19.4
24608.4 19.5
24616.6 19.6
24624.8 19.7
24632.9 19.8
24641.1 19.9
24649.2 20
24657.3 20.1
24665.5 20.2
24673.6 20.3
24681.7 20.4
24689.8 20.5
24697.9 20.6
24706 20.7
24714.1 20.8
24722.2 20.9
24730.3 21
24738.4 21.1
24746.5 21.2
24754.5 21.3
24762.6 21.4
24770.7 21.5
24778.7 21.6
24786.8 21.7
24794.8 21.8
24802.9 21.9
24810.9 22
24819 22.1
24827 22.2
24835 22.3
24843 22.4
24851 22.5
24859.1 22.6
24867.1 22.7
24875.1 22.8
24883.1 22.9
24891 23
24899 23.1
24907 23.2
24915 23.3
24923 23.4
24930.9 23.5
24938.9 23.6
24946.8 23.7
24954.8 23.8
24962.7 23.9
24970.7 24
24978.6 24.1
24986.6 24.2
24994.5 24.3
25002.4 24.4
25010.3 24.5
25018.2 24.6
25026.2 24.7
25034.1 24.8
25042 24.9
25049.9 25
25057.7 25.1
25065.6 25.2
25073.5 25.3
25081.4 25.4
25089.3 25.5
25097.1 25.6
25105 25.7
25112.9 25.8
25120.7 25.9
25128.6 26
25136.4 26.1
25144.2 26.2
25152.1 26.3
25159.9 26.4
25167.7 26.5
25175.6 26.6
25183.4 26.7
25191.2 26.8
25199 26.9
25206.8 27
25214.6 27.1
25222.4 27.2
25230.2 27.3
25238 27.4
25245.8 27.5
25253.6 27.6
25261.3 27.7
25269.1 27.8
25276.9 27.9
25284.6 28
25292.4 28.1
25300.1 28.2
25307.9 28.3
25315.6 28.4
25323.4 28.5
25331.1 28.6
25338.9 28.7
25346.6 28.8
25354.3 28.9
25362 29
25369.7 29.1
25377.5 29.2
25385.2 29.3
25392.9 29.4
25400.6 29.5
25408.3 29.6
25415.9 29.7
25423.6 29.8
25431.3 29.9
25439 30
25446.7 30.1
25454.3 30.2
25462 30.3
25469.7 30.4
25477.3 30.5
25485 30.6
25492.6 30.7
25500.3 30.8
25507.9 30.9
25515.5 31
25523.2 31.1
25530.8 31.2
25538.4 31.3
25546.1 31.4
25553.7 31.5
25561.3 31.6
25568.9 31.7
25576.5 31.8
25584.1 31.9
25591.7 32
25599.3 32.1
25606.9 32.2
25614.5 32.3
25622.1 32.4
25629.6 32.5
25637.2 32.6
25644.8 32.7
25652.3 32.8
25659.9 32.9
25667.5 33
25675 33.1
25682.6 33.2
25690.1 33.3
25697.7 33.4
25705.2 33.5
25712.7 33.6
25720.3 33.7
25727.8 33.8
25735.3 33.9
25742.8 34
25750.4 34.1
25757.9 34.2
25765.4 34.3
25772.9 34.4
25780.4 34.5
25787.9 34.6
25795.4 34.7
25802.9 34.8
25810.4 34.9
25817.8 35
25825.3 35.1
25832.8 35.2
25840.3 35.3
25847.7 35.4
25855.2 35.5
25862.7 35.6
25870.1 35.7
25877.6 35.8
25885 35.9
25892.5 36
25899.9 36.1
25907.3 36.2
25914.8 36.3
25922.2 36.4
25929.6 36.5
25937.1 36.6
25944.5 36.7
25951.9 36.8
25959.3 36.9
25966.7 37
25974.1 37.1
25981.5 37.2
25988.9 37.3
25996.3 37.4
26003.7 37.5
26011.1 37.6
26018.5 37.7
26025.9 37.8
26033.3 37.9
26040.7 38
26048 38.1
26055.4 38.2
26062.8 38.3
26070.1 38.4
26077.5 38.5
26084.8 38.6
26092.2 38.7
26099.5 38.8
26106.9 38.9
26114.2 39
26121.6 39.1
26128.9 39.2
26136.2 39.3
26143.6 39.4
26150.9 39.5
26158.2 39.6
26165.5 39.7
26172.8 39.8
26180.1 39.9
26187.5 40
26194.8 40.1
26202.1 40.2
26209.4 40.3
26216.7 40.4
26223.9 40.5
26231.2 40.6
26238.5 40.7
26245.8 40.8
26253.1 40.9
26260.4 41
26267.6 41.1
26274.9 41.2
26282.2 41.3
26289.4 41.4
26296.7 41.5
26303.9 41.6
26311.2 41.7
26318.5 41.8
26325.7 41.9
26332.9 42
26340.2 42.1
26347.4 42.2
26354.7 42.3
26361.9 42.4
26369.1 42.5
26376.3 42.6
26383.6 42.7
26390.8 42.8
26398 42.9
26405.2 43
26412.4 43.1
26419.6 43.2
26426.8 43.3
26434 43.4
26441.2 43.5
26448.4 43.6
26455.6 43.7
26462.8 43.8
26470 43.9
26477.2 44
26484.4 44.1
26491.5 44.2
26498.7 44.3
26505.9 44.4
26513 44.5
26520.2 44.6
26527.4 44.7
26534.5 44.8
26541.7 44.9
26548.8 45
26556 45.1
26563.1 45.2
26570.3 45.3
26577.4 45.4
26584.6 45.5
26591.7 45.6
26598.8 45.7
26605.9 45.8
26613.1 45.9
26620.2 46
26627.3 46.1
26634.4 46.2
26641.6 46.3
26648.7 46.4
26655.8 46.5
26662.9 46.6
26670 46.7
26677.1 46.8
26684.2 46.9
26691.3 47
26698.4 47.1
26705.5 47.2
26712.5 47.3
26719.6 47.4
26726.7 47.5
26733.8 47.6
26740.9 47.7
26747.9 47.8
26755 47.9
26762.1 48
26769.1 48.1
26776.2 48.2
26783.3 48.3
26790.3 48.4
26797.4 48.5
26804.4 48.6
26811.5 48.7
26818.5 48.8
26825.6 48.9
26832.6 49
26839.6 49.1
26846.7 49.2
26853.7 49.3
26860.7 49.4
26867.8 49.5
26874.8 49.6
26881.8 49.7
26888.8 49.8
26895.9 49.9
26902.9 50
26909.9 50.1
26916.9 50.2
26923.9 50.3
26930.9 50.4
26937.9 50.5
26944.9 50.6
26951.9 50.7
26958.9 50.8
26965.9 50.9
26972.9 51
26979.9 51.1
26986.8 51.2
26993.8 51.3
27000.8 51.4
27007.8 51.5
27014.7 51.6
27021.7 51.7
27028.7 51.8
27035.7 51.9
27042.6 52
27049.6 52.1
27056.5 52.2
27063.5 52.3
27070.4 52.4
27077.4 52.5
27084.3 52.6
27091.3 52.7
27098.2 52.8
27105.2 52.9
27112.1 53
27119.1 53.1
27126 53.2
27132.9 53.3
27139.9 53.4
27146.8 53.5
27153.7 53.6
27160.6 53.7
27167.5 53.8
27174.5 53.9
27181.4 54
27188.3 54.1
27195.2 54.2
27202.1 54.3
27209 54.4
27215.9 54.5
27222.8 54.6
27229.7 54.7
27236.5 54.8
27243.2 54.9
27250 55
27256.7 55.1
27263.4 55.2
27270.1 55.3
27276.8 55.4
27283.5 55.5
27290.2 55.6
27296.9 55.7
27303.6 55.8
27310.3 55.9
27317 56
27323.6 56.1
27330.3 56.2
27337 56.3
27343.7 56.4
27350.3 56.5
27357 56.6
27363.7 56.7
27370.3 56.8
27377 56.9
27383.7 57
27390.3 57.1
27397 57.2
27403.6 57.3
27410.3 57.4
27416.9 57.5
27423.5 57.6
27430.2 57.7
27436.8 57.8
27443.4 57.9
27450.1 58
27456.7 58.1
27463.3 58.2
27469.9 58.3
27476.6 58.4
27483.2 58.5
27489.8 58.6
27496.4 58.7
27503 58.8
27509.6 58.9
27516.2 59
27522.8 59.1
27529.4 59.2
27184.4 59.1
26839.5 59
26494.8 58.9
26150.3 58.8
25806.1 58.7
25462.2 58.6
25118.8 58.5
24775.7 58.4
24433.2 58.3
24091.2 58.2
23749.7 58.1
23408.8 58
23068.6 57.9
22729 57.8
22390.2 57.7
22052.1 57.6
21714.8 57.5
21378.3 57.4
21042.7 57.3
20707.9 57.2
20374.1 57.1
20041.3 57
19709.4 56.9
19378.5 56.8
19048.7 56.7
18720 56.6
18393.5 56.5
18074.8 56.4
17758.2 56.3
17442.7 56.2
17128.4 56.1
16815.2 56
16503.2 55.9
16192.5 55.8
15883 55.7
15574.7 55.6
15267.8 55.5
14962.1 55.4
14657.8 55.3
14354.9 55.2
14053.3 55.1
13753.2 55
13454.5 54.9
13157.2 54.8
12861.5 54.7
12567.2 54.6
12274.4 54.5
11983.2 54.4
11693.6 54.3
11405.5 54.2
11119 54.1
10834.1 54
10550.9 53.9
10269.3 53.8
9989.45 53.7
9711.25 53.6
9434.76 53.5
9159.99 53.4
8886.97 53.3
8615.7 53.2
8346.21 53.1
8078.51 53
7812.61 52.9
7548.53 52.8
7286.29 52.7
7025.89 52.6
6767.35 52.5
6510.68 52.4
6255.9 52.3
6003.02 52.2
5752.04 52.1
5502.98 52
5255.86 51.9
5010.67 51.8
4767.43 51.7
4526.15 51.6
4286.84 51.5
4049.5 51.4
3814.15 51.3
3580.79 51.2
3349.42 51.1
3120.06 51
2892.71 50.9
2667.38 50.8
2444.07 50.7
2222.79 50.6
2003.53 50.5
1786.31 50.4
1571.12 50.3
1357.98 50.2
1146.88 50.1
938.516 50
732.965 49.9
531.084 49.8
332.647 49.7
137.706 49.6
-52.5698 49.5
-252.717 49.4
-454.464 49.3
-655.76 49.2
-855.242 49.1
-1053.07 49
-1248.55 48.9
-1442.79 48.8
-1634.87 48.7
-1824.86 48.6
-2013.55 48.5
-2199.85 48.4
-2383.75 48.3
-2565.58 48.2
-2746.24 48.1
-2924.5 48
-3100.36 47.9
-3273.85 47.8
-3444.97 47.7
-3613.74 47.6
-3780.18 47.5
-3944.32 47.4
-4106.16 47.3
-4265.72 47.2
-4423.03 47.1
-4578.1 47
-4730.95 46.9
-4881.6 46.8
-5030.07 46.7
-5176.39 46.6
-5320.56 46.5
-5462.62 46.4
-5602.58 46.3
-5740.46 46.2
-5873.17 46.1
-6002.07 46
-6129.14 45.9
-6254.39 45.8
-6377.83 45.7
-6499.48 45.6
-6619.37 45.5
-6737.51 45.4
-6853.93 45.3
-6968.64 45.2
-7081.67 45.1
-7193.02 45
-7302.74 44.9
-7410.82 44.8
-7517.3 44.7
-7622.2 44.6
-7725.53 44.5
-7827.31 44.4
-7927.56 44.3
-8026.31 44.2
-8123.58 44.1
-8218.58 44
-8307.83 43.9
-8395.83 43.8
-8482.6 43.7
-8568.15 43.6
-8652.51 43.5
-8735.68 43.4
-8817.69 43.3
-8898.55 43.2
-8978.28 43.1
-9056.89 43
-9134.4 42.9
-9210.83 42.8
-9286.19 42.7
-9360.49 42.6
-9433.76 42.5
-9506.01 42.4
-9577.26 42.3
-9647.51 42.2
-9716.79 42.1
-9785.12 42
-9852.5 41.9
-9918.95 41.8
-9984.49 41.7
-10049.1 41.6
-10112.9 41.5
-10175.8 41.4
-10237.8 41.3
-10299 41.2
-10359.4 41.1
-10418.9 41
-10477.7 40.9
-10535.7 40.8
-10592.9 40.7
-10649.4 40.6
-10705.1 40.5
-10760 40.4
-10814.3 40.3
-10867.9 40.2
-10920.7 40.1
-10972.9 40
-11024.4 39.9
-11075.3 39.8
-11125.5 39.7
-11175.1 39.6
-11224 39.5
-11272.4 39.4
-11320.2 39.3
-11367.3 39.2
-11413.9 39.1
-11460 39
-11505.4 38.9
-11550.4 38.8
-11594.7 38.7
-11638.6 38.6
-11682 38.5
-11724.8 38.4
-11767.2 38.3
-11809 38.2
-11850.4 38.1
-11891.3 38
-11931.8 37.9
-11971.8 37.8
-12011.4 37.7
-12050.5 37.6
-12089.2 37.5
-12127.5 37.4
-12165.4 37.3
-12202.8 37.2
-12239.9 37.1
-12276.6 37
-12312.9 36.9
-12348.8 36.8
-12384.4 36.7
-12419.6 36.6
-12454.4 36.5
-12488.9 36.4
-12523.1 36.3
-12556.9 36.2
-12590.4 36.1
-12623.6 36
-12656.5 35.9
-12689 35.8
-12721.3 35.7
-12753.2 35.6
-12784.8 35.5
-12816.2 35.4
-12847.3 35.3
-12878.1 35.2
-12908.6 35.1
-12938.9 35
-12968.8 34.9
-12998.6 34.8
-13028 34.7
-13057.3 34.6
-13086.2 34.5
-13115 34.4
-13143.5 34.3
-13171.8 34.2
-13199.8 34.1
-13227.6 34
-13255.2 33.9
-13282.6 33.8
-13309.7 33.7
-13336.7 33.6
-13363.4 33.5
-13389.9 33.4
-13416.3 33.3
-13442.4 33.2
-13468.4 33.1
-13494.1 33
-13519.7 32.9
-13545.1 32.8
-13570.3 32.7
-13595.3 32.6
-13620.1 32.5
-13644.8 32.4
-13669.3 32.3
-13693.7 32.2
-13717.8 32.1
-13741.9 32
-13765.7 31.9
-13789.4 31.8
-13812.9 31.7
-13836.3 31.6
-13859.6 31.5
-13882.7 31.4
-13905.6 31.3
-13928.4 31.2
-13951.1 31.1
-13973.6 31
-13996 30.9
-14018.2 30.8
-14040.4 30.7
-14062.4 30.6
-14084.2 30.5
-14106 30.4
-14127.6 30.3
-14149 30.2
-14170.4 30.1
-14191.7 30
-14212.8 29.9
-14233.8 29.8
-14254.7 29.7
-14275.5 29.6
-14296.1 29.5
-14316.7 29.4
-14337.1 29.3
-14357.5 29.2
-14377.7 29.1
-14397.9 29
-14417.9 28.9
-14437.8 28.8
-14457.6 28.7
-14477.4 28.6
-14497 28.5
-14516.5 28.4
-14536 28.3
-14555.3 28.2
-14574.6 28.1
-14593.7 28
-14612.8 27.9
-14631.8 27.8
-14650.7 27.7
-14669.5 27.6
-14688.2 27.5
-14706.9 27.4
-14725.4 27.3
-14743.9 27.2
-14762.3 27.1
-14780.6 27
-14798.8 26.9
-14817 26.8
-14835.1 26.7
-14853 26.6
-14871 26.5
-14888.8 26.4
-14906.6 26.3
-14924.3 26.2
-14941.9 26.1
-14959.5 26
-14976.9 25.9
-14994.4 25.8
-15011.7 25.7
-15029 25.6
-15046.2 25.5
-15063.3 25.4
-15080.4 25.3
-15097.4 25.2
-15114.4 25.1
-15131.2 25
-15148.1 24.9
-15164.8 24.8
-15181.5 24.7
-15198.1 24.6
-15214.7 24.5
-15231.2 24.4
-15247.7 24.3
-15264.1 24.2
-15280.4 24.1
-15296.7 24
-15312.9 23.9
-15329.1 23.8
-15345.2 23.7
-15361.2 23.6
-15377.2 23.5
-15393.2 23.4
-15409 23.3
-15424.9 23.2
-15440.7 23.1
-15456.4 23
-15472.1 22.9
-15487.7 22.8
-15503.3 22.7
-15518.8 22.6
-15534.3 22.5
-15549.7 22.4
-15565.1 22.3
-15580.5 22.2
-15595.7 22.1
-15611 22
-15626.2 21.9
-15641.3 21.8
-15656.4 21.7
-15671.5 21.6
-15686.5 21.5
-15701.5 21.4
-15716.4 21.3
-15731.3 21.2
-15746.1 21.1
-15760.9 21
-15775.6 20.9
-15790.3 20.8
-15805 20.7
-15819.6 20.6
-15834.2 20.5
-15848.8 20.4
-15863.3 20.3
-15877.7 20.2
-15892.1 20.1
-15906.5 20
-15920.9 19.9
-15935.2 19.8
-15949.4 19.7
-15963.7 19.6
-15977.9 19.5
-15992 19.4
-16006.1 19.3
-16020.2 19.2
-16034.3 19.1
-16048.3 19
-16062.2 18.9
-16076.2 18.8
-16090.1 18.7
-16103.9 18.6
-16117.8 18.5
-16131.6 18.4
-16145.3 18.3
-16159.1 18.2
-16172.7 18.1
-16186.4 18
-16200 17.9
-16213.6 17.8
-16227.2 17.7
-16240.7 17.6
-16254.2 17.5
-16267.7 17.4
-16281.1 17.3
-16294.5 17.2
-16307.9 17.1
-16321.3 17
-16334.6 16.9
-16347.8 16.8
-16361.1 16.7
-16374.3 16.6
-16387.5 16.5
-16400.7 16.4
-16413.8 16.3
-16426.9 16.2
-16440 16.1
-16453 16
-16466 15.9
-16479 15.8
-16492 15.7
-16504.9 15.6
-16517.8 15.5
-16530.7 15.4
-16543.6 15.3
-16556.4 15.2
-16569.2 15.1
-16582 15
-16594.7 14.9
-16607.4 14.8
-16620.1 14.7
-16632.8 14.6
-16645.4 14.5
-16658 14.4
-16670.6 14.3
-16683.2 14.2
-16695.7 14.1
-16708.3 14
-16720.7 13.9
-16733.2 13.8
-16745.7 13.7
-16758.1 13.6
-16770.5 13.5
-16782.8 13.4
-16795.2 13.3
-16807.5 13.2
-16819.8 13.1
-16832.1 13
-16844.3 12.9
-16856.6 12.8
-16868.8 12.7
-16881 12.6
-16893.1 12.5
-16905.3 12.4
-16917.4 12.3
-16929.5 12.2
-16941.5 12.1
-16953.6 12
-16965.6 11.9
-16977.6 11.8
-16989.6 11.7
-17001.6 11.6
-17013.5 11.5
-17025.4 11.4
-17037.3 11.3
-17049.2 11.2
-17061.1 11.1
-17072.9 11
-17084.7 10.9
-17096.5 10.8
-17108.3 10.7
-17120.1 10.6
-17131.8 10.5
-17143.5 10.4
-17155.2 10.3
-17166.9 10.2
-17178.6 10.1
-17190.2 10
-17201.8 9.9
-17213.4 9.8
-17225 9.7
-17236.6 9.6
-17248.1 9.5
-17259.7 9.4
-17271.2 9.3
-17282.7 9.2
-17294.1 9.1
-17305.6 9
-17317 8.9
-17328.4 8.8
-17339.8 8.7
-17351.2 8.6
-17362.6 8.5
-17373.9 8.4
-17385.3 8.3
-17396.6 8.2
-17407.9 8.1
-17419.1 8
-17430.4 7.9
-17441.6 7.8
-17452.9 7.7
-17464.1 7.6
-17475.3 7.5
-17486.4 7.4
-17497.6 7.3
-17508.7 7.2
-17519.9 7.1
-17531 7
-17542.1 6.9
-17553.1 6.8
-17564.2 6.7
-17575.2 6.6
-17586.3 6.5
-17597.3 6.4
-17608.3 6.3
-17619.2 6.2
-17630.2 6.1
-17641.2 6
-17652.1 5.9
-17663 5.8
-17673.9 5.7
-17684.8 5.6
-17695.7 5.5
-17706.5 5.4
-17717.4 5.3
-17728.2 5.2
-17739 5.1
-17749.8 5
-17760.6 4.9
-17771.3 4.8
-17782.1 4.7
-17792.8 4.6
-17803.5 4.5
-17814.2 4.4
-17824.9 4.3
-17835.6 4.2
-17846.3 4.1
-17856.9 4
-17867.6 3.9
-17878.2 3.8
-17888.8 3.7
-17899.4 3.6
-17910 3.5
-17920.5 3.4
-17931.1 3.3
-17941.6 3.2
-17952.1 3.1
-17962.6 3
-17973.1 2.9
-17983.6 2.8
-17994.1 2.7
-18004.6 2.6
-18015 2.5
-18025.4 2.4
-18035.8 2.3
-18046.2 2.2
-18056.6 2.1
-18067 2
-18077.4 1.9
-18087.7 1.8
-18098.1 1.7
-18108.4 1.6
-18118.7 1.5
-18129 1.4
-18139.3 1.3
-18149.6 1.2
-18159.8 1.1
-18170.1 1
-18180.3 0.9
-18190.5 0.8
-18200.7 0.7
-18210.9 0.6
-18221.1 0.5
-18231.3 0.4
-18241.5 0.3
-18251.6 0.2
-18261.7 0.1
-18271.9 -2.23849e-14
-18282 -0.1
-18292.1 -0.2
-18302.2 -0.3
-18312.3 -0.4
-18322.3 -0.5
-18332.4 -0.6
-18342.4 -0.7
-18352.4 -0.8
-18362.5 -0.9
-18372.5 -1
-18382.5 -1.1
-18392.4 -1.2
-18402.4 -1.3
-18412.4 -1.4
-18422.3 -1.5
-18432.3 -1.6
-18442.2 -1.7
-18452.1 -1.8
-18462 -1.9
-18471.9 -2
-18481.8 -2.1
-18491.6 -2.2
-18501.5 -2.3
-18511.3 -2.4
-18521.2 -2.5
-18531 -2.6
-18540.8 -2.7
-18550.6 -2.8
-18560.4 -2.9
-18570.2 -3
-18580 -3.1
-18589.7 -3.2
-18599.5 -3.3
-18609.2 -3.4
-18618.9 -3.5
-18628.6 -3.6
-18638.4 -3.7
-18648 -3.8
-18657.7 -3.9
-18667.4 -4
-18677.1 -4.1
-18686.7 -4.2
-18696.4 -4.3
-18706 -4.4
-18715.6 -4.5
-18725.2 -4.6
-18734.8 -4.7
-18744.4 -4.8
-18754 -4.9
-18763.5 -5
-18773.1 -5.1
-18782.7 -5.2
-18792.2 -5.3
-18801.7 -5.4
-18811.2 -5.5
-18820.7 -5.6
-18830.2 -5.7
-18839.7 -5.8
-18849.2 -5.9
-18858.7 -6
-18868.1 -6.1
-18877.6 -6.2
-18887 -6.3
-18896.4 -6.4
-18905.8 -6.5
-18915.2 -6.6
-18924.6 -6.7
-18934 -6.8
-18943.4 -6.9
-18952.8 -7
-18962.1 -7.1
-18971.5 -7.2
-18980.8 -7.3
-18990.1 -7.4
-18999.5 -7.5
-19008.8 -7.6
-19018.1 -7.7
-19027.3 -7.8
-19036.6 -7.9
-19045.9 -8
-19055.2 -8.1
-19064.4 -8.2
-19073.6 -8.3
-19082.9 -8.4
-19092.1 -8.5
-19101.3 -8.6
-19110.5 -8.7
-19119.7 -8.8
-19128.9 -8.9
-19138.1 -9
-19147.2 -9.1
-19156.4 -9.2
-19165.5 -9.3
-19174.7 -9.4
-19183.8 -9.5
-19192.9 -9.6
-19202 -9.7
-19211.1 -9.8
-19220.2 -9.9
-19229.3 -10
-19238.4 -10.1
-19247.4 -10.2
-19256.5 -10.3
-19265.5 -10.4
-19274.6 -10.5
-19283.6 -10.6
-19292.6 -10.7
-19301.6 -10.8
-19310.6 -10.9
-19319.6 -11
-19328.6 -11.1
-19337.6 -11.2
-19346.5 -11.3
-19355.5 -11.4
-19364.4 -11.5
-19373.4 -11.6
-19382.3 -11.7
-19391.2 -11.8
-19400.1 -11.9
-19409 -12
-19417.9 -12.1
-19426.8 -12.2
-19435.7 -12.3
-19444.5 -12.4
-19453.4 -12.5
-19462.2 -12.6
-19471.1 -12.7
-19479.9 -12.8
-19488.7 -12.9
-19497.5 -13
-19506.3 -13.1
-19515.1 -13.2
-19523.9 -13.3
-19532.7 -13.4
-19541.5 -13.5
-19550.2 -13.6
-19559 -13.7
-19567.7 -13.8
-19576.5 -13.9
-19585.2 -14
-19593.9 -14.1
-19602.6 -14.2
-19611.3 -14.3
-19620 -14.4
-19628.7 -14.5
-19637.4 -14.6
-19646 -14.7
-19654.7 -14.8
-19663.3 -14.9
-19672 -15
-19680.6 -15.1
-19689.2 -15.2
-19697.9 -15.3
-19706.5 -15.4
-19715.1 -15.5
-19723.6 -15.6
-19732.2 -15.7
-19740.8 -15.8
-19749.4 -15.9
-19757.9 -16
-19766.5 -16.1
-19775 -16.2
-19783.5 -16.3
-19792.1 -16.4
-19800.6 -16.5
-19809.1 -16.6
-19817.6 -16.7
-19826.1 -16.8
-19834.6 -16.9
-19843 -17
-19851.5 -17.1
-19860 -17.2
-19868.4 -17.3
-19876.8 -17.4
-19885.3 -17.5
-19893.7 -17.6
-19902.1 -17.7
-19910.5 -17.8
-19918.9 -17.9
-19927.3 -18
-19935.7 -18.1
-19944.1 -18.2
-19952.4 -18.3
-19960.8 -18.4
-19969.1 -18.5
-19977.5 -18.6
-19985.8 -18.7
-19994.1 -18.8
-20002.5 -18.9
-20010.8 -19
-20019.1 -19.1
-20027.4 -19.2
-20035.6 -19.3
-20043.9 -19.4
-20052.2 -19.5
-20060.5 -19.6
-20068.7 -19.7
-20077 -19.8
-20085.2 -19.9
-20093.4 -20
-20101.6 -20.1
-20109.8 -20.2
-20118.1 -20.3
-20126.3 -20.4
-20134.4 -20.5
-20142.6 -20.6
-20150.8 -20.7
-20159 -20.8
-20167.1 -20.9
-20175.3 -21
-20183.4 -21.1
-20191.5 -21.2
-20199.7 -21.3
-20207.8 -21.4
-20215.9 -21.5
-20224 -21.6
-20232.1 -21.7
-20240.2 -21.8
-20248.2 -21.9
-20256.3 -22
-20264.4 -22.1
-20272.4 -22.2
-20280.5 -22.3
-20288.5 -22.4
-20296.5 -22.5
-20304.6 -22.6
-20312.6 -22.7
-20320.6 -22.8
-20328.6 -22.9
-20336.6 -23
-20344.6 -23.1
-20352.5 -23.2
-20360.5 -23.3
-20368.5 -23.4
-20376.4 -23.5
-20384.4 -23.6
-20392.3 -23.7
-20400.2 -23.8
-20408.1 -23.9
-20416.1 -24
-20424 -24.1
-20431.9 -24.2
-20439.8 -24.3
-20447.6 -24.4
-20455.5 -24.5
-20463.4 -24.6
-20471.2 -24.7
-20479.1 -24.8
-20486.9 -24.9
-20494.8 -25
-20502.6 -25.1
-20510.4 -25.2
-20518.2 -25.3
-20526 -25.4
-20533.8 -25.5
-20541.6 -25.6
-20549.4 -25.7
-20557.2 -25.8
-20564.9 -25.9
-20572.7 -26
-20580.5 -26.1
-20588.2 -26.2
-20595.9 -26.3
-20603.7 -26.4
-20611.4 -26.5
-20619.1 -26.6
-20626.8 -26.7
-20634.5 -26.8
-20642.2 -26.9
-20649.9 -27
-20657.5 -27.1
-20665.2 -27.2
-20672.9 -27.3
-20680.5 -27.4
-20688.2 -27.5
-20695.8 -27.6
-20703.4 -27.7
-20711.1 -27.8
-20718.7 -27.9
-20726.3 -28
-20733.9 -28.1
-20741.5 -28.2
-20749.1 -28.3
-20756.6 -28.4
-20764.2 -28.5
-20771.8 -28.6
-20779.3 -28.7
-20786.9 -28.8
-20794.4 -28.9
-20801.9 -29
-20809.5 -29.1
-20817 -29.2
-20824.5 -29.3
-20832 -29.4
-20839.5 -29.5
-20847 -29.6
-20854.4 -29.7
-20861.9 -29.8
-20869.4 -29.9
-20876.8 -30
-20884.3 -30.1
-20891.7 -30.2
-20899.2 -30.3
-20906.6 -30.4
-20914 -30.5
-20921.4 -30.6
-20928.8 -30.7
-20936.2 -30.8
-20943.6 -30.9
-20951 -31
-20958.4 -31.1
-20965.7 -31.2
-20973.1 -31.3
-20980.5 -31.4
-20987.8 -31.5
-20995.1 -31.6
-21002.5 -31.7
-21009.8 -31.8
-21017.1 -31.9
-21024.4 -32
-21031.7 -32.1
-21039 -32.2
-21046.3 -32.3
-21053.6 -32.4
-21060.9 -32.5
-21068.1 -32.6
-21075.4 -32.7
-21082.6 -32.8
-21089.9 -32.9
-21097.1 -33
-21104.3 -33.1
-21111.6 -33.2
-21118.8 -33.3
-21126 -33.4
-21133.2 -33.5
-21140.4 -33.6
-21147.5 -33.7
-21154.7 -33.8
-21161.9 -33.9
-21169.1 -34
-21176.2 -34.1
-21183.4 -34.2
-21190.5 -34.3
-21197.6 -34.4
-21204.8 -34.5
-21211.9 -34.6
-21219 -34.7
-21226.1 -34.8
-21233.2 -34.9
-21240.3 -35
-21247.4 -35.1
-21254.4 -35.2
-21261.5 -35.3
-21268.6 -35.4
-21275.6 -35.5
-21282.7 -35.6
-21289.7 -35.7
-21296.8 -35.8
-21303.8 -35.9
-21310.8 -36
-21317.8 -36.1
-21324.8 -36.2
-21331.8 -36.3
-21338.8 -36.4
-21345.8 -36.5
-21352.8 -36.6
-21359.7 -36.7
-21366.7 -36.8
-21373.6 -36.9
-21380.6 -37
-21387.5 -37.1
-21394.5 -37.2
-21401.4 -37.3
-21408.3 -37.4
-21415.2 -37.5
-21422.1 -37.6
-21429 -37.7
-21435.9 -37.8
-21442.8 -37.9
-21449.7 -38
-21456.6 -38.1
-21463.4 -38.2
-21470.3 -38.3
-21477.1 -38.4
-21484 -38.5
-21490.8 -38.6
-21497.6 -38.7
-21504.5 -38.8
-21511.3 -38.9
-21518.1 -39
-21524.9 -39.1
-21531.7 -39.2
-21538.5 -39.3
-21545.2 -39.4
-21552 -39.5
-21558.8 -39.6
-21565.5 -39.7
-21572.3 -39.8
-21579 -39.9
-21585.8 -40
-21592.5 -40.1
-21599.2 -40.2
-21605.9 -40.3
-21612.6 -40.4
-21619.4 -40.5
-21626 -40.6
-21632.7 -40.7
-21639.4 -40.8
-21646.1 -40.9
-21652.8 -41
-21659.4 -41.1
-21666.1 -41.2
-21672.7 -41.3
-21679.4 -41.4
-21686 -41.5
-21692.6 -41.6
-21699.3 -41.7
-21705.9 -41.8
-21712.5 -41.9
-21719.1 -42
-21725.7 -42.1
-21732.3 -42.2
-21738.9 -42.3
-21745.4 -42.4
-21752 -42.5
-21758.6 -42.6
-21765.1 -42.7
-21771.7 -42.8
-21778.2 -42.9
-21784.7 -43
-21791.3 -43.1
-21797.8 -43.2
-21804.3 -43.3
-21810.8 -43.4
-21817.3 -43.5
-21823.8 -43.6
-21830.3 -43.7
-21836.8 -43.8
-21843.2 -43.9
-21849.7 -44
-21856.2 -44.1
-21862.6 -44.2
-21869.1 -44.3
-21875.5 -44.4
-21881.9 -44.5
-21888.4 -44.6
-21894.8 -44.7
-21901.2 -44.8
-21907.6 -44.9
-21914 -45
-21920.4 -45.1
-21926.8 -45.2
-21933.2 -45.3
-21939.6 -45.4
-21945.9 -45.5
-21952.3 -45.6
-21958.7 -45.7
-21965 -45.8
-21971.3 -45.9
-21977.7 -46
-21984 -46.1
-21990.3 -46.2
-21996.7 -46.3
-22003 -46.4
-22009.3 -46.5
-22018.1 -46.6
-22028.2 -46.7
-22038.3 -46.8
-22048.4 -46.9
-22058.5 -47
-22068.6 -47.1
-22078.7 -47.2
-22088.8 -47.3
-22098.8 -47.4
-22108.9 -47.5
-22119 -47.6
-22129.1 -47.7
-22139.1 -47.8
-22149.2 -47.9
-22159.2 -48
-22169.3 -48.1
-22179.3 -48.2
-22189.4 -48.3
-22199.4 -48.4
-22209.5 -48.5
-22219.5 -48.6
-22229.5 -48.7
-22239.6 -48.8
-22249.6 -48.9
-22259.6 -49
-22269.6 -49.1
-22339.1 -49.2
-22705 -49.3
-23070.8 -49.4
-23436.6 -49.5
-23818 -49.6
-24252.7 -49.7
-24690.3 -49.8
-25127.8 -49.9
-25565.2 -50
-26002.4 -50.1
-26439.5 -50.2
-26880.3 -50.3
-27345.9 -50.4
-27821.2 -50.5
-28296.1 -50.6
-28770.7 -50.7
-29244.8 -50.8
-29718.5 -50.9
-30191.7 -51
-30672.3 -51.1
-31162.1 -51.2
-31651.2 -51.3
-32139.5 -51.4
-32627.1 -51.5
-33113.8 -51.6
-33599.5 -51.7
-34085.4 -51.8
-34576.1 -51.9
-35065.6 -52
-35553.9 -52.1
-36040.7 -52.2
-36526.2 -52.3
-37010.1 -52.4
-37492.3 -52.5
-37972.9 -52.6
-38451.5 -52.7
-38928.3 -52.8
-39403 -52.9
-39882.5 -53
-40360.6 -53.1
-40836.1 -53.2
-41308.8 -53.3
-41778.7 -53.4
-42245.6 -53.5
-42709.3 -53.6
-43184.2 -53.7
-43672.1 -53.8
-44154.9 -53.9
-44632.3 -54
-45103.9 -54.1
-45569.7 -54.2
-46029.1 -54.3
-46482.1 -54.4
-46928.3 -54.5
-47367.5 -54.6
-47799.3 -54.7
-48223.5 -54.8
-48639.9 -54.9
-49048.3 -55
-49448.2 -55.1
-49839.7 -55.2
-50222.4 -55.3
-50596.1 -55.4
-50960.7 -55.5
-51316.1 -55.6
-51662.1 -55.7
-51998.6 -55.8
-52325.5 -55.9
-52642.9 -56
-52950.7 -56.1
-53248.9 -56.2
-53537.6 -56.3
-53816.8 -56.4
-54086.7 -56.5
-54347.3 -56.6
-54598.9 -56.7
-54841.6 -56.8
-55075.5 -56.9
-55301.1 -57
-55518.3 -57.1
-55727.6 -57.2
-55929.1 -57.3
-56123.1 -57.4
-56309.9 -57.5
-56489.8 -57.6
-56663 -57.7
-56829.8 -57.8
-56990.5 -57.9
-57145.3 -58
-57294.6 -58.1
-57438.6 -58.2
-57577.4 -58.3
-57711.5 -58.4
-57840.9 -58.5
-57966 -58.6
-58086.9 -58.7
-58203.8 -58.8
-58317 -58.9
-58426.5 -59
-58532.7 -59.1
-58632.4 -59.2
-57911 -59.1
-57189.6 -59
-56468.3 -58.9
-55747.3 -58.8
-55026.5 -58.7
-54305.9 -58.6
-53585.6 -58.5
-52865.6 -58.4
-52145.9 -58.3
-51426.6 -58.2
-50707.6 -58.1
-49989 -58
-49270.9 -57.9
-48553.2 -57.8
-47835.9 -57.7
-47119.1 -57.6
-46402.9 -57.5
-45689.7 -57.4
-44985.1 -57.3
-44281.2 -57.2
-43577.8 -57.1
-42879.7 -57
-42186.6 -56.9
-41494.1 -56.8
-40803.6 -56.7
-40120.9 -56.6
-39439 -56.5
-38757.9 -56.4
-38077.7 -56.3
-37427 -56.2
-36787.6 -56.1
-36151.1 -56
-35515.5 -55.9
-34880.7 -55.8
-34246.7 -55.7
-33613.6 -55.6
-32981.5 -55.5
-32350.2 -55.4
-31719.9 -55.3
-31090.5 -55.2
-30464.6 -55.1
-29844.8 -55
-29226 -54.9
-28608.2 -54.8
-27991.5 -54.7
-27375.8 -54.6
-26761.3 -54.5
-26147.9 -54.4
-25535.6 -54.3
-24924.5 -54.2
-24314.5 -54.1
-23705.8 -54
-23098.4 -53.9
-22499.1 -53.8
-21907.5 -53.7
-21321.3 -53.6
-20736.3 -53.5
-20152.8 -53.4
-19595.9 -53.3
-19051.6 -53.2
-18514.6 -53.1
-17997.6 -53
-17487 -52.9
-17039.7 -52.8
-16593.4 -52.7
-16257.7 -52.6
-15939.7 -52.5
-15622.5 -52.4
-15306.1 -52.3
-14990.6 -52.2
-14675.9 -52.1
-14362.1 -52
-14049.2 -51.9
-13737.3 -51.8
-13426.2 -51.7
-13116.2 -51.6
-12807.1 -51.5
-12499.1 -51.4
-12192.1 -51.3
-11886.1 -51.2
-11581.3 -51.1
-11277.5 -51
-10974.9 -50.9
-10673.4 -50.8
-10373 -50.7
-10073.9 -50.6
-9775.88 -50.5
-9479.13 -50.4
-9184.45 -50.3
-8892.92 -50.2
-8602.6 -50.1
-8313.56 -50
-8025.82 -49.9
-7739.39 -49.8
-7454.29 -49.7
-7170.53 -49.6
-6888.12 -49.5
-6607.09 -49.4
-6327.44 -49.3
-6049.19 -49.2
-5772.35 -49.1
-5496.94 -49
-5222.97 -48.9
-4950.44 -48.8
-4679.38 -48.7
-4409.79 -48.6
-4141.72 -48.5
-3876.63 -48.4
-3613.02 -48.3
-3350.91 -48.2
-3090.3 -48.1
-2831.19 -48
-2578.22 -47.9
-2332.27 -47.8
-2091.4 -47.7
-1855.02 -47.6
-1621.42 -47.5
-1390.09 -47.4
-1160.65 -47.3
-933.653 -47.2
-708.742 -47.1
-485.883 -47
-266.435 -46.9
-52.9198 -46.8
146.229 -46.7
347.565 -46.6
549.781 -46.5
751.672 -46.4
955.317 -46.3
1157.76 -46.2
1358.92 -46.1
1558.81 -46
1757.43 -45.9
1954.77 -45.8
2146.6 -45.7
2333.51 -45.6
2519.03 -45.5
2703.16 -45.4
2885.91 -45.3
3067.27 -45.2
3247.24 -45.1
3425.82 -45
3603.01 -44.9
3778.82 -44.8
3953.25 -44.7
4126.28 -44.6
4297.94 -44.5
4468.21 -44.4
4637.1 -44.3
4804.62 -44.2
4970.75 -44.1
5135.52 -44
5298.91 -43.9
5460.93 -43.8
5621.59 -43.7
5780.88 -43.6
5938.82 -43.5
6095.39 -43.4
6250.62 -43.3
6404.5 -43.2
6557.03 -43.1
6708.22 -43
6858.07 -42.9
7006.6 -42.8
7153.79 -42.7
7299.66 -42.6
7444.22 -42.5
7587.46 -42.4
7729.39 -42.3
7870.02 -42.2
8009.36 -42.1
8147.4 -42
8284.16 -41.9
8419.64 -41.8
8553.85 -41.7
8686.79 -41.6
8818.47 -41.5
8948.89 -41.4
9078.07 -41.3
9206 -41.2
9332.7 -41.1
9458.17 -41
9582.42 -40.9
9705.46 -40.8
9827.29 -40.7
9947.92 -40.6
10067.4 -40.5
10185.6 -40.4
10302.7 -40.3
10418.6 -40.2
10533.3 -40.1
10646.9 -40
10759.3 -39.9
10870.6 -39.8
10980.8 -39.7
11089.8 -39.6
11197.8 -39.5
11304.6 -39.4
11410.3 -39.3
11514.9 -39.2
11618.5 -39.1
11720.9 -39
11822.3 -38.9
11922.7 -38.8
12021.9 -38.7
12120.2 -38.6
12217.4 -38.5
12313.6 -38.4
12408.7 -38.3
12502.9 -38.2
12596 -38.1
12688.2 -38
12779.4 -37.9
12869.5 -37.8
12958.8 -37.7
13047 -37.6
13134.4 -37.5
13220.7 -37.4
13306.2 -37.3
13390.7 -37.2
13474.3 -37.1
13556.9 -37
13638.7 -36.9
13719.6 -36.8
13799.6 -36.7
13878.8 -36.6
13957 -36.5
14034.4 -36.4
14111 -36.3
14186.7 -36.2
14261.5 -36.1
14335.6 -36
14408.8 -35.9
14481.2 -35.8
14552.9 -35.7
14623.7 -35.6
14693.7 -35.5
14763 -35.4
14831.5 -35.3
14899.2 -35.2
14966.1 -35.1
15032.4 -35
15097.9 -34.9
15162.6 -34.8
15226.6 -34.7
15290 -34.6
15352.6 -34.5
15414.5 -34.4
15475.7 -34.3
15536.2 -34.2
15596.1 -34.1
15655.3 -34
15713.8 -33.9
15771.7 -33.8
15834.8 -33.7
15897.5 -33.6
15959.4 -33.5
16020.5 -33.4
16080.9 -33.3
16140.6 -33.2
16199.5 -33.1
16257.8 -33
16315.3 -32.9
16372.1 -32.8
16428.2 -32.7
16483.6 -32.6
16538.4 -32.5
16592.4 -32.4
16645.9 -32.3
16698.6 -32.2
16750.8 -32.1
16802.3 -32
16853.1 -31.9
16903.4 -31.8
16953 -31.7
17002.1 -31.6
17050.5 -31.5
17098.4 -31.4
17145.7 -31.3
17192.4 -31.2
17238.6 -31.1
17284.2 -31
17329.3 -30.9
17373.8 -30.8
17417.8 -30.7
17461.3 -30.6
17504.2 -30.5
17546.7 -30.4
17588.6 -30.3
17630.1 -30.2
17671.1 -30.1
17711.6 -30
17751.6 -29.9
17791.1 -29.8
17830.2 -29.7
17868.9 -29.6
17907.1 -29.5
17944.8 -29.4
17982.2 -29.3
18019.1 -29.2
18055.6 -29.1
18091.7 -29
18127.3 -28.9
18162.6 -28.8
18197.5 -28.7
18232 -28.6
18266.1 -28.5
18299.8 -28.4
18333.2 -28.3
18366.2 -28.2
18398.8 -28.1
18431.1 -28
18463.1 -27.9
18494.7 -27.8
18525.9 -27.7
18556.9 -27.6
18587.5 -27.5
18617.8 -27.4
18647.7 -27.3
18677.4 -27.2
18706.8 -27.1
18735.8 -27
18764.6 -26.9
18793.1 -26.8
18821.2 -26.7
18849.2 -26.6
18876.8 -26.5
18904.1 -26.4
18931.2 -26.3
18958.1 -26.2
18984.6 -26.1
19010.9 -26
19037 -25.9
19062.8 -25.8
19088.4 -25.7
19113.8 -25.6
19138.9 -25.5
19163.7 -25.4
19188.4 -25.3
19212.8 -25.2
19237 -25.1
19261 -25
19284.8 -24.9
19308.4 -24.8
19331.7 -24.7
19354.9 -24.6
19377.9 -24.5
19400.7 -24.4
19423.3 -24.3
19445.7 -24.2
19467.9 -24.1
19489.9 -24
19511.8 -23.9
19533.4 -23.8
19554.9 -23.7
19576.3 -23.6
19597.4 -23.5
19618.5 -23.4
19639.3 -23.3
19660 -23.2
19680.5 -23.1
19700.9 -23
19721.1 -22.9
19741.2 -22.8
19761.1 -22.7
19780.9 -22.6
19800.5 -22.5
19820 -22.4
19839.4 -22.3
19858.6 -22.2
19877.7 -22.1
19896.6 -22
19915.5 -21.9
19934.2 -21.8
19952.8 -21.7
19971.2 -21.6
19989.6 -21.5
20007.8 -21.4
20025.9 -21.3
20043.9 -21.2
20061.7 -21.1
20079.5 -21
20097.1 -20.9
20114.7 -20.8
20132.1 -20.7
20149.4 -20.6
20166.7 -20.5
20183.8 -20.4
20200.8 -20.3
20217.7 -20.2
20234.5 -20.1
20251.3 -20
20267.9 -19.9
20284.4 -19.8
20300.9 -19.7
20317.2 -19.6
20333.5 -19.5
20349.7 -19.4
20365.8 -19.3
20381.8 -19.2
20397.7 -19.1
20413.6 -19
20429.3 -18.9
20445 -18.8
20460.6 -18.7
20476.1 -18.6
20491.6 -18.5
20506.9 -18.4
20522.2 -18.3
20537.4 -18.2
20552.6 -18.1
20567.7 -18
20582.7 -17.9
20597.6 -17.8
20612.5 -17.7
20627.3 -17.6
20642 -17.5
20656.7 -17.4
20671.3 -17.3
20685.8 -17.2
20700.3 -17.1
20714.7 -17
20729 -16.9
20743.3 -16.8
20757.5 -16.7
20771.7 -16.6
20785.8 -16.5
20799.8 -16.4
20813.8 -16.3
20827.8 -16.2
20841.7 -16.1
20855.5 -16
20869.2 -15.9
20883 -15.8
20896.6 -15.7
20910.2 -15.6
20923.8 -15.5
20937.3 -15.4
20950.8 -15.3
20964.2 -15.2
20977.6 -15.1
20990.9 -15
21004.1 -14.9
21017.3 -14.8
21030.5 -14.7
21043.6 -14.6
21056.7 -14.5
21069.8 -14.4
21082.8 -14.3
21095.7 -14.2
21108.6 -14.1
21121.5 -14
21134.3 -13.9
21147.1 -13.8
21159.8 -13.7
21172.5 -13.6
21185.2 -13.5
21197.8 -13.4
21210.4 -13.3
21222.9 -13.2
21235.4 -13.1
21247.9 -13
21260.3 -12.9
21272.7 -12.8
21285 -12.7
21297.3 -12.6
21309.6 -12.5
21321.9 -12.4
21334.1 -12.3
21346.2 -12.2
21358.4 -12.1
21370.5 -12
21382.5 -11.9
21394.6 -11.8
21406.6 -11.7
21418.6 -11.6
21430.5 -11.5
21442.4 -11.4
21454.3 -11.3
21466.1 -11.2
21477.9 -11.1
21489.7 -11
21501.5 -10.9
21513.2 -10.8
21524.9 -10.7
21536.6 -10.6
21548.2 -10.5
21559.8 -10.4
21571.4 -10.3
21582.9 -10.2
21594.5 -10.1
21605.9 -10
21617.4 -9.9
21628.9 -9.8
21640.3 -9.7
21651.7 -9.6
21663 -9.5
21674.4 -9.4
21685.7 -9.3
21697 -9.2
21708.2 -9.1
21719.4 -9
21730.7 -8.9
21741.8 -8.8
21753 -8.7
21764.1 -8.6
21775.3 -8.5
21786.3 -8.4
21797.4 -8.3
21808.5 -8.2
21819.5 -8.1
21830.5 -8
21841.4 -7.9
21852.4 -7.8
21863.3 -7.7
21874.2 -7.6
21885.1 -7.5
21896 -7.4
21906.8 -7.3
21917.7 -7.2
21928.5 -7.1
21939.2 -7
21950 -6.9
21960.7 -6.8
21971.5 -6.7
21982.2 -6.6
21992.8 -6.5
22003.5 -6.4
22014.1 -6.3
22024.8 -6.2
22035.4 -6.1
22046 -6
22056.5 -5.9
22067.1 -5.8
22077.6 -5.7
22088.1 -5.6
22098.6 -5.5
22109.1 -5.4
22119.5 -5.3
22130 -5.2
22140.4 -5.1
22150.8 -5
22161.2 -4.9
22171.5 -4.8
22181.9 -4.7
22192.2 -4.6
22202.5 -4.5
22212.8 -4.4
22223.1 -4.3
22233.4 -4.2
22243.6 -4.1
22253.9 -4
22264.1 -3.9
22274.3 -3.8
22284.5 -3.7
22294.7 -3.6
22304.8 -3.5
22314.9 -3.4
22325.1 -3.3
22335.2 -3.2
22345.3 -3.1
22355.4 -3
22365.4 -2.9
22375.5 -2.8
22385.5 -2.7
22395.5 -2.6
22405.5 -2.5
22415.5 -2.4
22425.5 -2.3
22435.5 -2.2
22445.4 -2.1
22455.3 -2
22465.3 -1.9
22475.2 -1.8
22485.1 -1.7
22494.9 -1.6
22504.8 -1.5
22514.7 -1.4
22524.5 -1.3
22534.3 -1.2
22544.2 -1.1
22554 -1
22563.7 -0.9
22573.5 -0.8
22583.3 -0.7
22593 -0.6
22602.8 -0.5
22612.5 -0.4
22622.2 -0.3
22631.9 -0.2
22641.6 -0.1
22651.3 -2.05669e-14
22660.9 0.1
22670.6 0.2
22680.2 0.3
22689.8 0.4
22699.5 0.5
22709.1 0.6
22718.7 0.7
22728.2 0.8
22737.8 0.9
22747.4 1
22757 1.1
22766.5 1.2
22776.1 1.3
22785.6 1.4
22795.1 1.5
22804.6 1.6
22814.1 1.7
22823.6 1.8
22833.1 1.9
22842.5 2
22852 2.1
22861.4 2.2
22870.9 2.3
22880.3 2.4
22889.7 2.5
22899.1 2.6
22908.5 2.7
22917.9 2.8
22927.2 2.9
22936.6 3
22945.9 3.1
22955.3 3.2
22964.6 3.3
22973.9 3.4
22983.2 3.5
22992.5 3.6
23001.8 3.7
23011.1 3.8
23020.4 3.9
23029.6 4
23038.9 4.1
23048.1 4.2
23057.4 4.3
23066.6 4.4
23075.8 4.5
23085 4.6
23094.2 4.7
23103.4 4.8
23112.6 4.9
23121.7 5
23130.9 5.1
23140.1 5.2
23149.2 5.3
23158.3 5.4
23167.5 5.5
23176.6 5.6
23185.7 5.7
23194.8 5.8
23203.9 5.9
23212.9 6
23222 6.1
23231.1 6.2
23240.1 6.3
23249.2 6.4
23258.2 6.5
23267.3 6.6
23276.3 6.7
23285.3 6.8
23294.3 6.9
23303.3 7
23312.3 7.1
23321.3 7.2
23330.2 7.3
23339.2 7.4
23348.1 7.5
23357.1 7.6
23366 7.7
23375 7.8
23383.9 7.9
23392.8 8
23401.7 8.1
23410.6 8.2
23419.5 8.3
23428.4 8.4
23437.3 8.5
23446.1 8.6
23455 8.7
23463.9 8.8
23472.7 8.9
23481.6 9
23490.4 9.1
23499.2 9.2
23508 9.3
23516.8 9.4
23525.6 9.5
23534.4 9.6
23543.2 9.7
23552 9.8
23560.8 9.9
23569.6 10
23578.3 10.1
23587.1 10.2
23595.8 10.3
23604.6 10.4
23613.3 10.5
23622 10.6
23630.7 10.7
23639.5 10.8
23648.2 10.9
23656.9 11
23665.5 11.1
23674.2 11.2
23682.9 11.3
23691.6 11.4
23700.2 11.5
23708.9 11.6
23717.6 11.7
23726.2 11.8
23734.8 11.9
23743.5 12
23752.1 12.1
23760.7 12.2
23769.3 12.3
23777.9 12.4
23786.5 12.5
23795.1 12.6
23803.7 12.7
23812.3 12.8
23820.9 12.9
23829.4 13
23838 13.1
23846.5 13.2
23855.1 13.3
23863.6 13.4
23872.2 13.5
23880.7 13.6
23889.2 13.7
23897.7 13.8
23906.3 13.9
23914.8 14
23923.3 14.1
23931.8 14.2
23940.2 14.3
23948.7 14.4
23957.2 14.5
23965.7 14.6
23974.1 14.7
23982.6 14.8
23991 14.9
23999.5 15
24007.9 15.1
24016.4 15.2
24024.8 15.3
24033.2 15.4
24041.6 15.5
24050 15.6
24058.4 15.7
24066.8 15.8
24075.2 15.9
24083.6 16
24092 16.1
24100.4 16.2
24108.8 16.3
24117.1 16.4
24125.5 16.5
24133.8 16.6
24142.2 16.7
24150.5 16.8
24158.9 16.9
24167.2 17
24175.5 17.1
24183.9 17.2
24192.2 17.3
24200.5 17.4
24208.8 17.5
24217.1 17.6
24225.4 17.7
24233.7 17.8
24242 17.9
24250.3 18
24258.5 18.1
24266.8 18.2
24275.1 18.3
24283.3 18.4
24291.6 18.5
24299.8 18.6
24308.1 18.7
24316.3 18.8
24324.5 18.9
24332.8 19
24341 19.1
24349.2 19.2
24357.4 19.3
24365.6 19.4
24373.8 19.5
24382 19.6
24390.2 19.7
24398.4 19.8
24406.6 19.9
24414.8 20
24422.9 20.1
24431.1 20.2
24439.3 20.3
24447.4 20.4
24455.6 20.5
24463.7 20.6
24471.9 20.7
24480 20.8
24488.2 20.9
24496.3 21
24504.4 21.1
24512.5 21.2
24520.6 21.3
24528.8 21.4
24536.9 21.5
24545 21.6
24553.1 21.7
24561.2 21.8
24569.2 21.9
24577.3 22
24585.4 22.1
24593.5 22.2
24601.5 22.3
24609.6 22.4
24617.7 22.5
24625.7 22.6
24633.8 22.7
24641.8 22.8
24649.9 22.9
24657.9 23
24665.9 23.1
24674 23.2
24682 23.3
24690 23.4
24698 23.5
24706 23.6
24714 23.7
24722 23.8
24730 23.9
24738 24
24746 24.1
24754 24.2
24762 24.3
24769.9 24.4
24777.9 24.5
24785.9 24.6
24793.8 24.7
24801.8 24.8
24809.8 24.9
24817.7 25
24825.6 25.1
24833.6 25.2
24841.5 25.3
24849.5 25.4
24857.4 25.5
24865.3 25.6
24873.2 25.7
24881.1 25.8
24889.1 25.9
24897 26
24904.9 26.1
24912.8 26.2
24920.7 26.3
24928.5 26.4
24936.4 26.5
24944.3 26.6
24952.2 26.7
24960.1 26.8
24967.9 26.9
24975.8 27
24983.7 27.1
24991.5 27.2
24999.4 27.3
25007.2 27.4
25015.1 27.5
25022.9 27.6
25030.7 27.7
25038.6 27.8
25046.4 27.9
25054.2 28
25062.1 28.1
25069.9 28.2
25077.7 28.3
25085.5 28.4
25093.3 28.5
25101.1 28.6
25108.9 28.7
25116.7 28.8
25124.5 28.9
25132.3 29
25140.1 29.1
25147.8 29.2
25155.6 29.3
25163.4 29.4
25171.2 29.5
25178.9 29.6
25186.7 29.7
25194.4 29.8
25202.2 29.9
25209.9 30
25217.7 30.1
25225.4 30.2
25233.2 30.3
25240.9 30.4
25248.6 30.5
25256.4 30.6
25264.1 30.7
25271.8 30.8
25279.5 30.9
25287.2 31
25294.9 31.1
25302.6 31.2
25310.3 31.3
25318 31.4
25325.7 31.5
25333.4 31.6
25341.1 31.7
25348.8 31.8
25356.5 31.9
25364.2 32
25371.8 32.1
25379.5 32.2
25387.2 32.3
25394.8 32.4
25402.5 32.5
25410.1 32.6
25417.8 32.7
25425.4 32.8
25433.1 32.9
25440.7 33
25448.4 33.1
25456 33.2
25463.6 33.3
25471.2 33.4
25478.9 33.5
25486.5 33.6
25494.1 33.7
25501.7 33.8
25509.3 33.9
25516.9 34
25524.5 34.1
25532.1 34.2
25539.7 34.3
25547.3 34.4
25554.9 34.5
25562.5 34.6
25570.1 34.7
25577.7 34.8
25585.2 34.9
25592.8 35
25600.4 35.1
25607.9 35.2
25615.5 35.3
25623.1 35.4
25630.6 35.5
25638.2 35.6
25645.7 35.7
25653.3 35.8
25660.8 35.9
25668.3 36
25675.9 36.1
25683.4 36.2
25690.9 36.3
25698.5 36.4
25706 36.5
25713.5 36.6
25721 36.7
25728.5 36.8
25736.1 36.9
25743.6 37
25751.1 37.1
25758.6 37.2
25766.1 37.3
25773.6 37.4
25781.1 37.5
25788.5 37.6
25796 37.7
25803.5 37.8
25811 37.9
25818.5 38
25825.9 38.1
25833.4 38.2
25840.9 38.3
25848.3 38.4
25855.8 38.5
25863.3 38.6
25870.7 38.7
25878.2 38.8
25885.6 38.9
25893 39
25900.5 39.1
25907.9 39.2
25915.4 39.3
25922.8 39.4
25930.2 39.5
25937.7 39.6
25945.1 39.7
25952.5 39.8
25959.9 39.9
25967.3 40
25974.7 40.1
25982.2 40.2
25989.6 40.3
25997 40.4
26004.4 40.5
26011.8 40.6
26019.2 40.7
26026.5 40.8
26033.9 40.9
26041.3 41
26048.7 41.1
26056.1 41.2
26063.5 41.3
26070.8 41.4
26078.2 41.5
26085.6 41.6
26092.9 41.7
26100.3 41.8
26107.7 41.9
26115 42
26122.4 42.1
26129.7 42.2
26137.1 42.3
26144.4 42.4
26151.8 42.5
26159.1 42.6
26166.4 42.7
26173.8 42.8
26181.1 42.9
26188.4 43
26195.7 43.1
26203.1 43.2
26210.4 43.3
26217.7 43.4
26225 43.5
26232.3 43.6
26239.6 43.7
26247 43.8
26254.3 43.9
26261.6 44
26268.9 44.1
26276.1 44.2
26283.4 44.3
26290.7 44.4
26298 44.5
26305.3 44.6
26312.6 44.7
26319.9 44.8
26327.1 44.9
26334.4 45
26341.7 45.1
26349 45.2
26356.2 45.3
26363.5 45.4
26370.7 45.5
26378 45.6
26385.3 45.7
26392.5 45.8
26399.8 45.9
26407 46
26414.3 46.1
26421.5 46.2
26428.7 46.3
26436 46.4
26443.2 46.5
26450.4 46.6
26457.7 46.7
26464.9 46.8
26472.1 46.9
26479.3 47
26486.6 47.1
26493.8 47.2
26501 47.3
26508.2 47.4
26515.4 47.5
26522.6 47.6
26529.8 47.7
26537 47.8
26544.2 47.9
26551.4 48
26558.6 48.1
26565.8 48.2
26573 48.3
26580.2 48.4
26587.4 48.5
26594.5 48.6
26601.7 48.7
26608.9 48.8
26616.1 48.9
26623.2 49
26630.4 49.1
26637.6 49.2
26644.7 49.3
26651.9 49.4
26659.1 49.5
26666.2 49.6
26673.4 49.7
26680.5 49.8
26687.7 49.9
26694.8 50
26702 50.1
26709.1 50.2
26716.2 50.3
26723.4 50.4
26730.5 50.5
26737.7 50.6
26744.8 50.7
26751.9 50.8
26759 50.9
26766.2 51
26773.3 51.1
26780.4 51.2
26787.5 51.3
26794.6 51.4
26801.7 51.5
26808.9 51.6
26816 51.7
26823.1 51.8
26830.2 51.9
26837.3 52
26844.4 52.1
26851.5 52.2
26858.6 52.3
26865.6 52.4
26872.7 52.5
26879.8 52.6
26886.9 52.7
26894 52.8
26901.1 52.9
26908.1 53
26915.2 53.1
26922.3 53.2
26929.4 53.3
26936.4 53.4
26943.5 53.5
26950.6 53.6
26957.6 53.7
26964.7 53.8
26971.7 53.9
26978.8 54
26985.8 54.1
26992.7 54.2
26999.6 54.3
27006.5 54.4
27013.4 54.5
27020.3 54.6
27027.1 54.7
27034 54.8
27040.9 54.9
27047.7 55
27054.6 55.1
27061.4 55.2
27068.3 55.3
27075.2 55.4
27082 55.5
27088.9 55.6
27095.7 55.7
27102.5 55.8
27109.4 55.9
27116.2 56
27123.1 56.1
27129.9 56.2
27136.7 56.3
27143.5 56.4
27150.4 56.5
27157.2 56.6
27164 56.7
27170.8 56.8
27177.6 56.9
27184.5 57
27191.3 57.1
27198.1 57.2
27204.9 57.3
27211.7 57.4
27218.5 57.5
27225.3 57.6
27232.1 57.7
27238.8 57.8
27245.6 57.9
27252.4 58
27259.2 58.1
27266 58.2
27272.8 58.3
27279.5 58.4
27286.3 58.5
27293.1 58.6
27299.8 58.7
27306.6 58.8
27313.4 58.9
27320.1 59
27326.9 59.1
27333.6 59.2
27340.4 59.3
27347.1 59.4
27353.9 59.5
27360.6 59.6
27367.4 59.7
27374.1 59.8
27380.9 59.9
27387.6 60
27394.3 60.1
27401 60.2
27407.8 60.3
27414.5 60.4
27421.2 60.5
27427.9 60.6
27434.7 60.7
27441.4 60.8
27448.1 60.9
27454.8 61
27461.5 61.1
27468.2 61.2
27474.9 61.3
27481.6 61.4
27488.3 61.5
27495 61.6
27501.7 61.7
27508.4 61.8
27515.1 61.9
27521.8 62
27528.4 62.1
27535.1 62.2
27541.8 62.3
27548.4 62.4
27555.1 62.5
27561.8 62.6
27568.4 62.7
27575.1 62.8
27581.7 62.9
27588.4 63
27595 63.1
27601.7 63.2
27608.3 63.3
27615 63.4
27621.6 63.5
27628.2 63.6
27634.9 63.7
27641.5 63.8
27648.1 63.9
27654.8 64
27661.4 64.1
27668 64.2
27674.6 64.3
27681.3 64.4
27687.9 64.5
27694.5 64.6
27701.1 64.7
27707.7 64.8
27714.3 64.9
27720.9 65
27727.5 65.1
27734.1 65.2
27740.7 65.3
27747.3 65.4
27753.9 65.5
27760.5 65.6
27767.1 65.7
27773.7 65.8
27780.3 65.9
27786.8 66
27793.4 66.1
27800 66.2
27806.6 66.3
27813.1 66.4
27819.7 66.5
27826.3 66.6
27832.8 66.7
27839.4 66.8
27846 66.9
27852.5 67
27859.1 67.1
27865.6 67.2
27872.2 67.3
27878.7 67.4
27885.3 67.5
27891.8 67.6
27898.4 67.7
27904.9 67.8
27911.4 67.9
27918 68
27924.5 68.1
27931 68.2
27937.6 68.3
27944.1 68.4
27950.6 68.5
27957.1 68.6
27963.7 68.7
27970.2 68.8
27976.7 68.9
27983.2 69
27989.7 69.1
27996.2 69.2
28002.7 69.3
28009.2 69.4
28015.7 69.5
28022.2 69.6
28028.7 69.7
28035.2 69.8
28041.7 69.9
28048.2 70
28054.7 70.1
28061.2 70.2
28067.7 70.3
28074.1 70.4
28080.6 70.5
28087.1 70.6
28093.6 70.7
28100.1 70.8
28106.5 70.9
28113 71
28119.5 71.1
28125.9 71.2
28132.4 71.3
28138.8 71.4
28145.3 71.5
28151.8 71.6
28158.2 71.7
28164.7 71.8
28171.1 71.9
28177.6 72
28184 72.1
28190.5 72.2
28196.9 72.3
28203.3 72.4
28209.8 72.5
28216.2 72.6
28222.6 72.7
28229.1 72.8
28235.5 72.9
28241.9 73
28248.3 73.1
28254.8 73.2
28261.2 73.3
28267.6 73.4
28274 73.5
28280.4 73.6
28286.8 73.7
28293.2 73.8
28299.7 73.9
28306.1 74
27961.7 73.9
27617.4 73.8
27273.3 73.7
26929.6 73.6
26586.1 73.5
26243.1 73.4
25900.4 73.3
25558.3 73.2
25216.7 73.1
24875.7 73
24535.3 72.9
24195.5 72.8
23856.5 72.7
23518.2 72.6
23180.6 72.5
22843.9 72.4
22508.1 72.3
22173.1 72.2
21839.1 72.1
21506 72
21173.9 71.9
20842.8 71.8
20512.8 71.7
20183.9 71.6
19856.1 71.5
19529.5 71.4
19204 71.3
18879.8 71.2
18556.8 71.1
18235 71
17914.6 70.9
17595.5 70.8
17277.7 70.7
16961.4 70.6
16646.4 70.5
16332.9 70.4
16021.5 70.3
15716.6 70.2
15415.4 70.1
15115.6 70
14817.3 69.9
14520.4 69.8
14225 69.7
13931.1 69.6
13638.7 69.5
13347.9 69.4
13058.6 69.3
12771 69.2
12484.9 69.1
12200.4 69
11917.6 68.9
11636.4 68.8
11356.9 68.7
11079.1 68.6
10803 68.5
10528.6 68.4
10255.9 68.3
9985.02 68.2
9715.87 68.1
9448.49 68
9182.91 67.9
8919.12 67.8
8657.15 67.7
8397.01 67.6
8138.71 67.5
7882.26 67.4
7627.66 67.3
7374.94 67.2
7124.11 67.1
6875.16 67
6628.11 66.9
6382.98 66.8
6139.76 66.7
5898.46 66.6
5659.1 66.5
5421.68 66.4
5186.2 66.3
4952.68 66.2
4721.11 66.1
4491.51 66
4263.88 65.9
4038.21 65.8
3814.53 65.7
3592.82 65.6
3373.1 65.5
3155.36 65.4
2939.62 65.3
2725.86 65.2
2514.09 65.1
2304.31 65
2096.53 64.9
1890.74 64.8
1686.94 64.7
1485.13 64.6
1285.32 64.5
1087.65 64.4
893.056 64.3
701.105 64.2
512.177 64.1
326.42 64
143.717 63.9
-33.8179 63.8
-220.638 63.7
-408.013 63.6
-595.809 63.5
-781.418 63.4
-965.799 63.3
-1147.95 63.2
-1328.19 63.1
-1507.04 63
-1683.65 62.9
-1858.52 62.8
-2031.84 62.7
-2202.93 62.6
-2371.79 62.5
-2538.5 62.4
-2704.24 62.3
-2867.75 62.2
-3029.05 62.1
-3188.16 62
-3345.09 61.9
-3499.87 61.8
-3652.52 61.7
-3803.04 61.6
-3951.47 61.5
-4097.82 61.4
-4242.11 61.3
-4384.36 61.2
-4524.59 61.1
-4662.81 61
-4799.06 60.9
-4933.35 60.8
-5065.69 60.7
-5196.12 60.6
-5324.65 60.5
-5451.3 60.4
-5576.1 60.3
-5699.06 60.2
-5820.21 60.1
-5939.56 60
-6057.15 59.9
-6172.98 59.8
-6287.08 59.7
-6399.48 59.6
-6510.2 59.5
-6619.25 59.4
-6726.66 59.3
-6832.44 59.2
-6936.64 59.1
-7039.25 59
-7140.31 58.9
-7239.84 58.8
-7337.86 58.7
-7434.38 58.6
-7529.44 58.5
-7623.06 58.4
-7715.25 58.3
-7806.02 58.2
-7895.42 58.1
-7983.46 58
-8070.16 57.9
-8155.54 57.8
-8239.62 57.7
-8322.43 57.6
-8403.98 57.5
-8484.3 57.4
-8563.4 57.3
-8641.31 57.2
-8718.05 57.1
-8793.63 57
-8868.08 56.9
-8941.42 56.8
-9013.66 56.7
-9084.82 56.6
-9154.14 56.5
-9221.34 56.4
-9287.58 56.3
-9352.88 56.2
-9417.27 56.1
-9480.75 56
-9543.34 55.9
-9605.06 55.8
-9665.92 55.7
-9725.94 55.6
-9785.14 55.5
-9843.52 55.4
-9901.11 55.3
-9957.91 55.2
-10013.9 55.1
-10069.2 55
-10123.8 54.9
-10177.6 54.8
-10230.7 54.7
-10283.1 54.6
-10334.8 54.5
-10385.9 54.4
-10436.3 54.3
-10486 54.2
-10535.1 54.1
-10583.6 54
-10631.4 53.9
-10678.7 53.8
-10725.4 53.7
-10771.5 53.6
-10817 53.5
-10862 53.4
-10906.5 53.3
-10950.4 53.2
-10993.8 53.1
-11036.6 53
-11079 52.9
-11120.9 52.8
-11162.3 52.7
-11203.2 52.6
-11243.6 52.5
-11283.6 52.4
-11323.2 52.3
-11362.3 52.2
-11400.9 52.1
-11439.2 52
-11477 51.9
-11514.5 51.8
-11551.5 51.7
-11588.1 51.6
-11624.4 51.5
-11660.3 51.4
-11695.8 51.3
-11730.9 51.2
-11765.7 51.1
-11800.2 51
-11834.3 50.9
-11868.1 50.8
-11901.5 50.7
-11934.6 50.6
-11967.4 50.5
-11999.9 50.4
-12032.1 50.3
-12064 50.2
-12095.6 50.1
-12126.9 50
-12157.9 49.9
-12188.6 49.8
-12219.1 49.7
-12249.3 49.6
-12279.2 49.5
-12308.9 49.4
-12338.3 49.3
-12367.5 49.2
-12396.4 49.1
-12425.1 49
-12453.6 48.9
-12481.7 48.8
-12508.9 48.7
-12535.9 48.6
-12562.7 48.5
-12589.2 48.4
-12615.6 48.3
-12641.8 48.2
-12667.8 48.1
-12693.6 48
-12719.2 47.9
-12744.6 47.8
-12769.8 47.7
-12794.9 47.6
-12819.8 47.5
-12844.5 47.4
-12869 47.3
-12893.4 47.2
-12917.6 47.1
-12941.7 47
-12965.6 46.9
-12989.3 46.8
-13012.9 46.7
-13036.3 46.6
-13059.6 46.5
-13082.7 46.4
-13105.7 46.3
-13128.6 46.2
-13151.3 46.1
-13173.8 46
-13196.3 45.9
-13218.5 45.8
-13240.7 45.7
-13262.7 45.6
-13284.6 45.5
-13306.4 45.4
-13328 45.3
-13349.6 45.2
-13371 45.1
-13392.2 45
-13413.4 44.9
-13434.5 44.8
-13455.4 44.7
-13476.2 44.6
-13496.9 44.5
-13517.5 44.4
-13538 44.3
-13558.4 44.2
-13578.6 44.1
-13598.8 44
-13618.9 43.9
-13638.8 43.8
-13658.7 43.7
-13678.4 43.6
-13698.1 43.5
-13717.7 43.4
-13737.1 43.3
-13756.5 43.2
-13775.8 43.1
-13795 43
-13814.1 42.9
-13833.1 42.8
-13852 42.7
-13870.9 42.6
-13889.6 42.5
-13908.3 42.4
-13926.9 42.3
-13945.4 42.2
-13963.8 42.1
-13982.1 42
-14000.4 41.9
-14018.6 41.8
-14036.7 41.7
-14054.7 41.6
-14072.6 41.5
-14090.5 41.4
-14108.3 41.3
-14126 41.2
-14143.7 41.1
-14161.3 41
-14178.8 40.9
-14196.2 40.8
-14213.6 40.7
-14230.9 40.6
-14248.1 40.5
-14265.3 40.4
-14282.4 40.3
-14299.4 40.2
-14316.4 40.1
-14333.3 40
-14350.1 39.9
-14366.9 39.8
-14383.6 39.7
-14400.3 39.6
-14416.8 39.5
-14433.4 39.4
-14449.8 39.3
-14466.3 39.2
-14482.6 39.1
-14498.9 39
-14515.2 38.9
-14531.3 38.8
-14547.5 38.7
-14563.5 38.6
-14579.6 38.5
-14595.5 38.4
-14611.4 38.3
-14627.3 38.2
-14643.1 38.1
-14658.8 38
-14674.5 37.9
-14690.2 37.8
-14705.8 37.7
-14721.3 37.6
-14736.8 37.5
-14752.3 37.4
-14767.7 37.3
-14783 37.2
-14798.3 37.1
-14813.6 37
-14828.8 36.9
-14844 36.8
-14859.1 36.7
-14874.2 36.6
-14889.2 36.5
-14904.2 36.4
-14919.1 36.3
-14934 36.2
-14948.9 36.1
-14963.7 36
-14978.4 35.9
-14993.1 35.8
-15007.8 35.7
-15022.5 35.6
-15037.1 35.5
-15051.6 35.4
-15066.1 35.3
-15080.6 35.2
-15095.1 35.1
-15109.5 35
-15123.8 34.9
-15138.1 34.8
-15152.4 34.7
-15166.7 34.6
-15180.9 34.5
-15195 34.4
-15209.2 34.3
-15223.3 34.2
-15237.3 34.1
-15251.3 34
-15265.3 33.9
-15279.3 33.8
-15293.2 33.7
-15307.1 33.6
-15320.9 33.5
-15334.7 33.4
-15348.5 33.3
-15362.2 33.2
-15375.9 33.1
-15389.6 33
-15403.3 32.9
-15416.9 32.8
-15430.4 32.7
-15444 32.6
-15457.5 32.5
-15471 32.4
-15484.4 32.3
-15497.9 32.2
-15511.2 32.1
-15524.6 32
-15537.9 31.9
-15551.2 31.8
-15564.5 31.7
-15577.7 31.6
-15590.9 31.5
-15604.1 31.4
-15617.2 31.3
-15630.4 31.2
-15643.4 31.1
-15656.5 31
-15669.5 30.9
-15682.5 30.8
-15695.5 30.7
-15708.5 30.6
-15721.4 30.5
-15734.3 30.4
-15747.1 30.3
-15760 30.2
-15772.8 30.1
-15785.6 30
-15798.3 29.9
-15811.1 29.8
-15823.8 29.7
-15836.4 29.6
-15849.1 29.5
-15861.7 29.4
-15874.3 29.3
-15886.9 29.2
-15899.5 29.1
-15912 29
-15924.5 28.9
-15937 28.8
-15949.4 28.7
-15961.9 28.6
-15974.3 28.5
-15986.7 28.4
-15999 28.3
-16011.3 28.2
-16023.7 28.1
-16036 28
-16048.2 27.9
-16060.5 27.8
-16072.7 27.7
-16084.9 27.6
-16097.1 27.5
-16109.2 27.4
-16121.3 27.3
-16133.4 27.2
-16145.5 27.1
-16157.6 27
-16169.6 26.9
-16181.7 26.8
-16193.7 26.7
-16205.6 26.6
-16217.6 26.5
-16229.5 26.4
-16241.5 26.3
-16253.4 26.2
-16265.2 26.1
-16277.1 26
-16288.9 25.9
-16300.7 25.8
-16312.5 25.7
-16324.3 25.6
-16336.1 25.5
-16347.8 25.4
-16359.5 25.3
-16371.2 25.2
-16382.9 25.1
-16394.5 25
-16406.2 24.9
-16417.8 24.8
-16429.4 24.7
-16441 24.6
-16452.5 24.5
-16464.1 24.4
-16475.6 24.3
-16487.1 24.2
-16498.6 24.1
-16510.1 24
-16521.5 23.9
-16533 23.8
-16544.4 23.7
-16555.8 23.6
-16567.2 23.5
-16578.5 23.4
-16589.9 23.3
-16601.2 23.2
-16612.5 23.1
-16623.8 23
-16635.1 22.9
-16646.4 22.8
-16657.6 22.7
-16668.8 22.6
-16680 22.5
-16691.2 22.4
-16702.4 22.3
-16713.6 22.2
-16724.7 22.1
-16735.8 22
-16747 21.9
-16758 21.8
-16769.1 21.7
-16780.2 21.6
-16791.2 21.5
-16802.3 21.4
-16813.3 21.3
-16824.3 21.2
-16835.3 21.1
-16846.2 21
-16857.2 20.9
-16868.1 20.8
-16879.1 20.7
-16890 20.6
-16900.9 20.5
-16911.7 20.4
-16922.6 20.3
-16933.4 20.2
-16944.3 20.1
-16955.1 20
-16965.9 19.9
-16976.7 19.8
-16987.5 19.7
-16998.2 19.6
-17009 19.5
-17019.7 19.4
-17030.4 19.3
-17041.1 19.2
-17051.8 19.1
-17062.5 19
-17073.1 18.9
-17083.8 18.8
-17094.4 18.7
-17105 18.6
-17115.7 18.5
-17126.2 18.4
-17136.8 18.3
-17147.4 18.2
-17157.9 18.1
-17168.5 18
-17179 17.9
-17189.5 17.8
-17200 17.7
-17210.5 17.6
-17221 17.5
-17231.4 17.4
-17241.9 17.3
-17252.3 17.2
-17262.7 17.1
-17273.1 17
-17283.5 16.9
-17293.9 16.8
-17304.3 16.7
-17314.6 16.6
-17325 16.5
-17335.3 16.4
-17345.6 16.3
-17355.9 16.2
-17366.2 16.1
-17376.5 16
-17386.8 15.9
-17397 15.8
-17407.3 15.7
-17417.5 15.6
-17427.7 15.5
-17437.9 15.4
-17448.1 15.3
-17458.3 15.2
-17468.5 15.1
-17478.6 15
-17488.8 14.9
-17498.9 14.8
-17509 14.7
-17519.1 14.6
-17529.2 14.5
-17539.3 14.4
-17549.4 14.3
-17559.5 14.2
-17569.5 14.1
-17579.6 14
-17589.6 13.9
-17599.6 13.8
-17609.6 13.7
-17619.6 13.6
-17629.6 13.5
-17639.6 13.4
-17649.6 13.3
-17659.5 13.2
-17669.5 13.1
-17679.4 13
-17689.3 12.9
-17699.2 12.8
-17709.1 12.7
-17719 12.6
-17728.9 12.5
-17738.7 12.4
-17748.6 12.3
-17758.4 12.2
-17768.3 12.1
-17778.1 12
-17787.9 11.9
-17797.7 11.8
-17807.5 11.7
-17817.3 11.6
-17827 11.5
-17836.8 11.4
-17846.5 11.3
-17856.3 11.2
-17866 11.1
-17875.7 11
-17885.4 10.9
-17895.1 10.8
-17904.8 10.7
-17914.5 10.6
-17924.2 10.5
-17933.8 10.4
-17943.5 10.3
-17953.1 10.2
-17962.7 10.1
-17972.3 10
-17981.9 9.9
-17991.5 9.8
-18001.1 9.7
-18010.7 9.6
-18020.3 9.5
-18029.8 9.4
-18039.4 9.3
-18048.9 9.2
-18058.4 9.1
-18067.9 9
-18077.4 8.9
-18086.9 8.8
-18096.4 8.7
-18105.9 8.6
-18115.4 8.5
-18124.8 8.4
-18134.3 8.3
-18143.7 8.2
-18153.1 8.1
-18162.6 8
-18172 7.9
-18181.4 7.8
-18190.8 7.7
-18200.1 7.6
-18209.5 7.5
-18218.9 7.4
-18228.2 7.3
-18237.6 7.2
-18246.9 7.1
-18256.2 7
-18265.6 6.9
-18274.9 6.8
-18284.2 6.7
-18293.5 6.6
-18302.7 6.5
-18312 6.4
-18321.3 6.3
-18330.5 6.2
-18339.8 6.1
-18349 6
-18358.2 5.9
-18367.4 5.8
-18376.6 5.7
-18385.8 5.6
-18395 5.5
-18404.2 5.4
-18413.4 5.3
-18422.5 5.2
-18431.7 5.1
-18440.8 5
-18450 4.9
-18459.1 4.8
-18468.2 4.7
-18477.3 4.6
-18486.4 4.5
-18495.5 4.4
-18504.6 4.3
-18513.7 4.2
-18522.7 4.1
-18531.8 4
-18540.9 3.9
-18549.9 3.8
-18558.9 3.7
-18567.9 3.6
-18577 3.5
-18586 3.4
-18595 3.3
-18603.9 3.2
-18612.9 3.1
-18621.9 3
-18630.9 2.9
-18639.8 2.8
-18648.8 2.7
-18657.7 2.6
-18666.6 2.5
-18675.5 2.4
-18684.5 2.3
-18693.4 2.2
-18702.3 2.1
-18711.1 2
-18720 1.9
-18728.9 1.8
-18737.7 1.7
-18746.6 1.6
-18755.4 1.5
-18764.3 1.4
-18773.1 1.3
-18781.9 1.2
-18790.7 1.1
-18799.5 1
-18808.3 0.9
-18817.1 0.8
-18825.9 0.7
-18834.7 0.6
-18843.4 0.5
-18852.2 0.4
-18860.9 0.3
-18869.7 0.2
-18878.4 0.1
-18887.1 -2.95874e-14
-18895.8 -0.1
-18904.5 -0.2
-18913.2 -0.3
-18921.9 -0.4
-18930.6 -0.5
-18939.3 -0.6
-18948 -0.7
-18956.6 -0.8
-18965.3 -0.9
-18973.9 -1
-18982.5 -1.1
-18991.2 -1.2
-18999.8 -1.3
-19008.4 -1.4
-19017 -1.5
-19025.6 -1.6
-19034.2 -1.7
-19042.7 -1.8
-19051.3 -1.9
-19059.9 -2
-19068.4 -2.1
-19077 -2.2
-19085.5 -2.3
-19094 -2.4
-19102.6 -2.5
-19111.1 -2.6
-19119.6 -2.7
-19128.1 -2.8
-19136.6 -2.9
-19145.1 -3
-19153.5 -3.1
-19162 -3.2
-19170.5 -3.3
-19178.9 -3.4
-19187.4 -3.5
-19195.8 -3.6
-19204.2 -3.7
-19212.6 -3.8
-19221.1 -3.9
-19229.5 -4
-19237.9 -4.1
-19246.2 -4.2
-19254.6 -4.3
-19263 -4.4
-19271.4 -4.5
-19279.7 -4.6
-19288.1 -4.7
-19296.4 -4.8
-19304.8 -4.9
-19313.1 -5
-19321.4 -5.1
-19329.7 -5.2
-19338 -5.3
-19346.3 -5.4
-19354.6 -5.5
-19362.9 -5.6
-19371.2 -5.7
-19379.5 -5.8
-19387.7 -5.9
-19396 -6
-19404.2 -6.1
-19412.4 -6.2
-19420.7 -6.3
-19428.9 -6.4
-19437.1 -6.5
-19445.3 -6.6
-19453.5 -6.7
-19461.7 -6.8
-19469.9 -6.9
-19478.1 -7
-19486.2 -7.1
-19494.4 -7.2
-19502.6 -7.3
-19510.7 -7.4
-19518.9 -7.5
-19527 -7.6
-19535.1 -7.7
-19543.2 -7.8
-19551.3 -7.9
-19559.4 -8
-19567.5 -8.1
-19575.6 -8.2
-19583.7 -8.3
-19591.8 -8.4
-19599.9 -8.5
-19607.9 -8.6
-19616 -8.7
-19624 -8.8
-19632 -8.9
-19640.1 -9
-19648.1 -9.1
-19656.1 -9.2
-19664.1 -9.3
-19672.1 -9.4
-19680.1 -9.5
-19688.1 -9.6
-19696.1 -9.7
-19704 -9.8
-19712 -9.9
-19720 -10
-19727.9 -10.1
-19735.8 -10.2
-19743.8 -10.3
-19751.7 -10.4
-19759.6 -10.5
-19767.5 -10.6
-19775.4 -10.7
-19783.3 -10.8
-19791.2 -10.9
-19799.1 -11
-19807 -11.1
-19814.9 -11.2
-19822.7 -11.3
-19830.6 -11.4
-19838.4 -11.5
-19846.3 -11.6
-19854.1 -11.7
-19861.9 -11.8
-19869.7 -11.9
-19877.5 -12
-19885.3 -12.1
-19893.1 -12.2
-19900.9 -12.3
-19908.7 -12.4
-19916.5 -12.5
-19924.3 -12.6
-19932 -12.7
-19939.8 -12.8
-19947.5 -12.9
-19955.3 -13
-19963 -13.1
-19970.7 -13.2
-19978.4 -13.3
-19986.1 -13.4
-19993.8 -13.5
-20001.5 -13.6
-20009.2 -13.7
-20016.9 -13.8
-20024.6 -13.9
-20032.3 -14
-20039.9 -14.1
-20047.6 -14.2
-20055.2 -14.3
-20062.9 -14.4
-20070.5 -14.5
-20078.1 -14.6
-20085.7 -14.7
-20093.3 -14.8
-20100.9 -14.9
-20108.5 -15
-20116.1 -15.1
-20123.7 -15.2
-20131.3 -15.3
-20138.9 -15.4
-20146.4 -15.5
-20154 -15.6
-20161.5 -15.7
-20169.1 -15.8
-20176.6 -15.9
-20184.1 -16
-20191.6 -16.1
-20199.1 -16.2
-20206.7 -16.3
-20214.1 -16.4
-20221.6 -16.5
-20229.1 -16.6
-20236.6 -16.7
-20244.1 -16.8
-20251.5 -16.9
-20259 -17
-20266.4 -17.1
-20273.9 -17.2
-20281.3 -17.3
-20288.7 -17.4
-20296.2 -17.5
-20303.6 -17.6
-20311 -17.7
-20318.4 -17.8
-20325.8 -17.9
-20333.2 -18
-20340.5 -18.1
-20347.9 -18.2
-20355.3 -18.3
-20362.6 -18.4
-20370 -18.5
-20377.3 -18.6
-20384.7 -18.7
-20392 -18.8
-20399.3 -18.9
-20406.7 -19
-20414 -19.1
-20421.3 -19.2
-20428.6 -19.3
-20435.9 -19.4
-20443.1 -19.5
-20450.4 -19.6
-20457.7 -19.7
-20464.9 -19.8
-20472.2 -19.9
-20479.4 -20
-20486.7 -20.1
-20493.9 -20.2
-20501.2 -20.3
-20508.4 -20.4
-20515.6 -20.5
-20522.8 -20.6
-20530 -20.7
-20537.2 -20.8
-20544.4 -20.9
-20551.6 -21
-20558.7 -21.1
-20565.9 -21.2
-20573.1 -21.3
-20580.2 -21.4
-20587.4 -21.5
-20594.5 -21.6
-20601.6 -21.7
-20608.8 -21.8
-20615.9 -21.9
-20623 -22
-20630.1 -22.1
-20637.2 -22.2
-20644.3 -22.3
-20651.4 -22.4
-20658.4 -22.5
-20665.5 -22.6
-20672.6 -22.7
-20679.6 -22.8
-20686.7 -22.9
-20693.7 -23
-20700.8 -23.1
-20707.8 -23.2
-20714.8 -23.3
-20721.9 -23.4
-20728.9 -23.5
-20735.9 -23.6
-20742.9 -23.7
-20749.9 -23.8
-20756.8 -23.9
-20763.8 -24
-20770.8 -24.1
-20777.8 -24.2
-20784.7 -24.3
-20791.7 -24.4
-20798.6 -24.5
-20805.6 -24.6
-20812.5 -24.7
-20819.4 -24.8
-20826.3 -24.9
-20833.2 -25
-20840.2 -25.1
-20847.1 -25.2
-20853.9 -25.3
-20860.8 -25.4
-20867.7 -25.5
-20874.6 -25.6
-20881.4 -25.7
-20888.3 -25.8
-20895.2 -25.9
-20902 -26
-20908.8 -26.1
-20915.7 -26.2
-20922.5 -26.3
-20929.3 -26.4
-20936.1 -26.5
-20942.9 -26.6
-20949.7 -26.7
-20956.5 -26.8
-20963.3 -26.9
-20970.1 -27
-20976.9 -27.1
-20983.7 -27.2
-20990.4 -27.3
-20997.2 -27.4
-21003.9 -27.5
-21010.7 -27.6
-21017.4 -27.7
-21024.1 -27.8
-21030.9 -27.9
-21037.6 -28
-21044.3 -28.1
-21051 -28.2
-21057.7 -28.3
-21064.4 -28.4
-21071.1 -28.5
-21077.7 -28.6
-21084.4 -28.7
-21091.1 -28.8
-21097.7 -28.9
-21104.4 -29
-21111 -29.1
-21117.7 -29.2
-21124.3 -29.3
-21130.9 -29.4
-21137.5 -29.5
-21144.2 -29.6
-21150.8 -29.7
-21157.4 -29.8
-21164 -29.9
-21170.6 -30
-21177.1 -30.1
-21183.7 -30.2
-21190.3 -30.3
-21196.8 -30.4
-21203.4 -30.5
-21210 -30.6
-21216.5 -30.7
-21223 -30.8
-21229.6 -30.9
-21236.1 -31
-21242.6 -31.1
-21249.1 -31.2
-21255.6 -31.3
-21262.1 -31.4
-21268.6 -31.5
-21275.1 -31.6
-21281.6 -31.7
-21288.1 -31.8
-21294.6 -31.9
-21301 -32
-21307.5 -32.1
-21313.9 -32.2
-21320.4 -32.3
-21326.8 -32.4
-21333.2 -32.5
-21339.7 -32.6
-21346.1 -32.7
-21352.5 -32.8
-21358.9 -32.9
-21365.3 -33
-21371.7 -33.1
-21378.1 -33.2
-21384.5 -33.3
-21390.9 -33.4
-21397.2 -33.5
-21403.6 -33.6
-21410 -33.7
-21416.3 -33.8
-21422.7 -33.9
-21429 -34
-21435.3 -34.1
-21441.7 -34.2
-21448 -34.3
-21454.3 -34.4
-21460.6 -34.5
-21466.9 -34.6
-21473.2 -34.7
-21479.5 -34.8
-21485.8 -34.9
-21492.1 -35
-21498.4 -35.1
-21504.6 -35.2
-21510.9 -35.3
-21517.2 -35.4
-21523.4 -35.5
-21529.7 -35.6
-21535.9 -35.7
-21542.1 -35.8
-21548.4 -35.9
-21554.6 -36
-21560.8 -36.1
-21567 -36.2
-21573.2 -36.3
-21579.4 -36.4
-21585.6 -36.5
-21591.8 -36.6
-21598 -36.7
-21604.1 -36.8
-21610.3 -36.9
-21616.5 -37
-21622.6 -37.1
-21628.8 -37.2
-21634.9 -37.3
-21641.1 -37.4
-21647.2 -37.5
-21653.3 -37.6
-21659.5 -37.7
-21665.6 -37.8
-21671.7 -37.9
-21677.8 -38
-21683.9 -38.1
-21690 -38.2
-21696.1 -38.3
-21702.2 -38.4
-21708.2 -38.5
-21714.3 -38.6
-21720.4 -38.7
-21726.4 -38.8
-21732.5 -38.9
-21738.5 -39
-21744.6 -39.1
-21750.6 -39.2
-21756.7 -39.3
-21762.7 -39.4
-21768.7 -39.5
-21774.7 -39.6
-21780.7 -39.7
-21786.7 -39.8
-21792.7 -39.9
-21798.7 -40
-21804.7 -40.1
-21810.7 -40.2
-21816.7 -40.3
-21822.6 -40.4
-21828.6 -40.5
-21834.6 -40.6
-21840.5 -40.7
-21846.5 -40.8
-21852.4 -40.9
-21858.4 -41
-21864.3 -41.1
-21870.2 -41.2
-21876.1 -41.3
-21882 -41.4
-21888 -41.5
-21893.9 -41.6
-21899.8 -41.7
-21905.7 -41.8
-21911.5 -41.9
-21917.4 -42
-21923.3 -42.1
-21929.2 -42.2
-21935 -42.3
-21940.9 -42.4
-21946.8 -42.5
-21952.6 -42.6
-21958.5 -42.7
-21964.3 -42.8
-21970.1 -42.9
-21976 -43
-21981.8 -43.1
-21987.6 -43.2
-21993.4 -43.3
-21999.2 -43.4
-22005 -43.5
-22010.8 -43.6
-22016.6 -43.7
-22022.4 -43.8
-22028.2 -43.9
-22034 -44
-22039.7 -44.1
-22045.5 -44.2
-22051.3 -44.3
-22057 -44.4
-22062.8 -44.5
-22068.5 -44.6
-22074.3 -44.7
-22080 -44.8
-22085.7 -44.9
-22091.5 -45
-22097.2 -45.1
-22102.9 -45.2
-22108.6 -45.3
-22114.3 -45.4
-22120 -45.5
-22125.7 -45.6
-22131.4 -45.7
-22137.1 -45.8
-22142.8 -45.9
-22148.4 -46
-22154.1 -46.1
-22159.8 -46.2
-22165.4 -46.3
-22171.1 -46.4
-22176.7 -46.5
-22182.4 -46.6
-22188 -46.7
-22193.7 -46.8
-22199.3 -46.9
-22204.9 -47
-22210.5 -47.1
-22216.1 -47.2
-22221.8 -47.3
-22227.4 -47.4
-22233 -47.5
-22238.6 -47.6
-22244.2 -47.7
-22249.7 -47.8
-22255.3 -47.9
-22260.9 -48
-22266.5 -48.1
-22272 -48.2
-22277.6 -48.3
-22283.2 -48.4
-22288.7 -48.5
-22294.3 -48.6
-22299.8 -48.7
-22305.3 -48.8
-22310.9 -48.9
-22316.4 -49
-22321.9 -49.1
-22333.1 -49.2
-22345.2 -49.3
-22421.6 -49.4
-22786.5 -49.5
-23151.4 -49.6
-23518.4 -49.7
-23912.2 -49.8
-24308 -49.9
-24744.6 -50
-25181.1 -50.1
-25617.5 -50.2
-26053.7 -50.3
-26489.8 -50.4
-26937.3 -50.5
-27395.3 -50.6
-27856.5 -50.7
-28330.4 -50.8
-28804 -50.9
-29277.1 -51
-29749.8 -51.1
-30222.1 -51.2
-30702.5 -51.3
-31191.2 -51.4
-31679.3 -51.5
-32166.7 -51.6
-32653.2 -51.7
-33138.9 -51.8
-33623.7 -51.9
-34107.4 -52
-34590.2 -52.1
-35073.9 -52.2
-35561.2 -52.3
-36047.2 -52.4
-36531.8 -52.5
-37014.9 -52.6
-37496.4 -52.7
-37976.2 -52.8
-38454.2 -52.9
-38930.2 -53
-39404.3 -53.1
-39876.3 -53.2
-40346 -53.3
-40816.2 -53.4
-41288.8 -53.5
-41758.6 -53.6
-42225.5 -53.7
-42689.3 -53.8
-43149.8 -53.9
-43627.1 -54
-44110.8 -54.1
-44589.3 -54.2
-45062.2 -54.3
-45529.4 -54.4
-45990.5 -54.5
-46445.3 -54.6
-46893.5 -54.7
-47334.9 -54.8
-47769.1 -54.9
-48195.8 -55
-48614.9 -55.1
-49026.1 -55.2
-49429 -55.3
-49823.5 -55.4
-50209.4 -55.5
-50586.4 -55.6
-50954.3 -55.7
-51313 -55.8
-51662.4 -55.9
-52002.2 -56
-52332.5 -56.1
-52653.2 -56.2
-52964.2 -56.3
-53265.6 -56.4
-53557.3 -56.5
-53839.5 -56.6
-54112.2 -56.7
-54375.6 -56.8
-54629.7 -56.9
-54874.9 -57
-55111.2 -57.1
-55338.8 -57.2
-55558.1 -57.3
-55769.2 -57.4
-55972.5 -57.5
-56168.2 -57.6
-56356.5 -57.7
-56537.7 -57.8
-56712.2 -57.9
-56880.3 -58
-57042.1 -58.1
-57198 -58.2
-57348.2 -58.3
-57493 -58.4
-57632.8 -58.5
-57767.6 -58.6
-57897.8 -58.7
-58023.6 -58.8
-58145.1 -58.9
-58262.8 -59
-58376.6 -59.1
-58486.8 -59.2
-58587 -59.3
-58676.6 -59.4
-58760.7 -59.5
-58841.5 -59.6
-58919.5 -59.7
-58995 -59.8
-59068.1 -59.9
-59138.9 -60
-59204.8 -60.1
-59268.8 -60.2
-59330.8 -60.3
-59390.9 -60.4
-59449.4 -60.5
-59506.2 -60.6
-59561.5 -60.7
-59615.2 -60.8
-59667.6 -60.9
-59718.5 -61
-59768.2 -61.1
-59816.7 -61.2
-59864 -61.3
-59910.1 -61.4
-59955.1 -61.5
-59999.2 -61.6
-60042.1 -61.7
-60084 -61.8
-60124.9 -61.9
-60165 -62
-60204.1 -62.1
-60242.4 -62.2
-60279.9 -62.3
-60316.7 -62.4
-60352.6 -62.5
-60387.8 -62.6
-60422.2 -62.7
-60455.9 -62.8
-60488.9 -62.9
-60521.3 -63
-60552.8 -63.1
-60583.8 -63.2
-60614 -63.3
-60643.6 -63.4
-60672.5 -63.5
-60700.7 -63.6
-60728.3 -63.7
-60755.2 -63.8
-60781.5 -63.9
-60807.2 -64
-60832.2 -64.1
-60856.6 -64.2
-60880.4 -64.3
-60903.5 -64.4
-60926.1 -64.5
-60948.1 -64.6
-60969.6 -64.7
-60990.5 -64.8
-61010.9 -64.9
-61030.9 -65
-61050.4 -65.1
-61069.4 -65.2
-61087.9 -65.3
-61106.1 -65.4
-61124 -65.5
-61141.5 -65.6
-61158.8 -65.7
-61175.8 -65.8
-61192.6 -65.9
-61209.2 -66
-61225.6 -66.1
-61241.9 -66.2
-61258 -66.3
-61274 -66.4
-61289.8 -66.5
-61305.6 -66.6
-61321.2 -66.7
-61336.8 -66.8
-61352.2 -66.9
-61367.6 -67
-61383 -67.1
-61398.2 -67.2
-61413.4 -67.3
-61428.6 -67.4
-61443.7 -67.5
-61458.7 -67.6
-61473.7 -67.7
-61488.7 -67.8
-61503.6 -67.9
-61518.4 -68
-61533.2 -68.1
-61548 -68.2
-61562.8 -68.3
-61577.5 -68.4
-61592.2 -68.5
-61606.8 -68.6
-61621.4 -68.7
-61636 -68.8
-61650.5 -68.9
-61665 -69
-61679.5 -69.1
-61694 -69.2
-61708.4 -69.3
-61722.8 -69.4
-61737.2 -69.5
-61751.5 -69.6
-61765.8 -69.7
-61780.1 -69.8
-61794.3 -69.9
-61808.6 -70
-61819.9 -70.1
-61830.5 -70.2
-61841 -70.3
-61851.6 -70.4
-61862.1 -70.5
-61872.6 -70.6
-61883.1 -70.7
-61893.6 -70.8
-61904.1 -70.9
-61914.6 -71
-61925 -71.1
-61935.5 -71.2
-61945.9 -71.3
-61956.3 -71.4
-61966.8 -71.5
-61977.2 -71.6
-61987.6 -71.7
-61997.9 -71.8
-62008.3 -71.9
-62018.7 -72
-62029 -72.1
-62039.4 -72.2
-62049.7 -72.3
-62060 -72.4
-62070.3 -72.5
-62080.6 -72.6
-62090.9 -72.7
-62101.2 -72.8
-62111.5 -72.9
-62121.8 -73
-62132 -73.1
-62142.3 -73.2
-62152.5 -73.3
-62162.7 -73.4
-62172.9 -73.5
-62183.1 -73.6
-62193.3 -73.7
-62203.5 -73.8
-62213.7 -73.9
-62223.9 -74
-61515.5 -73.9
-60807.2 -73.8
-60099 -73.7
-59391 -73.6
-58683.3 -73.5
-57981 -73.4
-57283.3 -73.3
-56586 -73.2
-55888.9 -73.1
-55192.2 -73
-54495.8 -72.9
-53799.9 -72.8
-53104.3 -72.7
-52409.2 -72.6
-51714.6 -72.5
-51020.6 -72.4
-50327 -72.3
-49634 -72.2
-48950.2 -72.1
-48268.5 -72
-47587.5 -71.9
-46907.5 -71.8
-46236.3 -71.7
-45565.9 -71.6
-44896.3 -71.5
-44231.5 -71.4
-43571.6 -71.3
-42912.6 -71.2
-42254.5 -71.1
-41597.4 -71
-40941.2 -70.9
-40286.1 -70.8
-39632 -70.7
-38979 -70.6
-38327.1 -70.5
-37676.4 -70.4
-37026.8 -70.3
-36378.4 -70.2
-35731.3 -70.1
-35085.5 -70
-34441 -69.9
-33797.9 -69.8
-33156.1 -69.7
-32515.8 -69.6
-31883.3 -69.5
-31258.2 -69.4
-30641.5 -69.3
-30026.2 -69.2
-29412.4 -69.1
-28803.7 -69
-28219.5 -68.9
-27636.7 -68.8
-27055.3 -68.7
-26475.4 -68.6
-25896.9 -68.5
-25319.9 -68.4
-24744.5 -68.3
-24170.6 -68.2
-23598.4 -68.1
-23044.4 -68
-22502.9 -67.9
-21963.1 -67.8
-21425.1 -67.7
-20902 -67.6
-20383.6 -67.5
-19866.9 -67.4
-19362.3 -67.3
-18870 -67.2
-18379.2 -67.1
-17890 -67
-17402.4 -66.9
-16916.5 -66.8
-16434.9 -66.7
-16012.8 -66.6
-15592 -66.5
-15172.4 -66.4
-14754.1 -66.3
-14337.1 -66.2
-13958.7 -66.1
-13660.9 -66
-13364.2 -65.9
-13068.7 -65.8
-12774.3 -65.7
-12481.1 -65.6
-12189.1 -65.5
-11898.2 -65.4
-11608.6 -65.3
-11320.3 -65.2
-11033.2 -65.1
-10747.3 -65
-10462.8 -64.9
-10179.5 -64.8
-9897.56 -64.7
-9616.92 -64.6
-9337.6 -64.5
-9059.57 -64.4
-8782.87 -64.3
-8507.53 -64.2
-8233.56 -64.1
-7960.99 -64
-7689.81 -63.9
-7420.05 -63.8
-7151.69 -63.7
-6884.77 -63.6
-6619.28 -63.5
-6355.24 -63.4
-6093.6 -63.3
-5834.98 -63.2
-5577.81 -63.1
-5322.11 -63
-5067.88 -62.9
-4815.11 -62.8
-4563.83 -62.7
-4314.78 -62.6
-4067.79 -62.5
-3822.27 -62.4
-3579.53 -62.3
-3344.12 -62.2
-3110.18 -62.1
-2877.92 -62
-2647.67 -61.9
-2419.69 -61.8
-2193.89 -61.7
-1969.53 -61.6
-1747.61 -61.5
-1527.93 -61.4
-1309.7 -61.3
-1093.77 -61.2
-879.922 -61.1
-667.883 -61
-457.428 -60.9
-250.873 -60.8
-53.2398 -60.7
131.467 -60.6
317.911 -60.5
504.625 -60.4
691.617 -60.3
878.49 -60.2
1065.73 -60.1
1251.77 -60
1436.61 -59.9
1620.24 -59.8
1802.68 -59.7
1983.91 -59.6
2163.96 -59.5
2342.8 -59.4
2520.46 -59.3
2696.92 -59.2
2872.2 -59.1
3046.29 -59
3219.2 -58.9
3390.93 -58.8
3561.48 -58.7
3730.86 -58.6
3899.07 -58.5
4061.91 -58.4
4220.93 -58.3
4378.71 -58.2
4535.25 -58.1
4690.55 -58
4844.63 -57.9
4997.47 -57.8
5149.09 -57.7
5299.49 -57.6
5448.67 -57.5
5596.64 -57.4
5743.4 -57.3
5888.96 -57.2
6033.32 -57.1
6176.48 -57
6318.46 -56.9
6459.24 -56.8
6598.85 -56.7
6737.29 -56.6
6874.55 -56.5
7010.64 -56.4
7145.58 -56.3
7279.36 -56.2
7411.99 -56.1
7543.48 -56
7673.83 -55.9
7803.05 -55.8
7931.14 -55.7
8058.11 -55.6
8183.96 -55.5
8308.71 -55.4
8432.35 -55.3
8554.89 -55.2
8676.34 -55.1
8796.71 -55
8915.99 -54.9
9034.2 -54.8
9151.35 -54.7
9267.43 -54.6
9382.46 -54.5
9496.45 -54.4
9609.39 -54.3
9721.3 -54.2
9832.17 -54.1
9942.03 -54
10050.9 -53.9
10158.7 -53.8
10265.5 -53.7
10371.4 -53.6
10476.2 -53.5
10580.1 -53.4
10683 -53.3
10784.9 -53.2
10885.9 -53.1
10985.9 -53
11084.9 -52.9
11183 -52.8
11280.2 -52.7
11376.5 -52.6
11471.8 -52.5
11566.2 -52.4
11659.7 -52.3
11752.3 -52.2
11844.1 -52.1
11934.9 -52
12024.8 -51.9
12113.9 -51.8
12202.1 -51.7
12289.5 -51.6
12376 -51.5
12461.6 -51.4
12546.5 -51.3
12630.5 -51.2
12713.6 -51.1
12796 -51
12877.5 -50.9
12958.2 -50.8
13038.2 -50.7
13117.3 -50.6
13195.7 -50.5
13273.2 -50.4
13350 -50.3
13426.1 -50.2
13501.4 -50.1
13575.9 -50
13649.7 -49.9
13722.8 -49.8
13795.1 -49.7
13866.7 -49.6
13937.6 -49.5
14007.7 -49.4
14077.2 -49.3
14146 -49.2
14214 -49.1
14281.4 -49
14348.1 -48.9
14414.2 -48.8
14479.5 -48.7
14544.2 -48.6
14608.3 -48.5
14671.7 -48.4
14734.5 -48.3
14796.6 -48.2
14858.1 -48.1
14919 -48
14979.3 -47.9
15038.9 -47.8
15097.9 -47.7
15156.4 -47.6
15214.2 -47.5
15271.5 -47.4
15328.2 -47.3
15384.3 -47.2
15439.8 -47.1
15494.8 -47
15549.2 -46.9
15603.1 -46.8
15656.4 -46.7
15709.2 -46.6
15761.4 -46.5
15813.1 -46.4
15864.3 -46.3
15915 -46.2
15965.1 -46.1
16014.8 -46
16063.9 -45.9
16112.6 -45.8
16160.7 -45.7
16208.4 -45.6
16255.6 -45.5
16302.3 -45.4
16348.5 -45.3
16394.3 -45.2
16439.6 -45.1
16484.4 -45
16528.8 -44.9
16572.8 -44.8
16616.3 -44.7
16659.4 -44.6
16702 -44.5
16744.2 -44.4
16786 -44.3
16827.4 -44.2
16868.4 -44.1
16909 -44
16949.1 -43.9
16988.9 -43.8
17028.2 -43.7
17067.2 -43.6
17105.8 -43.5
17144 -43.4
17181.8 -43.3
17219.3 -43.2
17256.4 -43.1
17293.1 -43
17329.5 -42.9
17365.5 -42.8
17401.2 -42.7
17436.5 -42.6
17471.5 -42.5
17506.2 -42.4
17540.5 -42.3
17574.5 -42.2
17608.1 -42.1
17641.4 -42
17674.5 -41.9
17707.2 -41.8
17739.6 -41.7
17771.6 -41.6
17803.4 -41.5
17834.9 -41.4
17866.1 -41.3
17897 -41.2
17927.6 -41.1
17957.9 -41
17988 -40.9
18017.7 -40.8
18047.2 -40.7
18076.5 -40.6
18105.4 -40.5
18134.1 -40.4
18162.6 -40.3
18190.7 -40.2
18218.7 -40.1
18246.3 -40
18273.8 -39.9
18300.9 -39.8
18327.9 -39.7
18354.6 -39.6
18381.1 -39.5
18407.3 -39.4
18433.3 -39.3
18459.1 -39.2
18484.6 -39.1
18510 -39
18535.1 -38.9
18560 -38.8
18584.7 -38.7
18609.2 -38.6
18633.5 -38.5
18657.6 -38.4
18681.4 -38.3
18705.1 -38.2
18728.6 -38.1
18751.9 -38
18775 -37.9
18797.9 -37.8
18820.6 -37.7
18843.2 -37.6
18865.6 -37.5
18887.8 -37.4
18909.8 -37.3
18931.6 -37.2
18953.3 -37.1
18974.8 -37
18996.1 -36.9
19017.3 -36.8
19038.3 -36.7
19059.1 -36.6
19079.8 -36.5
19100.4 -36.4
19120.7 -36.3
19141 -36.2
19161 -36.1
19181 -36
19200.8 -35.9
19220.4 -35.8
19239.9 -35.7
19259.3 -35.6
19278.5 -35.5
19297.6 -35.4
19316.5 -35.3
19335.3 -35.2
19354 -35.1
19372.6 -35
19391 -34.9
19409.3 -34.8
19427.5 -34.7
19445.6 -34.6
19463.5 -34.5
19481.3 -34.4
19499 -34.3
19516.6 -34.2
19534.1 -34.1
19551.4 -34
19568.7 -33.9
19585.8 -33.8
19602.8 -33.7
19619.8 -33.6
19636.6 -33.5
19653.3 -33.4
19669.9 -33.3
19686.4 -33.2
19702.8 -33.1
19719.1 -33
19735.3 -32.9
19751.5 -32.8
19767.5 -32.7
19783.4 -32.6
19799.2 -32.5
19815 -32.4
19830.6 -32.3
19846.2 -32.2
19861.7 -32.1
19877.1 -32
19892.4 -31.9
19907.6 -31.8
19922.7 -31.7
19937.8 -31.6
19952.8 -31.5
19967.7 -31.4
19982.5 -31.3
19997.2 -31.2
20011.9 -31.1
20026.4 -31
20040.9 -30.9
20055.4 -30.8
20069.7 -30.7
20084 -30.6
20098.2 -30.5
20112.4 -30.4
20126.4 -30.3
20140.4 -30.2
20154.4 -30.1
20168.2 -30
20182 -29.9
20195.8 -29.8
20209.4 -29.7
20223 -29.6
20236.6 -29.5
20250.1 -29.4
20263.5 -29.3
20276.8 -29.2
20290.1 -29.1
20303.4 -29
20316.5 -28.9
20329.6 -28.8
20342.7 -28.7
20355.7 -28.6
20368.6 -28.5
20381.5 -28.4
20394.4 -28.3
20407.1 -28.2
20419.9 -28.1
20432.5 -28
20445.1 -27.9
20457.7 -27.8
20470.2 -27.7
20482.7 -27.6
20495.1 -27.5
20507.5 -27.4
20519.8 -27.3
20532 -27.2
20544.2 -27.1
20556.4 -27
20568.5 -26.9
20580.6 -26.8
20592.6 -26.7
20604.6 -26.6
20616.5 -26.5
20628.4 -26.4
20640.3 -26.3
20652.1 -26.2
20663.8 -26.1
20675.6 -26
20687.2 -25.9
20698.9 -25.8
20710.5 -25.7
20722 -25.6
20733.5 -25.5
20745 -25.4
20756.4 -25.3
20767.8 -25.2
20779.1 -25.1
20790.4 -25
20801.7 -24.9
20812.9 -24.8
20824.1 -24.7
20835.3 -24.6
20846.4 -24.5
20857.5 -24.4
20868.6 -24.3
20879.6 -24.2
20890.5 -24.1
20901.5 -24
20912.4 -23.9
20923.3 -23.8
20934.1 -23.7
20944.9 -23.6
20955.7 -23.5
20966.4 -23.4
20977.1 -23.3
20987.8 -23.2
20998.4 -23.1
21009 -23
21019.6 -22.9
21030.1 -22.8
21040.7 -22.7
21051.1 -22.6
21061.6 -22.5
21072 -22.4
21082.4 -22.3
21092.8 -22.2
21103.1 -22.1
21113.4 -22
21123.7 -21.9
21133.9 -21.8
21144.1 -21.7
21154.3 -21.6
21164.5 -21.5
21174.6 -21.4
21184.7 -21.3
21194.8 -21.2
21204.8 -21.1
21214.8 -21
21224.8 -20.9
21234.8 -20.8
21244.7 -20.7
21254.6 -20.6
21264.5 -20.5
21274.4 -20.4
21284.2 -20.3
21294.1 -20.2
21303.8 -20.1
21313.6 -20
21323.3 -19.9
21333.1 -19.8
21342.7 -19.7
21352.4 -19.6
21362 -19.5
21371.7 -19.4
21381.3 -19.3
21390.8 -19.2
21400.4 -19.1
21409.9 -19
21419.4 -18.9
21428.9 -18.8
21438.3 -18.7
21447.8 -18.6
21457.2 -18.5
21466.6 -18.4
21475.9 -18.3
21485.3 -18.2
21494.6 -18.1
21503.9 -18
21513.2 -17.9
21522.4 -17.8
21531.7 -17.7
21540.9 -17.6
21550.1 -17.5
21559.3 -17.4
21568.4 -17.3
21577.6 -17.2
21586.7 -17.1
21595.8 -17
21604.8 -16.9
21613.9 -16.8
21622.9 -16.7
21631.9 -16.6
21640.9 -16.5
21649.9 -16.4
21658.9 -16.3
21667.8 -16.2
21676.7 -16.1
21685.6 -16
21694.5 -15.9
21703.4 -15.8
21712.2 -15.7
21721 -15.6
21729.9 -15.5
21738.6 -15.4
21747.4 -15.3
21756.2 -15.2
21764.9 -15.1
21773.6 -15
21782.3 -14.9
21791 -14.8
21799.7 -14.7
21808.3 -14.6
21817 -14.5
21825.6 -14.4
21834.2 -14.3
21842.7 -14.2
21851.3 -14.1
21859.9 -14
21868.4 -13.9
21876.9 -13.8
21885.4 -13.7
21893.9 -13.6
21902.3 -13.5
21910.8 -13.4
21919.2 -13.3
21927.6 -13.2
21936 -13.1
21944.4 -13
21952.8 -12.9
21961.1 -12.8
21969.5 -12.7
21977.8 -12.6
21986.1 -12.5
21994.4 -12.4
22002.7 -12.3
22010.9 -12.2
22019.2 -12.1
22027.4 -12
22035.6 -11.9
22043.8 -11.8
22052 -11.7
22060.2 -11.6
22068.3 -11.5
22076.5 -11.4
22084.6 -11.3
22092.7 -11.2
22100.8 -11.1
22108.9 -11
22116.9 -10.9
22125 -10.8
22133 -10.7
22141.1 -10.6
22149.1 -10.5
22157.1 -10.4
22165 -10.3
22173 -10.2
22181 -10.1
22188.9 -10
22196.8 -9.9
22204.8 -9.8
22212.7 -9.7
22220.5 -9.6
22228.4 -9.5
22236.3 -9.4
22244.1 -9.3
22252 -9.2
22259.8 -9.1
22267.6 -9
22275.4 -8.9
22283.2 -8.8
22290.9 -8.7
22298.7 -8.6
22306.4 -8.5
22314.1 -8.4
22321.9 -8.3
22329.6 -8.2
22337.2 -8.1
22344.9 -8
22352.6 -7.9
22360.2 -7.8
22367.9 -7.7
22375.5 -7.6
22383.1 -7.5
22390.7 -7.4
22398.3 -7.3
22405.9 -7.2
22413.5 -7.1
22421 -7
22428.5 -6.9
22436.1 -6.8
22443.6 -6.7
22451.1 -6.6
22458.6 -6.5
22466.1 -6.4
22473.5 -6.3
22481 -6.2
22488.4 -6.1
22495.9 -6
22503.3 -5.9
22510.7 -5.8
22518.1 -5.7
22525.5 -5.6
22532.9 -5.5
22540.2 -5.4
22547.6 -5.3
22554.9 -5.2
22562.2 -5.1
22569.5 -5
22576.9 -4.9
22584.1 -4.8
22591.4 -4.7
22598.7 -4.6
22606 -4.5
22613.2 -4.4
22620.4 -4.3
22627.7 -4.2
22634.9 -4.1
22642.1 -4
22649.3 -3.9
22656.5 -3.8
22663.6 -3.7
22670.8 -3.6
22677.9 -3.5
22685.1 -3.4
22692.2 -3.3
22699.3 -3.2
22706.4 -3.1
22713.5 -3
22720.6 -2.9
22727.7 -2.8
22734.7 -2.7
22741.8 -2.6
22748.8 -2.5
22755.9 -2.4
22762.9 -2.3
22769.9 -2.2
22776.9 -2.1
22783.9 -2
22790.9 -1.9
22797.8 -1.8
22804.8 -1.7
22811.7 -1.6
22818.7 -1.5
22825.6 -1.4
22832.5 -1.3
22839.4 -1.2
22846.3 -1.1
22853.2 -1
22860.1 -0.9
22866.9 -0.8
22873.8 -0.7
22880.6 -0.6
22887.5 -0.5
22894.3 -0.4
22901.1 -0.3
22907.9 -0.2
22914.7 -0.1
22921.5 -2.76723e-14
22928.3 0.1
22935 0.2
22941.8 0.3
22948.5 0.4
22955.3 0.5
22962 0.6
22968.7 0.7
22975.4 0.8
22982.1 0.9
22988.8 1
22995.5 1.1
23002.1 1.2
23008.8 1.3
23015.5 1.4
23022.1 1.5
23028.7 1.6
23035.3 1.7
23041.9 1.8
23048.5 1.9
23055.1 2
23061.7 2.1
23068.3 2.2
23074.9 2.3
23081.4 2.4
23088 2.5
23094.5 2.6
23101 2.7
23107.5 2.8
23114 2.9
23120.5 3
23127 3.1
23133.5 3.2
23140 3.3
23146.4 3.4
23152.9 3.5
23159.3 3.6
23165.8 3.7
23172.2 3.8
23178.6 3.9
23185 4
23191.4 4.1
23197.8 4.2
23204.2 4.3
23210.5 4.4
23216.9 4.5
23223.3 4.6
23229.6 4.7
23235.9 4.8
23242.3 4.9
23248.6 5
23254.9 5.1
23261.2 5.2
23267.5 5.3
23273.7 5.4
23280 5.5
23286.3 5.6
23292.5 5.7
23298.8 5.8
23305 5.9
23311.3 6
23317.5 6.1
23323.7 6.2
23329.9 6.3
23336.1 6.4
23342.3 6.5
23348.4 6.6
23354.6 6.7
23360.8 6.8
23366.9 6.9
23373.1 7
23379.2 7.1
23385.3 7.2
23391.5 7.3
23397.6 7.4
23403.7 7.5
23409.8 7.6
23415.8 7.7
23421.9 7.8
23428 7.9
23434 8
23440.1 8.1
23446.1 8.2
23452.2 8.3
23458.2 8.4
23464.2 8.5
23470.2 8.6
23476.2 8.7
23482.2 8.8
23488.2 8.9
23494.2 9
23500.1 9.1
23506.1 9.2
23512.1 9.3
23518 9.4
23523.9 9.5
23529.9 9.6
23535.8 9.7
23541.7 9.8
23547.6 9.9
23553.5 10
23559.4 10.1
23565.3 10.2
23571.1 10.3
23577 10.4
23582.9 10.5
23588.7 10.6
23594.6 10.7
23600.4 10.8
23606.2 10.9
23612 11
23617.8 11.1
23623.6 11.2
23629.4 11.3
23635.2 11.4
23641 11.5
23646.8 11.6
23652.5 11.7
23658.3 11.8
23664 11.9
23669.8 12
23675.5 12.1
23681.2 12.2
23686.9 12.3
23692.7 12.4
23698.4 12.5
23704 12.6
23709.7 12.7
23715.4 12.8
23721.1 12.9
23726.7 13
23732.4 13.1
23738.1 13.2
23743.7 13.3
23749.3 13.4
23755 13.5
23760.6 13.6
23766.2 13.7
23771.8 13.8
23777.4 13.9
23783 14
23788.5 14.1
23794.1 14.2
23799.7 14.3
23805.2 14.4
23810.8 14.5
23816.3 14.6
23821.9 14.7
23827.4 14.8
23832.9 14.9
23838.5 15
23844 15.1
23849.5 15.2
23855 15.3
23860.4 15.4
23865.9 15.5
23871.4 15.6
23876.9 15.7
23882.3 15.8
23887.8 15.9
23893.2 16
23898.7 16.1
23904.1 16.2
23909.5 16.3
23914.9 16.4
23920.3 16.5
23925.7 16.6
23931.1 16.7
23936.5 16.8
23941.9 16.9
23947.3 17
23952.6 17.1
23958 17.2
23963.3 17.3
23968.7 17.4
23974 17.5
23979.4 17.6
23984.7 17.7
23990 17.8
23995.3 17.9
24000.6 18
24005.9 18.1
24011.2 18.2
24016.5 18.3
24021.8 18.4
24027 18.5
24032.3 18.6
24037.6 18.7
24042.8 18.8
24048.1 18.9
24053.3 19
24058.5 19.1
24063.8 19.2
24069 19.3
24074.2 19.4
24079.4 19.5
24084.6 19.6
24089.8 19.7
24095 19.8
24100.1 19.9
24105.3 20
24110.5 20.1
24115.6 20.2
24120.8 20.3
24125.9 20.4
24131.1 20.5
24136.2 20.6
24141.3 20.7
24146.4 20.8
24151.5 20.9
24156.7 21
24161.8 21.1
24166.8 21.2
24171.9 21.3
24177 21.4
24182.1 21.5
24187.2 21.6
24192.2 21.7
24197.3 21.8
24202.3 21.9
24207.4 22
24212.4 22.1
24217.4 22.2
24222.5 22.3
24227.5 22.4
24232.5 22.5
24237.5 22.6
24242.5 22.7
24247.5 22.8
24252.5 22.9
24257.4 23
24262.4 23.1
24267.4 23.2
24272.4 23.3
24277.3 23.4
24282.3 23.5
24287.2 23.6
24292.1 23.7
24297.1 23.8
24302 23.9
24306.9 24
24311.8 24.1
24316.7 24.2
24321.6 24.3
24326.5 24.4
24331.4 24.5
24336.3 24.6
24341.2 24.7
24346.1 24.8
24350.9 24.9
24355.8 25
24360.6 25.1
24365.5 25.2
24370.3 25.3
24375.2 25.4
24380 25.5
24384.8 25.6
24389.6 25.7
24394.4 25.8
24399.3 25.9
24404.1 26
24408.9 26.1
24413.6 26.2
24418.4 26.3
24423.2 26.4
24428 26.5
24432.7 26.6
24437.5 26.7
24442.3 26.8
24447 26.9
24451.8 27
24456.5 27.1
24461.2 27.2
24466 27.3
24470.7 27.4
24475.4 27.5
24480.1 27.6
24484.8 27.7
24489.5 27.8
24494.2 27.9
24498.9 28
24503.6 28.1
24508.3 28.2
24512.9 28.3
24517.6 28.4
24522.3 28.5
24526.9 28.6
24531.6 28.7
24536.2 28.8
24540.8 28.9
24545.5 29
24550.1 29.1
24554.7 29.2
24559.3 29.3
24564 29.4
24568.6 29.5
24573.2 29.6
24577.8 29.7
24582.4 29.8
24586.9 29.9
24591.5 30
24596.1 30.1
24600.7 30.2
24605.2 30.3
24609.8 30.4
24614.3 30.5
24618.9 30.6
24623.4 30.7
24628 30.8
24632.5 30.9
24637 31
24641.6 31.1
24646.1 31.2
24650.6 31.3
24655.1 31.4
24659.6 31.5
24664.1 31.6
24668.6 31.7
24673.1 31.8
24677.6 31.9
24682 32
24686.5 32.1
24691 32.2
24695.4 32.3
24699.9 32.4
24704.3 32.5
24708.8 32.6
24713.2 32.7
24717.7 32.8
24722.1 32.9
24726.5 33
24731 33.1
24735.4 33.2
24739.8 33.3
24744.2 33.4
24748.6 33.5
24753 33.6
24757.4 33.7
24761.8 33.8
24766.2 33.9
24770.5 34
24774.9 34.1
24779.3 34.2
24783.6 34.3
24788 34.4
24792.3 34.5
24796.7 34.6
24801 34.7
24805.4 34.8
24809.7 34.9
24814 35
24818.4 35.1
24822.7 35.2
24827 35.3
24832.5 35.4
24839.3 35.5
24846.1 35.6
24852.9 35.7
24859.7 35.8
24866.5 35.9
24873.3 36
24880.1 36.1
24886.9 36.2
24893.7 36.3
24900.5 36.4
24907.3 36.5
24914.1 36.6
24920.9 36.7
24927.7 36.8
24934.4 36.9
24941.2 37
24948 37.1
24954.8 37.2
24961.6 37.3
24968.3 37.4
24975.1 37.5
24981.9 37.6
24988.6 37.7
24995.4 37.8
25002.2 37.9
25008.9 38
25015.7 38.1
25022.5 38.2
25029.2 38.3
25036 38.4
25042.7 38.5
25049.5 38.6
25056.2 38.7
25063 38.8
25069.7 38.9
25076.5 39
25083.2 39.1
25090 39.2
25096.7 39.3
25103.5 39.4
25110.2 39.5
25116.9 39.6
25123.7 39.7
25130.4 39.8
25137.1 39.9
25143.9 40
25150.6 40.1
25157.3 40.2
25164 40.3
25170.8 40.4
25177.5 40.5
25184.2 40.6
25190.9 40.7
25197.6 40.8
25204.4 40.9
25211.1 41
25217.8 41.1
25224.5 41.2
25231.2 41.3
25237.9 41.4
25244.6 41.5
25251.3 41.6
25258 41.7
25264.7 41.8
25271.4 41.9
25278.1 42
25284.8 42.1
25291.5 42.2
25298.2 42.3
25304.9 42.4
25311.6 42.5
25318.3 42.6
25324.9 42.7
25331.6 42.8
25338.3 42.9
25345 43
25351.7 43.1
25358.4 43.2
25365 43.3
25371.7 43.4
25378.4 43.5
25385 43.6
25391.7 43.7
25398.4 43.8
25405.1 43.9
25411.7 44
25418.4 44.1
25425.1 44.2
25431.7 44.3
25438.4 44.4
25445 44.5
25451.7 44.6
25458.3 44.7
25465 44.8
25471.6 44.9
25478.3 45
25484.9 45.1
25491.6 45.2
25498.2 45.3
25504.9 45.4
25511.5 45.5
25518.2 45.6
25524.8 45.7
25531.5 45.8
25538.1 45.9
25544.7 46
25551.4 46.1
25558 46.2
25564.6 46.3
25571.3 46.4
25577.9 46.5
25584.5 46.6
25591.1 46.7
25597.8 46.8
25604.4 46.9
25611 47
25617.6 47.1
25624.3 47.2
25630.9 47.3
25637.5 47.4
25644.1 47.5
25650.7 47.6
25657.3 47.7
25664 47.8
25670.6 47.9
25677.2 48
25683.8 48.1
25690.4 48.2
25697 48.3
25703.6 48.4
25710.2 48.5
25716.8 48.6
25723.4 48.7
25730 48.8
25736.6 48.9
25743.2 49
25749.8 49.1
25756.4 49.2
25763 49.3
25769.6 49.4
25776.2 49.5
25782.7 49.6
25789.3 49.7
25795.9 49.8
25802.5 49.9
25809.1 50
25815.7 50.1
25822.2 50.2
25828.8 50.3
25835.4 50.4
25842 50.5
25848.6 50.6
25855.1 50.7
25861.7 50.8
25868.3 50.9
25874.8 51
25881.4 51.1
25888 51.2
25894.5 51.3
25901.1 51.4
25907.7 51.5
25914.2 51.6
25920.8 51.7
25927.4 51.8
25933.9 51.9
25940.5 52
25947 52.1
25953.6 52.2
25960.1 52.3
25966.7 52.4
25973.3 52.5
25979.8 52.6
25986.4 52.7
25992.9 52.8
25999.4 52.9
26006 53
26012.5 53.1
26019.1 53.2
26025.6 53.3
26032.2 53.4
26038.7 53.5
26045.2 53.6
26051.8 53.7
26058.3 53.8
26064.9 53.9
26071.4 54
26077.9 54.1
26084.5 54.2
26091 54.3
26097.5 54.4
26104.1 54.5
26110.6 54.6
26117.1 54.7
26123.6 54.8
26130.2 54.9
26136.7 55
26143.2 55.1
26149.7 55.2
26156.2 55.3
26162.8 55.4
26169.3 55.5
26175.8 55.6
26182.3 55.7
26188.8 55.8
26195.3 55.9
26201.9 56
26208.4 56.1
26214.9 56.2
26221.4 56.3
26227.9 56.4
26234.4 56.5
26240.9 56.6
26247.4 56.7
26253.9 56.8
26260.4 56.9
26266.9 57
26273.4 57.1
26279.9 57.2
26286.4 57.3
26292.9 57.4
26299.4 57.5
26305.9 57.6
26312.4 57.7
26318.9 57.8
26325.4 57.9
26331.9 58
26338.4 58.1
26344.9 58.2
26351.4 58.3
26357.8 58.4
26364.3 58.5
26370.8 58.6
26377.3 58.7
26383.8 58.8
26390.3 58.9
26396.7 59
26403.2 59.1
26409.7 59.2
26416.2 59.3
26422.7 59.4
26429.1 59.5
26435.6 59.6
26442.1 59.7
26448.6 59.8
26455 59.9
26461.5 60
26468 60.1
26474.4 60.2
26480.9 60.3
26487.4 60.4
26493.9 60.5
26500.3 60.6
26506.8 60.7
26513.2 60.8
26519.7 60.9
26526.2 61
26532.6 61.1
26539.1 61.2
26545.6 61.3
26552 61.4
26558.5 61.5
26564.9 61.6
26571.4 61.7
26577.8 61.8
26584.3 61.9
26590.7 62
26597.2 62.1
26603.6 62.2
26610.1 62.3
26616.5 62.4
26623 62.5
26629.4 62.6
26635.9 62.7
26642.3 62.8
26648.8 62.9
26655.2 63
26661.7 63.1
26668.1 63.2
26674.5 63.3
26681 63.4
26687.4 63.5
26693.9 63.6
26700.3 63.7
26706.7 63.8
26713.2 63.9
26719.6 64
26726 64.1
26732.5 64.2
26738.9 64.3
26745.3 64.4
26751.8 64.5
26758.2 64.6
26764.6 64.7
26771 64.8
26777.5 64.9
26783.9 65
26790.3 65.1
26796.7 65.2
26803.2 65.3
26809.6 65.4
26816 65.5
26822.4 65.6
26828.8 65.7
26835.3 65.8
26841.7 65.9
26848.1 66
26854.5 66.1
26860.9 66.2
26867.3 66.3
26873.8 66.4
26880.2 66.5
26886.6 66.6
26893 66.7
26899.4 66.8
26905.8 66.9
26912.2 67
26918.6 67.1
26925 67.2
26931.5 67.3
26937.9 67.4
26944.3 67.5
26950.7 67.6
26957.1 67.7
26963.5 67.8
26969.9 67.9
26976.3 68
26982.7 68.1
26989.1 68.2
26995.5 68.3
27001.9 68.4
27008.3 68.5
27014.7 68.6
27021.1 68.7
27027.4 68.8
27033.8 68.9
27040.2 69
27046.6 69.1
27053 69.2
27059.4 69.3
27065.8 69.4
27072.2 69.5
27078.6 69.6
27085 69.7
27091.3 69.8
27097.7 69.9
27104.1 70
27110.5 70.1
27116.9 70.2
27123.3 70.3
27129.7 70.4
27136 70.5
27142.4 70.6
27148.8 70.7
27155.2 70.8
27161.6 70.9
27167.9 71
27174.3 71.1
27180.7 71.2
27187.1 71.3
27193.4 71.4
27199.8 71.5
27206.2 71.6
27212.5 71.7
27218.9 71.8
27225.3 71.9
27231.7 72
27238 72.1
27244.4 72.2
27250.8 72.3
27257.1 72.4
27263.5 72.5
27269.9 72.6
27276.2 72.7
27282.6 72.8
27289 72.9
27295.3 73
27301.7 73.1
27308 73.2
27314.4 73.3
27320.8 73.4
27327.1 73.5
27333.5 73.6
27339.8 73.7
27346.2 73.8
27352.6 73.9
27358.9 74
27024.5 73.9
26690.2 73.8
26356.2 73.7
26022.5 73.6
25689.1 73.5
25356.1 73.4
25023.6 73.3
24691.6 73.2
24360.2 73.1
24029.4 73
23699.2 72.9
23369.7 72.8
23040.9 72.7
22712.8 72.6
22385.6 72.5
22059.2 72.4
21733.6 72.3
21408.9 72.2
21085.2 72.1
20762.4 72
20440.5 71.9
20119.7 71.8
19800 71.7
19481.3 71.6
19163.7 71.5
18847.3 71.4
18532 71.3
18217.8 71.2
17904.9 71.1
17593.3 71
17282.8 70.9
16973.7 70.8
16665.9 70.7
16359.4 70.6
16054.2 70.5
15750.4 70.4
15448 70.3
15147.1 70.2
14847.5 70.1
14549.4 70
14252.8 69.9
13957.7 69.8
13664.1 69.7
13372.1 69.6
13081.6 69.5
12792.6 69.4
12505.3 69.3
12219.5 69.2
11935.4 69.1
11652.9 69
11372.1 68.9
11092.9 68.8
10815.4 68.7
10539.6 68.6
10265.6 68.5
9993.2 68.4
9722.57 68.3
9453.69 68.2
9192.86 68.1
8941.28 68
8691.3 67.9
8442.92 67.8
8196.17 67.7
7951.03 67.6
7707.53 67.5
7465.67 67.4
7225.46 67.3
6986.9 67.2
6761.55 67.1
6545.22 67
6330.33 66.9
6116.85 66.8
5904.81 66.7
5694.21 66.6
5485.05 66.5
5277.33 66.4
5071.06 66.3
4866.25 66.2
4662.9 66.1
4461.01 66
4260.58 65.9
4061.62 65.8
3864.14 65.7
3668.12 65.6
3473.58 65.5
3280.51 65.4
3088.93 65.3
2898.82 65.2
2710.19 65.1
2523.05 65
2337.39 64.9
2153.21 64.8
1970.51 64.7
1789.29 64.6
1609.56 64.5
1431.31 64.4
1254.53 64.3
1079.37 64.2
906.535 64.1
735.534 64
566.807 63.9
400.408 63.8
236.141 63.7
74.6332 63.6
-85.3283 63.5
-251.571 63.4
-418.233 63.3
-584.984 63.2
-750.093 63.1
-914.085 63
-1076.77 62.9
-1237.82 62.8
-1397.54 62.7
-1556.25 62.6
-1713.32 62.5
-1868.77 62.4
-2023.46 62.3
-2176.58 62.2
-2328.07 62.1
-2477.95 62
-2626.22 61.9
-2773.68 61.8
-2919.75 61.7
-3064.21 61.6
-3207.07 61.5
-3348.34 61.4
-3488.04 61.3
-3626.17 61.2
-3762.75 61.1
-3897.78 61
-4031.29 60.9
-4163.28 60.8
-4293.75 60.7
-4422.74 60.6
-4550.24 60.5
-4676.26 60.4
-4800.83 60.3
-4923.95 60.2
-5045.64 60.1
-5165.9 60
-5284.75 59.9
-5402.21 59.8
-5518.28 59.7
-5632.97 59.6
-5746.31 59.5
-5858.29 59.4
-5968.94 59.3
-6078.27 59.2
-6186.29 59.1
-6293.01 59
-6398.45 58.9
-6502.61 58.8
-6605.51 58.7
-6707.17 58.6
-6807.59 58.5
-6906.8 58.4
-7004.79 58.3
-7101.59 58.2
-7197.2 58.1
-7291.65 58
-7384.94 57.9
-7477.08 57.8
-7568.09 57.7
-7657.98 57.6
-7746.76 57.5
-7834.45 57.4
-7921.06 57.3
-8006.59 57.2
-8091.06 57.1
-8174.49 57
-8256.89 56.9
-8338.27 56.8
-8418.65 56.7
-8498.02 56.6
-8576.42 56.5
-8653.84 56.4
-8730.31 56.3
-8805.83 56.2
-8880.42 56.1
-8954.09 56
-9026.84 55.9
-9098.7 55.8
-9169.67 55.7
-9239.76 55.6
-9308.99 55.5
-9377.37 55.4
-9444.91 55.3
-9511.62 55.2
-9577.51 55.1
-9642.6 55
-9706.89 54.9
-9770.39 54.8
-9833.12 54.7
-9895.09 54.6
-9956.31 54.5
-10016.8 54.4
-10076.5 54.3
-10135.6 54.2
-10193.9 54.1
-10251.5 54
-10308.4 53.9
-10364.7 53.8
-10420.2 53.7
-10475.2 53.6
-10529.4 53.5
-10583.1 53.4
-10636.1 53.3
-10688.5 53.2
-10740.2 53.1
-10791.4 53
-10842 52.9
-10892 52.8
-10941.4 52.7
-10990.2 52.6
-11038.5 52.5
-11086.3 52.4
-11133.5 52.3
-11180.2 52.2
-11226.3 52.1
-11272 52
-11317.1 51.9
-11361.8 51.8
-11405.9 51.7
-11449.6 51.6
-11492.8 51.5
-11535.5 51.4
-11577.8 51.3
-11619.6 51.2
-11660.9 51.1
-11701.9 51
-11742.4 50.9
-11782.5 50.8
-11822.1 50.7
-11861.4 50.6
-11900.2 50.5
-11938.7 50.4
-11976.7 50.3
-12014.4 50.2
-12051.7 50.1
-12088.6 50
-12125.2 49.9
-12161.4 49.8
-12197.2 49.7
-12232.7 49.6
-12267.9 49.5
-12302.7 49.4
-12337.2 49.3
-12371.4 49.2
-12405.2 49.1
-12438.7 49
-12472 48.9
-12504.9 48.8
-12537.5 48.7
-12569.8 48.6
-12601.8 48.5
-12633.6 48.4
-12665 48.3
-12696.2 48.2
-12727.1 48.1
-12757.8 48
-12788.2 47.9
-12818.3 47.8
-12848.1 47.7
-12877.8 47.6
-12907.1 47.5
-12936.3 47.4
-12965.1 47.3
-12993.8 47.2
-13022.2 47.1
-13050.4 47
-13078.4 46.9
-13106.1 46.8
-13133.6 46.7
-13160.9 46.6
-13188 46.5
-13214.9 46.4
-13241.6 46.3
-13268.1 46.2
-13294.4 46.1
-13320.5 46
-13346.4 45.9
-13372.1 45.8
-13397.6 45.7
-13423 45.6
-13448.1 45.5
-13473.1 45.4
-13497.9 45.3
-13522.6 45.2
-13547 45.1
-13571.3 45
-13595.5 44.9
-13619.4 44.8
-13643.3 44.7
-13666.9 44.6
-13690.4 44.5
-13713.7 44.4
-13736.9 44.3
-13760 44.2
-13782.9 44.1
-13805.6 44
-13828.2 43.9
-13850.7 43.8
-13873 43.7
-13895.2 43.6
-13917.3 43.5
-13939.2 43.4
-13961 43.3
-13982.6 43.2
-14004.2 43.1
-14025.6 43
-14046.9 42.9
-14068 42.8
-14089.1 42.7
-14110 42.6
-14130.8 42.5
-14151.5 42.4
-14172 42.3
-14192.5 42.2
-14212.9 42.1
-14233.1 42
-14253.2 41.9
-14273.2 41.8
-14293.2 41.7
-14313 41.6
-14332.7 41.5
-14352.3 41.4
-14371.8 41.3
-14391.2 41.2
-14410.5 41.1
-14429.7 41
-14448.8 40.9
-14467.9 40.8
-14486.8 40.7
-14505.6 40.6
-14524.4 40.5
-14543 40.4
-14561.6 40.3
-14580.1 40.2
-14598.5 40.1
-14616.8 40
-14635 39.9
-14653.1 39.8
-14671.2 39.7
-14689.1 39.6
-14707 39.5
-14724.9 39.4
-14742.6 39.3
-14760.2 39.2
-14777.8 39.1
-14795.3 39
-14812.8 38.9
-14830.1 38.8
-14847.4 38.7
-14864.6 38.6
-14881.7 38.5
-14898.8 38.4
-14915.8 38.3
-14932.7 38.2
-14949.6 38.1
-14966.3 38
-14983.1 37.9
-14999.7 37.8
-15016.3 37.7
-15032.8 37.6
-15049.3 37.5
-15065.7 37.4
-15082 37.3
-15098.3 37.2
-15114.5 37.1
-15130.6 37
-15146.7 36.9
-15162.7 36.8
-15178.7 36.7
-15194.6 36.6
-15210.4 36.5
-15226.2 36.4
-15241.9 36.3
-15257.6 36.2
-15273.2 36.1
-15288.8 36
-15304.3 35.9
-15319.7 35.8
-15335.1 35.7
-15350.5 35.6
-15365.8 35.5
-15381 35.4
-15396.2 35.3
-15411.3 35.2
-15426.4 35.1
-15441.5 35
-15456.5 34.9
-15471.4 34.8
-15486.3 34.7
-15501.1 34.6
-15515.9 34.5
-15530.7 34.4
-15545.4 34.3
-15560 34.2
-15574.6 34.1
-15589.2 34
-15603.7 33.9
-15618.2 33.8
-15632.6 33.7
-15647 33.6
-15661.3 33.5
-15675.6 33.4
-15689.8 33.3
-15704 33.2
-15718.2 33.1
-15732.3 33
-15746.4 32.9
-15760.4 32.8
-15774.4 32.7
-15788.4 32.6
-15802.3 32.5
-15816.2 32.4
-15830 32.3
-15843.8 32.2
-15857.6 32.1
-15871.3 32
-15885 31.9
-15898.6 31.8
-15912.2 31.7
-15925.8 31.6
-15939.3 31.5
-15952.8 31.4
-15966.3 31.3
-15979.7 31.2
-15993.1 31.1
-16006.5 31
-16019.8 30.9
-16033.1 30.8
-16046.3 30.7
-16059.5 30.6
-16072.7 30.5
-16085.9 30.4
-16099 30.3
-16112 30.2
-16125.1 30.1
-16138.1 30
-16151.1 29.9
-16164 29.8
-16176.9 29.7
-16189.8 29.6
-16202.7 29.5
-16215.5 29.4
-16228.3 29.3
-16241 29.2
-16253.8 29.1
-16266.5 29
-16279.1 28.9
-16291.8 28.8
-16304.4 28.7
-16317 28.6
-16329.5 28.5
-16342 28.4
-16354.5 28.3
-16367 28.2
-16379.4 28.1
-16391.8 28
-16404.2 27.9
-16416.5 27.8
-16428.9 27.7
-16441.1 27.6
-16453.4 27.5
-16465.7 27.4
-16477.9 27.3
-16490 27.2
-16502.2 27.1
-16514.3 27
-16526.4 26.9
-16538.5 26.8
-16550.6 26.7
-16562.6 26.6
-16574.6 26.5
-16586.6 26.4
-16598.5 26.3
-16610.4 26.2
-16622.3 26.1
-16634.2 26
-16646.1 25.9
-16657.9 25.8
-16669.7 25.7
-16681.5 25.6
-16693.2 25.5
-16705 25.4
-16716.7 25.3
-16728.4 25.2
-16740 25.1
-16751.6 25
-16763.3 24.9
-16774.9 24.8
-16786.4 24.7
-16798 24.6
-16809.5 24.5
-16821 24.4
-16832.5 24.3
-16843.9 24.2
-16855.4 24.1
-16866.8 24
-16878.2 23.9
-16889.5 23.8
-16900.9 23.7
-16912.2 23.6
-16923.5 23.5
-16934.8 23.4
-16946 23.3
-16957.3 23.2
-16968.5 23.1
-16979.7 23
-16990.9 22.9
-17002 22.8
-17013.2 22.7
-17024.3 22.6
-17035.4 22.5
-17046.5 22.4
-17057.5 22.3
-17068.6 22.2
-17079.6 22.1
-17090.6 22
-17101.6 21.9
-17112.5 21.8
-17123.5 21.7
-17134.4 21.6
-17145.3 21.5
-17156.2 21.4
-17167.1 21.3
-17177.9 21.2
-17188.8 21.1
-17199.6 21
-17210.4 20.9
-17221.1 20.8
-17231.9 20.7
-17242.6 20.6
-17253.4 20.5
-17264.1 20.4
-17274.7 20.3
-17285.4 20.2
-17296.1 20.1
-17306.7 20
-17317.3 19.9
-17327.9 19.8
-17338.5 19.7
-17349.1 19.6
-17359.6 19.5
-17370.1 19.4
-17380.6 19.3
-17391.1 19.2
-17401.6 19.1
-17412.1 19
-17422.5 18.9
-17433 18.8
-17443.4 18.7
-17453.8 18.6
-17464.2 18.5
-17474.5 18.4
-17484.9 18.3
-17495.2 18.2
-17505.5 18.1
-17515.8 18
-17526.1 17.9
-17536.4 17.8
-17546.6 17.7
-17556.9 17.6
-17567.1 17.5
-17577.3 17.4
-17587.5 17.3
-17597.7 17.2
-17607.8 17.1
-17618 17
-17628.1 16.9
-17638.2 16.8
-17648.4 16.7
-17658.4 16.6
-17668.5 16.5
-17678.6 16.4
-17688.6 16.3
-17698.6 16.2
-17708.7 16.1
-17718.7 16
-17728.6 15.9
-17738.6 15.8
-17748.6 15.7
-17758.5 15.6
-17768.5 15.5
-17778.4 15.4
-17788.3 15.3
-17798.2 15.2
-17808 15.1
-17817.9 15
-17827.7 14.9
-17837.6 14.8
-17847.4 14.7
-17857.2 14.6
-17867 14.5
-17876.8 14.4
-17886.5 14.3
-17896.3 14.2
-17906 14.1
-17915.7 14
-17925.5 13.9
-17935.1 13.8
-17944.8 13.7
-17954.5 13.6
-17964.2 13.5
-17973.8 13.4
-17983.4 13.3
-17993.1 13.2
-18002.7 13.1
-18012.3 13
-18021.9 12.9
-18031.4 12.8
-18041 12.7
-18050.5 12.6
-18060.1 12.5
-18069.6 12.4
-18079.1 12.3
-18088.6 12.2
-18098.1 12.1
-18107.5 12
-18117 11.9
-18126.4 11.8
-18135.9 11.7
-18145.3 11.6
-18154.7 11.5
-18164.1 11.4
-18173.5 11.3
-18182.8 11.2
-18192.2 11.1
-18201.6 11
-18210.9 10.9
-18220.2 10.8
-18229.5 10.7
-18238.8 10.6
-18248.1 10.5
-18257.4 10.4
-18266.7 10.3
-18275.9 10.2
-18285.2 10.1
-18294.4 10
-18303.6 9.9
-18312.8 9.8
-18322 9.7
-18331.2 9.6
-18340.4 9.5
-18349.6 9.4
-18358.7 9.3
-18367.9 9.2
-18377 9.1
-18386.1 9
-18395.2 8.9
-18404.3 8.8
-18413.4 8.7
-18422.5 8.6
-18431.6 8.5
-18440.6 8.4
-18449.7 8.3
-18458.7 8.2
-18467.7 8.1
-18476.7 8
-18485.7 7.9
-18494.7 7.8
-18503.7 7.7
-18512.7 7.6
-18521.6 7.5
-18530.6 7.4
-18539.5 7.3
-18548.4 7.2
-18557.3 7.1
-18566.3 7
-18575.1 6.9
-18584 6.8
-18592.9 6.7
-18601.8 6.6
-18610.6 6.5
-18619.5 6.4
-18628.3 6.3
-18637.1 6.2
-18645.9 6.1
-18654.7 6
-18663.5 5.9
-18672.3 5.8
-18681.1 5.7
-18689.9 5.6
-18698.6 5.5
-18707.3 5.4
-18716.1 5.3
-18724.8 5.2
-18733.5 5.1
-18742.2 5
-18750.9 4.9
-18759.6 4.8
-18768.3 4.7
-18776.9 4.6
-18785.6 4.5
-18794.2 4.4
-18802.9 4.3
-18811.5 4.2
-18820.1 4.1
-18828.7 4
-18837.3 3.9
-18845.9 3.8
-18854.5 3.7
-18863 3.6
-18871.6 3.5
-18880.1 3.4
-18888.7 3.3
-18897.2 3.2
-18905.7 3.1
-18914.2 3
-18922.7 2.9
-18931.2 2.8
-18939.7 2.7
-18948.2 2.6
-18956.6 2.5
-18965.1 2.4
-18973.5 2.3
-18982 2.2
-18990.4 2.1
-18998.8 2
-19007.2 1.9
-19015.6 1.8
-19024 1.7
-19032.4 1.6
-19040.8 1.5
-19049.1 1.4
-19057.5 1.3
-19065.8 1.2
-19074.2 1.1
-19082.5 1
-19090.8 0.9
-19099.1 0.8
-19107.4 0.7
-19115.7 0.6
-19124 0.5
-19132.3 0.4
-19140.5 0.3
-19148.8 0.2
-19157 0.1
-19165.3 -2.96013e-14
-19173.5 -0.1
-19181.7 -0.2
-19189.9 -0.3
-19198.1 -0.4
-19206.3 -0.5
-19214.5 -0.6
-19222.7 -0.7
-19230.8 -0.8
-19239 -0.9
-19247.2 -1
-19255.3 -1.1
-19263.4 -1.2
-19271.6 -1.3
-19279.7 -1.4
-19287.8 -1.5
-19295.9 -1.6
-19304 -1.7
-19312 -1.8
-19320.1 -1.9
-19328.2 -2
-19336.2 -2.1
-19344.3 -2.2
-19352.3 -2.3
-19360.4 -2.4
-19368.4 -2.5
-19376.4 -2.6
-19384.4 -2.7
-19392.4 -2.8
-19400.4 -2.9
-19408.4 -3
-19416.3 -3.1
-19424.3 -3.2
-19432.3 -3.3
-19440.2 -3.4
-19448.1 -3.5
-19456.1 -3.6
-19464 -3.7
-19471.9 -3.8
-19479.8 -3.9
-19487.7 -4
-19495.6 -4.1
-19503.5 -4.2
-19511.4 -4.3
-19519.2 -4.4
-19527.1 -4.5
-19534.9 -4.6
-19542.8 -4.7
-19550.6 -4.8
-19558.4 -4.9
-19566.2 -5
-19574 -5.1
-19581.9 -5.2
-19589.6 -5.3
-19597.4 -5.4
-19605.2 -5.5
-19613 -5.6
-19620.7 -5.7
-19628.5 -5.8
-19636.2 -5.9
-19644 -6
-19651.7 -6.1
-19659.4 -6.2
-19667.1 -6.3
-19674.8 -6.4
-19682.5 -6.5
-19690.2 -6.6
-19697.9 -6.7
-19705.6 -6.8
-19713.2 -6.9
-19720.9 -7
-19728.6 -7.1
-19736.2 -7.2
-19743.8 -7.3
-19751.5 -7.4
-19759.1 -7.5
-19766.7 -7.6
-19774.3 -7.7
-19781.9 -7.8
-19789.5 -7.9
-19797.1 -8
-19804.6 -8.1
-19812.2 -8.2
-19819.8 -8.3
-19827.3 -8.4
-19834.8 -8.5
-19842.4 -8.6
-19849.9 -8.7
-19857.4 -8.8
-19864.9 -8.9
-19872.4 -9
-19879.9 -9.1
-19887.4 -9.2
-19894.9 -9.3
-19902.4 -9.4
-19909.9 -9.5
-19917.3 -9.6
-19924.8 -9.7
-19932.2 -9.8
-19939.7 -9.9
-19947.1 -10
-19954.5 -10.1
-19961.9 -10.2
-19969.3 -10.3
-19976.7 -10.4
-19984.1 -10.5
-19991.5 -10.6
-19998.9 -10.7
-20006.2 -10.8
-20013.6 -10.9
-20021 -11
-20028.3 -11.1
-20035.7 -11.2
-20043 -11.3
-20050.3 -11.4
-20057.6 -11.5
-20064.9 -11.6
-20072.2 -11.7
-20079.5 -11.8
-20086.8 -11.9
-20094.1 -12
-20101.4 -12.1
-20108.7 -12.2
-20115.9 -12.3
-20123.2 -12.4
-20130.4 -12.5
-20137.7 -12.6
-20144.9 -12.7
-20152.1 -12.8
-20159.3 -12.9
-20166.5 -13
-20173.7 -13.1
-20180.9 -13.2
-20188.1 -13.3
-20195.3 -13.4
-20202.5 -13.5
-20209.6 -13.6
-20216.8 -13.7
-20224 -13.8
-20231.1 -13.9
-20238.2 -14
-20245.4 -14.1
-20252.5 -14.2
-20259.6 -14.3
-20266.7 -14.4
-20273.8 -14.5
-20280.9 -14.6
-20288 -14.7
-20295.1 -14.8
-20302.2 -14.9
-20309.2 -15
-20316.3 -15.1
-20323.4 -15.2
-20330.4 -15.3
-20337.4 -15.4
-20344.5 -15.5
-20351.5 -15.6
-20358.5 -15.7
-20365.5 -15.8
-20372.5 -15.9
-20379.5 -16
-20386.5 -16.1
-20393.5 -16.2
-20400.5 -16.3
-20407.5 -16.4
-20414.4 -16.5
-20421.4 -16.6
-20428.3 -16.7
-20435.3 -16.8
-20442.2 -16.9
-20449.2 -17
-20456.1 -17.1
-20463 -17.2
-20469.9 -17.3
-20476.8 -17.4
-20483.7 -17.5
-20490.6 -17.6
-20497.5 -17.7
-20504.4 -17.8
-20511.2 -17.9
-20518.1 -18
-20525 -18.1
-20531.8 -18.2
-20538.6 -18.3
-20545.5 -18.4
-20552.3 -18.5
-20559.1 -18.6
-20565.9 -18.7
-20572.8 -18.8
-20579.6 -18.9
-20586.4 -19
-20593.1 -19.1
-20599.9 -19.2
-20606.7 -19.3
-20613.5 -19.4
-20620.2 -19.5
-20627 -19.6
-20633.7 -19.7
-20640.5 -19.8
-20647.2 -19.9
-20654 -20
-20660.7 -20.1
-20667.4 -20.2
-20674.1 -20.3
-20680.8 -20.4
-20687.5 -20.5
-20694.2 -20.6
-20700.9 -20.7
-20707.6 -20.8
-20714.2 -20.9
-20720.9 -21
-20727.6 -21.1
-20734.2 -21.2
-20740.9 -21.3
-20747.5 -21.4
-20754.1 -21.5
-20760.8 -21.6
-20767.4 -21.7
-20774 -21.8
-20780.6 -21.9
-20787.2 -22
-20793.8 -22.1
-20800.4 -22.2
-20807 -22.3
-20813.5 -22.4
-20820.1 -22.5
-20826.7 -22.6
-20833.2 -22.7
-20839.8 -22.8
-20846.3 -22.9
-20852.9 -23
-20859.4 -23.1
-20865.9 -23.2
-20872.4 -23.3
-20879 -23.4
-20885.5 -23.5
-20892 -23.6
-20898.5 -23.7
-20904.9 -23.8
-20911.4 -23.9
-20917.9 -24
-20924.4 -24.1
-20930.8 -24.2
-20937.3 -24.3
-20943.7 -24.4
-20950.2 -24.5
-20956.6 -24.6
-20963.1 -24.7
-20969.5 -24.8
-20975.9 -24.9
-20982.3 -25
-20988.7 -25.1
-20995.1 -25.2
-21001.5 -25.3
-21007.9 -25.4
-21014.3 -25.5
-21020.7 -25.6
-21027 -25.7
-21033.4 -25.8
-21039.8 -25.9
-21046.1 -26
-21052.5 -26.1
-21058.8 -26.2
-21065.1 -26.3
-21071.5 -26.4
-21077.8 -26.5
-21084.1 -26.6
-21090.4 -26.7
-21096.7 -26.8
-21103 -26.9
-21109.3 -27
-21115.6 -27.1
-21121.9 -27.2
-21128.2 -27.3
-21134.4 -27.4
-21140.7 -27.5
-21147 -27.6
-21153.2 -27.7
-21159.5 -27.8
-21165.7 -27.9
-21171.9 -28
-21178.2 -28.1
-21184.4 -28.2
-21190.6 -28.3
-21196.8 -28.4
-21203 -28.5
-21209.2 -28.6
-21215.4 -28.7
-21221.6 -28.8
-21227.8 -28.9
-21234 -29
-21240.1 -29.1
-21246.3 -29.2
-21252.5 -29.3
-21258.6 -29.4
-21264.8 -29.5
-21270.9 -29.6
-21277 -29.7
-21283.2 -29.8
-21289.3 -29.9
-21295.4 -30
-21301.5 -30.1
-21307.6 -30.2
-21313.7 -30.3
-21319.8 -30.4
-21325.9 -30.5
-21332 -30.6
-21338.1 -30.7
-21344.1 -30.8
-21350.2 -30.9
-21356.3 -31
-21362.3 -31.1
-21368.4 -31.2
-21374.4 -31.3
-21380.5 -31.4
-21386.5 -31.5
-21392.5 -31.6
-21398.6 -31.7
-21404.6 -31.8
-21410.6 -31.9
-21416.6 -32
-21422.6 -32.1
-21428.6 -32.2
-21434.6 -32.3
-21440.6 -32.4
-21446.5 -32.5
-21452.5 -32.6
-21458.5 -32.7
-21464.5 -32.8
-21470.4 -32.9
-21476.4 -33
-21482.3 -33.1
-21488.2 -33.2
-21494.2 -33.3
-21500.1 -33.4
-21506 -33.5
-21512 -33.6
-21517.9 -33.7
-21523.8 -33.8
-21529.7 -33.9
-21535.6 -34
-21541.5 -34.1
-21547.4 -34.2
-21553.2 -34.3
-21559.1 -34.4
-21565 -34.5
-21570.9 -34.6
-21576.7 -34.7
-21582.6 -34.8
-21588.4 -34.9
-21594.3 -35
-21600.1 -35.1
-21605.9 -35.2
-21611.8 -35.3
-21617.6 -35.4
-21623.4 -35.5
-21629.2 -35.6
-21635 -35.7
-21640.8 -35.8
-21646.6 -35.9
-21652.4 -36
-21658.2 -36.1
-21664 -36.2
-21669.8 -36.3
-21675.6 -36.4
-21681.3 -36.5
-21687.1 -36.6
-21692.8 -36.7
-21698.6 -36.8
-21704.3 -36.9
-21710.1 -37
-21715.8 -37.1
-21721.5 -37.2
-21727.3 -37.3
-21733 -37.4
-21738.7 -37.5
-21744.4 -37.6
-21750.1 -37.7
-21755.8 -37.8
-21761.5 -37.9
-21767.2 -38
-21772.9 -38.1
-21778.6 -38.2
-21784.3 -38.3
-21789.9 -38.4
-21795.6 -38.5
-21801.3 -38.6
-21806.9 -38.7
-21812.6 -38.8
-21818.2 -38.9
-21823.8 -39
-21829.5 -39.1
-21835.1 -39.2
-21840.7 -39.3
-21846.4 -39.4
-21852 -39.5
-21857.6 -39.6
-21863.2 -39.7
-21868.8 -39.8
-21874.4 -39.9
-21880 -40
-21885.6 -40.1
-21891.2 -40.2
-21896.7 -40.3
-21902.3 -40.4
-21907.9 -40.5
-21913.4 -40.6
-21919 -40.7
-21924.6 -40.8
-21930.1 -40.9
-21935.7 -41
-21941.2 -41.1
-21946.7 -41.2
-21952.3 -41.3
-21957.8 -41.4
-21963.3 -41.5
-21968.8 -41.6
-21974.3 -41.7
-21979.8 -41.8
-21985.3 -41.9
-21990.8 -42
-21996.3 -42.1
-22001.8 -42.2
-22007.3 -42.3
-22012.8 -42.4
-22018.3 -42.5
-22023.7 -42.6
-22029.2 -42.7
-22034.6 -42.8
-22040.1 -42.9
-22045.6 -43
-22051 -43.1
-22056.4 -43.2
-22061.9 -43.3
-22067.3 -43.4
-22072.7 -43.5
-22078.2 -43.6
-22083.6 -43.7
-22089 -43.8
-22094.4 -43.9
-22099.8 -44
-22105.2 -44.1
-22110.6 -44.2
-22116 -44.3
-22121.4 -44.4
-22126.8 -44.5
-22132.2 -44.6
-22137.5 -44.7
-22142.9 -44.8
-22148.3 -44.9
-22153.6 -45
-22159 -45.1
-22164.3 -45.2
-22169.7 -45.3
-22175 -45.4
-22180.4 -45.5
-22185.7 -45.6
-22191 -45.7
-22196.4 -45.8
-22201.7 -45.9
-22207 -46
-22212.3 -46.1
-22217.6 -46.2
-22222.9 -46.3
-22228.2 -46.4
-22233.5 -46.5
-22238.8 -46.6
-22244.1 -46.7
-22249.4 -46.8
-22254.6 -46.9
-22259.9 -47
-22265.2 -47.1
-22270.5 -47.2
-22275.7 -47.3
-22281 -47.4
-22286.2 -47.5
-22291.5 -47.6
-22296.7 -47.7
-22302 -47.8
-22307.2 -47.9
-22312.4 -48
-22317.7 -48.1
-22322.9 -48.2
-22328.1 -48.3
-22333.3 -48.4
-22338.5 -48.5
-22343.7 -48.6
-22348.9 -48.7
-22354.1 -48.8
-22359.3 -48.9
-22364.5 -49
-22369.7 -49.1
-22374.9 -49.2
-22380.1 -49.3
-22385.2 -49.4
-22390.4 -49.5
-22395.6 -49.6
-22403.2 -49.7
-22413.2 -49.8
-22423.2 -49.9
-22433.1 -50
-22443 -50.1
-22452.9 -50.2
-22462.7 -50.3
-22472.5 -50.4
-22482.3 -50.5
-22492.1 -50.6
-22501.9 -50.7
-22511.6 -50.8
-22521.3 -50.9
-22531 -51
-22540.7 -51.1
-22550.3 -51.2
-22559.9 -51.3
-22569.5 -51.4
-22579 -51.5
-22588.6 -51.6
-22598.1 -51.7
-22607.6 -51.8
-22617.1 -51.9
-22626.5 -52
-22635.9 -52.1
-22645.4 -52.2
-22654.9 -52.3
-22664.4 -52.4
-22673.8 -52.5
-22683.3 -52.6
-22692.7 -52.7
-22702.1 -52.8
-22711.5 -52.9
-22720.8 -53
-22730.2 -53.1
-22739.5 -53.2
-22748.8 -53.3
-22758.1 -53.4
-22767.3 -53.5
-22776.5 -53.6
-22785.7 -53.7
-22794.9 -53.8
-22804.1 -53.9
-22813.2 -54
-22822.3 -54.1
-22831.4 -54.2
-22840.5 -54.3
-22849.6 -54.4
-22858.6 -54.5
-22867.6 -54.6
-22876.6 -54.7
-22885.6 -54.8
-22894.6 -54.9
-22903.5 -55
-22912.4 -55.1
-22921.3 -55.2
-22930.2 -55.3
-22939.1 -55.4
-22947.9 -55.5
-22956.8 -55.6
-22965.6 -55.7
-22974.4 -55.8
-22983.1 -55.9
-22991.9 -56
-23000.6 -56.1
-23009.3 -56.2
-23018 -56.3
-23026.7 -56.4
-23035.4 -56.5
-23044 -56.6
-23052.6 -56.7
-23061.2 -56.8
-23069.8 -56.9
-23078.4 -57
-23087 -57.1
-23095.5 -57.2
-23104 -57.3
-23112.5 -57.4
-23121 -57.5
-23129.5 -57.6
-23137.9 -57.7
-23146.4 -57.8
-23154.8 -57.9
-23163.2 -58
-23171.6 -58.1
-23179.9 -58.2
-23188.3 -58.3
-23196.6 -58.4
-23205 -58.5
-23213.3 -58.6
-23221.6 -58.7
-23229.8 -58.8
-23238.1 -58.9
-23246.3 -59
-23254.6 -59.1
-23262.8 -59.2
-23271 -59.3
-23279.2 -59.4
-23287.3 -59.5
-23295.5 -59.6
-23303.6 -59.7
-23311.7 -59.8
-23319.8 -59.9
-23327.9 -60
-23336 -60.1
-23344.1 -60.2
-23352.1 -60.3
-23360.2 -60.4
-23368.2 -60.5
-23376.2 -60.6
-23384.2 -60.7
-23392.2 -60.8
-23400.1 -60.9
-23408.1 -61
-23416 -61.1
-23423.9 -61.2
-23431.8 -61.3
-23439.7 -61.4
-23479.8 -61.5
-23840.9 -61.6
-24201.6 -61.7
-24561.9 -61.8
-24929.1 -61.9
-25307.1 -62
-25684.6 -62.1
-26061.5 -62.2
-26437.8 -62.3
-26813.5 -62.4
-27188.6 -62.5
-27565.4 -62.6
-27979.5 -62.7
-28402.1 -62.8
-28831 -62.9
-29258.8 -63
-29685.3 -63.1
-30110.7 -63.2
-30534.8 -63.3
-30957.7 -63.4
-31379.2 -63.5
-31799.4 -63.6
-32218.1 -63.7
-32635.5 -63.8
-33051.4 -63.9
-33465.8 -64
-33878.6 -64.1
-34289.9 -64.2
-34699.6 -64.3
-35107.6 -64.4
-35514 -64.5
-35921.8 -64.6
-36336.9 -64.7
-36750.1 -64.8
-37161.2 -64.9
-37586.2 -65
-38029.8 -65.1
-38470.3 -65.2
-38907.7 -65.3
-39341.9 -65.4
-39772.9 -65.5
-40200.7 -65.6
-40625.1 -65.7
-41046.1 -65.8
-41463.7 -65.9
-41877.8 -66
-42288.3 -66.1
-42695.1 -66.2
-43098.3 -66.3
-43497.8 -66.4
-43893.5 -66.5
-44285.3 -66.6
-44673.2 -66.7
-45057.1 -66.8
-45437.1 -66.9
-45812.9 -67
-46184.6 -67.1
-46552.1 -67.2
-46915.3 -67.3
-47274.2 -67.4
-47628.7 -67.5
-47978.7 -67.6
-48324.3 -67.7
-48665.2 -67.8
-49001.6 -67.9
-49333.2 -68
-49660 -68.1
-49982 -68.2
-50299.1 -68.3
-50611.2 -68.4
-50918.3 -68.5
-51220.3 -68.6
-51517.1 -68.7
-51808.7 -68.8
-52095 -68.9
-52376 -69
-52651.6 -69.1
-52921.8 -69.2
-53186.5 -69.3
-53445.7 -69.4
-53699.3 -69.5
-53947.4 -69.6
-54189.8 -69.7
-54426.7 -69.8
-54658 -69.9
-54883.6 -70
-55103.7 -70.1
-55318.2 -70.2
-55527.2 -70.3
-55730.8 -70.4
-55928.9 -70.5
-56121.6 -70.6
-56309 -70.7
-56491.1 -70.8
-56668.1 -70.9
-56840.1 -71
-57007 -71.1
-57169.1 -71.2
-57326.4 -71.3
-57479 -71.4
-57627 -71.5
-57770.6 -71.6
-57909.8 -71.7
-58044.8 -71.8
-58175.6 -71.9
-58302.4 -72
-58425.3 -72.1
-58544.3 -72.2
-58659.7 -72.3
-58771.4 -72.4
-58879.6 -72.5
-58984.4 -72.6
-59085.8 -72.7
-59184.1 -72.8
-59279.2 -72.9
-59371.3 -73
-59460.4 -73.1
-59546.7 -73.2
-59630.2 -73.3
-59711 -73.4
-59789.2 -73.5
-59865 -73.6
-59938.3 -73.7
-60009.3 -73.8
-60078.1 -73.9
-60144.8 -74
-59446 -73.9
-58747.3 -73.8
-58048.8 -73.7
-57350.4 -73.6
-56652.2 -73.5
-55954.3 -73.4
-55256.6 -73.3
-54559.3 -73.2
-53862.3 -73.1
-53165.6 -73
-52469.4 -72.9
-51773.5 -72.8
-51078.1 -72.7
-50383.2 -72.6
-49688.8 -72.5
-48995 -72.4
-48301.7 -72.3
-47610.8 -72.2
-46928.7 -72.1
-46247.4 -72
-45566.8 -71.9
-44891.2 -71.8
-44220.5 -71.7
-43550.7 -71.6
-42882.9 -71.5
-42222.7 -71.4
-41563.5 -71.3
-40905.3 -71.2
-40248 -71.1
-39591.7 -71
-38936.4 -70.9
-38282.3 -70.8
-37629.2 -70.7
-36977.3 -70.6
-36326.6 -70.5
-35677.1 -70.4
-35028.9 -70.3
-34381.9 -70.2
-33744.7 -70.1
-33118.2 -70
-32494.9 -69.9
-31872.9 -69.8
-31252.2 -69.7
-30632.9 -69.6
-30015 -69.5
-29415.6 -69.4
-28827.5 -69.3
-28240.8 -69.2
-27655.4 -69.1
-27071.5 -69
-26489 -68.9
-25907.9 -68.8
-25328.4 -68.7
-24750.3 -68.6
-24173.8 -68.5
-23598.9 -68.4
-23043 -68.3
-22501.3 -68.2
-21975.6 -68.1
-21451.5 -68
-20930.4 -67.9
-20431.2 -67.8
-19933.5 -67.7
-19437.3 -67.6
-18942.7 -67.5
-18449.5 -67.4
-17958 -67.3
-17468 -67.2
-17000.6 -67.1
-16575.8 -67
-16152.2 -66.9
-15729.9 -66.8
-15308.8 -66.7
-14889.1 -66.6
-14574.7 -66.5
-14277.1 -66.4
-13980.8 -66.3
-13685.7 -66.2
-13391.8 -66.1
-13099.2 -66
-12807.8 -65.9
-12517.8 -65.8
-12229 -65.7
-11941.6 -65.6
-11655.5 -65.5
-11370.8 -65.4
-11087.4 -65.3
-10805.4 -65.2
-10524.8 -65.1
-10245.6 -65
-9967.76 -64.9
-9691.37 -64.8
-9416.4 -64.7
-9142.86 -64.6
-8870.69 -64.5
-8599.98 -64.4
-8330.73 -64.3
-8062.96 -64.2
-7796.68 -64.1
-7531.88 -64
-7268.58 -63.9
-7006.78 -63.8
-6746.49 -63.7
-6489.03 -63.6
-6234.16 -63.5
-5980.81 -63.4
-5728.97 -63.3
-5478.66 -63.2
-5229.87 -63.1
-4982.61 -63
-4736.88 -62.9
-4492.69 -62.8
-4250.77 -62.7
-4011.24 -62.6
-3779.62 -62.5
-3549.51 -62.4
-3320.89 -62.3
-3093.79 -62.2
-2868.29 -62.1
-2644.88 -62
-2423.73 -61.9
-2204.73 -61.8
-1987.19 -61.7
-1771.82 -61.6
-1558.9 -61.5
-1347.39 -61.4
-1138.03 -61.3
-930.737 -61.2
-725.208 -61.1
-523.141 -61
-325.323 -60.9
-133.384 -60.8
50.1997 -60.7
229.579 -60.6
410.133 -60.5
591.006 -60.4
771.156 -60.3
952.128 -60.2
1132.34 -60.1
1311.35 -60
1489.17 -59.9
1665.8 -59.8
1841.24 -59.7
2015.49 -59.6
2188.57 -59.5
2360.46 -59.4
2531.17 -59.3
2700.72 -59.2
2869.09 -59.1
3036.3 -59
3202.34 -58.9
3367.23 -58.8
3530.96 -58.7
3693.54 -58.6
3848.98 -58.5
4003.07 -58.4
4155.96 -58.3
4307.64 -58.2
4458.14 -58.1
4607.45 -58
4755.57 -57.9
4902.52 -57.8
5048.28 -57.7
5192.88 -57.6
5336.32 -57.5
5478.59 -57.4
5619.71 -57.3
5759.68 -57.2
5898.51 -57.1
6036.19 -57
6172.75 -56.9
6308.17 -56.8
6442.47 -56.7
6575.66 -56.6
6707.73 -56.5
6838.7 -56.4
6968.57 -56.3
7097.34 -56.2
7225.02 -56.1
7351.63 -56
7477.15 -55.9
7601.61 -55.8
7725 -55.7
7847.33 -55.6
7968.62 -55.5
8088.85 -55.4
8208.05 -55.3
8326.21 -55.2
8443.35 -55.1
8559.46 -55
8674.56 -54.9
8788.65 -54.8
8901.74 -54.7
9013.84 -54.6
9124.95 -54.5
9235.07 -54.4
9344.22 -54.3
9452.41 -54.2
9559.62 -54.1
9665.89 -54
9771.2 -53.9
9875.57 -53.8
9979 -53.7
10081.5 -53.6
10183.1 -53.5
10283.8 -53.4
10383.5 -53.3
10482.4 -53.2
10580.3 -53.1
10677.4 -53
10773.6 -52.9
10868.9 -52.8
10963.3 -52.7
11056.9 -52.6
11149.6 -52.5
11241.4 -52.4
11332.5 -52.3
11422.6 -52.2
11512 -52.1
11600.5 -52
11688.2 -51.9
11775.1 -51.8
11861.2 -51.7
11946.5 -51.6
12031 -51.5
12114.7 -51.4
12197.7 -51.3
12279.8 -51.2
12361.2 -51.1
12441.8 -51
12521.7 -50.9
12600.9 -50.8
12679.3 -50.7
12756.9 -50.6
12833.9 -50.5
12910.1 -50.4
12985.6 -50.3
13060.3 -50.2
13134.4 -50.1
13207.8 -50
13280.5 -49.9
13352.5 -49.8
13423.8 -49.7
13494.5 -49.6
13564.4 -49.5
13633.8 -49.4
13702.4 -49.3
13770.4 -49.2
13837.8 -49.1
13904.5 -49
13970.6 -48.9
14036.1 -48.8
14101 -48.7
14165.2 -48.6
14228.8 -48.5
14291.8 -48.4
14354.3 -48.3
14416.1 -48.2
14477.3 -48.1
14538 -48
14598.1 -47.9
14657.6 -47.8
14716.5 -47.7
14774.9 -47.6
14832.7 -47.5
14890 -47.4
14946.8 -47.3
15002.9 -47.2
15058.6 -47.1
15113.7 -47
15168.3 -46.9
15222.4 -46.8
15276 -46.7
15329.1 -46.6
15381.6 -46.5
15433.7 -46.4
15485.2 -46.3
15536.3 -46.2
15586.9 -46.1
15637 -46
15686.7 -45.9
15735.8 -45.8
15784.5 -45.7
15832.8 -45.6
15880.5 -45.5
15927.9 -45.4
15974.8 -45.3
16021.2 -45.2
16067.2 -45.1
16112.8 -45
16157.9 -44.9
16202.6 -44.8
16246.9 -44.7
16290.8 -44.6
16334.3 -44.5
16377.3 -44.4
16420 -44.3
16462.2 -44.2
16504.1 -44.1
16545.5 -44
16586.6 -43.9
16627.3 -43.8
16667.6 -43.7
16707.6 -43.6
16747.2 -43.5
16786.4 -43.4
16825.2 -43.3
16863.7 -43.2
16901.8 -43.1
16939.6 -43
16977 -42.9
17014.1 -42.8
17050.8 -42.7
17087.2 -42.6
17123.3 -42.5
17159.1 -42.4
17194.5 -42.3
17229.6 -42.2
17264.4 -42.1
17298.8 -42
17333 -41.9
17366.8 -41.8
17400.3 -41.7
17433.6 -41.6
17466.5 -41.5
17499.2 -41.4
17531.5 -41.3
17563.6 -41.2
17595.3 -41.1
17626.8 -41
17658.1 -40.9
17689 -40.8
17719.7 -40.7
17750.1 -40.6
17780.2 -40.5
17810.1 -40.4
17839.7 -40.3
17869 -40.2
17898.1 -40.1
17927 -40
17955.6 -39.9
17983.9 -39.8
18012.1 -39.7
18039.9 -39.6
18067.6 -39.5
18095 -39.4
18122.1 -39.3
18149.1 -39.2
18175.8 -39.1
18202.3 -39
18228.6 -38.9
18254.6 -38.8
18280.4 -38.7
18306.1 -38.6
18331.5 -38.5
18356.7 -38.4
18381.7 -38.3
18406.5 -38.2
18431.1 -38.1
18455.5 -38
18479.7 -37.9
18503.7 -37.8
18527.5 -37.7
18551.2 -37.6
18574.6 -37.5
18597.9 -37.4
18620.9 -37.3
18643.8 -37.2
18666.6 -37.1
18689.1 -37
18711.5 -36.9
18733.7 -36.8
18755.7 -36.7
18777.6 -36.6
18799.3 -36.5
18820.8 -36.4
18842.2 -36.3
18863.4 -36.2
18884.5 -36.1
18905.4 -36
18926.1 -35.9
18946.7 -35.8
18967.2 -35.7
18987.5 -35.6
19007.7 -35.5
19027.7 -35.4
19047.6 -35.3
19067.3 -35.2
19086.9 -35.1
19106.3 -35
19125.7 -34.9
19144.9 -34.8
19163.9 -34.7
19182.8 -34.6
19201.6 -34.5
19220.3 -34.4
19238.9 -34.3
19257.3 -34.2
19275.6 -34.1
19293.8 -34
19311.8 -33.9
19329.8 -33.8
19347.6 -33.7
19365.3 -33.6
19382.9 -33.5
19400.4 -33.4
19417.7 -33.3
19435 -33.2
19452.2 -33.1
19469.2 -33
19486.2 -32.9
19503 -32.8
19519.8 -32.7
19536.4 -32.6
19552.9 -32.5
19569.4 -32.4
19585.7 -32.3
19602 -32.2
19618.1 -32.1
19634.2 -32
19650.1 -31.9
19666 -31.8
19681.8 -31.7
19697.5 -31.6
19713.1 -31.5
19728.6 -31.4
19744 -31.3
19759.4 -31.2
19774.6 -31.1
19789.8 -31
19804.9 -30.9
19819.9 -30.8
19834.9 -30.7
19849.7 -30.6
19864.5 -30.5
19879.2 -30.4
19893.8 -30.3
19908.4 -30.2
19922.8 -30.1
19937.2 -30
19951.6 -29.9
19965.8 -29.8
19980 -29.7
19994.1 -29.6
20008.2 -29.5
20022.1 -29.4
20036 -29.3
20049.9 -29.2
20063.7 -29.1
20077.4 -29
20091 -28.9
20104.6 -28.8
20118.1 -28.7
20131.6 -28.6
20144.9 -28.5
20158.3 -28.4
20171.5 -28.3
20184.8 -28.2
20197.9 -28.1
20211 -28
20224 -27.9
20237 -27.8
20249.9 -27.7
20262.8 -27.6
20275.6 -27.5
20288.4 -27.4
20301.1 -27.3
20313.7 -27.2
20326.3 -27.1
20338.8 -27
20351.3 -26.9
20363.8 -26.8
20376.1 -26.7
20388.5 -26.6
20400.8 -26.5
20413 -26.4
20425.2 -26.3
20437.3 -26.2
20449.4 -26.1
20461.5 -26
20473.5 -25.9
20485.4 -25.8
20497.3 -25.7
20509.2 -25.6
20521 -25.5
20532.8 -25.4
20544.5 -25.3
20556.2 -25.2
20567.8 -25.1
20579.4 -25
20591 -24.9
20602.5 -24.8
20614 -24.7
20625.4 -24.6
20636.8 -24.5
20648.2 -24.4
20659.5 -24.3
20670.8 -24.2
20682 -24.1
20693.2 -24
20704.4 -23.9
20715.5 -23.8
20726.6 -23.7
20737.6 -23.6
20748.6 -23.5
20759.6 -23.4
20770.6 -23.3
20781.5 -23.2
20792.3 -23.1
20803.2 -23
20814 -22.9
20824.7 -22.8
20835.5 -22.7
20846.2 -22.6
20856.8 -22.5
20867.5 -22.4
20878 -22.3
20888.6 -22.2
20899.1 -22.1
20909.6 -22
20920.1 -21.9
20930.6 -21.8
20941 -21.7
20951.3 -21.6
20961.7 -21.5
20972 -21.4
20982.3 -21.3
20992.5 -21.2
21002.8 -21.1
21013 -21
21023.1 -20.9
21033.3 -20.8
21043.4 -20.7
21053.5 -20.6
21063.5 -20.5
21073.5 -20.4
21083.5 -20.3
21093.5 -20.2
21103.5 -20.1
21113.4 -20
21123.3 -19.9
21133.1 -19.8
21143 -19.7
21152.8 -19.6
21162.6 -19.5
21172.3 -19.4
21182.1 -19.3
21191.8 -19.2
21201.5 -19.1
21211.1 -19
21220.8 -18.9
21230.4 -18.8
21240 -18.7
21249.5 -18.6
21259.1 -18.5
21268.6 -18.4
21278.1 -18.3
21287.5 -18.2
21297 -18.1
21306.4 -18
21315.8 -17.9
21325.2 -17.8
21334.5 -17.7
21343.9 -17.6
21353.2 -17.5
21362.5 -17.4
21371.7 -17.3
21381 -17.2
21390.2 -17.1
21399.4 -17
21408.6 -16.9
21417.7 -16.8
21426.9 -16.7
21436 -16.6
21445.1 -16.5
21454.2 -16.4
21463.2 -16.3
21472.3 -16.2
21481.3 -16.1
21490.3 -16
21499.2 -15.9
21508.2 -15.8
21517.1 -15.7
21526.1 -15.6
21535 -15.5
21543.8 -15.4
21552.7 -15.3
21561.5 -15.2
21570.4 -15.1
21579.2 -15
21587.9 -14.9
21596.7 -14.8
21605.5 -14.7
21614.2 -14.6
21622.9 -14.5
21631.6 -14.4
21640.3 -14.3
21648.9 -14.2
21657.6 -14.1
21666.2 -14
21674.8 -13.9
21683.4 -13.8
21691.9 -13.7
21700.5 -13.6
21709 -13.5
21717.5 -13.4
21726 -13.3
21734.5 -13.2
21743 -13.1
21751.4 -13
21759.9 -12.9
21768.3 -12.8
21776.7 -12.7
21785.1 -12.6
21793.4 -12.5
21801.8 -12.4
21810.1 -12.3
21818.5 -12.2
21826.8 -12.1
21835.1 -12
21843.3 -11.9
21851.6 -11.8
21859.8 -11.7
21868.1 -11.6
21876.3 -11.5
21884.5 -11.4
21892.7 -11.3
21900.8 -11.2
21909 -11.1
21917.1 -11
21925.2 -10.9
21933.3 -10.8
21941.4 -10.7
21949.5 -10.6
21957.6 -10.5
21965.6 -10.4
21973.7 -10.3
21981.7 -10.2
21989.7 -10.1
21997.7 -10
22005.7 -9.9
22013.6 -9.8
22021.6 -9.7
22029.5 -9.6
22037.4 -9.5
22045.3 -9.4
22053.2 -9.3
22061.1 -9.2
22069 -9.1
22076.8 -9
22084.7 -8.9
22092.5 -8.8
22100.3 -8.7
22108.1 -8.6
22115.9 -8.5
22123.7 -8.4
22131.4 -8.3
22139.2 -8.2
22146.9 -8.1
22154.6 -8
22162.4 -7.9
22170.1 -7.8
22177.7 -7.7
22185.4 -7.6
22193.1 -7.5
22200.7 -7.4
22208.3 -7.3
22216 -7.2
22223.6 -7.1
22231.2 -7
22238.7 -6.9
22246.3 -6.8
22253.9 -6.7
22261.4 -6.6
22269 -6.5
22276.5 -6.4
22284 -6.3
22291.5 -6.2
22299 -6.1
22306.5 -6
22313.9 -5.9
22321.4 -5.8
22328.8 -5.7
22336.2 -5.6
22343.6 -5.5
22351.1 -5.4
22358.4 -5.3
22365.8 -5.2
22373.2 -5.1
22380.6 -5
22387.9 -4.9
22395.2 -4.8
22402.6 -4.7
22409.9 -4.6
22417.2 -4.5
22424.5 -4.4
22431.7 -4.3
22439 -4.2
22446.3 -4.1
22453.5 -4
22460.7 -3.9
22468 -3.8
22475.2 -3.7
22482.4 -3.6
22489.6 -3.5
22496.7 -3.4
22503.9 -3.3
22511.1 -3.2
22518.2 -3.1
22525.4 -3
22532.5 -2.9
22539.6 -2.8
22546.7 -2.7
22553.8 -2.6
22560.9 -2.5
22568 -2.4
22575 -2.3
22582.1 -2.2
22589.1 -2.1
22596.1 -2
22603.2 -1.9
22610.2 -1.8
22617.2 -1.7
22624.2 -1.6
22631.1 -1.5
22638.1 -1.4
22645.1 -1.3
22652 -1.2
22659 -1.1
22665.9 -1
22672.8 -0.9
22679.7 -0.8
22686.6 -0.7
22693.5 -0.6
22700.4 -0.5
22707.3 -0.4
22714.1 -0.3
22721 -0.2
22727.8 -0.1
22734.7 -2.76723e-14
22741.5 0.1
22748.3 0.2
22755.1 0.3
22761.9 0.4
22768.7 0.5
22775.4 0.6
22782.2 0.7
22789 0.8
22795.7 0.9
22802.4 1
22809.2 1.1
22815.9 1.2
22822.6 1.3
22829.3 1.4
22836 1.5
22842.6 1.6
22849.3 1.7
22856 1.8
22862.6 1.9
22869.3 2
22875.9 2.1
22882.5 2.2
22889.1 2.3
22895.8 2.4
22902.3 2.5
22908.9 2.6
22915.5 2.7
22922.1 2.8
22928.6 2.9
22935.2 3
22941.7 3.1
22948.3 3.2
22954.8 3.3
22961.3 3.4
22967.8 3.5
22974.3 3.6
22980.8 3.7
22987.3 3.8
22993.8 3.9
23000.2 4
23006.7 4.1
23013.1 4.2
23019.6 4.3
23026 4.4
23032.4 4.5
23038.8 4.6
23045.2 4.7
23051.6 4.8
23058 4.9
23064.4 5
23070.7 5.1
23077.1 5.2
23083.5 5.3
23089.8 5.4
23096.1 5.5
23102.5 5.6
23108.8 5.7
23115.1 5.8
23121.4 5.9
23127.7 6
23134 6.1
23140.2 6.2
23146.5 6.3
23152.8 6.4
23159 6.5
23165.3 6.6
23171.5 6.7
23177.7 6.8
23183.9 6.9
23190.1 7
23196.3 7.1
23202.5 7.2
23208.7 7.3
23214.9 7.4
23221.1 7.5
23227.2 7.6
23233.4 7.7
23239.5 7.8
23245.7 7.9
23251.8 8
23257.9 8.1
23264 8.2
23270.1 8.3
23276.2 8.4
23282.3 8.5
23288.4 8.6
23294.5 8.7
23300.6 8.8
23306.6 8.9
23312.7 9
23318.7 9.1
23324.7 9.2
23330.8 9.3
23336.8 9.4
23342.8 9.5
23348.8 9.6
23354.8 9.7
23360.8 9.8
23366.8 9.9
23372.7 10
23378.7 10.1
23384.7 10.2
23390.6 10.3
23396.6 10.4
23402.5 10.5
23408.4 10.6
23414.4 10.7
23420.3 10.8
23426.2 10.9
23432.1 11
23438 11.1
23443.8 11.2
23449.7 11.3
23455.6 11.4
23461.5 11.5
23467.3 11.6
23473.2 11.7
23479 11.8
23484.8 11.9
23490.6 12
23496.5 12.1
23502.3 12.2
23508.1 12.3
23513.9 12.4
23519.7 12.5
23525.4 12.6
23531.2 12.7
23537 12.8
23542.7 12.9
23548.5 13
23554.2 13.1
23560 13.2
23565.7 13.3
23571.4 13.4
23577.2 13.5
23582.9 13.6
23588.6 13.7
23594.3 13.8
23599.9 13.9
23605.6 14
23611.3 14.1
23617 14.2
23622.6 14.3
23628.3 14.4
23633.9 14.5
23639.6 14.6
23645.2 14.7
23650.8 14.8
23656.5 14.9
23662.1 15
23667.7 15.1
23673.3 15.2
23678.9 15.3
23684.4 15.4
23690 15.5
23695.6 15.6
23701.2 15.7
23706.7 15.8
23712.3 15.9
23717.8 16
23723.3 16.1
23728.9 16.2
23734.4 16.3
23739.9 16.4
23745.4 16.5
23750.9 16.6
23756.4 16.7
23761.9 16.8
23767.4 16.9
23772.9 17
23778.4 17.1
23783.8 17.2
23789.3 17.3
23794.7 17.4
23800.2 17.5
23805.6 17.6
23811 17.7
23816.5 17.8
23821.9 17.9
23827.3 18
23832.7 18.1
23838.1 18.2
23843.5 18.3
23848.9 18.4
23854.3 18.5
23859.6 18.6
23865 18.7
23870.4 18.8
23875.7 18.9
23881.1 19
23886.4 19.1
23891.7 19.2
23897.1 19.3
23902.4 19.4
23907.7 19.5
23913 19.6
23918.3 19.7
23923.6 19.8
23928.9 19.9
23934.2 20
23939.5 20.1
23944.7 20.2
23950 20.3
23955.3 20.4
23960.5 20.5
23965.8 20.6
23971 20.7
23976.2 20.8
23981.5 20.9
23986.7 21
23991.9 21.1
23997.1 21.2
24002.3 21.3
24007.5 21.4
24012.7 21.5
24017.9 21.6
24023.1 21.7
24028.3 21.8
24033.4 21.9
24038.6 22
24043.7 22.1
24048.9 22.2
24054 22.3
24059.2 22.4
24064.3 22.5
24069.4 22.6
24074.6 22.7
24079.7 22.8
24084.8 22.9
24089.9 23
24095 23.1
24100.1 23.2
24105.2 23.3
24110.2 23.4
24115.3 23.5
24120.4 23.6
24125.4 23.7
24130.5 23.8
24135.5 23.9
24140.6 24
24145.6 24.1
24150.7 24.2
24155.7 24.3
24160.7 24.4
24165.7 24.5
24170.7 24.6
24175.7 24.7
24180.7 24.8
24185.7 24.9
24190.7 25
24195.7 25.1
24200.7 25.2
24205.7 25.3
24210.6 25.4
24215.6 25.5
24220.5 25.6
24225.5 25.7
24230.4 25.8
24235.4 25.9
24240.3 26
24245.2 26.1
24250.1 26.2
24255.1 26.3
24260 26.4
24264.9 26.5
24269.8 26.6
24274.7 26.7
24279.5 26.8
24284.4 26.9
24289.3 27
24294.2 27.1
24299 27.2
24303.9 27.3
24308.8 27.4
24313.6 27.5
24318.5 27.6
24323.3 27.7
24328.1 27.8
24333 27.9
24337.8 28
24342.6 28.1
24347.4 28.2
24352.2 28.3
24357 28.4
24361.8 28.5
24366.6 28.6
24371.4 28.7
24376.2 28.8
24380.9 28.9
24385.7 29
24390.5 29.1
24395.2 29.2
24400 29.3
24404.7 29.4
24409.5 29.5
24414.2 29.6
24419 29.7
24423.7 29.8
24428.4 29.9
24433.1 30
24437.8 30.1
24442.6 30.2
24447.3 30.3
24452 30.4
24456.6 30.5
24461.3 30.6
24466 30.7
24470.7 30.8
24475.4 30.9
24480 31
24484.7 31.1
24489.4 31.2
24494 31.3
24498.7 31.4
24503.3 31.5
24507.9 31.6
24512.6 31.7
24517.2 31.8
24521.8 31.9
24526.4 32
24531.1 32.1
24535.7 32.2
24540.3 32.3
24544.9 32.4
24549.5 32.5
24554 32.6
24558.6 32.7
24563.2 32.8
24567.8 32.9
24572.4 33
24576.9 33.1
24581.5 33.2
24586 33.3
24590.6 33.4
24595.1 33.5
24599.7 33.6
24604.2 33.7
24608.7 33.8
24613.3 33.9
24617.8 34
24622.3 34.1
24626.8 34.2
24631.3 34.3
24635.8 34.4
24640.3 34.5
24644.8 34.6
24649.3 34.7
24653.8 34.8
24658.3 34.9
24662.7 35
24667.2 35.1
24671.7 35.2
24676.1 35.3
24680.6 35.4
24685 35.5
24689.5 35.6
24693.9 35.7
24698.4 35.8
24702.8 35.9
24707.2 36
24711.7 36.1
24716.1 36.2
24720.5 36.3
24724.9 36.4
24729.3 36.5
24733.7 36.6
24738.1 36.7
24742.5 36.8
24746.9 36.9
24751.3 37
24756.5 37.1
24763.4 37.2
24770.2 37.3
24777.1 37.4
24784 37.5
24790.8 37.6
24797.7 37.7
24804.5 37.8
24811.4 37.9
24818.2 38
24825.1 38.1
24831.9 38.2
24838.7 38.3
24845.6 38.4
24852.4 38.5
24859.2 38.6
24866.1 38.7
24872.9 38.8
24879.7 38.9
24886.6 39
24893.4 39.1
24900.2 39.2
24907 39.3
24913.9 39.4
24920.7 39.5
24927.5 39.6
24934.3 39.7
24941.1 39.8
24947.9 39.9
24954.8 40
24961.6 40.1
24968.4 40.2
24975.2 40.3
24982 40.4
24988.8 40.5
24995.6 40.6
25002.4 40.7
25009.2 40.8
25016 40.9
25022.8 41
25029.5 41.1
25036.3 41.2
25043.1 41.3
25049.9 41.4
25056.7 41.5
25063.5 41.6
25070.3 41.7
25077 41.8
25083.8 41.9
25090.6 42
25097.4 42.1
25104.1 42.2
25110.9 42.3
25117.7 42.4
25124.4 42.5
25131.2 42.6
25138 42.7
25144.7 42.8
25151.5 42.9
25158.2 43
25165 43.1
25171.8 43.2
25178.5 43.3
25185.3 43.4
25192 43.5
25198.8 43.6
25205.5 43.7
25212.2 43.8
25219 43.9
25225.7 44
25232.5 44.1
25239.2 44.2
25246 44.3
25252.7 44.4
25259.4 44.5
25266.2 44.6
25272.9 44.7
25279.6 44.8
25286.3 44.9
25293.1 45
25299.8 45.1
25306.5 45.2
25313.2 45.3
25320 45.4
25326.7 45.5
25333.4 45.6
25340.1 45.7
25346.8 45.8
25353.5 45.9
25360.2 46
25367 46.1
25373.7 46.2
25380.4 46.3
25387.1 46.4
25393.8 46.5
25400.5 46.6
25407.2 46.7
25413.9 46.8
25420.6 46.9
25427.3 47
25434 47.1
25440.7 47.2
25447.3 47.3
25454 47.4
25460.7 47.5
25467.4 47.6
25474.1 47.7
25480.8 47.8
25487.5 47.9
25494.1 48
25500.8 48.1
25507.5 48.2
25514.2 48.3
25520.9 48.4
25527.5 48.5
25534.2 48.6
25540.9 48.7
25547.5 48.8
25554.2 48.9
25560.9 49
25567.5 49.1
25574.2 49.2
25580.9 49.3
25587.5 49.4
25594.2 49.5
25600.9 49.6
25607.5 49.7
25614.2 49.8
25620.8 49.9
25627.5 50
25634.1 50.1
25640.8 50.2
25647.4 50.3
25654.1 50.4
25660.7 50.5
25667.4 50.6
25674 50.7
25680.7 50.8
25687.3 50.9
25693.9 51
25700.6 51.1
25707.2 51.2
25713.9 51.3
25720.5 51.4
25727.1 51.5
25733.8 51.6
25740.4 51.7
25747 51.8
25753.6 51.9
25760.3 52
25766.9 52.1
25773.5 52.2
25780.1 52.3
25786.8 52.4
25793.4 52.5
25800 52.6
25806.6 52.7
25813.2 52.8
25819.9 52.9
25826.5 53
25833.1 53.1
25839.7 53.2
25846.3 53.3
25852.9 53.4
25859.5 53.5
25866.1 53.6
25872.7 53.7
25879.3 53.8
25885.9 53.9
25892.5 54
25899.1 54.1
25905.7 54.2
25912.3 54.3
25918.9 54.4
25925.5 54.5
25932.1 54.6
25938.7 54.7
25945.3 54.8
25951.9 54.9
25958.5 55
25965.1 55.1
25971.7 55.2
25978.3 55.3
25984.9 55.4
25991.4 55.5
25998 55.6
26004.6 55.7
26011.2 55.8
26017.8 55.9
26024.3 56
26030.9 56.1
26037.5 56.2
26044.1 56.3
26050.6 56.4
26057.2 56.5
26063.8 56.6
26070.4 56.7
26076.9 56.8
26083.5 56.9
26090.1 57
26096.6 57.1
26103.2 57.2
26109.8 57.3
26116.3 57.4
26122.9 57.5
26129.4 57.6
26136 57.7
26142.6 57.8
26149.1 57.9
26155.7 58
26162.2 58.1
26168.8 58.2
26175.3 58.3
26181.9 58.4
26188.4 58.5
26195 58.6
26201.5 58.7
26208.1 58.8
26214.6 58.9
26221.2 59
26227.7 59.1
26234.3 59.2
26240.8 59.3
26247.3 59.4
26253.9 59.5
26260.4 59.6
26266.9 59.7
26273.5 59.8
26280 59.9
26286.6 60
26293.1 60.1
26299.6 60.2
26306.2 60.3
26312.7 60.4
26319.2 60.5
26325.7 60.6
26332.3 60.7
26338.8 60.8
26345.3 60.9
26351.8 61
26358.4 61.1
26364.9 61.2
26371.4 61.3
26377.9 61.4
26384.4 61.5
26391 61.6
26397.5 61.7
26404 61.8
26410.5 61.9
26417 62
26423.5 62.1
26430.1 62.2
26436.6 62.3
26443.1 62.4
26449.6 62.5
26456.1 62.6
26462.6 62.7
26469.1 62.8
26475.6 62.9
26482.1 63
26488.6 63.1
26495.1 63.2
26501.6 63.3
26508.1 63.4
26514.6 63.5
26521.1 63.6
26527.6 63.7
26534.1 63.8
26540.6 63.9
26547.1 64
26553.6 64.1
26560.1 64.2
26566.6 64.3
26573.1 64.4
26579.6 64.5
26586 64.6
26592.5 64.7
26599 64.8
26605.5 64.9
26612 65
26618.5 65.1
26625 65.2
26631.4 65.3
26637.9 65.4
26644.4 65.5
26650.9 65.6
26657.4 65.7
26663.8 65.8
26670.3 65.9
26676.8 66
26683.3 66.1
26689.7 66.2
26696.2 66.3
26702.7 66.4
26709.2 66.5
26715.6 66.6
26722.1 66.7
26728.6 66.8
26735 66.9
26741.5 67
26748 67.1
26754.4 67.2
26760.9 67.3
26767.4 67.4
26773.8 67.5
26780.3 67.6
26786.7 67.7
26793.2 67.8
26799.7 67.9
26806.1 68
26812.6 68.1
26819 68.2
26825.5 68.3
26831.9 68.4
26838.4 68.5
26844.9 68.6
26851.3 68.7
26857.8 68.8
26864.2 68.9
26870.7 69
26877.1 69.1
26883.6 69.2
26890 69.3
26896.4 69.4
26902.9 69.5
26909.3 69.6
26915.8 69.7
26922.2 69.8
26928.7 69.9
26935.1 70
26941.5 70.1
26948 70.2
26954.4 70.3
26960.9 70.4
26967.3 70.5
26973.7 70.6
26980.2 70.7
26986.6 70.8
26993 70.9
26999.5 71
27005.9 71.1
27012.3 71.2
27018.8 71.3
27025.2 71.4
27031.6 71.5
27038.1 71.6
27044.5 71.7
27050.9 71.8
27057.3 71.9
27063.8 72
27070.2 72.1
27076.6 72.2
27083 72.3
27089.5 72.4
27095.9 72.5
27102.3 72.6
27108.7 72.7
27115.1 72.8
27121.6 72.9
27128 73
27134.4 73.1
27140.8 73.2
27147.2 73.3
27153.6 73.4
27160 73.5
27166.5 73.6
27172.9 73.7
27179.3 73.8
27185.7 73.9
27192.1 74
27198.5 74.1
27204.9 74.2
27211.3 74.3
27217.7 74.4
27224.1 74.5
27230.5 74.6
27237 74.7
27243.4 74.8
27249.8 74.9
27256.2 75
27262.6 75.1
27269 75.2
27275.4 75.3
27281.8 75.4
27288.2 75.5
27294.6 75.6
27301 75.7
27307.4 75.8
27313.7 75.9
27320.1 76
27326.5 76.1
27332.9 76.2
27339.3 76.3
27345.7 76.4
27352.1 76.5
27358.5 76.6
27364.9 76.7
27371.3 76.8
27377.7 76.9
27384.1 77
27390.4 77.1
27396.8 77.2
27403.2 77.3
27409.6 77.4
27416 77.5
27422.4 77.6
27428.7 77.7
27435.1 77.8
27441.5 77.9
27447.9 78
27454.3 78.1
27460.7 78.2
27467 78.3
27473.4 78.4
27479.8 78.5
27486.2 78.6
27492.5 78.7
27498.9 78.8
27505.3 78.9
27511.7 79
27518 79.1
27524.4 79.2
27530.8 79.3
27537.2 79.4
27543.5 79.5
27549.9 79.6
27556.3 79.7
27562.6 79.8
27569 79.9
27575.4 80
27581.7 80.1
27588.1 80.2
27594.5 80.3
27600.8 80.4
27607.2 80.5
27613.6 80.6
27619.9 80.7
27626.3 80.8
27632.6 80.9
27639 81
27645.4 81.1
27651.7 81.2
27658.1 81.3
27664.4 81.4
27670.8 81.5
27677.2 81.6
27683.5 81.7
27689.9 81.8
27696.2 81.9
27702.6 82
27708.9 82.1
27715.3 82.2
27721.6 82.3
27728 82.4
27734.3 82.5
27740.7 82.6
27747 82.7
27753.4 82.8
27759.7 82.9
27766.1 83
27772.4 83.1
27778.8 83.2
27785.1 83.3
27791.5 83.4
27797.8 83.5
27804.2 83.6
27810.5 83.7
27816.8 83.8
27823.2 83.9
27829.5 84
27835.9 84.1
27842.2 84.2
27848.6 84.3
27854.9 84.4
27861.2 84.5
27867.6 84.6
27873.9 84.7
27880.2 84.8
27886.6 84.9
27892.9 85
27899.2 85.1
27905.6 85.2
27911.9 85.3
27918.3 85.4
27924.6 85.5
27930.9 85.6
27937.2 85.7
27943.6 85.8
27949.9 85.9
27956.2 86
27962.6 86.1
27968.9 86.2
27975.2 86.3
27981.6 86.4
27987.9 86.5
27994.2 86.6
28000.5 86.7
28006.9 86.8
28013.2 86.9
28019.5 87
28025.8 87.1
28032.2 87.2
28038.5 87.3
28044.8 87.4
28051.1 87.5
28057.4 87.6
28063.8 87.7
28070.1 87.8
28076.4 87.9
28082.7 88
28089 88.1
28095.3 88.2
28101.7 88.3
28108 88.4
28114.3 88.5
28120.6 88.6
28126.9 88.7
28133.2 88.8
27798.8 88.7
27464.6 88.6
27130.6 88.5
26796.9 88.4
26463.6 88.3
26130.7 88.2
25798.3 88.1
25466.4 88
25135.2 87.9
24804.5 87.8
24474.5 87.7
24145.2 87.6
23816.7 87.5
23488.9 87.4
23161.9 87.3
22835.8 87.2
22510.6 87.1
22186.3 87
21863 86.9
21540.6 86.8
21219.3 86.7
20899 86.6
20579.7 86.5
20261.6 86.4
19944.5 86.3
19628.7 86.2
19314 86.1
19000.5 86
18688.3 85.9
18377.3 85.8
18067.6 85.7
17759.2 85.6
17452.1 85.5
17146.4 85.4
16842.1 85.3
16539.1 85.2
16237.6 85.1
15937.5 85
15638.8 84.9
15341.7 84.8
15046 84.7
14751.8 84.6
14459.2 84.5
14168.1 84.4
13878.6 84.3
13590.7 84.2
13304.4 84.1
13019.7 84
12736.7 83.9
12455.3 83.8
12175.5 83.7
11897.5 83.6
11621.1 83.5
11346.5 83.4
11073.5 83.3
10802.3 83.2
10532.9 83.1
10265.2 83
9999.22 82.9
9735.06 82.8
9472.69 82.7
9212.13 82.6
8953.37 82.5
8696.43 82.4
8441.32 82.3
8188.04 82.2
7936.61 82.1
7687.03 82
7439.3 81.9
7193.45 81.8
6949.46 81.7
6707.35 81.6
6467.13 81.5
6228.79 81.4
5992.34 81.3
5757.79 81.2
5525.15 81.1
5294.4 81
5065.57 80.9
4838.64 80.8
4613.63 80.7
4397.04 80.6
4186.63 80.5
3977.95 80.4
3771 80.3
3565.78 80.2
3362.3 80.1
3160.55 80
2960.53 79.9
2762.25 79.8
2565.69 79.7
2370.87 79.6
2177.78 79.5
1986.42 79.4
1796.79 79.3
1608.88 79.2
1430.21 79.1
1259.55 79
1090.46 78.9
923.65 78.8
758.487 78.7
595.675 78.6
434.876 78.5
276.318 78.4
120.111 78.3
-32.0991 78.2
-191.523 78.1
-350.434 78
-510.85 77.9
-669.575 77.8
-826.763 77.7
-983.055 77.6
-1137.75 77.5
-1290.85 77.4
-1442.88 77.3
-1593.62 77.2
-1742.77 77.1
-1890.39 77
-2037.21 76.9
-2182.44 76.8
-2326.09 76.7
-2468.18 76.6
-2608.7 76.5
-2748.25 76.4
-2886.57 76.3
-3023.33 76.2
-3158.55 76.1
-3292.23 76
-3424.39 75.9
-3555.05 75.8
-3684.2 75.7
-3811.86 75.6
-3938.05 75.5
-4062.78 75.4
-4186.06 75.3
-4307.9 75.2
-4428.31 75.1
-4547.31 75
-4664.9 74.9
-4781.11 74.8
-4895.94 74.7
-5009.4 74.6
-5121.52 74.5
-5232.29 74.4
-5341.74 74.3
-5449.88 74.2
-5556.71 74.1
-5662.25 74
-5766.52 73.9
-5869.53 73.8
-5971.28 73.7
-6071.8 73.6
-6171.09 73.5
-6269.17 73.4
-6366.05 73.3
-6461.74 73.2
-6556.26 73.1
-6649.62 73
-6741.83 72.9
-6832.9 72.8
-6922.85 72.7
-7011.69 72.6
-7099.43 72.5
-7186.08 72.4
-7271.67 72.3
-7356.19 72.2
-7439.66 72.1
-7522.1 72
-7603.52 71.9
-7683.92 71.8
-7763.33 71.7
-7841.75 71.6
-7919.19 71.5
-7995.67 71.4
-8071.2 71.3
-8145.79 71.2
-8219.45 71.1
-8292.21 71
-8364.06 70.9
-8435.02 70.8
-8505.1 70.7
-8574.32 70.6
-8642.68 70.5
-8710.2 70.4
-8776.89 70.3
-8842.75 70.2
-8907.81 70.1
-8972.07 70
-9035.55 69.9
-9098.24 69.8
-9160.18 69.7
-9221.36 69.6
-9281.79 69.5
-9341.49 69.4
-9400.48 69.3
-9458.75 69.2
-9516.32 69.1
-9573.19 69
-9629.39 68.9
-9684.92 68.8
-9739.79 68.7
-9794 68.6
-9847.58 68.5
-9900.53 68.4
-9952.85 68.3
-10004.6 68.2
-10055.7 68.1
-10106.2 68
-10156.1 67.9
-10205.5 67.8
-10254.3 67.7
-10302.5 67.6
-10350.2 67.5
-10397.3 67.4
-10444 67.3
-10490.1 67.2
-10535.6 67.1
-10580.7 67
-10625.3 66.9
-10669.4 66.8
-10713 66.7
-10756.1 66.6
-10798.8 66.5
-10841 66.4
-10882.7 66.3
-10924 66.2
-10964.9 66.1
-11005.3 66
-11045.3 65.9
-11084.9 65.8
-11124.1 65.7
-11162.9 65.6
-11201.3 65.5
-11239.3 65.4
-11276.9 65.3
-11314.1 65.2
-11351 65.1
-11387.5 65
-11423.7 64.9
-11459.4 64.8
-11494.9 64.7
-11530 64.6
-11564.8 64.5
-11599.2 64.4
-11633.3 64.3
-11667.1 64.2
-11700.6 64.1
-11733.7 64
-11766.6 63.9
-11799.2 63.8
-11831.4 63.7
-11863.4 63.6
-11895.1 63.5
-11926.5 63.4
-11957.7 63.3
-11988.5 63.2
-12019.1 63.1
-12049.5 63
-12079.5 62.9
-12109.4 62.8
-12138.9 62.7
-12168.3 62.6
-12197.3 62.5
-12226.2 62.4
-12254.8 62.3
-12283.2 62.2
-12311.3 62.1
-12339.3 62
-12367 61.9
-12394.5 61.8
-12421.8 61.7
-12448.8 61.6
-12475.7 61.5
-12502.3 61.4
-12528.8 61.3
-12555.1 61.2
-12581.1 61.1
-12607 61
-12632.7 60.9
-12658.2 60.8
-12683.5 60.7
-12708.7 60.6
-12733.6 60.5
-12758.4 60.4
-12783 60.3
-12807.5 60.2
-12831.7 60.1
-12855.9 60
-12879.8 59.9
-12903.6 59.8
-12927.2 59.7
-12950.7 59.6
-12974.1 59.5
-12997.2 59.4
-13020.3 59.3
-13043.1 59.2
-13065.9 59.1
-13088.5 59
-13110.9 58.9
-13133.3 58.8
-13155.4 58.7
-13177.5 58.6
-13199.4 58.5
-13221.2 58.4
-13242.8 58.3
-13264.4 58.2
-13285.8 58.1
-13307 58
-13328.2 57.9
-13349.2 57.8
-13370.2 57.7
-13391 57.6
-13411.6 57.5
-13432.2 57.4
-13452.7 57.3
-13473 57.2
-13493.3 57.1
-13513.4 57
-13533.4 56.9
-13553.3 56.8
-13573.2 56.7
-13592.9 56.6
-13612.5 56.5
-13632 56.4
-13651.4 56.3
-13670.7 56.2
-13689.9 56.1
-13709.1 56
-13728.1 55.9
-13747 55.8
-13765.9 55.7
-13784.6 55.6
-13803.3 55.5
-13821.9 55.4
-13840.4 55.3
-13858.8 55.2
-13877.1 55.1
-13895.3 55
-13913.5 54.9
-13931.5 54.8
-13949.5 54.7
-13967.4 54.6
-13985.3 54.5
-14003 54.4
-14020.7 54.3
-14038.3 54.2
-14055.8 54.1
-14073.2 54
-14090.6 53.9
-14107.9 53.8
-14125.1 53.7
-14142.3 53.6
-14159.4 53.5
-14176.4 53.4
-14193.3 53.3
-14210.2 53.2
-14227 53.1
-14243.7 53
-14260.4 52.9
-14277 52.8
-14293.6 52.7
-14310 52.6
-14326.5 52.5
-14342.8 52.4
-14359.1 52.3
-14375.3 52.2
-14391.5 52.1
-14407.6 52
-14423.6 51.9
-14439.6 51.8
-14455.6 51.7
-14471.4 51.6
-14487.2 51.5
-14503 51.4
-14518.7 51.3
-14534.4 51.2
-14549.9 51.1
-14565.5 51
-14581 50.9
-14596.4 50.8
-14611.8 50.7
-14627.1 50.6
-14642.4 50.5
-14657.6 50.4
-14672.7 50.3
-14687.9 50.2
-14702.9 50.1
-14718 50
-14732.9 49.9
-14747.8 49.8
-14762.7 49.7
-14777.5 49.6
-14792.3 49.5
-14807.1 49.4
-14821.7 49.3
-14836.4 49.2
-14851 49.1
-14865.5 49
-14880 48.9
-14894.5 48.8
-14908.9 48.7
-14923.3 48.6
-14937.6 48.5
-14951.9 48.4
-14966.1 48.3
-14980.3 48.2
-14994.5 48.1
-15008.6 48
-15022.7 47.9
-15036.7 47.8
-15050.7 47.7
-15064.7 47.6
-15078.6 47.5
-15092.5 47.4
-15106.3 47.3
-15120.1 47.2
-15133.9 47.1
-15147.6 47
-15161.3 46.9
-15174.9 46.8
-15188.5 46.7
-15202.1 46.6
-15215.7 46.5
-15229.2 46.4
-15242.6 46.3
-15256.1 46.2
-15269.5 46.1
-15282.8 46
-15296.2 45.9
-15309.4 45.8
-15322.7 45.7
-15335.9 45.6
-15349.1 45.5
-15362.3 45.4
-15375.4 45.3
-15388.5 45.2
-15401.6 45.1
-15414.6 45
-15427.6 44.9
-15440.5 44.8
-15453.5 44.7
-15466.4 44.6
-15479.2 44.5
-15492.1 44.4
-15504.9 44.3
-15517.7 44.2
-15530.4 44.1
-15543.1 44
-15555.8 43.9
-15568.5 43.8
-15581.1 43.7
-15593.7 43.6
-15606.3 43.5
-15618.8 43.4
-15631.3 43.3
-15643.8 43.2
-15656.3 43.1
-15668.7 43
-15681.1 42.9
-15693.5 42.8
-15705.8 42.7
-15718.1 42.6
-15730.4 42.5
-15742.7 42.4
-15754.9 42.3
-15767.1 42.2
-15779.3 42.1
-15791.5 42
-15803.6 41.9
-15815.7 41.8
-15827.8 41.7
-15839.9 41.6
-15851.9 41.5
-15863.9 41.4
-15875.9 41.3
-15887.9 41.2
-15899.8 41.1
-15911.7 41
-15923.6 40.9
-15935.5 40.8
-15947.3 40.7
-15959.1 40.6
-15970.9 40.5
-15982.7 40.4
-15994.4 40.3
-16006.1 40.2
-16017.8 40.1
-16029.5 40
-16041.2 39.9
-16052.8 39.8
-16064.4 39.7
-16076 39.6
-16087.6 39.5
-16099.1 39.4
-16110.6 39.3
-16122.1 39.2
-16133.6 39.1
-16145 39
-16156.5 38.9
-16167.9 38.8
-16179.3 38.7
-16190.7 38.6
-16202 38.5
-16213.3 38.4
-16224.6 38.3
-16235.9 38.2
-16247.2 38.1
-16258.5 38
-16269.7 37.9
-16280.9 37.8
-16292.1 37.7
-16303.2 37.6
-16314.4 37.5
-16325.5 37.4
-16336.6 37.3
-16347.7 37.2
-16358.8 37.1
-16369.9 37
-16380.9 36.9
-16391.9 36.8
-16402.9 36.7
-16413.9 36.6
-16424.8 36.5
-16435.8 36.4
-16446.7 36.3
-16457.6 36.2
-16468.5 36.1
-16479.4 36
-16490.2 35.9
-16501.1 35.8
-16511.9 35.7
-16522.7 35.6
-16533.4 35.5
-16544.2 35.4
-16555 35.3
-16565.7 35.2
-16576.4 35.1
-16587.1 35
-16597.8 34.9
-16608.4 34.8
-16619.1 34.7
-16629.7 34.6
-16640.3 34.5
-16650.9 34.4
-16661.5 34.3
-16672 34.2
-16682.6 34.1
-16693.1 34
-16703.6 33.9
-16714.1 33.8
-16724.6 33.7
-16735.1 33.6
-16745.5 33.5
-16756 33.4
-16766.4 33.3
-16776.8 33.2
-16787.2 33.1
-16797.5 33
-16807.9 32.9
-16818.2 32.8
-16828.6 32.7
-16838.9 32.6
-16849.2 32.5
-16859.4 32.4
-16869.7 32.3
-16880 32.2
-16890.2 32.1
-16900.4 32
-16910.6 31.9
-16920.8 31.8
-16931 31.7
-16941.2 31.6
-16951.3 31.5
-16961.4 31.4
-16971.6 31.3
-16981.7 31.2
-16991.8 31.1
-17001.8 31
-17011.9 30.9
-17022 30.8
-17032 30.7
-17042 30.6
-17052 30.5
-17062 30.4
-17072 30.3
-17082 30.2
-17091.9 30.1
-17101.9 30
-17111.8 29.9
-17121.7 29.8
-17131.6 29.7
-17141.5 29.6
-17151.4 29.5
-17161.2 29.4
-17171.1 29.3
-17180.9 29.2
-17190.7 29.1
-17200.5 29
-17210.3 28.9
-17220.1 28.8
-17229.9 28.7
-17239.7 28.6
-17249.4 28.5
-17259.1 28.4
-17268.9 28.3
-17278.6 28.2
-17288.3 28.1
-17297.9 28
-17307.6 27.9
-17317.3 27.8
-17326.9 27.7
-17336.6 27.6
-17346.2 27.5
-17355.8 27.4
-17365.4 27.3
-17375 27.2
-17384.6 27.1
-17394.1 27
-17403.7 26.9
-17413.2 26.8
-17422.7 26.7
-17432.3 26.6
-17441.8 26.5
-17451.3 26.4
-17460.7 26.3
-17470.2 26.2
-17479.7 26.1
-17489.1 26
-17498.5 25.9
-17508 25.8
-17517.4 25.7
-17526.8 25.6
-17536.2 25.5
-17545.5 25.4
-17554.9 25.3
-17564.3 25.2
-17573.6 25.1
-17582.9 25
-17592.3 24.9
-17601.6 24.8
-17610.9 24.7
-17620.2 24.6
-17629.5 24.5
-17638.7 24.4
-17648 24.3
-17657.2 24.2
-17666.5 24.1
-17675.7 24
-17684.9 23.9
-17694.1 23.8
-17703.3 23.7
-17712.5 23.6
-17721.7 23.5
-17730.8 23.4
-17740 23.3
-17749.1 23.2
-17758.2 23.1
-17767.4 23
-17776.5 22.9
-17785.6 22.8
-17794.7 22.7
-17803.7 22.6
-17812.8 22.5
-17821.9 22.4
-17830.9 22.3
-17839.9 22.2
-17849 22.1
-17858 22
-17867 21.9
-17876 21.8
-17885 21.7
-17894 21.6
-17902.9 21.5
-17911.9 21.4
-17920.8 21.3
-17929.8 21.2
-17938.7 21.1
-17947.6 21
-17956.5 20.9
-17965.4 20.8
-17974.3 20.7
-17983.2 20.6
-17992.1 20.5
-18000.9 20.4
-18009.8 20.3
-18018.6 20.2
-18027.4 20.1
-18036.3 20
-18045.1 19.9
-18053.9 19.8
-18062.7 19.7
-18071.5 19.6
-18080.2 19.5
-18089 19.4
-18097.8 19.3
-18106.5 19.2
-18115.2 19.1
-18124 19
-18132.7 18.9
-18141.4 18.8
-18150.1 18.7
-18158.8 18.6
-18167.5 18.5
-18176.1 18.4
-18184.8 18.3
-18193.5 18.2
-18202.1 18.1
-18210.7 18
-18219.4 17.9
-18228 17.8
-18236.6 17.7
-18245.2 17.6
-18253.8 17.5
-18262.4 17.4
-18270.9 17.3
-18279.5 17.2
-18288.1 17.1
-18296.6 17
-18305.2 16.9
-18313.7 16.8
-18322.2 16.7
-18330.7 16.6
-18339.2 16.5
-18347.7 16.4
-18356.2 16.3
-18364.7 16.2
-18373.1 16.1
-18381.6 16
-18390 15.9
-18398.5 15.8
-18406.9 15.7
-18415.3 15.6
-18423.8 15.5
-18432.2 15.4
-18440.6 15.3
-18449 15.2
-18457.3 15.1
-18465.7 15
-18474.1 14.9
-18482.4 14.8
-18490.8 14.7
-18499.1 14.6
-18507.5 14.5
-18515.8 14.4
-18524.1 14.3
-18532.4 14.2
-18540.7 14.1
-18549 14
-18557.3 13.9
-18565.5 13.8
-18573.8 13.7
-18582.1 13.6
-18590.3 13.5
-18598.6 13.4
-18606.8 13.3
-18615 13.2
-18623.2 13.1
-18631.4 13
-18639.6 12.9
-18647.8 12.8
-18656 12.7
-18664.2 12.6
-18672.3 12.5
-18680.5 12.4
-18688.7 12.3
-18696.8 12.2
-18704.9 12.1
-18713.1 12
-18721.2 11.9
-18729.3 11.8
-18737.4 11.7
-18745.5 11.6
-18753.6 11.5
-18761.6 11.4
-18769.7 11.3
-18777.8 11.2
-18785.8 11.1
-18793.9 11
-18801.9 10.9
-18809.9 10.8
-18818 10.7
-18826 10.6
-18834 10.5
-18842 10.4
-18850 10.3
-18858 10.2
-18865.9 10.1
-18873.9 10
-18881.9 9.9
-18889.8 9.8
-18897.8 9.7
-18905.7 9.6
-18913.6 9.5
-18921.6 9.4
-18929.5 9.3
-18937.4 9.2
-18945.3 9.1
-18953.2 9
-18961.1 8.9
-18968.9 8.8
-18976.8 8.7
-18984.7 8.6
-18992.5 8.5
-19000.4 8.4
-19008.2 8.3
-19016 8.2
-19023.8 8.1
-19031.7 8
-19039.5 7.9
-19047.3 7.8
-19055.1 7.7
-19062.9 7.6
-19070.6 7.5
-19078.4 7.4
-19086.2 7.3
-19093.9 7.2
-19101.7 7.1
-19109.4 7
-19117.1 6.9
-19124.9 6.8
-19132.6 6.7
-19140.3 6.6
-19148 6.5
-19155.7 6.4
-19163.4 6.3
-19171.1 6.2
-19178.7 6.1
-19186.4 6
-19194.1 5.9
-19201.7 5.8
-19209.4 5.7
-19217 5.6
-19224.6 5.5
-19232.3 5.4
-19239.9 5.3
-19247.5 5.2
-19255.1 5.1
-19262.7 5
-19270.3 4.9
-19277.8 4.8
-19285.4 4.7
-19293 4.6
-19300.5 4.5
-19308.1 4.4
-19315.6 4.3
-19323.2 4.2
-19330.7 4.1
-19338.2 4
-19345.7 3.9
-19353.2 3.8
-19360.7 3.7
-19368.2 3.6
-19375.7 3.5
-19383.2 3.4
-19390.7 3.3
-19398.1 3.2
-19405.6 3.1
-19413 3
-19420.5 2.9
-19427.9 2.8
-19435.4 2.7
-19442.8 2.6
-19450.2 2.5
-19457.6 2.4
-19465 2.3
-19472.4 2.2
-19479.8 2.1
-19487.2 2
-19494.5 1.9
-19501.9 1.8
-19509.3 1.7
-19516.6 1.6
-19524 1.5
-19531.3 1.4
-19538.6 1.3
-19546 1.2
-19553.3 1.1
-19560.6 1
-19567.9 0.9
-19575.2 0.8
-19582.5 0.7
-19589.8 0.6
-19597 0.5
-19604.3 0.4
-19611.6 0.3
-19618.8 0.2
-19626.1 0.1
-19633.3 -2.95042e-14
-19640.6 -0.1
-19647.8 -0.2
-19655 -0.3
-19662.2 -0.4
-19669.4 -0.5
-19676.6 -0.6
-19683.8 -0.7
-19691 -0.8
-19698.2 -0.9
-19705.4 -1
-19712.6 -1.1
-19719.7 -1.2
-19726.9 -1.3
-19734 -1.4
-19741.2 -1.5
-19748.3 -1.6
-19755.4 -1.7
-19762.5 -1.8
-19769.7 -1.9
-19776.8 -2
-19783.9 -2.1
-19791 -2.2
-19798.1 -2.3
-19805.1 -2.4
-19812.2 -2.5
-19819.3 -2.6
-19826.3 -2.7
-19833.4 -2.8
-19840.4 -2.9
-19847.5 -3
-19854.5 -3.1
-19861.6 -3.2
-19868.6 -3.3
-19875.6 -3.4
-19882.6 -3.5
-19889.6 -3.6
-19896.6 -3.7
-19903.6 -3.8
-19910.6 -3.9
-19917.6 -4
-19924.5 -4.1
-19931.5 -4.2
-19938.4 -4.3
-19945.4 -4.4
-19952.3 -4.5
-19959.3 -4.6
-19966.2 -4.7
-19973.1 -4.8
-19980.1 -4.9
-19987 -5
-19993.9 -5.1
-20000.8 -5.2
-20007.7 -5.3
-20014.5 -5.4
-20021.4 -5.5
-20028.3 -5.6
-20035.2 -5.7
-20042 -5.8
-20048.9 -5.9
-20055.7 -6
-20062.6 -6.1
-20069.4 -6.2
-20076.2 -6.3
-20083.1 -6.4
-20089.9 -6.5
-20096.7 -6.6
-20103.5 -6.7
-20110.3 -6.8
-20117.1 -6.9
-20123.9 -7
-20130.6 -7.1
-20137.4 -7.2
-20144.2 -7.3
-20150.9 -7.4
-20157.7 -7.5
-20164.4 -7.6
-20171.2 -7.7
-20177.9 -7.8
-20184.6 -7.9
-20191.4 -8
-20198.1 -8.1
-20204.8 -8.2
-20211.5 -8.3
-20218.2 -8.4
-20224.9 -8.5
-20231.6 -8.6
-20238.3 -8.7
-20244.9 -8.8
-20251.6 -8.9
-20258.3 -9
-20264.9 -9.1
-20271.6 -9.2
-20278.2 -9.3
-20284.8 -9.4
-20291.5 -9.5
-20298.1 -9.6
-20304.7 -9.7
-20311.3 -9.8
-20317.9 -9.9
-20324.5 -10
-20331.1 -10.1
-20337.7 -10.2
-20344.3 -10.3
-20350.9 -10.4
-20357.4 -10.5
-20364 -10.6
-20370.6 -10.7
-20377.1 -10.8
-20383.6 -10.9
-20390.2 -11
-20396.7 -11.1
-20403.2 -11.2
-20409.8 -11.3
-20416.3 -11.4
-20422.8 -11.5
-20429.3 -11.6
-20435.8 -11.7
-20442.3 -11.8
-20448.8 -11.9
-20455.3 -12
-20461.7 -12.1
-20468.2 -12.2
-20474.7 -12.3
-20481.1 -12.4
-20487.6 -12.5
-20494 -12.6
-20500.4 -12.7
-20506.9 -12.8
-20513.3 -12.9
-20519.7 -13
-20526.1 -13.1
-20532.5 -13.2
-20539 -13.3
-20545.4 -13.4
-20551.7 -13.5
-20558.1 -13.6
-20564.5 -13.7
-20570.9 -13.8
-20577.3 -13.9
-20583.6 -14
-20590 -14.1
-20596.3 -14.2
-20602.7 -14.3
-20609 -14.4
-20615.3 -14.5
-20621.7 -14.6
-20628 -14.7
-20634.3 -14.8
-20640.6 -14.9
-20646.9 -15
-20653.2 -15.1
-20659.5 -15.2
-20665.8 -15.3
-20672.1 -15.4
-20678.4 -15.5
-20684.6 -15.6
-20690.9 -15.7
-20697.2 -15.8
-20703.4 -15.9
-20709.7 -16
-20715.9 -16.1
-20722.2 -16.2
-20728.4 -16.3
-20734.6 -16.4
-20740.8 -16.5
-20747 -16.6
-20753.3 -16.7
-20759.5 -16.8
-20765.7 -16.9
-20771.9 -17
-20778 -17.1
-20784.2 -17.2
-20790.4 -17.3
-20796.6 -17.4
-20802.7 -17.5
-20808.9 -17.6
-20815.1 -17.7
-20821.2 -17.8
-20827.3 -17.9
-20833.5 -18
-20839.6 -18.1
-20845.7 -18.2
-20851.9 -18.3
-20858 -18.4
-20864.1 -18.5
-20870.2 -18.6
-20876.3 -18.7
-20882.4 -18.8
-20888.5 -18.9
-20894.6 -19
-20900.6 -19.1
-20906.7 -19.2
-20912.8 -19.3
-20918.8 -19.4
-20924.9 -19.5
-20931 -19.6
-20937 -19.7
-20943 -19.8
-20949.1 -19.9
-20955.1 -20
-20961.1 -20.1
-20967.2 -20.2
-20973.2 -20.3
-20979.2 -20.4
-20985.2 -20.5
-20991.2 -20.6
-20997.2 -20.7
-21003.2 -20.8
-21009.1 -20.9
-21015.1 -21
-21021.1 -21.1
-21027.1 -21.2
-21033 -21.3
-21039 -21.4
-21044.9 -21.5
-21050.9 -21.6
-21056.8 -21.7
-21062.8 -21.8
-21068.7 -21.9
-21074.6 -22
-21080.5 -22.1
-21086.4 -22.2
-21092.4 -22.3
-21098.3 -22.4
-21104.2 -22.5
-21110.1 -22.6
-21115.9 -22.7
-21121.8 -22.8
-21127.7 -22.9
-21133.6 -23
-21139.5 -23.1
-21145.3 -23.2
-21151.2 -23.3
-21157 -23.4
-21162.9 -23.5
-21168.7 -23.6
-21174.6 -23.7
-21180.4 -23.8
-21186.2 -23.9
-21192 -24
-21197.9 -24.1
-21203.7 -24.2
-21209.5 -24.3
-21215.3 -24.4
-21221.1 -24.5
-21226.9 -24.6
-21232.7 -24.7
-21238.5 -24.8
-21244.2 -24.9
-21250 -25
-21255.8 -25.1
-21261.5 -25.2
-21267.3 -25.3
-21273.1 -25.4
-21278.8 -25.5
-21284.6 -25.6
-21290.3 -25.7
-21296 -25.8
-21301.8 -25.9
-21307.5 -26
-21313.2 -26.1
-21318.9 -26.2
-21324.6 -26.3
-21330.3 -26.4
-21336 -26.5
-21341.7 -26.6
-21347.4 -26.7
-21353.1 -26.8
-21358.8 -26.9
-21364.5 -27
-21370.2 -27.1
-21375.8 -27.2
-21381.5 -27.3
-21387.1 -27.4
-21392.8 -27.5
-21398.4 -27.6
-21404.1 -27.7
-21409.7 -27.8
-21415.4 -27.9
-21421 -28
-21426.6 -28.1
-21432.2 -28.2
-21437.9 -28.3
-21443.5 -28.4
-21449.1 -28.5
-21454.7 -28.6
-21460.3 -28.7
-21465.9 -28.8
-21471.5 -28.9
-21477 -29
-21482.6 -29.1
-21488.2 -29.2
-21493.8 -29.3
-21499.3 -29.4
-21504.9 -29.5
-21510.4 -29.6
-21516 -29.7
-21521.5 -29.8
-21527.1 -29.9
-21532.6 -30
-21538.2 -30.1
-21543.7 -30.2
-21549.2 -30.3
-21554.7 -30.4
-21560.2 -30.5
-21565.8 -30.6
-21571.3 -30.7
-21576.8 -30.8
-21582.3 -30.9
-21587.8 -31
-21593.2 -31.1
-21598.7 -31.2
-21604.2 -31.3
-21609.7 -31.4
-21615.1 -31.5
-21620.6 -31.6
-21626.1 -31.7
-21631.5 -31.8
-21637 -31.9
-21642.4 -32
-21647.9 -32.1
-21653.3 -32.2
-21658.8 -32.3
-21664.2 -32.4
-21669.6 -32.5
-21675 -32.6
-21680.5 -32.7
-21685.9 -32.8
-21691.3 -32.9
-21696.7 -33
-21702.1 -33.1
-21707.5 -33.2
-21712.9 -33.3
-21718.3 -33.4
-21723.6 -33.5
-21729 -33.6
-21734.4 -33.7
-21739.8 -33.8
-21745.1 -33.9
-21750.5 -34
-21755.9 -34.1
-21761.2 -34.2
-21766.6 -34.3
-21771.9 -34.4
-21777.2 -34.5
-21782.6 -34.6
-21787.9 -34.7
-21793.2 -34.8
-21798.6 -34.9
-21803.9 -35
-21809.2 -35.1
-21814.5 -35.2
-21819.8 -35.3
-21825.1 -35.4
-21830.4 -35.5
-21835.7 -35.6
-21841 -35.7
-21846.3 -35.8
-21851.6 -35.9
-21856.9 -36
-21862.1 -36.1
-21867.4 -36.2
-21872.7 -36.3
-21877.9 -36.4
-21883.2 -36.5
-21888.5 -36.6
-21893.7 -36.7
-21899 -36.8
-21904.2 -36.9
-21909.4 -37
-21914.7 -37.1
-21919.9 -37.2
-21925.1 -37.3
-21930.4 -37.4
-21935.6 -37.5
-21940.8 -37.6
-21946 -37.7
-21951.2 -37.8
-21956.4 -37.9
-21961.6 -38
-21966.8 -38.1
-21972 -38.2
-21977.2 -38.3
-21982.4 -38.4
-21987.5 -38.5
-21992.7 -38.6
-21997.9 -38.7
-22003.1 -38.8
-22008.2 -38.9
-22013.4 -39
-22018.5 -39.1
-22023.7 -39.2
-22028.8 -39.3
-22034 -39.4
-22039.1 -39.5
-22044.3 -39.6
-22049.4 -39.7
-22054.5 -39.8
-22059.7 -39.9
-22064.8 -40
-22069.9 -40.1
-22075 -40.2
-22080.1 -40.3
-22085.2 -40.4
-22090.3 -40.5
-22095.4 -40.6
-22100.5 -40.7
-22105.6 -40.8
-22110.7 -40.9
-22115.8 -41
-22120.9 -41.1
-22125.9 -41.2
-22131 -41.3
-22136.1 -41.4
-22141.1 -41.5
-22146.2 -41.6
-22151.3 -41.7
-22156.3 -41.8
-22161.4 -41.9
-22166.4 -42
-22171.5 -42.1
-22176.5 -42.2
-22181.5 -42.3
-22186.6 -42.4
-22191.6 -42.5
-22196.6 -42.6
-22201.6 -42.7
-22206.7 -42.8
-22211.7 -42.9
-22216.7 -43
-22221.7 -43.1
-22226.7 -43.2
-22231.7 -43.3
-22236.7 -43.4
-22241.7 -43.5
-22246.7 -43.6
-22251.7 -43.7
-22256.6 -43.8
-22261.6 -43.9
-22266.6 -44
-22271.6 -44.1
-22276.5 -44.2
-22281.5 -44.3
-22286.5 -44.4
-22291.4 -44.5
-22296.4 -44.6
-22301.3 -44.7
-22306.3 -44.8
-22311.2 -44.9
-22316.2 -45
-22321.1 -45.1
-22326 -45.2
-22331 -45.3
-22335.9 -45.4
-22340.8 -45.5
-22345.7 -45.6
-22350.6 -45.7
-22355.6 -45.8
-22360.5 -45.9
-22365.4 -46
-22370.3 -46.1
-22375.2 -46.2
-22380.1 -46.3
-22385 -46.4
-22389.9 -46.5
-22394.7 -46.6
-22399.6 -46.7
-22404.5 -46.8
-22409.4 -46.9
-22414.2 -47
-22419.1 -47.1
-22424 -47.2
-22428.8 -47.3
-22433.7 -47.4
-22438.6 -47.5
-22446.3 -47.6
-22455.3 -47.7
-22464.3 -47.8
-22473.3 -47.9
-22482.3 -48
-22491.2 -48.1
-22500.1 -48.2
-22509.1 -48.3
-22518 -48.4
-22527 -48.5
-22536 -48.6
-22544.9 -48.7
-22553.9 -48.8
-22562.8 -48.9
-22571.7 -49
-22580.6 -49.1
-22589.5 -49.2
-22598.3 -49.3
-22607.2 -49.4
-22616 -49.5
-22624.8 -49.6
-22633.6 -49.7
-22642.3 -49.8
-22651.1 -49.9
-22659.8 -50
-22668.5 -50.1
-22677.2 -50.2
-22685.9 -50.3
-22694.6 -50.4
-22703.2 -50.5
-22711.8 -50.6
-22720.5 -50.7
-22729.1 -50.8
-22737.6 -50.9
-22746.2 -51
-22754.8 -51.1
-22763.3 -51.2
-22771.8 -51.3
-22780.3 -51.4
-22788.8 -51.5
-22797.3 -51.6
-22805.7 -51.7
-22814.1 -51.8
-22822.6 -51.9
-22831 -52
-22839.4 -52.1
-22847.7 -52.2
-22856.1 -52.3
-22864.4 -52.4
-22872.8 -52.5
-22881.1 -52.6
-22889.4 -52.7
-22897.7 -52.8
-22906 -52.9
-22914.2 -53
-22922.5 -53.1
-22930.7 -53.2
-22938.9 -53.3
-22947.1 -53.4
-22955.3 -53.5
-22963.4 -53.6
-22971.6 -53.7
-22979.7 -53.8
-22987.9 -53.9
-22996 -54
-23004.1 -54.1
-23012.2 -54.2
-23020.2 -54.3
-23028.3 -54.4
-23036.4 -54.5
-23044.4 -54.6
-23052.4 -54.7
-23060.4 -54.8
-23068.4 -54.9
-23076.4 -55
-23084.3 -55.1
-23092.3 -55.2
-23100.2 -55.3
-23108.2 -55.4
-23116.1 -55.5
-23124 -55.6
-23131.9 -55.7
-23139.7 -55.8
-23147.6 -55.9
-23155.5 -56
-23163.3 -56.1
-23171.1 -56.2
-23178.9 -56.3
-23186.7 -56.4
-23194.5 -56.5
-23202.3 -56.6
-23210.1 -56.7
-23217.8 -56.8
-23225.5 -56.9
-23233.3 -57
-23241 -57.1
-23248.7 -57.2
-23256.4 -57.3
-23264.1 -57.4
-23271.7 -57.5
-23279.4 -57.6
-23287 -57.7
-23294.7 -57.8
-23302.3 -57.9
-23309.9 -58
-23317.5 -58.1
-23325.1 -58.2
-23332.7 -58.3
-23340.2 -58.4
-23347.8 -58.5
-23355.3 -58.6
-23362.8 -58.7
-23370.4 -58.8
-23377.9 -58.9
-23385.4 -59
-23392.8 -59.1
-23400.3 -59.2
-23407.8 -59.3
-23415.2 -59.4
-23422.7 -59.5
-23430.1 -59.6
-23437.5 -59.7
-23444.9 -59.8
-23452.3 -59.9
-23459.7 -60
-23467.1 -60.1
-23474.5 -60.2
-23481.8 -60.3
-23489.2 -60.4
-23496.5 -60.5
-23503.8 -60.6
-23511.2 -60.7
-23518.5 -60.8
-23525.8 -60.9
-23533 -61
-23540.3 -61.1
-23547.6 -61.2
-23554.8 -61.3
-23562.1 -61.4
-23569.3 -61.5
-23717.1 -61.6
-24076.7 -61.7
-24435.9 -61.8
-24794.7 -61.9
-25159 -62
-25535.4 -62.1
-25911.2 -62.2
-26286.4 -62.3
-26661 -62.4
-27035 -62.5
-27408.3 -62.6
-27781 -62.7
-28177.8 -62.8
-28604.5 -62.9
-29031 -63
-29456.4 -63.1
-29880.5 -63.2
-30303.4 -63.3
-30725 -63.4
-31145.3 -63.5
-31564.3 -63.6
-31981.9 -63.7
-32398 -63.8
-32812.7 -63.9
-33225.9 -64
-33637.5 -64.1
-34047.6 -64.2
-34456.1 -64.3
-34862.9 -64.4
-35268.1 -64.5
-35671.5 -64.6
-36073.2 -64.7
-36473.1 -64.8
-36880.6 -64.9
-37325.6 -65
-37767.7 -65.1
-38206.7 -65.2
-38642.7 -65.3
-39075.4 -65.4
-39505 -65.5
-39931.4 -65.6
-40354.4 -65.7
-40774 -65.8
-41190.2 -65.9
-41602.9 -66
-42012.1 -66.1
-42417.7 -66.2
-42819.6 -66.3
-43217.8 -66.4
-43612.2 -66.5
-44002.8 -66.6
-44389.6 -66.7
-44772.4 -66.8
-45151.2 -66.9
-45526 -67
-45896.6 -67.1
-46263.1 -67.2
-46625.4 -67.3
-46983.4 -67.4
-47337.1 -67.5
-47686.4 -67.6
-48031.2 -67.7
-48371.5 -67.8
-48707.2 -67.9
-49038.4 -68
-49364.8 -68.1
-49686.4 -68.2
-50003.3 -68.3
-50315.3 -68.4
-50622.3 -68.5
-50924.4 -68.6
-51221.4 -68.7
-51513.3 -68.8
-51800.1 -68.9
-52081.7 -69
-52358 -69.1
-52629 -69.2
-52894.7 -69.3
-53155 -69.4
-53410 -69.5
-53659.5 -69.6
-53903.6 -69.7
-54142.2 -69.8
-54375.4 -69.9
-54603.1 -70
-54825.4 -70.1
-55042.3 -70.2
-55253.8 -70.3
-55460 -70.4
-55660.8 -70.5
-55856.4 -70.6
-56046.8 -70.7
-56232.1 -70.8
-56412.3 -70.9
-56587.5 -71
-56757.8 -71.1
-56923.3 -71.2
-57084.2 -71.3
-57240.3 -71.4
-57392 -71.5
-57539.3 -71.6
-57682.2 -71.7
-57821 -71.8
-57955.6 -71.9
-58086.2 -72
-58213 -72.1
-58335.9 -72.2
-58455.2 -72.3
-58570.8 -72.4
-58683 -72.5
-58791.7 -72.6
-58897.2 -72.7
-58999.4 -72.8
-59098.4 -72.9
-59194.5 -73
-59287.5 -73.1
-59377.6 -73.2
-59465 -73.3
-59549.6 -73.4
-59631.6 -73.5
-59711 -73.6
-59787.9 -73.7
-59862.5 -73.8
-59934.7 -73.9
-60004.7 -74
-60072.6 -74.1
-60138.4 -74.2
-60202.2 -74.3
-60264.2 -74.4
-60324.4 -74.5
-60382.9 -74.6
-60439.8 -74.7
-60493.4 -74.8
-60543 -74.9
-60590.4 -75
-60635.8 -75.1
-60679.9 -75.2
-60723 -75.3
-60765.1 -75.4
-60806.3 -75.5
-60846.3 -75.6
-60885.3 -75.7
-60923.4 -75.8
-60959.9 -75.9
-60995.7 -76
-61030.9 -76.1
-61065.4 -76.2
-61099.2 -76.3
-61132.4 -76.4
-61165.1 -76.5
-61197.1 -76.6
-61228.6 -76.7
-61259.6 -76.8
-61290 -76.9
-61320 -77
-61349.4 -77.1
-61378.4 -77.2
-61406.9 -77.3
-61434.9 -77.4
-61462.5 -77.5
-61489.7 -77.6
-61516.5 -77.7
-61542.8 -77.8
-61568.8 -77.9
-61594.3 -78
-61619.5 -78.1
-61644.3 -78.2
-61668.8 -78.3
-61692.9 -78.4
-61716.6 -78.5
-61740 -78.6
-61763.1 -78.7
-61785.8 -78.8
-61808.2 -78.9
-61830.3 -79
-61852.2 -79.1
-61873.7 -79.2
-61894.9 -79.3
-61915.9 -79.4
-61936.5 -79.5
-61956.9 -79.6
-61977 -79.7
-61996.9 -79.8
-62016.5 -79.9
-62035.9 -80
-62055 -80.1
-62073.9 -80.2
-62092.5 -80.3
-62110.9 -80.4
-62129.1 -80.5
-62147.1 -80.6
-62164.8 -80.7
-62182.3 -80.8
-62199.7 -80.9
-62216.8 -81
-62233.7 -81.1
-62250.4 -81.2
-62266.9 -81.3
-62283.2 -81.4
-62299.4 -81.5
-62315.3 -81.6
-62331.1 -81.7
-62346.7 -81.8
-62362.2 -81.9
-62377.5 -82
-62392.6 -82.1
-62407.6 -82.2
-62422.4 -82.3
-62437 -82.4
-62451.5 -82.5
-62465.9 -82.6
-62480.1 -82.7
-62494.2 -82.8
-62508.1 -82.9
-62521.9 -83
-62535.6 -83.1
-62549.2 -83.2
-62562.6 -83.3
-62575.9 -83.4
-62589.1 -83.5
-62602.1 -83.6
-62615.1 -83.7
-62627.9 -83.8
-62640.6 -83.9
-62653.2 -84
-62665.8 -84.1
-62678.2 -84.2
-62690.5 -84.3
-62702.7 -84.4
-62714.8 -84.5
-62726.8 -84.6
-62738.8 -84.7
-62750.6 -84.8
-62762.4 -84.9
-62774 -85
-62785.6 -85.1
-62797.1 -85.2
-62808.5 -85.3
-62819.9 -85.4
-62831.1 -85.5
-62842.3 -85.6
-62853.5 -85.7
-62864.5 -85.8
-62875.5 -85.9
-62886.4 -86
-62897.3 -86.1
-62908 -86.2
-62918.8 -86.3
-62929.4 -86.4
-62940 -86.5
-62950.5 -86.6
-62961 -86.7
-62971.4 -86.8
-62981.8 -86.9
-62992.1 -87
-63002.4 -87.1
-63012.6 -87.2
-63022.7 -87.3
-63032.8 -87.4
-63042.9 -87.5
-63052.9 -87.6
-63062.9 -87.7
-63072.8 -87.8
-63082.7 -87.9
-63092.5 -88
-63102.3 -88.1
-63112 -88.2
-63121.7 -88.3
-63131.4 -88.4
-63141 -88.5
-63150.6 -88.6
-63160.2 -88.7
-63169.7 -88.8
-62471.4 -88.7
-61773.2 -88.6
-61075.2 -88.5
-60377.5 -88.4
-59680 -88.3
-58982.8 -88.2
-58286 -88.1
-57589.7 -88
-56893.8 -87.9
-56198.4 -87.8
-55503.5 -87.7
-54809.3 -87.6
-54115.6 -87.5
-53422.7 -87.4
-52730.4 -87.3
-52038.9 -87.2
-51348.2 -87.1
-50658.4 -87
-49985.7 -86.9
-49327.1 -86.8
-48671.7 -86.7
-48017.1 -86.6
-47370.8 -86.5
-46726.1 -86.4
-46082.3 -86.3
-45441.9 -86.2
-44807.8 -86.1
-44174.7 -86
-43542.8 -85.9
-42912.1 -85.8
-42282.5 -85.7
-41654.2 -85.6
-41027.1 -85.5
-40401.3 -85.4
-39776.9 -85.3
-39153.7 -85.2
-38532 -85.1
-37911.6 -85
-37292.7 -84.9
-36675.3 -84.8
-36059.4 -84.7
-35445 -84.6
-34832.2 -84.5
-34221 -84.4
-33611.5 -84.3
-33003.6 -84.2
-32397.4 -84.1
-31792.9 -84
-31190.2 -83.9
-30589.3 -83.8
-29990.2 -83.7
-29393 -83.6
-28797.6 -83.5
-28204.2 -83.4
-27612.7 -83.3
-27023.2 -83.2
-26435.7 -83.1
-25854.4 -83
-25276.7 -82.9
-24719.5 -82.8
-24172 -82.7
-23662.5 -82.6
-23166.9 -82.5
-22681.6 -82.4
-22197.9 -82.3
-21715.8 -82.2
-21235.4 -82.1
-20756.7 -82
-20279.7 -81.9
-19804.4 -81.8
-19330.8 -81.7
-18859 -81.6
-18388.9 -81.5
-17920.6 -81.4
-17454.1 -81.3
-16989.4 -81.2
-16526.6 -81.1
-16065.6 -81
-15665.3 -80.9
-15267.4 -80.8
-14871 -80.7
-14476 -80.6
-14082.3 -80.5
-13690.1 -80.4
-13299.4 -80.3
-12910 -80.2
-12522.1 -80.1
-12135.7 -80
-11800.9 -79.9
-11527.6 -79.8
-11255.6 -79.7
-10985 -79.6
-10715.8 -79.5
-10448 -79.4
-10181.5 -79.3
-9916.4 -79.2
-9652.72 -79.1
-9390.43 -79
-9129.48 -78.9
-8869.95 -78.8
-8611.84 -78.7
-8355.16 -78.6
-8099.91 -78.5
-7846.1 -78.4
-7593.73 -78.3
-7342.81 -78.2
-7093.34 -78.1
-6845.32 -78
-6598.75 -77.9
-6353.65 -77.8
-6110 -77.7
-5867.82 -77.6
-5627.11 -77.5
-5387.86 -77.4
-5153.34 -77.3
-4921.73 -77.2
-4691.57 -77.1
-4464.49 -77
-4241.68 -76.9
-4020.31 -76.8
-3800.36 -76.7
-3581.83 -76.6
-3364.73 -76.5
-3149.04 -76.4
-2935.09 -76.3
-2722.87 -76.2
-2512.66 -76.1
-2304.52 -76
-2097.76 -75.9
-1892.73 -75.8
-1690.13 -75.7
-1488.97 -75.6
-1289.41 -75.5
-1091.83 -75.4
-895.994 -75.3
-701.835 -75.2
-509.144 -75.1
-318.599 -75
-133.017 -74.9
44.763 -74.8
218.194 -74.7
393.113 -74.6
568.17 -74.5
742.768 -74.4
917.22 -74.3
1088.39 -74.2
1258.44 -74.1
1427.38 -74
1595.21 -73.9
1761.93 -73.8
1927.55 -73.7
2092.07 -73.6
2255.49 -73.5
2417.81 -73.4
2579.05 -73.3
2739.2 -73.2
2898.27 -73.1
3056.26 -73
3213.17 -72.9
3369.02 -72.8
3523.79 -72.7
3677.51 -72.6
3830.17 -72.5
3981.78 -72.4
4132.33 -72.3
4281.84 -72.2
4430.32 -72.1
4577.75 -72
4724.16 -71.9
4869.53 -71.8
5013.89 -71.7
5155.79 -71.6
5292.42 -71.5
5428 -71.4
5562.51 -71.3
5695.98 -71.2
5828.4 -71.1
5959.78 -71
6090.12 -70.9
6219.43 -70.8
6347.71 -70.7
6474.97 -70.6
6601.22 -70.5
6726.45 -70.4
6850.68 -70.3
6973.91 -70.2
7096.15 -70.1
7217.39 -70
7337.66 -69.9
7456.94 -69.8
7575.25 -69.7
7692.59 -69.6
7808.98 -69.5
7924.4 -69.4
8038.88 -69.3
8152.41 -69.2
8265 -69.1
8376.66 -69
8487.39 -68.9
8597.2 -68.8
8706.1 -68.7
8814.08 -68.6
8921.15 -68.5
9027.33 -68.4
9132.62 -68.3
9237.01 -68.2
9340.53 -68.1
9443.17 -68
9544.94 -67.9
9645.84 -67.8
9745.89 -67.7
9845.08 -67.6
9943.43 -67.5
10040.9 -67.4
10137.6 -67.3
10233.4 -67.2
10328.5 -67.1
10422.7 -67
10516 -66.9
10608.6 -66.8
10700.4 -66.7
10791.4 -66.6
10881.6 -66.5
10971 -66.4
11059.6 -66.3
11147.5 -66.2
11234.6 -66.1
11320.9 -66
11406.5 -65.9
11491.3 -65.8
11575.4 -65.7
11658.8 -65.6
11741.4 -65.5
11823.3 -65.4
11904.4 -65.3
11984.9 -65.2
12064.6 -65.1
12143.7 -65
12222 -64.9
12299.7 -64.8
12376.6 -64.7
12452.9 -64.6
12528.5 -64.5
12603.4 -64.4
12677.7 -64.3
12751.3 -64.2
12824.2 -64.1
12896.5 -64
12968.2 -63.9
13039.2 -63.8
13109.6 -63.7
13179.3 -63.6
13248.5 -63.5
13317 -63.4
13384.9 -63.3
13452.1 -63.2
13518.8 -63.1
13584.9 -63
13650.4 -62.9
13715.3 -62.8
13779.6 -62.7
13843.4 -62.6
13906.5 -62.5
13969.1 -62.4
14031.2 -62.3
14092.6 -62.2
14153.6 -62.1
14213.9 -62
14273.8 -61.9
14333.1 -61.8
14391.8 -61.7
14450 -61.6
14507.7 -61.5
14564.9 -61.4
14621.6 -61.3
14677.7 -61.2
14733.4 -61.1
14788.5 -61
14843.2 -60.9
14897.3 -60.8
14951 -60.7
15004.2 -60.6
15056.9 -60.5
15109.1 -60.4
15160.9 -60.3
15212.2 -60.2
15263 -60.1
15313.4 -60
15363.3 -59.9
15412.7 -59.8
15461.8 -59.7
15510.3 -59.6
15558.5 -59.5
15606.2 -59.4
15653.4 -59.3
15700.3 -59.2
15746.7 -59.1
15792.7 -59
15838.3 -58.9
15883.5 -58.8
15928.3 -58.7
15972.7 -58.6
16016.7 -58.5
16060.3 -58.4
16103.4 -58.3
16146.3 -58.2
16188.7 -58.1
16230.7 -58
16272.4 -57.9
16313.7 -57.8
16354.6 -57.7
16395.2 -57.6
16435.4 -57.5
16475.3 -57.4
16514.8 -57.3
16553.9 -57.2
16592.7 -57.1
16631.2 -57
16669.3 -56.9
16707.1 -56.8
16744.5 -56.7
16781.6 -56.6
16818.4 -56.5
16854.9 -56.4
16891 -56.3
16926.9 -56.2
16962.4 -56.1
16997.6 -56
17032.5 -55.9
17067.1 -55.8
17101.4 -55.7
17135.4 -55.6
17169.1 -55.5
17202.5 -55.4
17235.6 -55.3
17268.4 -55.2
17301 -55.1
17333.2 -55
17365.2 -54.9
17396.9 -54.8
17428.4 -54.7
17459.6 -54.6
17490.5 -54.5
17521.1 -54.4
17551.5 -54.3
17581.7 -54.2
17611.5 -54.1
17641.2 -54
17670.6 -53.9
17699.7 -53.8
17728.6 -53.7
17757.2 -53.6
17785.6 -53.5
17813.8 -53.4
17841.8 -53.3
17869.5 -53.2
17897 -53.1
17924.2 -53
17951.3 -52.9
17978.1 -52.8
18004.7 -52.7
18031 -52.6
18057.2 -52.5
18083.2 -52.4
18108.9 -52.3
18134.5 -52.2
18159.8 -52.1
18184.9 -52
18209.9 -51.9
18234.6 -51.8
18259.2 -51.7
18283.5 -51.6
18307.7 -51.5
18331.7 -51.4
18355.4 -51.3
18379 -51.2
18402.5 -51.1
18425.7 -51
18448.8 -50.9
18471.7 -50.8
18494.4 -50.7
18516.9 -50.6
18539.3 -50.5
18561.5 -50.4
18583.5 -50.3
18605.4 -50.2
18627.1 -50.1
18648.7 -50
18670.1 -49.9
18691.3 -49.8
18712.4 -49.7
18733.3 -49.6
18754.1 -49.5
18774.7 -49.4
18795.2 -49.3
18815.5 -49.2
18835.7 -49.1
18855.8 -49
18875.7 -48.9
18895.4 -48.8
18915.1 -48.7
18934.6 -48.6
18953.9 -48.5
18973.1 -48.4
18992.2 -48.3
19011.2 -48.2
19030 -48.1
19048.7 -48
19067.3 -47.9
19085.8 -47.8
19104.1 -47.7
19122.4 -47.6
19140.5 -47.5
19158.4 -47.4
19176.3 -47.3
19194.1 -47.2
19211.7 -47.1
19229.2 -47
19246.6 -46.9
19263.9 -46.8
19281.1 -46.7
19298.2 -46.6
19315.2 -46.5
19332.1 -46.4
19348.8 -46.3
19365.5 -46.2
19382.1 -46.1
19398.6 -46
19414.9 -45.9
19431.2 -45.8
19447.4 -45.7
19463.5 -45.6
19479.5 -45.5
19495.3 -45.4
19511.2 -45.3
19526.9 -45.2
19542.5 -45.1
19558 -45
19573.5 -44.9
19588.8 -44.8
19604.1 -44.7
19619.3 -44.6
19634.4 -44.5
19649.4 -44.4
19664.4 -44.3
19679.2 -44.2
19694 -44.1
19708.7 -44
19723.3 -43.9
19737.9 -43.8
19752.4 -43.7
19766.7 -43.6
19781.1 -43.5
19795.3 -43.4
19809.5 -43.3
19823.6 -43.2
19837.6 -43.1
19851.6 -43
19865.5 -42.9
19879.3 -42.8
19893.1 -42.7
19906.8 -42.6
19920.4 -42.5
19934 -42.4
19947.4 -42.3
19960.9 -42.2
19974.2 -42.1
19987.6 -42
20000.8 -41.9
20014 -41.8
20027.1 -41.7
20040.2 -41.6
20053.2 -41.5
20066.1 -41.4
20079 -41.3
20091.8 -41.2
20104.6 -41.1
20117.3 -41
20130 -40.9
20142.6 -40.8
20155.1 -40.7
20167.6 -40.6
20180.1 -40.5
20192.5 -40.4
20204.8 -40.3
20217.1 -40.2
20229.3 -40.1
20241.5 -40
20253.7 -39.9
20265.7 -39.8
20277.8 -39.7
20289.8 -39.6
20301.7 -39.5
20313.6 -39.4
20325.5 -39.3
20337.3 -39.2
20349 -39.1
20360.8 -39
20372.4 -38.9
20384 -38.8
20395.6 -38.7
20407.2 -38.6
20418.7 -38.5
20430.1 -38.4
20441.5 -38.3
20452.9 -38.2
20464.2 -38.1
20475.5 -38
20486.8 -37.9
20498 -37.8
20509.1 -37.7
20520.2 -37.6
20531.3 -37.5
20542.4 -37.4
20553.4 -37.3
20564.4 -37.2
20575.3 -37.1
20586.2 -37
20597.1 -36.9
20607.9 -36.8
20618.7 -36.7
20629.4 -36.6
20640.1 -36.5
20650.8 -36.4
20661.5 -36.3
20672.1 -36.2
20682.7 -36.1
20693.2 -36
20703.7 -35.9
20714.2 -35.8
20724.7 -35.7
20735.1 -35.6
20745.5 -35.5
20755.8 -35.4
20766.1 -35.3
20776.4 -35.2
20786.7 -35.1
20796.9 -35
20807.1 -34.9
20817.2 -34.8
20827.4 -34.7
20837.5 -34.6
20847.6 -34.5
20857.6 -34.4
20867.6 -34.3
20877.6 -34.2
20887.6 -34.1
20897.5 -34
20907.4 -33.9
20917.3 -33.8
20927.1 -33.7
20936.9 -33.6
20946.7 -33.5
20956.5 -33.4
20966.2 -33.3
20975.9 -33.2
20985.6 -33.1
20995.3 -33
21004.9 -32.9
21014.5 -32.8
21024.1 -32.7
21033.7 -32.6
21043.2 -32.5
21052.7 -32.4
21062.2 -32.3
21071.7 -32.2
21081.1 -32.1
21090.5 -32
21099.9 -31.9
21109.2 -31.8
21118.6 -31.7
21127.9 -31.6
21137.2 -31.5
21146.5 -31.4
21155.7 -31.3
21164.9 -31.2
21174.1 -31.1
21183.3 -31
21192.5 -30.9
21201.6 -30.8
21210.7 -30.7
21219.8 -30.6
21228.9 -30.5
21237.9 -30.4
21247 -30.3
21256 -30.2
21265 -30.1
21273.9 -30
21282.9 -29.9
21291.8 -29.8
21300.7 -29.7
21309.6 -29.6
21318.4 -29.5
21327.3 -29.4
21336.1 -29.3
21344.9 -29.2
21353.7 -29.1
21362.4 -29
21371.2 -28.9
21379.9 -28.8
21388.6 -28.7
21397.3 -28.6
21406 -28.5
21414.6 -28.4
21423.3 -28.3
21431.9 -28.2
21440.5 -28.1
21449 -28
21457.6 -27.9
21466.1 -27.8
21474.7 -27.7
21483.2 -27.6
21491.7 -27.5
21500.1 -27.4
21508.6 -27.3
21517 -27.2
21525.4 -27.1
21533.8 -27
21542.2 -26.9
21550.6 -26.8
21558.9 -26.7
21567.3 -26.6
21575.6 -26.5
21583.9 -26.4
21592.2 -26.3
21600.4 -26.2
21608.7 -26.1
21616.9 -26
21625.1 -25.9
21633.4 -25.8
21641.5 -25.7
21649.7 -25.6
21657.9 -25.5
21666 -25.4
21674.1 -25.3
21682.2 -25.2
21690.3 -25.1
21698.4 -25
21706.5 -24.9
21714.5 -24.8
21722.6 -24.7
21730.6 -24.6
21738.6 -24.5
21746.6 -24.4
21754.5 -24.3
21762.5 -24.2
21770.4 -24.1
21778.4 -24
21786.3 -23.9
21794.2 -23.8
21802.1 -23.7
21809.9 -23.6
21817.8 -23.5
21825.6 -23.4
21833.5 -23.3
21841.3 -23.2
21849.1 -23.1
21856.9 -23
21864.7 -22.9
21872.4 -22.8
21880.2 -22.7
21887.9 -22.6
21895.6 -22.5
21903.3 -22.4
21911 -22.3
21918.7 -22.2
21926.4 -22.1
21934 -22
21941.7 -21.9
21949.3 -21.8
21956.9 -21.7
21964.5 -21.6
21972.1 -21.5
21979.7 -21.4
21987.2 -21.3
21994.8 -21.2
22002.3 -21.1
22009.8 -21
22017.4 -20.9
22024.9 -20.8
22032.3 -20.7
22039.8 -20.6
22047.3 -20.5
22054.7 -20.4
22062.2 -20.3
22069.6 -20.2
22077 -20.1
22084.4 -20
22091.8 -19.9
22099.2 -19.8
22106.5 -19.7
22113.9 -19.6
22121.2 -19.5
22128.6 -19.4
22135.9 -19.3
22143.2 -19.2
22150.5 -19.1
22157.8 -19
22165 -18.9
22172.3 -18.8
22179.6 -18.7
22186.8 -18.6
22194 -18.5
22201.2 -18.4
22208.4 -18.3
22215.6 -18.2
22222.8 -18.1
22230 -18
22237.1 -17.9
22244.3 -17.8
22251.4 -17.7
22258.5 -17.6
22265.7 -17.5
22272.8 -17.4
22279.9 -17.3
22286.9 -17.2
22294 -17.1
22301.1 -17
22308.1 -16.9
22315.2 -16.8
22322.2 -16.7
22329.2 -16.6
22336.2 -16.5
22343.2 -16.4
22350.2 -16.3
22357.2 -16.2
22364.1 -16.1
22371.1 -16
22378 -15.9
22385 -15.8
22391.9 -15.7
22398.8 -15.6
22405.7 -15.5
22412.6 -15.4
22419.5 -15.3
22426.3 -15.2
22433.2 -15.1
22440.1 -15
22446.9 -14.9
22453.7 -14.8
22460.6 -14.7
22467.4 -14.6
22474.2 -14.5
22481 -14.4
22487.7 -14.3
22494.5 -14.2
22501.3 -14.1
22508 -14
22514.8 -13.9
22521.5 -13.8
22528.2 -13.7
22534.9 -13.6
22541.6 -13.5
22548.3 -13.4
22555 -13.3
22561.7 -13.2
22568.4 -13.1
22575 -13
22581.7 -12.9
22588.3 -12.8
22594.9 -12.7
22601.5 -12.6
22608.2 -12.5
22614.8 -12.4
22621.3 -12.3
22627.9 -12.2
22634.5 -12.1
22641.1 -12
22647.6 -11.9
22654.2 -11.8
22660.7 -11.7
22667.2 -11.6
22673.7 -11.5
22680.2 -11.4
22686.7 -11.3
22693.2 -11.2
22699.7 -11.1
22706.2 -11
22712.6 -10.9
22719.1 -10.8
22725.5 -10.7
22732 -10.6
22738.4 -10.5
22744.8 -10.4
22751.2 -10.3
22757.6 -10.2
22764 -10.1
22770.4 -10
22776.8 -9.9
22783.1 -9.8
22789.5 -9.7
22795.9 -9.6
22802.2 -9.5
22808.5 -9.4
22814.8 -9.3
22821.2 -9.2
22827.5 -9.1
22833.8 -9
22840 -8.9
22846.3 -8.8
22852.6 -8.7
22858.9 -8.6
22865.1 -8.5
22871.4 -8.4
22877.6 -8.3
22883.8 -8.2
22890 -8.1
22896.3 -8
22902.5 -7.9
22908.7 -7.8
22914.8 -7.7
22921 -7.6
22927.2 -7.5
22933.4 -7.4
22939.5 -7.3
22945.7 -7.2
22951.8 -7.1
22957.9 -7
22964.1 -6.9
22970.2 -6.8
22976.3 -6.7
22982.4 -6.6
22988.5 -6.5
22994.5 -6.4
23000.6 -6.3
23006.7 -6.2
23012.7 -6.1
23018.8 -6
23024.8 -5.9
23030.9 -5.8
23036.9 -5.7
23042.9 -5.6
23048.9 -5.5
23054.9 -5.4
23060.9 -5.3
23066.9 -5.2
23072.9 -5.1
23078.9 -5
23084.8 -4.9
23090.8 -4.8
23096.7 -4.7
23102.7 -4.6
23108.6 -4.5
23114.5 -4.4
23120.4 -4.3
23126.3 -4.2
23132.3 -4.1
23138.1 -4
23144 -3.9
23149.9 -3.8
23155.8 -3.7
23161.6 -3.6
23167.5 -3.5
23173.4 -3.4
23179.2 -3.3
23185 -3.2
23190.9 -3.1
23196.7 -3
23202.5 -2.9
23208.3 -2.8
23214.1 -2.7
23219.9 -2.6
23225.7 -2.5
23231.4 -2.4
23237.2 -2.3
23243 -2.2
23248.7 -2.1
23254.5 -2
23260.2 -1.9
23265.9 -1.8
23271.7 -1.7
23277.4 -1.6
23283.1 -1.5
23288.8 -1.4
23294.5 -1.3
23300.2 -1.2
23305.9 -1.1
23311.5 -1
23317.2 -0.9
23322.9 -0.8
23328.5 -0.7
23334.2 -0.6
23339.8 -0.5
23345.4 -0.4
23351.1 -0.3
23356.7 -0.2
23362.3 -0.1
23367.9 -2.76723e-14
23373.5 0.1
23379.1 0.2
23384.7 0.3
23390.2 0.4
23395.8 0.5
23401.4 0.6
23406.9 0.7
23412.5 0.8
23418 0.9
23423.5 1
23429.1 1.1
23434.6 1.2
23440.1 1.3
23445.6 1.4
23451.1 1.5
23456.6 1.6
23462.1 1.7
23467.6 1.8
23473 1.9
23478.5 2
23484 2.1
23489.4 2.2
23494.9 2.3
23500.3 2.4
23505.8 2.5
23511.2 2.6
23516.6 2.7
23522 2.8
23527.4 2.9
23532.8 3
23538.2 3.1
23543.6 3.2
23549 3.3
23554.4 3.4
23559.7 3.5
23565.1 3.6
23570.4 3.7
23575.8 3.8
23581.1 3.9
23586.5 4
23591.8 4.1
23597.1 4.2
23602.4 4.3
23607.8 4.4
23613.1 4.5
23618.4 4.6
23623.6 4.7
23628.9 4.8
23634.2 4.9
23639.5 5
23644.7 5.1
23650 5.2
23655.3 5.3
23660.5 5.4
23665.7 5.5
23671 5.6
23676.2 5.7
23681.4 5.8
23686.7 5.9
23691.9 6
23697.1 6.1
23702.3 6.2
23707.5 6.3
23712.6 6.4
23717.8 6.5
23723 6.6
23728.2 6.7
23733.3 6.8
23738.5 6.9
23743.6 7
23748.8 7.1
23753.9 7.2
23759 7.3
23764.2 7.4
23769.3 7.5
23774.4 7.6
23779.5 7.7
23784.6 7.8
23789.7 7.9
23794.8 8
23799.9 8.1
23804.9 8.2
23810 8.3
23815.1 8.4
23820.1 8.5
23825.2 8.6
23830.2 8.7
23835.3 8.8
23840.3 8.9
23845.3 9
23850.4 9.1
23855.4 9.2
23860.4 9.3
23865.4 9.4
23870.4 9.5
23875.4 9.6
23880.4 9.7
23885.4 9.8
23890.4 9.9
23895.3 10
23900.3 10.1
23905.3 10.2
23910.2 10.3
23915.2 10.4
23920.1 10.5
23925 10.6
23930 10.7
23934.9 10.8
23939.8 10.9
23944.7 11
23949.7 11.1
23954.6 11.2
23959.5 11.3
23964.4 11.4
23969.2 11.5
23974.1 11.6
23979 11.7
23983.9 11.8
23988.7 11.9
23993.6 12
23998.5 12.1
24003.3 12.2
24008.1 12.3
24013 12.4
24017.8 12.5
24022.6 12.6
24027.5 12.7
24032.3 12.8
24037.1 12.9
24041.9 13
24046.7 13.1
24051.5 13.2
24056.3 13.3
24061.1 13.4
24065.9 13.5
24070.6 13.6
24075.4 13.7
24080.2 13.8
24084.9 13.9
24089.7 14
24094.4 14.1
24099.2 14.2
24103.9 14.3
24108.6 14.4
24113.4 14.5
24118.1 14.6
24122.8 14.7
24127.5 14.8
24132.2 14.9
24136.9 15
24141.6 15.1
24146.3 15.2
24151 15.3
24155.7 15.4
24160.4 15.5
24165 15.6
24169.7 15.7
24174.4 15.8
24179 15.9
24183.7 16
24188.3 16.1
24192.9 16.2
24197.6 16.3
24202.2 16.4
24206.8 16.5
24211.5 16.6
24216.1 16.7
24220.7 16.8
24225.3 16.9
24229.9 17
24234.5 17.1
24239.1 17.2
24243.7 17.3
24248.2 17.4
24252.8 17.5
24257.4 17.6
24262 17.7
24266.5 17.8
24271.1 17.9
24275.6 18
24280.2 18.1
24284.7 18.2
24289.3 18.3
24293.8 18.4
24298.3 18.5
24302.8 18.6
24307.4 18.7
24311.9 18.8
24316.4 18.9
24320.9 19
24325.4 19.1
24329.9 19.2
24334.4 19.3
24338.9 19.4
24343.3 19.5
24347.8 19.6
24352.3 19.7
24356.7 19.8
24361.2 19.9
24365.7 20
24370.1 20.1
24374.6 20.2
24379 20.3
24383.4 20.4
24387.9 20.5
24392.3 20.6
24396.7 20.7
24401.2 20.8
24405.6 20.9
24410 21
24414.4 21.1
24418.8 21.2
24423.2 21.3
24427.6 21.4
24432 21.5
24436.3 21.6
24440.7 21.7
24445.1 21.8
24449.5 21.9
24453.8 22
24458.2 22.1
24462.6 22.2
24466.9 22.3
24471.3 22.4
24475.6 22.5
24479.9 22.6
24484.3 22.7
24488.6 22.8
24492.9 22.9
24497.3 23
24501.6 23.1
24505.9 23.2
24510.2 23.3
24514.5 23.4
24518.8 23.5
24523.1 23.6
24527.4 23.7
24531.7 23.8
24536 23.9
24540.2 24
24544.5 24.1
24548.8 24.2
24553 24.3
24557.3 24.4
24561.6 24.5
24565.8 24.6
24570.1 24.7
24574.3 24.8
24578.6 24.9
24582.8 25
24587 25.1
24591.2 25.2
24595.5 25.3
24599.7 25.4
24603.9 25.5
24608.1 25.6
24612.3 25.7
24616.5 25.8
24620.7 25.9
24624.9 26
24629.1 26.1
24633.3 26.2
24637.5 26.3
24641.7 26.4
24645.8 26.5
24650 26.6
24654.2 26.7
24658.3 26.8
24662.5 26.9
24666.7 27
24670.8 27.1
24675 27.2
24679.1 27.3
24683.2 27.4
24687.4 27.5
24691.5 27.6
24695.6 27.7
24699.8 27.8
24703.9 27.9
24708 28
24712.1 28.1
24716.2 28.2
24720.3 28.3
24724.4 28.4
24728.5 28.5
24732.6 28.6
24736.7 28.7
24740.8 28.8
24744.8 28.9
24748.9 29
24753 29.1
24757.1 29.2
24761.1 29.3
24765.2 29.4
24769.2 29.5
24773.3 29.6
24777.4 29.7
24781.4 29.8
24785.4 29.9
24789.5 30
24793.5 30.1
24797.5 30.2
24801.6 30.3
24805.6 30.4
24809.6 30.5
24813.6 30.6
24817.6 30.7
24821.7 30.8
24825.7 30.9
24829.7 31
24833.7 31.1
24837.7 31.2
24841.6 31.3
24845.6 31.4
24849.6 31.5
24853.6 31.6
24857.6 31.7
24861.5 31.8
24865.5 31.9
24869.5 32
24873.4 32.1
24877.4 32.2
24881.3 32.3
24885.3 32.4
24889.2 32.5
24893.2 32.6
24897.1 32.7
24901.1 32.8
24905 32.9
24908.9 33
24912.9 33.1
24916.8 33.2
24920.7 33.3
24924.6 33.4
24928.5 33.5
24932.4 33.6
24936.3 33.7
24940.2 33.8
24944.1 33.9
24948 34
24951.9 34.1
24955.8 34.2
24959.7 34.3
24963.6 34.4
24967.5 34.5
24971.3 34.6
24975.2 34.7
24979.1 34.8
24982.9 34.9
24986.8 35
24990.7 35.1
24994.5 35.2
24998.4 35.3
25002.2 35.4
25006 35.5
25009.9 35.6
25013.7 35.7
25017.6 35.8
25021.4 35.9
25025.2 36
25029 36.1
25032.9 36.2
25036.7 36.3
25040.5 36.4
25044.3 36.5
25048.1 36.6
25051.9 36.7
25055.7 36.8
25059.5 36.9
25063.3 37
25067.1 37.1
25070.9 37.2
25074.7 37.3
25078.5 37.4
25082.2 37.5
25086 37.6
25089.8 37.7
25093.6 37.8
25097.3 37.9
25101.1 38
25104.8 38.1
25108.6 38.2
25112.4 38.3
25116.1 38.4
25119.9 38.5
25123.6 38.6
25127.3 38.7
25131.1 38.8
25134.8 38.9
25138.5 39
25142.3 39.1
25146 39.2
25149.7 39.3
25153.4 39.4
25157.2 39.5
25160.9 39.6
25164.6 39.7
25168.3 39.8
25172 39.9
25175.7 40
25179.4 40.1
25183.1 40.2
25186.8 40.3
25190.5 40.4
25194.2 40.5
25197.8 40.6
25201.5 40.7
25205.2 40.8
25208.9 40.9
25212.5 41
25216.2 41.1
25219.9 41.2
25223.5 41.3
25227.2 41.4
25230.9 41.5
25234.5 41.6
25238.2 41.7
25241.8 41.8
25245.5 41.9
25249.1 42
25252.7 42.1
25256.4 42.2
25260 42.3
25263.6 42.4
25267.3 42.5
25270.9 42.6
25274.5 42.7
25278.1 42.8
25281.8 42.9
25285.4 43
25289 43.1
25292.6 43.2
25296.2 43.3
25299.8 43.4
25303.4 43.5
25307 43.6
25310.6 43.7
25314.2 43.8
25317.8 43.9
25321.4 44
25324.9 44.1
25328.5 44.2
25332.1 44.3
25335.7 44.4
25339.2 44.5
25342.8 44.6
25346.4 44.7
25349.9 44.8
25353.5 44.9
25357.1 45
25360.6 45.1
25364.2 45.2
25367.7 45.3
25371.3 45.4
25374.8 45.5
25378.4 45.6
25381.9 45.7
25385.4 45.8
25389 45.9
25392.5 46
25396 46.1
25399.6 46.2
25403.1 46.3
25406.6 46.4
25410.1 46.5
25413.6 46.6
25417.1 46.7
25420.7 46.8
25424.2 46.9
25427.7 47
25431.2 47.1
25434.7 47.2
25438.2 47.3
25441.7 47.4
25445.2 47.5
25448.7 47.6
25452.1 47.7
25455.6 47.8
25459.1 47.9
25462.6 48
25466.1 48.1
25469.5 48.2
25473 48.3
25476.5 48.4
25479.9 48.5
25483.4 48.6
25486.9 48.7
25490.3 48.8
25493.8 48.9
25497.2 49
25500.7 49.1
25504.1 49.2
25507.6 49.3
25511 49.4
25514.5 49.5
25517.9 49.6
25521.4 49.7
25524.8 49.8
25528.2 49.9
25531.7 50
25535.1 50.1
25538.5 50.2
25541.9 50.3
25545.4 50.4
25548.8 50.5
25552.2 50.6
25555.6 50.7
25559 50.8
25562.4 50.9
25565.8 51
25569.2 51.1
25572.6 51.2
25576 51.3
25579.4 51.4
25582.8 51.5
25586.2 51.6
25589.6 51.7
25593 51.8
25596.4 51.9
25599.8 52
25603.1 52.1
25606.5 52.2
25609.9 52.3
25613.3 52.4
25616.6 52.5
25620 52.6
25623.4 52.7
25626.7 52.8
25630.1 52.9
25633.5 53
25636.8 53.1
25640.2 53.2
25643.5 53.3
25646.9 53.4
25650.2 53.5
25653.6 53.6
25656.9 53.7
25660.2 53.8
25663.6 53.9
25666.9 54
25670.3 54.1
25673.6 54.2
25676.9 54.3
25680.3 54.4
25683.6 54.5
25686.9 54.6
25690.2 54.7
25693.5 54.8
25696.9 54.9
25700.2 55
25703.5 55.1
25706.8 55.2
25710.1 55.3
25713.4 55.4
25716.7 55.5
25720 55.6
25723.3 55.7
25726.6 55.8
25729.9 55.9
25733.2 56
25736.5 56.1
25739.8 56.2
25743.1 56.3
25746.4 56.4
25749.6 56.5
25752.9 56.6
25756.2 56.7
25759.5 56.8
25762.7 56.9
25766 57
25769.3 57.1
25772.6 57.2
25775.8 57.3
25779.1 57.4
25782.3 57.5
25785.6 57.6
25788.9 57.7
25792.1 57.8
25795.4 57.9
25798.6 58
25801.9 58.1
25805.1 58.2
25808.4 58.3
25811.6 58.4
25814.8 58.5
25818.1 58.6
25821.3 58.7
25824.6 58.8
25827.8 58.9
25831 59
25834.2 59.1
25837.5 59.2
25840.7 59.3
25843.9 59.4
25847.1 59.5
25850.4 59.6
25853.6 59.7
25856.8 59.8
25860 59.9
25863.2 60
25866.4 60.1
25869.6 60.2
25872.8 60.3
25876 60.4
25879.2 60.5
25882.4 60.6
25885.6 60.7
25888.8 60.8
25892 60.9
25895.2 61
25898.4 61.1
25901.6 61.2
25904.8 61.3
25908 61.4
25911.1 61.5
25914.3 61.6
25917.5 61.7
25920.7 61.8
25923.8 61.9
25927 62
25930.2 62.1
25933.4 62.2
25936.5 62.3
25939.7 62.4
25942.9 62.5
25946 62.6
25949.2 62.7
25952.3 62.8
25955.5 62.9
25958.6 63
25961.8 63.1
25964.9 63.2
25968.1 63.3
25971.2 63.4
25974.4 63.5
25977.5 63.6
25980.7 63.7
25983.8 63.8
25986.9 63.9
25990.1 64
25993.2 64.1
25996.3 64.2
25999.5 64.3
26002.6 64.4
26005.7 64.5
26008.8 64.6
26012 64.7
26015.1 64.8
26018.2 64.9
26021.3 65
26024.4 65.1
26027.5 65.2
26030.7 65.3
26033.8 65.4
26036.9 65.5
26040 65.6
26043.1 65.7
26046.2 65.8
26049.3 65.9
26052.4 66
26055.5 66.1
26058.6 66.2
26061.7 66.3
26064.8 66.4
26067.9 66.5
26070.9 66.6
26074 66.7
26077.1 66.8
26080.2 66.9
26083.3 67
26086.4 67.1
26089.4 67.2
26092.5 67.3
26095.6 67.4
26098.7 67.5
26101.7 67.6
26104.8 67.7
26107.9 67.8
26110.9 67.9
26114 68
26117.1 68.1
26120.1 68.2
26123.2 68.3
26126.3 68.4
26129.3 68.5
26132.4 68.6
26135.4 68.7
26138.5 68.8
26141.5 68.9
26144.6 69
26147.6 69.1
26150.7 69.2
26153.7 69.3
26156.7 69.4
26159.8 69.5
26162.8 69.6
26165.9 69.7
26168.9 69.8
26171.9 69.9
26175 70
26178 70.1
26181 70.2
26184 70.3
26187.1 70.4
26190.1 70.5
26193.1 70.6
26196.1 70.7
26199.2 70.8
26202.2 70.9
26205.2 71
26208.2 71.1
26211.2 71.2
26214.2 71.3
26217.2 71.4
26220.2 71.5
26223.2 71.6
26226.3 71.7
26229.3 71.8
26232.3 71.9
26235.3 72
26238.3 72.1
26241.3 72.2
26244.2 72.3
26247.2 72.4
26250.2 72.5
26253.2 72.6
26256.2 72.7
26259.2 72.8
26262.2 72.9
26265.2 73
26268.2 73.1
26271.1 73.2
26274.1 73.3
26277.1 73.4
26280.1 73.5
26283 73.6
26286 73.7
26289 73.8
26292 73.9
26294.9 74
26297.9 74.1
26300.9 74.2
26303.8 74.3
26306.8 74.4
26309.8 74.5
26312.7 74.6
26315.7 74.7
26318.6 74.8
26321.6 74.9
26324.5 75
26327.5 75.1
26330.4 75.2
26333.4 75.3
26336.3 75.4
26339.3 75.5
26342.2 75.6
26345.2 75.7
26348.1 75.8
26351.1 75.9
26354 76
26356.9 76.1
26359.9 76.2
26362.8 76.3
26365.8 76.4
26368.7 76.5
26371.6 76.6
26374.5 76.7
26377.5 76.8
26380.4 76.9
26383.3 77
26386.3 77.1
26389.2 77.2
26392.1 77.3
26395 77.4
26397.9 77.5
26400.9 77.6
26403.8 77.7
26406.7 77.8
26409.6 77.9
26412.5 78
26415.4 78.1
26418.3 78.2
26421.2 78.3
26424.1 78.4
26427 78.5
26429.9 78.6
26432.8 78.7
26435.7 78.8
26438.6 78.9
26441.5 79
26444.4 79.1
26447.3 79.2
26450.2 79.3
26453.1 79.4
26456 79.5
26458.9 79.6
26461.8 79.7
26464.7 79.8
26467.6 79.9
26470.4 80
26473.3 80.1
26476.2 80.2
26479.1 80.3
26482 80.4
26484.8 80.5
26487.7 80.6
26490.6 80.7
26493.5 80.8
26496.3 80.9
26499.2 81
26502.1 81.1
26505 81.2
26507.8 81.3
26510.7 81.4
26513.6 81.5
26516.4 81.6
26519.3 81.7
26522.1 81.8
26525 81.9
26527.9 82
26530.7 82.1
26533.6 82.2
26536.4 82.3
26539.3 82.4
26542.1 82.5
26545 82.6
26547.8 82.7
26550.7 82.8
26553.5 82.9
26556.4 83
26559.2 83.1
26562 83.2
26564.9 83.3
26567.7 83.4
26570.6 83.5
26573.4 83.6
26576.2 83.7
26579.1 83.8
26581.9 83.9
26584.7 84
26587.6 84.1
26590.4 84.2
26593.2 84.3
26596.1 84.4
26598.9 84.5
26601.7 84.6
26604.5 84.7
26607.4 84.8
26610.2 84.9
26613 85
26615.8 85.1
26618.6 85.2
26621.4 85.3
26624.3 85.4
26627.1 85.5
26629.9 85.6
26632.7 85.7
26635.5 85.8
26638.3 85.9
26641.1 86
26643.9 86.1
26646.7 86.2
26649.5 86.3
26652.3 86.4
26655.1 86.5
26657.9 86.6
26660.7 86.7
26663.5 86.8
26666.3 86.9
26669.1 87
26671.9 87.1
26674.7 87.2
26677.5 87.3
26680.3 87.4
26683.1 87.5
26685.9 87.6
26688.7 87.7
26691.5 87.8
26694.2 87.9
26697 88
26699.8 88.1
26702.6 88.2
26705.4 88.3
26708.2 88.4
26710.9 88.5
26713.7 88.6
26716.5 88.7
26719.3 88.8
26432 88.7
26144.9 88.6
25858 88.5
25571.3 88.4
25284.9 88.3
24998.8 88.2
24713 88.1
24427.7 88
24142.8 87.9
23858.3 87.8
23574.4 87.7
23290.9 87.6
23008 87.5
22725.7 87.4
22443.9 87.3
22162.8 87.2
21882.4 87.1
21602.5 87
21323.4 86.9
21045 86.8
20767.4 86.7
20490.4 86.6
20214.3 86.5
19939 86.4
19664.5 86.3
19390.8 86.2
19117.9 86.1
18846 86
18574.9 85.9
18304.7 85.8
18035.5 85.7
17767.2 85.6
17499.9 85.5
17233.5 85.4
16968.2 85.3
16703.8 85.2
16440.5 85.1
16178.2 85
15917 84.9
15656.8 84.8
15397.8 84.7
15139.8 84.6
14882.9 84.5
14627.2 84.4
14372.6 84.3
14119.1 84.2
13866.8 84.1
13615.7 84
13365.7 83.9
13117 83.8
12869.5 83.7
12623.2 83.6
12378.1 83.5
12134.3 83.4
11891.7 83.3
11650.4 83.2
11410.3 83.1
11171.6 83
10934.1 82.9
10697.9 82.8
10463 82.7
10229.5 82.6
9997.25 82.5
9766.35 82.4
9536.79 82.3
9308.58 82.2
9081.72 82.1
8856.23 82
8632.09 81.9
8409.33 81.8
8187.95 81.7
7967.96 81.6
7749.35 81.5
7532.13 81.4
7316.32 81.3
7101.91 81.2
6888.9 81.1
6677.31 81
6467.13 80.9
6258.37 80.8
6051.03 80.7
5845.12 80.6
5640.63 80.5
5437.58 80.4
5235.95 80.3
5035.76 80.2
4837 80.1
4639.68 80
4443.8 79.9
4249.36 79.8
4056.35 79.7
3864.78 79.6
3674.66 79.5
3485.97 79.4
3298.72 79.3
3112.91 79.2
2928.54 79.1
2745.61 79
2564.1 78.9
2384.04 78.8
2205.4 78.7
2028.2 78.6
1852.42 78.5
1678.07 78.4
1505.14 78.3
1333.63 78.2
1163.54 78.1
995.415 78
829.056 77.9
664.935 77.8
502.701 77.7
342.736 77.6
184.765 77.5
30.3023 77.4
-126.343 77.3
-286.392 77.2
-447.209 77.1
-607.641 77
-766.548 76.9
-924.347 76.8
-1080.98 76.7
-1236.09 76.6
-1389.69 76.5
-1542.61 76.4
-1694.01 76.3
-1843.9 76.2
-1992.63 76.1
-2140.37 76
-2286.6 75.9
-2431.34 75.8
-2574.59 75.7
-2716.37 75.6
-2857.49 75.5
-2997.25 75.4
-3135.54 75.3
-3272.38 75.2
-3407.76 75.1
-3541.71 75
-3674.24 74.9
-3805.35 74.8
-3935.06 74.7
-4063.38 74.6
-4190.32 74.5
-4315.89 74.4
-4440.11 74.3
-4562.98 74.2
-4684.52 74.1
-4804.74 74
-4923.65 73.9
-5041.27 73.8
-5157.6 73.7
-5272.65 73.6
-5386.44 73.5
-5498.99 73.4
-5610.29 73.3
-5720.37 73.2
-5829.23 73.1
-5936.89 73
-6043.35 72.9
-6148.64 72.8
-6252.75 72.7
-6355.71 72.6
-6457.53 72.5
-6558.2 72.4
-6657.76 72.3
-6756.2 72.2
-6853.54 72.1
-6949.8 72
-7044.97 71.9
-7139.08 71.8
-7232.13 71.7
-7324.14 71.6
-7415.12 71.5
-7505.07 71.4
-7594.01 71.3
-7681.95 71.2
-7768.9 71.1
-7854.88 71
-7939.88 70.9
-8023.93 70.8
-8107.02 70.7
-8189.17 70.6
-8270.4 70.5
-8350.72 70.4
-8430.13 70.3
-8508.64 70.2
-8586.28 70.1
-8663.03 70
-8738.93 69.9
-8813.97 69.8
-8888.16 69.7
-8961.52 69.6
-9034.06 69.5
-9105.78 69.4
-9176.7 69.3
-9246.82 69.2
-9316.16 69.1
-9384.72 69
-9452.51 68.9
-9519.55 68.8
-9585.83 68.7
-9651.38 68.6
-9716.2 68.5
-9780.3 68.4
-9843.68 68.3
-9906.36 68.2
-9968.35 68.1
-10029.7 68
-10090.3 67.9
-10150.2 67.8
-10209.5 67.7
-10268.2 67.6
-10326.2 67.5
-10383.6 67.4
-10440.3 67.3
-10496.4 67.2
-10551.9 67.1
-10606.8 67
-10661.2 66.9
-10714.9 66.8
-10768 66.7
-10820.6 66.6
-10872.6 66.5
-10924.1 66.4
-10975 66.3
-11025.4 66.2
-11075.2 66.1
-11124.5 66
-11173.3 65.9
-11221.6 65.8
-11269.4 65.7
-11316.6 65.6
-11363.4 65.5
-11409.7 65.4
-11455.6 65.3
-11500.9 65.2
-11545.8 65.1
-11590.2 65
-11634.2 64.9
-11677.7 64.8
-11720.8 64.7
-11763.5 64.6
-11805.7 64.5
-11847.5 64.4
-11888.9 64.3
-11929.9 64.2
-11970.4 64.1
-12010.6 64
-12050.4 63.9
-12089.8 63.8
-12128.8 63.7
-12167.5 63.6
-12205.7 63.5
-12243.6 63.4
-12281.2 63.3
-12318.4 63.2
-12355.2 63.1
-12391.7 63
-12427.9 62.9
-12463.7 62.8
-12499.2 62.7
-12534.4 62.6
-12569.2 62.5
-12603.8 62.4
-12638 62.3
-12671.9 62.2
-12705.5 62.1
-12738.8 62
-12771.9 61.9
-12804.6 61.8
-12837.1 61.7
-12869.2 61.6
-12901.1 61.5
-12932.7 61.4
-12964.1 61.3
-12995.2 61.2
-13026 61.1
-13056.6 61
-13086.9 60.9
-13116.9 60.8
-13146.7 60.7
-13176.3 60.6
-13205.6 60.5
-13234.7 60.4
-13263.6 60.3
-13292.2 60.2
-13320.6 60.1
-13348.8 60
-13376.8 59.9
-13404.5 59.8
-13432.1 59.7
-13459.4 59.6
-13486.5 59.5
-13513.4 59.4
-13540.1 59.3
-13566.6 59.2
-13593 59.1
-13619.1 59
-13645 58.9
-13670.7 58.8
-13696.3 58.7
-13721.7 58.6
-13746.9 58.5
-13771.9 58.4
-13796.7 58.3
-13821.4 58.2
-13845.9 58.1
-13870.2 58
-13894.4 57.9
-13918.4 57.8
-13942.2 57.7
-13965.9 57.6
-13989.4 57.5
-14012.8 57.4
-14036 57.3
-14059.1 57.2
-14082 57.1
-14104.7 57
-14127.4 56.9
-14149.8 56.8
-14172.2 56.7
-14194.4 56.6
-14216.4 56.5
-14238.4 56.4
-14260.2 56.3
-14281.8 56.2
-14303.4 56.1
-14324.8 56
-14346 55.9
-14367.2 55.8
-14388.2 55.7
-14409.1 55.6
-14429.9 55.5
-14450.5 55.4
-14471.1 55.3
-14491.5 55.2
-14511.8 55.1
-14532 55
-14552.1 54.9
-14572.1 54.8
-14592 54.7
-14611.7 54.6
-14631.4 54.5
-14650.9 54.4
-14670.4 54.3
-14689.7 54.2
-14709 54.1
-14728.1 54
-14747.1 53.9
-14766.1 53.8
-14784.9 53.7
-14803.7 53.6
-14822.3 53.5
-14840.9 53.4
-14859.4 53.3
-14877.7 53.2
-14896 53.1
-14914.2 53
-14932.4 52.9
-14950.4 52.8
-14968.3 52.7
-14986.2 52.6
-15003.9 52.5
-15021.6 52.4
-15039.2 52.3
-15056.7 52.2
-15074.2 52.1
-15091.5 52
-15108.8 51.9
-15126 51.8
-15143.2 51.7
-15160.2 51.6
-15177.2 51.5
-15194.1 51.4
-15210.9 51.3
-15227.7 51.2
-15244.4 51.1
-15261 51
-15277.5 50.9
-15294 50.8
-15310.4 50.7
-15326.7 50.6
-15343 50.5
-15359.2 50.4
-15375.3 50.3
-15391.4 50.2
-15407.4 50.1
-15423.3 50
-15439.2 49.9
-15455 49.8
-15470.7 49.7
-15486.4 49.6
-15502.1 49.5
-15517.6 49.4
-15533.1 49.3
-15548.6 49.2
-15563.9 49.1
-15579.3 49
-15594.5 48.9
-15609.7 48.8
-15624.9 48.7
-15640 48.6
-15655 48.5
-15670 48.4
-15685 48.3
-15699.8 48.2
-15714.7 48.1
-15729.4 48
-15744.2 47.9
-15758.8 47.8
-15773.4 47.7
-15788 47.6
-15802.5 47.5
-15817 47.4
-15831.4 47.3
-15845.8 47.2
-15860.1 47.1
-15874.3 47
-15888.6 46.9
-15902.7 46.8
-15916.9 46.7
-15930.9 46.6
-15945 46.5
-15959 46.4
-15972.9 46.3
-15986.8 46.2
-16000.6 46.1
-16014.4 46
-16028.2 45.9
-16041.9 45.8
-16055.6 45.7
-16069.2 45.6
-16082.8 45.5
-16096.4 45.4
-16109.9 45.3
-16123.3 45.2
-16136.7 45.1
-16150.1 45
-16163.5 44.9
-16176.8 44.8
-16190 44.7
-16203.2 44.6
-16216.4 44.5
-16229.6 44.4
-16242.7 44.3
-16255.7 44.2
-16268.8 44.1
-16281.8 44
-16294.7 43.9
-16307.6 43.8
-16320.5 43.7
-16333.3 43.6
-16346.2 43.5
-16358.9 43.4
-16371.7 43.3
-16384.4 43.2
-16397 43.1
-16409.6 43
-16422.2 42.9
-16434.8 42.8
-16447.3 42.7
-16459.8 42.6
-16472.3 42.5
-16484.7 42.4
-16497.1 42.3
-16509.4 42.2
-16521.8 42.1
-16534.1 42
-16546.3 41.9
-16558.5 41.8
-16570.7 41.7
-16582.9 41.6
-16595 41.5
-16607.1 41.4
-16619.2 41.3
-16631.3 41.2
-16643.3 41.1
-16655.3 41
-16667.2 40.9
-16679.1 40.8
-16691 40.7
-16702.9 40.6
-16714.7 40.5
-16726.5 40.4
-16738.3 40.3
-16750 40.2
-16761.8 40.1
-16773.4 40
-16785.1 39.9
-16796.7 39.8
-16808.3 39.7
-16819.9 39.6
-16831.5 39.5
-16843 39.4
-16854.5 39.3
-16866 39.2
-16877.4 39.1
-16888.8 39
-16900.2 38.9
-16911.6 38.8
-16922.9 38.7
-16934.2 38.6
-16945.5 38.5
-16956.8 38.4
-16968 38.3
-16979.2 38.2
-16990.4 38.1
-17001.6 38
-17012.7 37.9
-17023.8 37.8
-17034.9 37.7
-17046 37.6
-17057 37.5
-17068.1 37.4
-17079 37.3
-17090 37.2
-17101 37.1
-17111.9 37
-17122.8 36.9
-17133.7 36.8
-17144.5 36.7
-17155.3 36.6
-17166.1 36.5
-17176.9 36.4
-17187.7 36.3
-17198.4 36.2
-17209.2 36.1
-17219.9 36
-17230.5 35.9
-17241.2 35.8
-17251.8 35.7
-17262.4 35.6
-17273 35.5
-17283.6 35.4
-17294.1 35.3
-17304.6 35.2
-17315.1 35.1
-17325.6 35
-17336.1 34.9
-17346.5 34.8
-17357 34.7
-17367.4 34.6
-17377.7 34.5
-17388.1 34.4
-17398.4 34.3
-17408.8 34.2
-17419.1 34.1
-17429.3 34
-17439.6 33.9
-17449.8 33.8
-17460.1 33.7
-17470.3 33.6
-17480.5 33.5
-17490.6 33.4
-17500.8 33.3
-17510.9 33.2
-17521 33.1
-17531.1 33
-17541.2 32.9
-17551.2 32.8
-17561.2 32.7
-17571.3 32.6
-17581.3 32.5
-17591.2 32.4
-17601.2 32.3
-17611.1 32.2
-17621.1 32.1
-17631 32
-17640.9 31.9
-17650.7 31.8
-17660.6 31.7
-17670.4 31.6
-17680.2 31.5
-17690 31.4
-17699.8 31.3
-17709.6 31.2
-17719.4 31.1
-17729.1 31
-17738.8 30.9
-17748.5 30.8
-17758.2 30.7
-17767.9 30.6
-17777.5 30.5
-17787.1 30.4
-17796.8 30.3
-17806.4 30.2
-17815.9 30.1
-17825.5 30
-17835.1 29.9
-17844.6 29.8
-17854.1 29.7
-17863.6 29.6
-17873.1 29.5
-17882.6 29.4
-17892.1 29.3
-17901.5 29.2
-17910.9 29.1
-17920.3 29
-17929.7 28.9
-17939.1 28.8
-17948.5 28.7
-17957.8 28.6
-17967.2 28.5
-17976.5 28.4
-17985.8 28.3
-17995.1 28.2
-18004.3 28.1
-18013.6 28
-18022.9 27.9
-18032.1 27.8
-18041.3 27.7
-18050.5 27.6
-18059.7 27.5
-18068.9 27.4
-18078 27.3
-18087.2 27.2
-18096.3 27.1
-18105.4 27
-18114.5 26.9
-18123.6 26.8
-18132.7 26.7
-18141.7 26.6
-18150.8 26.5
-18159.8 26.4
-18168.8 26.3
-18177.8 26.2
-18186.8 26.1
-18195.8 26
-18204.8 25.9
-18213.7 25.8
-18222.6 25.7
-18231.6 25.6
-18240.5 25.5
-18249.4 25.4
-18258.3 25.3
-18267.1 25.2
-18276 25.1
-18284.8 25
-18293.7 24.9
-18302.5 24.8
-18311.3 24.7
-18320.1 24.6
-18328.8 24.5
-18337.6 24.4
-18346.4 24.3
-18355.1 24.2
-18363.8 24.1
-18372.5 24
-18381.2 23.9
-18389.9 23.8
-18398.6 23.7
-18407.3 23.6
-18415.9 23.5
-18424.6 23.4
-18433.2 23.3
-18441.8 23.2
-18450.4 23.1
-18459 23
-18467.6 22.9
-18476.2 22.8
-18484.7 22.7
-18493.2 22.6
-18501.8 22.5
-18510.3 22.4
-18518.8 22.3
-18527.3 22.2
-18535.8 22.1
-18544.2 22
-18552.7 21.9
-18561.2 21.8
-18569.6 21.7
-18578 21.6
-18586.4 21.5
-18594.8 21.4
-18603.2 21.3
-18611.6 21.2
-18620 21.1
-18628.3 21
-18636.7 20.9
-18645 20.8
-18653.3 20.7
-18661.6 20.6
-18669.9 20.5
-18678.2 20.4
-18686.5 20.3
-18694.7 20.2
-18703 20.1
-18711.2 20
-18719.5 19.9
-18727.7 19.8
-18735.9 19.7
-18744.1 19.6
-18752.3 19.5
-18760.5 19.4
-18768.6 19.3
-18776.8 19.2
-18784.9 19.1
-18793.1 19
-18801.2 18.9
-18809.3 18.8
-18817.4 18.7
-18825.5 18.6
-18833.6 18.5
-18841.6 18.4
-18849.7 18.3
-18857.8 18.2
-18865.8 18.1
-18873.8 18
-18881.8 17.9
-18889.9 17.8
-18897.8 17.7
-18905.8 17.6
-18913.8 17.5
-18921.8 17.4
-18929.7 17.3
-18937.7 17.2
-18945.6 17.1
-18953.5 17
-18961.5 16.9
-18969.4 16.8
-18977.3 16.7
-18985.1 16.6
-18993 16.5
-19000.9 16.4
-19008.7 16.3
-19016.6 16.2
-19024.4 16.1
-19032.3 16
-19040.1 15.9
-19047.9 15.8
-19055.7 15.7
-19063.5 15.6
-19071.2 15.5
-19079 15.4
-19086.8 15.3
-19094.5 15.2
-19102.3 15.1
-19110 15
-19117.7 14.9
-19125.4 14.8
-19133.1 14.7
-19140.8 14.6
-19148.5 14.5
-19156.2 14.4
-19163.8 14.3
-19171.5 14.2
-19179.1 14.1
-19186.8 14
-19194.4 13.9
-19202 13.8
-19209.6 13.7
-19217.2 13.6
-19224.8 13.5
-19232.4 13.4
-19239.9 13.3
-19247.5 13.2
-19255 13.1
-19262.6 13
-19270.1 12.9
-19277.6 12.8
-19285.2 12.7
-19292.7 12.6
-19300.2 12.5
-19307.7 12.4
-19315.1 12.3
-19322.6 12.2
-19330.1 12.1
-19337.5 12
-19345 11.9
-19352.4 11.8
-19359.8 11.7
-19367.2 11.6
-19374.6 11.5
-19382 11.4
-19389.4 11.3
-19396.8 11.2
-19404.2 11.1
-19411.6 11
-19418.9 10.9
-19426.3 10.8
-19433.6 10.7
-19440.9 10.6
-19448.3 10.5
-19455.6 10.4
-19462.9 10.3
-19470.2 10.2
-19477.5 10.1
-19484.7 10
-19492 9.9
-19499.3 9.8
-19506.5 9.7
-19513.8 9.6
-19521 9.5
-19528.2 9.4
-19535.4 9.3
-19542.7 9.2
-19549.9 9.1
-19557.1 9
-19564.2 8.9
-19571.4 8.8
-19578.6 8.7
-19585.8 8.6
-19592.9 8.5
-19600.1 8.4
-19607.2 8.3
-19614.3 8.2
-19621.4 8.1
-19628.6 8
-19635.7 7.9
-19642.8 7.8
-19649.8 7.7
-19656.9 7.6
-19664 7.5
-19671.1 7.4
-19678.1 7.3
-19685.2 7.2
-19692.2 7.1
-19699.2 7
-19706.3 6.9
-19713.3 6.8
-19720.3 6.7
-19727.3 6.6
-19734.3 6.5
-19741.3 6.4
-19748.2 6.3
-19755.2 6.2
-19762.2 6.1
-19769.1 6
-19776.1 5.9
-19783 5.8
-19789.9 5.7
-19796.9 5.6
-19803.8 5.5
-19810.7 5.4
-19817.6 5.3
-19824.5 5.2
-19831.4 5.1
-19838.2 5
-19845.1 4.9
-19852 4.8
-19858.8 4.7
-19865.7 4.6
-19872.5 4.5
-19879.3 4.4
-19886.2 4.3
-19893 4.2
-19899.8 4.1
-19906.6 4
-19913.4 3.9
-19920.2 3.8
-19926.9 3.7
-19933.7 3.6
-19940.5 3.5
-19947.2 3.4
-19954 3.3
-19960.7 3.2
-19967.5 3.1
-19974.2 3
-19980.9 2.9
-19987.6 2.8
-19994.3 2.7
-20001 2.6
-20007.7 2.5
-20014.4 2.4
-20021.1 2.3
-20027.7 2.2
-20034.4 2.1
-20041 2
-20047.7 1.9
-20054.3 1.8
-20061 1.7
-20067.6 1.6
-20074.2 1.5
-20080.8 1.4
-20087.4 1.3
-20094 1.2
-20100.6 1.1
-20107.2 1
-20113.8 0.9
-20120.3 0.8
-20126.9 0.7
-20133.4 0.6
-20140 0.5
-20146.5 0.4
-20153.1 0.3
-20159.6 0.2
-20166.1 0.1
-20172.6 -2.95042e-14
-20179.1 -0.1
-20185.6 -0.2
-20192.1 -0.3
-20198.6 -0.4
-20205.1 -0.5
-20211.6 -0.6
-20218 -0.7
-20224.5 -0.8
-20230.9 -0.9
-20237.4 -1
-20243.8 -1.1
-20250.2 -1.2
-20256.7 -1.3
-20263.1 -1.4
-20269.5 -1.5
-20275.9 -1.6
-20282.3 -1.7
-20288.7 -1.8
-20295.1 -1.9
-20301.4 -2
-20307.8 -2.1
-20314.2 -2.2
-20320.5 -2.3
-20326.9 -2.4
-20333.2 -2.5
-20339.5 -2.6
-20345.9 -2.7
-20352.2 -2.8
-20358.5 -2.9
-20364.8 -3
-20371.1 -3.1
-20377.4 -3.2
-20383.7 -3.3
-20390 -3.4
-20396.3 -3.5
-20402.5 -3.6
-20408.8 -3.7
-20415.1 -3.8
-20421.3 -3.9
-20427.6 -4
-20433.8 -4.1
-20440 -4.2
-20446.3 -4.3
-20452.5 -4.4
-20458.7 -4.5
-20464.9 -4.6
-20471.1 -4.7
-20477.3 -4.8
-20483.5 -4.9
-20489.7 -5
-20495.8 -5.1
-20502 -5.2
-20508.2 -5.3
-20514.3 -5.4
-20520.5 -5.5
-20526.6 -5.6
-20532.7 -5.7
-20538.9 -5.8
-20545 -5.9
-20551.1 -6
-20557.2 -6.1
-20563.3 -6.2
-20569.4 -6.3
-20575.5 -6.4
-20581.6 -6.5
-20587.7 -6.6
-20593.8 -6.7
-20599.8 -6.8
-20605.9 -6.9
-20612 -7
-20618 -7.1
-20624.1 -7.2
-20630.1 -7.3
-20636.1 -7.4
-20642.2 -7.5
-20648.2 -7.6
-20654.2 -7.7
-20660.2 -7.8
-20666.2 -7.9
-20672.2 -8
-20678.2 -8.1
-20684.2 -8.2
-20690.1 -8.3
-20696.1 -8.4
-20702.1 -8.5
-20708 -8.6
-20714 -8.7
-20719.9 -8.8
-20725.9 -8.9
-20731.8 -9
-20737.8 -9.1
-20743.7 -9.2
-20749.6 -9.3
-20755.5 -9.4
-20761.4 -9.5
-20767.3 -9.6
-20773.2 -9.7
-20779.1 -9.8
-20785 -9.9
-20790.9 -10
-20796.7 -10.1
-20802.6 -10.2
-20808.5 -10.3
-20814.3 -10.4
-20820.2 -10.5
-20826 -10.6
-20831.8 -10.7
-20837.7 -10.8
-20843.5 -10.9
-20849.3 -11
-20855.1 -11.1
-20861 -11.2
-20866.8 -11.3
-20872.6 -11.4
-20878.3 -11.5
-20884.1 -11.6
-20889.9 -11.7
-20895.7 -11.8
-20901.5 -11.9
-20907.2 -12
-20913 -12.1
-20918.7 -12.2
-20924.5 -12.3
-20930.2 -12.4
-20936 -12.5
-20941.7 -12.6
-20947.4 -12.7
-20953.1 -12.8
-20958.9 -12.9
-20964.6 -13
-20970.3 -13.1
-20976 -13.2
-20981.7 -13.3
-20987.3 -13.4
-20993 -13.5
-20998.7 -13.6
-21004.4 -13.7
-21010 -13.8
-21015.7 -13.9
-21021.4 -14
-21027 -14.1
-21032.6 -14.2
-21038.3 -14.3
-21043.9 -14.4
-21049.5 -14.5
-21055.2 -14.6
-21060.8 -14.7
-21066.4 -14.8
-21072 -14.9
-21077.6 -15
-21083.2 -15.1
-21088.8 -15.2
-21094.4 -15.3
-21100 -15.4
-21105.5 -15.5
-21111.1 -15.6
-21116.7 -15.7
-21122.2 -15.8
-21127.8 -15.9
-21133.3 -16
-21138.9 -16.1
-21144.4 -16.2
-21149.9 -16.3
-21155.5 -16.4
-21161 -16.5
-21166.5 -16.6
-21172 -16.7
-21177.5 -16.8
-21183 -16.9
-21188.5 -17
-21194 -17.1
-21199.5 -17.2
-21205 -17.3
-21210.5 -17.4
-21215.9 -17.5
-21221.4 -17.6
-21226.9 -17.7
-21232.3 -17.8
-21237.8 -17.9
-21243.2 -18
-21248.7 -18.1
-21254.1 -18.2
-21259.5 -18.3
-21265 -18.4
-21270.4 -18.5
-21275.8 -18.6
-21281.2 -18.7
-21286.6 -18.8
-21292 -18.9
-21297.4 -19
-21302.8 -19.1
-21308.2 -19.2
-21313.6 -19.3
-21319 -19.4
-21324.3 -19.5
-21329.7 -19.6
-21335.1 -19.7
-21340.4 -19.8
-21345.8 -19.9
-21351.1 -20
-21356.5 -20.1
-21361.8 -20.2
-21367.1 -20.3
-21372.5 -20.4
-21377.8 -20.5
-21383.1 -20.6
-21388.4 -20.7
-21393.7 -20.8
-21399 -20.9
-21404.3 -21
-21409.6 -21.1
-21414.9 -21.2
-21420.2 -21.3
-21425.5 -21.4
-21430.8 -21.5
-21436 -21.6
-21441.3 -21.7
-21446.6 -21.8
-21451.8 -21.9
-21457.1 -22
-21462.3 -22.1
-21467.6 -22.2
-21472.8 -22.3
-21478 -22.4
-21483.3 -22.5
-21488.5 -22.6
-21493.7 -22.7
-21498.9 -22.8
-21504.2 -22.9
-21509.4 -23
-21514.6 -23.1
-21519.8 -23.2
-21525 -23.3
-21530.1 -23.4
-21535.3 -23.5
-21540.5 -23.6
-21545.7 -23.7
-21550.9 -23.8
-21556 -23.9
-21561.2 -24
-21566.3 -24.1
-21571.5 -24.2
-21576.6 -24.3
-21581.8 -24.4
-21586.9 -24.5
-21592.1 -24.6
-21597.2 -24.7
-21602.3 -24.8
-21607.4 -24.9
-21612.5 -25
-21617.7 -25.1
-21622.8 -25.2
-21627.9 -25.3
-21633 -25.4
-21638.1 -25.5
-21643.2 -25.6
-21648.2 -25.7
-21653.3 -25.8
-21658.4 -25.9
-21663.5 -26
-21668.5 -26.1
-21673.6 -26.2
-21678.7 -26.3
-21683.7 -26.4
-21688.8 -26.5
-21693.8 -26.6
-21698.9 -26.7
-21703.9 -26.8
-21708.9 -26.9
-21714 -27
-21719 -27.1
-21724 -27.2
-21729 -27.3
-21734.1 -27.4
-21739.1 -27.5
-21744.1 -27.6
-21749.1 -27.7
-21754.1 -27.8
-21759.1 -27.9
-21764 -28
-21769 -28.1
-21774 -28.2
-21779 -28.3
-21784 -28.4
-21788.9 -28.5
-21793.9 -28.6
-21798.8 -28.7
-21803.8 -28.8
-21808.8 -28.9
-21813.7 -29
-21818.6 -29.1
-21823.6 -29.2
-21828.5 -29.3
-21833.4 -29.4
-21838.4 -29.5
-21843.3 -29.6
-21848.2 -29.7
-21853.1 -29.8
-21858 -29.9
-21862.9 -30
-21867.8 -30.1
-21872.7 -30.2
-21877.6 -30.3
-21882.5 -30.4
-21887.4 -30.5
-21892.3 -30.6
-21897.2 -30.7
-21902 -30.8
-21906.9 -30.9
-21911.8 -31
-21916.6 -31.1
-21921.5 -31.2
-21926.4 -31.3
-21931.2 -31.4
-21936 -31.5
-21940.9 -31.6
-21945.7 -31.7
-21950.6 -31.8
-21955.4 -31.9
-21960.2 -32
-21965 -32.1
-21969.9 -32.2
-21974.7 -32.3
-21979.5 -32.4
-21984.3 -32.5
-21989.1 -32.6
-21993.9 -32.7
-21998.7 -32.8
-22003.5 -32.9
-22008.3 -33
-22013.1 -33.1
-22017.8 -33.2
-22022.6 -33.3
-22027.4 -33.4
-22032.2 -33.5
-22036.9 -33.6
-22041.7 -33.7
-22046.4 -33.8
-22051.2 -33.9
-22055.9 -34
-22060.7 -34.1
-22065.4 -34.2
-22070.2 -34.3
-22074.9 -34.4
-22079.6 -34.5
-22084.4 -34.6
-22089.1 -34.7
-22093.8 -34.8
-22098.5 -34.9
-22103.2 -35
-22107.9 -35.1
-22112.7 -35.2
-22117.4 -35.3
-22122.1 -35.4
-22126.7 -35.5
-22131.4 -35.6
-22136.1 -35.7
-22140.8 -35.8
-22145.5 -35.9
-22150.2 -36
-22154.8 -36.1
-22159.5 -36.2
-22164.2 -36.3
-22168.8 -36.4
-22173.5 -36.5
-22178.1 -36.6
-22182.8 -36.7
-22187.4 -36.8
-22192.1 -36.9
-22196.7 -37
-22201.4 -37.1
-22206 -37.2
-22210.6 -37.3
-22215.3 -37.4
-22219.9 -37.5
-22224.5 -37.6
-22229.1 -37.7
-22233.7 -37.8
-22238.3 -37.9
-22242.9 -38
-22247.5 -38.1
-22252.1 -38.2
-22256.7 -38.3
-22261.3 -38.4
-22265.9 -38.5
-22270.5 -38.6
-22275.1 -38.7
-22279.7 -38.8
-22284.2 -38.9
-22288.8 -39
-22293.4 -39.1
-22297.9 -39.2
-22302.5 -39.3
-22307 -39.4
-22311.6 -39.5
-22316.1 -39.6
-22320.7 -39.7
-22325.2 -39.8
-22329.8 -39.9
-22334.3 -40
-22338.8 -40.1
-22343.4 -40.2
-22347.9 -40.3
-22352.4 -40.4
-22356.9 -40.5
-22361.5 -40.6
-22366 -40.7
-22370.5 -40.8
-22375 -40.9
-22379.5 -41
-22384 -41.1
-22388.5 -41.2
-22393 -41.3
-22397.5 -41.4
-22402 -41.5
-22406.4 -41.6
-22410.9 -41.7
-22415.4 -41.8
-22419.9 -41.9
-22426.5 -42
-22434 -42.1
-22441.5 -42.2
-22449 -42.3
-22456.5 -42.4
-22463.9 -42.5
-22471.4 -42.6
-22478.8 -42.7
-22486.3 -42.8
-22493.7 -42.9
-22501.1 -43
-22508.4 -43.1
-22515.8 -43.2
-22523.2 -43.3
-22530.5 -43.4
-22537.8 -43.5
-22545.1 -43.6
-22552.4 -43.7
-22559.7 -43.8
-22567 -43.9
-22574.3 -44
-22581.5 -44.1
-22588.7 -44.2
-22596 -44.3
-22603.2 -44.4
-22610.4 -44.5
-22617.6 -44.6
-22624.7 -44.7
-22631.9 -44.8
-22639 -44.9
-22646.2 -45
-22653.3 -45.1
-22660.4 -45.2
-22667.5 -45.3
-22674.6 -45.4
-22681.6 -45.5
-22688.7 -45.6
-22695.7 -45.7
-22702.8 -45.8
-22709.8 -45.9
-22716.8 -46
-22723.8 -46.1
-22730.8 -46.2
-22737.7 -46.3
-22744.7 -46.4
-22751.7 -46.5
-22758.6 -46.6
-22765.5 -46.7
-22772.4 -46.8
-22779.3 -46.9
-22786.2 -47
-22793.1 -47.1
-22800 -47.2
-22806.8 -47.3
-22813.7 -47.4
-22820.5 -47.5
-22827.3 -47.6
-22834.2 -47.7
-22841 -47.8
-22847.7 -47.9
-22854.5 -48
-22861.3 -48.1
-22868.1 -48.2
-22874.8 -48.3
-22881.5 -48.4
-22888.3 -48.5
-22895 -48.6
-22901.7 -48.7
-22908.4 -48.8
-22915.1 -48.9
-22921.7 -49
-22928.4 -49.1
-22935 -49.2
-22941.7 -49.3
-22948.3 -49.4
-22954.9 -49.5
-22961.5 -49.6
-22968.1 -49.7
-22974.7 -49.8
-22981.3 -49.9
-22987.9 -50
-22994.4 -50.1
-23001 -50.2
-23007.5 -50.3
-23014 -50.4
-23020.5 -50.5
-23027.1 -50.6
-23033.6 -50.7
-23040 -50.8
-23046.5 -50.9
-23053 -51
-23059.4 -51.1
-23065.9 -51.2
-23072.3 -51.3
-23078.8 -51.4
-23085.2 -51.5
-23091.6 -51.6
-23098 -51.7
-23104.4 -51.8
-23110.8 -51.9
-23117.1 -52
-23123.5 -52.1
-23129.8 -52.2
-23136.2 -52.3
-23142.5 -52.4
-23148.9 -52.5
-23155.2 -52.6
-23161.5 -52.7
-23167.8 -52.8
-23174.1 -52.9
-23180.3 -53
-23186.6 -53.1
-23192.9 -53.2
-23199.1 -53.3
-23205.4 -53.4
-23211.6 -53.5
-23217.8 -53.6
-23224.1 -53.7
-23230.3 -53.8
-23236.5 -53.9
-23242.6 -54
-23248.8 -54.1
-23255 -54.2
-23261.2 -54.3
-23267.3 -54.4
-23273.5 -54.5
-23279.6 -54.6
-23285.7 -54.7
-23291.9 -54.8
-23298 -54.9
-23304.1 -55
-23310.2 -55.1
-23316.3 -55.2
-23322.4 -55.3
-23328.6 -55.4
-23334.7 -55.5
-23340.8 -55.6
-23346.9 -55.7
-23352.9 -55.8
-23359 -55.9
-23365.1 -56
-23371.1 -56.1
-23377.2 -56.2
-23383.2 -56.3
-23389.2 -56.4
-23395.3 -56.5
-23401.3 -56.6
-23407.3 -56.7
-23413.3 -56.8
-23419.3 -56.9
-23425.3 -57
-23431.3 -57.1
-23437.3 -57.2
-23443.3 -57.3
-23449.3 -57.4
-23455.2 -57.5
-23461.2 -57.6
-23467.2 -57.7
-23473.1 -57.8
-23479 -57.9
-23485 -58
-23490.9 -58.1
-23496.8 -58.2
-23502.7 -58.3
-23508.6 -58.4
-23514.5 -58.5
-23520.3 -58.6
-23526.2 -58.7
-23532.1 -58.8
-23537.9 -58.9
-23543.8 -59
-23549.6 -59.1
-23555.4 -59.2
-23561.3 -59.3
-23567.1 -59.4
-23572.9 -59.5
-23578.7 -59.6
-23584.5 -59.7
-23590.3 -59.8
-23596.1 -59.9
-23601.8 -60
-23607.6 -60.1
-23613.4 -60.2
-23619.1 -60.3
-23624.9 -60.4
-23630.6 -60.5
-23636.3 -60.6
-23642 -60.7
-23647.8 -60.8
-23653.5 -60.9
-23659.2 -61
-23664.9 -61.1
-23670.5 -61.2
-23676.2 -61.3
-23681.9 -61.4
-23687.6 -61.5
-23693.2 -61.6
-23698.9 -61.7
-23704.5 -61.8
-23710.1 -61.9
-23715.8 -62
-23721.4 -62.1
-23727 -62.2
-23732.6 -62.3
-23738.2 -62.4
-23743.8 -62.5
-23749.4 -62.6
-23755 -62.7
-23760.6 -62.8
-23766.1 -62.9
-23771.7 -63
-23777.2 -63.1
-23782.8 -63.2
-23788.3 -63.3
-23793.9 -63.4
-23799.4 -63.5
-23804.9 -63.6
-23810.4 -63.7
-23815.9 -63.8
-23821.4 -63.9
-23826.9 -64
-23832.4 -64.1
-23837.9 -64.2
-23843.4 -64.3
-23848.9 -64.4
-23854.3 -64.5
-23859.8 -64.6
-23865.2 -64.7
-23870.7 -64.8
-23876.1 -64.9
-23881.5 -65
-23887 -65.1
-23892.4 -65.2
-23897.8 -65.3
-23903.2 -65.4
-23908.6 -65.5
-23914 -65.6
-23919.4 -65.7
-23924.8 -65.8
-23930.1 -65.9
-23935.5 -66
-23940.9 -66.1
-23946.2 -66.2
-23951.6 -66.3
-23956.9 -66.4
-23962.3 -66.5
-23967.6 -66.6
-23972.9 -66.7
-23978.2 -66.8
-23983.5 -66.9
-23988.9 -67
-23994.2 -67.1
-23999.5 -67.2
-24004.7 -67.3
-24010 -67.4
-24015.3 -67.5
-24020.6 -67.6
-24025.8 -67.7
-24031.1 -67.8
-24036.4 -67.9
-24041.6 -68
-24046.8 -68.1
-24052.1 -68.2
-24057.3 -68.3
-24062.5 -68.4
-24067.8 -68.5
-24073 -68.6
-24078.2 -68.7
-24083.4 -68.8
-24088.6 -68.9
-24093.8 -69
-24099 -69.1
-24104.1 -69.2
-24109.3 -69.3
-24114.5 -69.4
-24119.6 -69.5
-24124.8 -69.6
-24129.9 -69.7
-24135.1 -69.8
-24140.2 -69.9
-24145.4 -70
-24150.5 -70.1
-24155.6 -70.2
-24160.7 -70.3
-24165.9 -70.4
-24171 -70.5
-24176.1 -70.6
-24181.2 -70.7
-24186.2 -70.8
-24191.3 -70.9
-24196.4 -71
-24201.5 -71.1
-24206.6 -71.2
-24211.6 -71.3
-24216.7 -71.4
-24221.7 -71.5
-24226.8 -71.6
-24231.8 -71.7
-24236.9 -71.8
-24241.9 -71.9
-24246.9 -72
-24251.9 -72.1
-24257 -72.2
-24262 -72.3
-24267 -72.4
-24272 -72.5
-24277 -72.6
-24282 -72.7
-24286.9 -72.8
-24291.9 -72.9
-24296.9 -73
-24301.9 -73.1
-24306.8 -73.2
-24311.8 -73.3
-24316.7 -73.4
-24321.7 -73.5
-24326.6 -73.6
-24331.6 -73.7
-24336.5 -73.8
-24341.4 -73.9
-24346.4 -74
-24588.5 -74.1
-24914.8 -74.2
-25240.6 -74.3
-25565.9 -74.4
-25890.8 -74.5
-26215.1 -74.6
-26538.9 -74.7
-26873.6 -74.8
-27208.2 -74.9
-27542.2 -75
-27875.6 -75.1
-28208.4 -75.2
-28540.6 -75.3
-28872.2 -75.4
-29203.2 -75.5
-29533.7 -75.6
-29863.5 -75.7
-30192.7 -75.8
-30521.2 -75.9
-30849.2 -76
-31176.5 -76.1
-31503.1 -76.2
-31829.1 -76.3
-32154.5 -76.4
-32509.3 -76.5
-32864.6 -76.6
-33218.9 -76.7
-33572.4 -76.8
-33924.9 -76.9
-34276.5 -77
-34632.4 -77.1
-35015.2 -77.2
-35396.5 -77.3
-35776.5 -77.4
-36155.1 -77.5
-36532.3 -77.6
-36908.1 -77.7
-37282.3 -77.8
-37655.2 -77.9
-38026.5 -78
-38396.2 -78.1
-38764.5 -78.2
-39131.1 -78.3
-39496.2 -78.4
-39859.6 -78.5
-40221.4 -78.6
-40581.4 -78.7
-40939.8 -78.8
-41296.3 -78.9
-41651.1 -79
-42004 -79.1
-42355.1 -79.2
-42704.3 -79.3
-43051.5 -79.4
-43396.7 -79.5
-43739.8 -79.6
-44080.9 -79.7
-44419.8 -79.8
-44756.5 -79.9
-45090.9 -80
-45423.1 -80.1
-45752.8 -80.2
-46080.1 -80.3
-46405 -80.4
-46727.2 -80.5
-47046.8 -80.6
-47363.7 -80.7
-47677.8 -80.8
-47989 -80.9
-48297.3 -81
-48602.6 -81.1
-48904.8 -81.2
-49203.9 -81.3
-49499.6 -81.4
-49792 -81.5
-50081 -81.6
-50366.5 -81.7
-50648.4 -81.8
-50926.7 -81.9
-51203 -82
-51478.3 -82.1
-51749.3 -82.2
-52016.2 -82.3
-52278.7 -82.4
-52536.9 -82.5
-52790.7 -82.6
-53040 -82.7
-53284.8 -82.8
-53525 -82.9
-53760.7 -83
-53991.6 -83.1
-54217.9 -83.2
-54439.6 -83.3
-54656.5 -83.4
-54868.7 -83.5
-55076.2 -83.6
-55279.1 -83.7
-55477.2 -83.8
-55670.7 -83.9
-55859.6 -84
-56043.9 -84.1
-56223.7 -84.2
-56398.9 -84.3
-56569.7 -84.4
-56736.1 -84.5
-56898.1 -84.6
-57055.9 -84.7
-57209.4 -84.8
-57358.8 -84.9
-57504.2 -85
-57645.5 -85.1
-57783 -85.2
-57916.6 -85.3
-58046.4 -85.4
-58172.6 -85.5
-58295.1 -85.6
-58414.2 -85.7
-58529.8 -85.8
-58642 -85.9
-58751 -86
-58856.9 -86.1
-58959.6 -86.2
-59059.3 -86.3
-59156.1 -86.4
-59250 -86.5
-59341.1 -86.6
-59429.6 -86.7
-59515.4 -86.8
-59598.7 -86.9
-59679.6 -87
-59758.1 -87.1
-59834.3 -87.2
-59908.3 -87.3
-59980.2 -87.4
-60050 -87.5
-60117.8 -87.6
-60183.7 -87.7
-60247.8 -87.8
-60310.2 -87.9
-60370.8 -88
-60429.8 -88.1
-60487.3 -88.2
-60543.3 -88.3
-60597.9 -88.4
-60651.1 -88.5
-60703 -88.6
-60753.7 -88.7
-60803.2 -88.8
-60104.9 -88.7
-59406.7 -88.6
-58708.6 -88.5
-58010.9 -88.4
-57313.4 -88.3
-56616.3 -88.2
-55919.5 -88.1
-55223.3 -88
-54529.5 -87.9
-53856.1 -87.8
-53184.2 -87.7
-52512.9 -87.6
-51842.3 -87.5
-51172.2 -87.4
-50502.9 -87.3
-49834.2 -87.2
-49166.3 -87.1
-48505.3 -87
-47848.3 -86.9
-47192.3 -86.8
-46537.2 -86.7
-45890.7 -86.6
-45245.4 -86.5
-44601.1 -86.4
-43962.4 -86.3
-43327.7 -86.2
-42694.2 -86.1
-42061.8 -86
-41430.6 -85.9
-40800.6 -85.8
-40171.8 -85.7
-39544.3 -85.6
-38918.2 -85.5
-38293.4 -85.4
-37669.9 -85.3
-37047.9 -85.2
-36427.3 -85.1
-35808.2 -85
-35190.7 -84.9
-34574.6 -84.8
-33960.2 -84.7
-33347.4 -84.6
-32736.2 -84.5
-32126.7 -84.4
-31518.9 -84.3
-30912.8 -84.2
-30308.6 -84.1
-29706.1 -84
-29105.5 -83.9
-28506.8 -83.8
-27910 -83.7
-27331 -83.6
-26757.9 -83.5
-26186.6 -83.4
-25640.7 -83.3
-25101.9 -83.2
-24566.1 -83.1
-24043.9 -83
-23552 -82.9
-23061.8 -82.8
-22573.1 -82.7
-22086.1 -82.6
-21600.7 -82.5
-21117 -82.4
-20635 -82.3
-20154.6 -82.2
-19675.9 -82.1
-19199 -82
-18723.8 -81.9
-18250.4 -81.8
-17778.8 -81.7
-17309 -81.6
-16887.4 -81.5
-16482.3 -81.4
-16078.7 -81.3
-15676.5 -81.2
-15275.6 -81.1
-14876.2 -81
-14478.1 -80.9
-14081.5 -80.8
-13686.4 -80.7
-13292.6 -80.6
-12982.2 -80.5
-12703.8 -80.4
-12426.7 -80.3
-12151 -80.2
-11876.7 -80.1
-11603.8 -80
-11332.3 -79.9
-11062.2 -79.8
-10793.5 -79.7
-10526.2 -79.6
-10260.3 -79.5
-9995.93 -79.4
-9732.96 -79.3
-9471.43 -79.2
-9211.31 -79.1
-8952.62 -79
-8695.39 -78.9
-8439.62 -78.8
-8185.33 -78.7
-7932.51 -78.6
-7681.18 -78.5
-7431.32 -78.4
-7182.95 -78.3
-6936.06 -78.2
-6690.67 -78.1
-6446.77 -78
-6204.36 -77.9
-5963.45 -77.8
-5724.03 -77.7
-5486.83 -77.6
-5254.96 -77.5
-5027.65 -77.4
-4801.98 -77.3
-4577.77 -77.2
-4355.89 -77.1
-4135.66 -77
-3916.89 -76.9
-3699.55 -76.8
-3483.65 -76.7
-3269.2 -76.6
-3056.17 -76.5
-2845.03 -76.4
-2635.47 -76.3
-2428.48 -76.2
-2223.01 -76.1
-2018.92 -76
-1816.97 -75.9
-1617.13 -75.8
-1418.63 -75.7
-1221.99 -75.6
-1027.23 -75.5
-834.036 -75.4
-642.708 -75.3
-452.646 -75.2
-266.036 -75.1
-83.0304 -75
89.0471 -74.9
258.22 -74.8
427.67 -74.7
597.446 -74.6
766.399 -74.5
935.914 -74.4
1104.78 -74.3
1272.54 -74.2
1439.18 -74.1
1604.71 -74
1769.13 -73.9
1932.46 -73.8
2094.68 -73.7
2255.81 -73.6
2415.85 -73.5
2574.8 -73.4
2732.67 -73.3
2889.47 -73.2
3045.19 -73.1
3199.84 -73
3353.42 -72.9
3505.95 -72.8
3657.41 -72.7
3807.83 -72.6
3957.2 -72.5
4105.53 -72.4
4252.82 -72.3
4396.03 -72.2
4536.02 -72.1
4674.94 -72
4812.8 -71.9
4949.59 -71.8
5085.33 -71.7
5220.02 -71.6
5353.66 -71.5
5486.26 -71.4
5617.83 -71.3
5748.36 -71.2
5877.87 -71.1
6006.37 -71
6133.84 -70.9
6260.31 -70.8
6385.78 -70.7
6510.24 -70.6
6633.72 -70.5
6756.21 -70.4
6877.71 -70.3
6998.24 -70.2
7117.8 -70.1
7236.4 -70
7354.04 -69.9
7470.72 -69.8
7586.45 -69.7
7701.25 -69.6
7815.1 -69.5
7928.03 -69.4
8040.03 -69.3
8151.12 -69.2
8261.29 -69.1
8370.55 -69
8478.91 -68.9
8586.37 -68.8
8692.95 -68.7
8798.64 -68.6
8903.45 -68.5
9007.39 -68.4
9110.46 -68.3
9212.67 -68.2
9314.03 -68.1
9414.53 -68
9514.19 -67.9
9613.02 -67.8
9711.01 -67.7
9808.18 -67.6
9904.52 -67.5
10000.1 -67.4
10094.8 -67.3
10188.7 -67.2
10281.8 -67.1
10374.1 -67
10465.7 -66.9
10556.5 -66.8
10646.4 -66.7
10735.7 -66.6
10824.1 -66.5
10911.8 -66.4
10998.8 -66.3
11085 -66.2
11170.4 -66.1
11255.2 -66
11339.2 -65.9
11422.4 -65.8
11505 -65.7
11586.8 -65.6
11668 -65.5
11748.4 -65.4
11828.2 -65.3
11907.2 -65.2
11985.6 -65.1
12063.3 -65
12140.3 -64.9
12216.6 -64.8
12292.3 -64.7
12367.3 -64.6
12441.7 -64.5
12515.4 -64.4
12588.5 -64.3
12660.9 -64.2
12732.7 -64.1
12803.9 -64
12874.5 -63.9
12944.4 -63.8
13013.7 -63.7
13082.4 -63.6
13150.6 -63.5
13218.1 -63.4
13285 -63.3
13351.4 -63.2
13417.1 -63.1
13482.3 -63
13546.9 -62.9
13611 -62.8
13674.5 -62.7
13737.4 -62.6
13799.8 -62.5
13861.6 -62.4
13922.9 -62.3
13983.7 -62.2
14043.9 -62.1
14103.6 -62
14162.7 -61.9
14221.4 -61.8
14279.5 -61.7
14337.1 -61.6
14394.2 -61.5
14450.8 -61.4
14506.9 -61.3
14562.5 -61.2
14617.7 -61.1
14672.3 -61
14726.5 -60.9
14780.2 -60.8
14833.4 -60.7
14886.1 -60.6
14938.4 -60.5
14990.2 -60.4
15041.6 -60.3
15092.5 -60.2
15143 -60.1
15193 -60
15242.6 -59.9
15291.7 -59.8
15340.5 -59.7
15388.8 -59.6
15436.6 -59.5
15484.1 -59.4
15531.1 -59.3
15577.7 -59.2
15624 -59.1
15669.8 -59
15715.2 -58.9
15760.2 -58.8
15804.8 -58.7
15849.1 -58.6
15892.9 -58.5
15936.4 -58.4
15979.5 -58.3
16022.2 -58.2
16064.5 -58.1
16106.5 -58
16148.1 -57.9
16189.4 -57.8
16230.2 -57.7
16270.8 -57.6
16311 -57.5
16350.8 -57.4
16390.3 -57.3
16429.5 -57.2
16468.3 -57.1
16506.8 -57
16544.9 -56.9
16582.7 -56.8
16620.2 -56.7
16657.4 -56.6
16694.3 -56.5
16730.8 -56.4
16767.1 -56.3
16803 -56.2
16838.6 -56.1
16873.9 -56
16908.9 -55.9
16943.6 -55.8
16978.1 -55.7
17012.2 -55.6
17046 -55.5
17079.6 -55.4
17112.9 -55.3
17145.9 -55.2
17178.6 -55.1
17211 -55
17243.2 -54.9
17275.1 -54.8
17306.8 -54.7
17338.2 -54.6
17369.3 -54.5
17400.1 -54.4
17430.7 -54.3
17461.1 -54.2
17491.2 -54.1
17521 -54
17550.7 -53.9
17580 -53.8
17609.2 -53.7
17638 -53.6
17666.7 -53.5
17695.1 -53.4
17723.3 -53.3
17751.3 -53.2
17779 -53.1
17806.5 -53
17833.8 -52.9
17860.9 -52.8
17887.8 -52.7
17914.4 -52.6
17940.9 -52.5
17967.1 -52.4
17993.1 -52.3
18019 -52.2
18044.6 -52.1
18070 -52
18095.2 -51.9
18120.3 -51.8
18145.1 -51.7
18169.7 -51.6
18194.2 -51.5
18218.4 -51.4
18242.5 -51.3
18266.4 -51.2
18290.1 -51.1
18313.7 -51
18337 -50.9
18360.2 -50.8
18383.2 -50.7
18406.1 -50.6
18428.7 -50.5
18451.2 -50.4
18473.6 -50.3
18495.7 -50.2
18517.7 -50.1
18539.6 -50
18561.3 -49.9
18582.8 -49.8
18604.2 -49.7
18625.4 -49.6
18646.5 -49.5
18667.4 -49.4
18688.2 -49.3
18708.8 -49.2
18729.3 -49.1
18749.6 -49
18769.8 -48.9
18789.9 -48.8
18809.8 -48.7
18829.6 -48.6
18849.2 -48.5
18868.8 -48.4
18888.1 -48.3
18907.4 -48.2
18926.5 -48.1
18945.5 -48
18964.4 -47.9
18983.1 -47.8
19001.7 -47.7
19020.2 -47.6
19038.6 -47.5
19056.9 -47.4
19075 -47.3
19093 -47.2
19110.9 -47.1
19128.7 -47
19146.4 -46.9
19164 -46.8
19181.4 -46.7
19198.8 -46.6
19216 -46.5
19233.2 -46.4
19250.2 -46.3
19267.1 -46.2
19284 -46.1
19300.7 -46
19317.3 -45.9
19333.8 -45.8
19350.3 -45.7
19366.6 -45.6
19382.8 -45.5
19399 -45.4
19415 -45.3
19431 -45.2
19446.8 -45.1
19462.6 -45
19478.3 -44.9
19493.9 -44.8
19509.4 -44.7
19524.8 -44.6
19540.1 -44.5
19555.4 -44.4
19570.6 -44.3
19585.6 -44.2
19600.7 -44.1
19615.6 -44
19630.4 -43.9
19645.2 -43.8
19659.9 -43.7
19674.5 -43.6
19689 -43.5
19703.5 -43.4
19717.9 -43.3
19732.2 -43.2
19746.4 -43.1
19760.6 -43
19774.7 -42.9
19788.7 -42.8
19802.7 -42.7
19816.6 -42.6
19830.4 -42.5
19844.1 -42.4
19857.8 -42.3
19871.4 -42.2
19885 -42.1
19898.5 -42
19911.9 -41.9
19925.3 -41.8
19938.6 -41.7
19951.8 -41.6
19965 -41.5
19978.1 -41.4
19991.2 -41.3
20004.2 -41.2
20017.2 -41.1
20030 -41
20042.9 -40.9
20055.6 -40.8
20068.4 -40.7
20081 -40.6
20093.6 -40.5
20106.2 -40.4
20118.7 -40.3
20131.2 -40.2
20143.5 -40.1
20155.9 -40
20168.2 -39.9
20180.4 -39.8
20192.6 -39.7
20204.8 -39.6
20216.9 -39.5
20228.9 -39.4
20240.9 -39.3
20252.9 -39.2
20264.8 -39.1
20276.6 -39
20288.4 -38.9
20300.2 -38.8
20311.9 -38.7
20323.6 -38.6
20335.2 -38.5
20346.8 -38.4
20358.4 -38.3
20369.9 -38.2
20381.3 -38.1
20392.7 -38
20404.1 -37.9
20415.4 -37.8
20426.7 -37.7
20438 -37.6
20449.2 -37.5
20460.4 -37.4
20471.5 -37.3
20482.6 -37.2
20493.6 -37.1
20504.7 -37
20515.6 -36.9
20526.6 -36.8
20537.5 -36.7
20548.3 -36.6
20559.2 -36.5
20570 -36.4
20580.7 -36.3
20591.5 -36.2
20602.1 -36.1
20612.8 -36
20623.4 -35.9
20634 -35.8
20644.5 -35.7
20655.1 -35.6
20665.5 -35.5
20676 -35.4
20686.4 -35.3
20696.8 -35.2
20707.2 -35.1
20717.5 -35
20727.8 -34.9
20738 -34.8
20748.3 -34.7
20758.5 -34.6
20768.6 -34.5
20778.8 -34.4
20788.9 -34.3
20798.9 -34.2
20809 -34.1
20819 -34
20829 -33.9
20839 -33.8
20848.9 -33.7
20858.8 -33.6
20868.7 -33.5
20878.5 -33.4
20888.3 -33.3
20898.1 -33.2
20907.9 -33.1
20917.6 -33
20927.3 -32.9
20937 -32.8
20946.7 -32.7
20956.3 -32.6
20965.9 -32.5
20975.5 -32.4
20985.1 -32.3
20994.6 -32.2
21004.1 -32.1
21013.6 -32
21023.1 -31.9
21032.5 -31.8
21041.9 -31.7
21051.3 -31.6
21060.6 -31.5
21070 -31.4
21079.3 -31.3
21088.6 -31.2
21097.9 -31.1
21107.1 -31
21116.3 -30.9
21125.5 -30.8
21134.7 -30.7
21143.9 -30.6
21153 -30.5
21162.1 -30.4
21171.2 -30.3
21180.3 -30.2
21189.3 -30.1
21198.3 -30
21207.3 -29.9
21216.3 -29.8
21225.3 -29.7
21234.2 -29.6
21243.1 -29.5
21252 -29.4
21260.9 -29.3
21269.8 -29.2
21278.6 -29.1
21287.4 -29
21296.2 -28.9
21305 -28.8
21313.8 -28.7
21322.5 -28.6
21331.2 -28.5
21339.9 -28.4
21348.6 -28.3
21357.3 -28.2
21365.9 -28.1
21374.6 -28
21383.2 -27.9
21391.8 -27.8
21400.3 -27.7
21408.9 -27.6
21417.4 -27.5
21425.9 -27.4
21434.4 -27.3
21442.9 -27.2
21451.4 -27.1
21459.8 -27
21468.3 -26.9
21476.7 -26.8
21485.1 -26.7
21493.4 -26.6
21501.8 -26.5
21510.1 -26.4
21518.5 -26.3
21526.8 -26.2
21535.1 -26.1
21543.4 -26
21551.6 -25.9
21559.9 -25.8
21568.1 -25.7
21576.3 -25.6
21584.5 -25.5
21592.7 -25.4
21600.8 -25.3
21609 -25.2
21617.1 -25.1
21625.2 -25
21633.3 -24.9
21641.4 -24.8
21649.5 -24.7
21657.6 -24.6
21665.6 -24.5
21673.6 -24.4
21681.6 -24.3
21689.6 -24.2
21697.6 -24.1
21705.6 -24
21713.5 -23.9
21721.5 -23.8
21729.4 -23.7
21737.3 -23.6
21745.2 -23.5
21753.1 -23.4
21760.9 -23.3
21768.8 -23.2
21776.6 -23.1
21784.5 -23
21792.3 -22.9
21800.1 -22.8
21807.8 -22.7
21815.6 -22.6
21823.4 -22.5
21831.1 -22.4
21838.8 -22.3
21846.5 -22.2
21854.2 -22.1
21861.9 -22
21869.6 -21.9
21877.3 -21.8
21884.9 -21.7
21892.5 -21.6
21900.2 -21.5
21907.8 -21.4
21915.4 -21.3
21922.9 -21.2
21930.5 -21.1
21938.1 -21
21945.6 -20.9
21953.1 -20.8
21960.7 -20.7
21968.2 -20.6
21975.7 -20.5
21983.1 -20.4
21990.6 -20.3
21998.1 -20.2
22005.5 -20.1
22012.9 -20
22020.4 -19.9
22027.8 -19.8
22035.2 -19.7
22042.5 -19.6
22049.9 -19.5
22057.3 -19.4
22064.6 -19.3
22072 -19.2
22079.3 -19.1
22086.6 -19
22093.9 -18.9
22101.2 -18.8
22108.5 -18.7
22115.7 -18.6
22123 -18.5
22130.2 -18.4
22137.5 -18.3
22144.7 -18.2
22151.9 -18.1
22159.1 -18
22166.3 -17.9
22173.5 -17.8
22180.6 -17.7
22187.8 -17.6
22194.9 -17.5
22202 -17.4
22209.2 -17.3
22216.3 -17.2
22223.4 -17.1
22230.5 -17
22237.5 -16.9
22244.6 -16.8
22251.7 -16.7
22258.7 -16.6
22265.7 -16.5
22272.8 -16.4
22279.8 -16.3
22286.8 -16.2
22293.8 -16.1
22300.7 -16
22307.7 -15.9
22314.7 -15.8
22321.6 -15.7
22328.6 -15.6
22335.5 -15.5
22342.4 -15.4
22349.3 -15.3
22356.2 -15.2
22363.1 -15.1
22370 -15
22376.9 -14.9
22383.7 -14.8
22390.6 -14.7
22397.4 -14.6
22404.2 -14.5
22411.1 -14.4
22417.9 -14.3
22424.7 -14.2
22431.5 -14.1
22438.2 -14
22445 -13.9
22451.8 -13.8
22458.5 -13.7
22465.3 -13.6
22472 -13.5
22478.7 -13.4
22485.4 -13.3
22492.1 -13.2
22498.8 -13.1
22505.5 -13
22512.2 -12.9
22518.8 -12.8
22525.5 -12.7
22532.1 -12.6
22538.8 -12.5
22545.4 -12.4
22552 -12.3
22558.6 -12.2
22565.2 -12.1
22571.8 -12
22578.4 -11.9
22585 -11.8
22591.5 -11.7
22598.1 -11.6
22604.6 -11.5
22611.2 -11.4
22617.7 -11.3
22624.2 -11.2
22630.7 -11.1
22637.2 -11
22643.7 -10.9
22650.2 -10.8
22656.7 -10.7
22663.1 -10.6
22669.6 -10.5
22676 -10.4
22682.5 -10.3
22688.9 -10.2
22695.3 -10.1
22701.7 -10
22708.1 -9.9
22714.5 -9.8
22720.9 -9.7
22727.3 -9.6
22733.7 -9.5
22740 -9.4
22746.4 -9.3
22752.7 -9.2
22759.1 -9.1
22765.4 -9
22771.7 -8.9
22778 -8.8
22784.3 -8.7
22790.6 -8.6
22796.9 -8.5
22803.2 -8.4
22809.4 -8.3
22815.7 -8.2
22822 -8.1
22828.2 -8
22834.4 -7.9
22840.7 -7.8
22846.9 -7.7
22853.1 -7.6
22859.3 -7.5
22865.5 -7.4
22871.7 -7.3
22877.8 -7.2
22884 -7.1
22890.2 -7
22896.3 -6.9
22902.5 -6.8
22908.6 -6.7
22914.7 -6.6
22920.9 -6.5
22927 -6.4
22933.1 -6.3
22939.2 -6.2
22945.3 -6.1
22951.4 -6
22957.4 -5.9
22963.5 -5.8
22969.6 -5.7
22975.6 -5.6
22981.7 -5.5
22987.7 -5.4
22993.7 -5.3
22999.7 -5.2
23005.7 -5.1
23011.8 -5
23017.8 -4.9
23023.7 -4.8
23029.7 -4.7
23035.7 -4.6
23041.7 -4.5
23047.6 -4.4
23053.6 -4.3
23059.5 -4.2
23065.5 -4.1
23071.4 -4
23077.3 -3.9
23083.2 -3.8
23089.1 -3.7
23095 -3.6
23100.9 -3.5
23106.8 -3.4
23112.7 -3.3
23118.6 -3.2
23124.4 -3.1
23130.3 -3
23136.1 -2.9
23142 -2.8
23147.8 -2.7
23153.6 -2.6
23159.4 -2.5
23165.3 -2.4
23171.1 -2.3
23176.9 -2.2
23182.6 -2.1
23188.4 -2
23194.2 -1.9
23200 -1.8
23205.7 -1.7
23211.5 -1.6
23217.2 -1.5
23223 -1.4
23228.7 -1.3
23234.4 -1.2
23240.2 -1.1
23245.9 -1
23251.6 -0.9
23257.3 -0.8
23263 -0.7
23268.7 -0.6
23274.3 -0.5
23280 -0.4
23285.7 -0.3
23291.3 -0.2
23297 -0.1
23302.6 -2.75752e-14
23308.2 0.1
23313.9 0.2
23319.5 0.3
23325.1 0.4
23330.7 0.5
23336.3 0.6
23341.9 0.7
23347.5 0.8
23353.1 0.9
23358.7 1
23364.2 1.1
23369.8 1.2
23375.4 1.3
23380.9 1.4
23386.4 1.5
23392 1.6
23397.5 1.7
23403 1.8
23408.5 1.9
23414.1 2
23419.6 2.1
23425.1 2.2
23430.5 2.3
23436 2.4
23441.5 2.5
23447 2.6
23452.4 2.7
23457.9 2.8
23463.3 2.9
23468.8 3
23474.2 3.1
23479.7 3.2
23485.1 3.3
23490.5 3.4
23495.9 3.5
23501.3 3.6
23506.7 3.7
23512.1 3.8
23517.5 3.9
23522.9 4
23528.2 4.1
23533.6 4.2
23539 4.3
23544.3 4.4
23549.7 4.5
23555 4.6
23560.4 4.7
23565.7 4.8
23571 4.9
23576.3 5
23581.6 5.1
23586.9 5.2
23592.2 5.3
23597.5 5.4
23602.8 5.5
23608.1 5.6
23613.4 5.7
23618.6 5.8
23623.9 5.9
23629.2 6
23634.4 6.1
23639.7 6.2
23644.9 6.3
23650.1 6.4
23655.4 6.5
23660.6 6.6
23665.8 6.7
23671 6.8
23676.2 6.9
23681.4 7
23686.6 7.1
23691.8 7.2
23696.9 7.3
23702.1 7.4
23707.3 7.5
23712.4 7.6
23717.6 7.7
23722.8 7.8
23727.9 7.9
23733 8
23738.2 8.1
23743.3 8.2
23748.4 8.3
23753.5 8.4
23758.6 8.5
23763.7 8.6
23768.8 8.7
23773.9 8.8
23779 8.9
23784.1 9
23789.2 9.1
23794.2 9.2
23799.3 9.3
23804.3 9.4
23809.4 9.5
23814.4 9.6
23819.5 9.7
23824.5 9.8
23829.5 9.9
23834.6 10
23839.6 10.1
23844.6 10.2
23849.6 10.3
23854.6 10.4
23859.6 10.5
23864.6 10.6
23869.6 10.7
23874.6 10.8
23879.5 10.9
23884.5 11
23889.5 11.1
23894.4 11.2
23899.4 11.3
23904.3 11.4
23909.3 11.5
23914.2 11.6
23919.1 11.7
23924 11.8
23929 11.9
23933.9 12
23938.8 12.1
23943.7 12.2
23948.6 12.3
23953.5 12.4
23958.4 12.5
23963.2 12.6
23968.1 12.7
23973 12.8
23977.8 12.9
23982.7 13
23987.6 13.1
23992.4 13.2
23997.3 13.3
24002.1 13.4
24006.9 13.5
24011.8 13.6
24016.6 13.7
24021.4 13.8
24026.2 13.9
24031 14
24035.8 14.1
24040.6 14.2
24045.4 14.3
24050.2 14.4
24055 14.5
24059.8 14.6
24064.5 14.7
24069.3 14.8
24074.1 14.9
24078.8 15
24083.6 15.1
24088.3 15.2
24093 15.3
24097.8 15.4
24102.5 15.5
24107.2 15.6
24112 15.7
24116.7 15.8
24121.4 15.9
24126.1 16
24130.8 16.1
24135.5 16.2
24140.2 16.3
24144.9 16.4
24149.6 16.5
24154.2 16.6
24158.9 16.7
24163.6 16.8
24168.2 16.9
24172.9 17
24177.5 17.1
24182.2 17.2
24186.8 17.3
24191.5 17.4
24196.1 17.5
24200.7 17.6
24205.3 17.7
24210 17.8
24214.6 17.9
24219.2 18
24223.8 18.1
24228.4 18.2
24233 18.3
24237.6 18.4
24242.2 18.5
24246.7 18.6
24251.3 18.7
24255.9 18.8
24260.4 18.9
24265 19
24269.6 19.1
24274.1 19.2
24278.7 19.3
24283.2 19.4
24287.7 19.5
24292.3 19.6
24296.8 19.7
24301.3 19.8
24305.8 19.9
24310.4 20
24314.9 20.1
24319.4 20.2
24323.9 20.3
24328.4 20.4
24332.9 20.5
24337.4 20.6
24341.8 20.7
24346.3 20.8
24350.8 20.9
24355.3 21
24359.7 21.1
24364.2 21.2
24368.6 21.3
24373.1 21.4
24377.5 21.5
24382 21.6
24386.4 21.7
24390.8 21.8
24395.3 21.9
24399.7 22
24404.1 22.1
24408.5 22.2
24412.9 22.3
24417.4 22.4
24421.8 22.5
24426.2 22.6
24430.5 22.7
24434.9 22.8
24439.3 22.9
24443.7 23
24448.1 23.1
24452.5 23.2
24456.8 23.3
24461.2 23.4
24465.5 23.5
24469.9 23.6
24474.2 23.7
24478.6 23.8
24482.9 23.9
24487.3 24
24491.6 24.1
24495.9 24.2
24500.3 24.3
24504.6 24.4
24508.9 24.5
24513.2 24.6
24517.5 24.7
24521.8 24.8
24526.1 24.9
24530.4 25
24534.7 25.1
24539 25.2
24543.3 25.3
24547.6 25.4
24551.8 25.5
24556.1 25.6
24560.4 25.7
24564.6 25.8
24568.9 25.9
24573.2 26
24577.4 26.1
24581.7 26.2
24585.9 26.3
24590.1 26.4
24594.4 26.5
24598.6 26.6
24602.8 26.7
24607 26.8
24611.3 26.9
24615.5 27
24619.7 27.1
24623.9 27.2
24628.1 27.3
24632.3 27.4
24636.5 27.5
24640.7 27.6
24644.9 27.7
24649.1 27.8
24653.2 27.9
24657.4 28
24661.6 28.1
24665.7 28.2
24669.9 28.3
24674.1 28.4
24678.2 28.5
24682.4 28.6
24686.5 28.7
24690.7 28.8
24694.8 28.9
24698.9 29
24703.1 29.1
24707.2 29.2
24711.3 29.3
24715.5 29.4
24719.6 29.5
24723.7 29.6
24727.8 29.7
24731.9 29.8
24736 29.9
24740.1 30
24744.2 30.1
24748.3 30.2
24752.4 30.3
24756.5 30.4
24760.5 30.5
24764.6 30.6
24768.7 30.7
24772.8 30.8
24776.8 30.9
24780.9 31
24784.9 31.1
24789 31.2
24793 31.3
24797.1 31.4
24801.1 31.5
24805.2 31.6
24809.2 31.7
24813.2 31.8
24817.3 31.9
24821.3 32
24825.3 32.1
24829.3 32.2
24833.3 32.3
24837.4 32.4
24841.4 32.5
24845.4 32.6
24849.4 32.7
24853.4 32.8
24857.4 32.9
24861.3 33
24865.3 33.1
24869.3 33.2
24873.3 33.3
24877.3 33.4
24881.2 33.5
24885.2 33.6
24889.2 33.7
24893.1 33.8
24897.1 33.9
24901 34
24905 34.1
24908.9 34.2
24912.9 34.3
24916.8 34.4
24920.8 34.5
24924.7 34.6
24928.6 34.7
24932.6 34.8
24936.5 34.9
24940.4 35
24944.3 35.1
24948.2 35.2
24952.1 35.3
24956 35.4
24959.9 35.5
24963.8 35.6
24967.7 35.7
24971.6 35.8
24975.5 35.9
24979.4 36
24983.3 36.1
24987.2 36.2
24991.1 36.3
24994.9 36.4
24998.8 36.5
25002.7 36.6
25006.5 36.7
25010.4 36.8
25014.2 36.9
25018.1 37
25021.9 37.1
25025.8 37.2
25029.6 37.3
25033.5 37.4
25037.3 37.5
25041.2 37.6
25045 37.7
25048.8 37.8
25052.6 37.9
25056.5 38
25060.3 38.1
25064.1 38.2
25067.9 38.3
25071.7 38.4
25075.5 38.5
25079.3 38.6
25083.1 38.7
25086.9 38.8
25090.7 38.9
25094.5 39
25098.3 39.1
25102.1 39.2
25105.9 39.3
25109.6 39.4
25113.4 39.5
25117.2 39.6
25120.9 39.7
25124.7 39.8
25128.5 39.9
25132.2 40
25136 40.1
25139.7 40.2
25143.5 40.3
25147.2 40.4
25151 40.5
25154.7 40.6
25158.5 40.7
25162.2 40.8
25165.9 40.9
25169.7 41
25173.4 41.1
25177.1 41.2
25180.8 41.3
25184.5 41.4
25188.3 41.5
25192 41.6
25195.7 41.7
25199.4 41.8
25203.1 41.9
25206.8 42
25210.5 42.1
25214.2 42.2
25217.9 42.3
25221.6 42.4
25225.2 42.5
25228.9 42.6
25232.6 42.7
25236.3 42.8
25239.9 42.9
25243.6 43
25247.3 43.1
25251 43.2
25254.6 43.3
25258.3 43.4
25261.9 43.5
25265.6 43.6
25269.2 43.7
25272.9 43.8
25276.5 43.9
25280.2 44
25283.8 44.1
25287.4 44.2
25291.1 44.3
25294.7 44.4
25298.3 44.5
25302 44.6
25305.6 44.7
25309.2 44.8
25312.8 44.9
25316.4 45
25320 45.1
25323.7 45.2
25327.3 45.3
25330.9 45.4
25334.5 45.5
25338.1 45.6
25341.7 45.7
25345.3 45.8
25348.8 45.9
25352.4 46
25356 46.1
25359.6 46.2
25363.2 46.3
25366.7 46.4
25370.3 46.5
25373.9 46.6
25377.5 46.7
25381 46.8
25384.6 46.9
25388.2 47
25391.7 47.1
25395.3 47.2
25398.8 47.3
25402.4 47.4
25405.9 47.5
25409.5 47.6
25413 47.7
25416.5 47.8
25420.1 47.9
25423.6 48
25427.1 48.1
25430.7 48.2
25434.2 48.3
25437.7 48.4
25441.2 48.5
25444.8 48.6
25448.3 48.7
25451.8 48.8
25455.3 48.9
25458.8 49
25462.3 49.1
25465.8 49.2
25469.3 49.3
25472.8 49.4
25476.3 49.5
25479.8 49.6
25483.3 49.7
25486.8 49.8
25490.3 49.9
25493.8 50
25497.2 50.1
25500.7 50.2
25504.2 50.3
25507.7 50.4
25511.1 50.5
25514.6 50.6
25518.1 50.7
25521.5 50.8
25525 50.9
25528.5 51
25531.9 51.1
25535.4 51.2
25538.8 51.3
25542.3 51.4
25545.7 51.5
25549.2 51.6
25552.6 51.7
25556 51.8
25559.5 51.9
25562.9 52
25566.3 52.1
25569.8 52.2
25573.2 52.3
25576.6 52.4
25580 52.5
25583.5 52.6
25586.9 52.7
25590.3 52.8
25593.7 52.9
25597.1 53
25600.5 53.1
25603.9 53.2
25607.3 53.3
25610.7 53.4
25614.1 53.5
25617.5 53.6
25620.9 53.7
25624.3 53.8
25627.7 53.9
25631.1 54
25634.5 54.1
25637.9 54.2
25641.3 54.3
25644.6 54.4
25648 54.5
25651.4 54.6
25654.8 54.7
25658.1 54.8
25661.5 54.9
25664.9 55
25668.2 55.1
25671.6 55.2
25674.9 55.3
25678.3 55.4
25681.6 55.5
25685 55.6
25688.4 55.7
25691.7 55.8
25695 55.9
25698.4 56
25701.7 56.1
25705.1 56.2
25708.4 56.3
25711.7 56.4
25715.1 56.5
25718.4 56.6
25721.7 56.7
25725 56.8
25728.4 56.9
25731.7 57
25735 57.1
25738.3 57.2
25741.6 57.3
25745 57.4
25748.3 57.5
25751.6 57.6
25754.9 57.7
25758.2 57.8
25761.5 57.9
25764.8 58
25768.1 58.1
25771.4 58.2
25774.7 58.3
25778 58.4
25781.3 58.5
25784.5 58.6
25787.8 58.7
25791.1 58.8
25794.4 58.9
25797.7 59
25800.9 59.1
25804.2 59.2
25807.5 59.3
25810.8 59.4
25814 59.5
25817.3 59.6
25820.6 59.7
25823.8 59.8
25827.1 59.9
25830.3 60
25833.6 60.1
25836.9 60.2
25840.1 60.3
25843.4 60.4
25846.6 60.5
25849.8 60.6
25853.1 60.7
25856.3 60.8
25859.6 60.9
25862.8 61
25866 61.1
25869.3 61.2
25872.5 61.3
25875.7 61.4
25879 61.5
25882.2 61.6
25885.4 61.7
25888.6 61.8
25891.9 61.9
25895.1 62
25898.3 62.1
25901.5 62.2
25904.7 62.3
25907.9 62.4
25911.1 62.5
25914.3 62.6
25917.6 62.7
25920.8 62.8
25924 62.9
25927.2 63
25930.4 63.1
25933.5 63.2
25936.7 63.3
25939.9 63.4
25943.1 63.5
25946.3 63.6
25949.5 63.7
25952.7 63.8
25955.9 63.9
25959 64
25962.2 64.1
25965.4 64.2
25968.6 64.3
25971.7 64.4
25974.9 64.5
25978.1 64.6
25981.2 64.7
25984.4 64.8
25987.6 64.9
25990.7 65
25993.9 65.1
25997 65.2
26000.2 65.3
26003.4 65.4
26006.5 65.5
26009.7 65.6
26012.8 65.7
26016 65.8
26019.1 65.9
26022.2 66
26025.4 66.1
26028.5 66.2
26031.7 66.3
26034.8 66.4
26037.9 66.5
26041.1 66.6
26044.2 66.7
26047.3 66.8
26050.4 66.9
26053.6 67
26056.7 67.1
26059.8 67.2
26062.9 67.3
26066.1 67.4
26069.2 67.5
26072.3 67.6
26075.4 67.7
26078.5 67.8
26081.6 67.9
26084.7 68
26087.8 68.1
26090.9 68.2
26094 68.3
26097.1 68.4
26100.2 68.5
26103.3 68.6
26106.4 68.7
26109.5 68.8
26112.6 68.9
26115.7 69
26118.8 69.1
26121.9 69.2
26125 69.3
26128 69.4
26131.1 69.5
26134.2 69.6
26137.3 69.7
26140.4 69.8
26143.4 69.9
26146.5 70
26149.6 70.1
26152.6 70.2
26155.7 70.3
26158.8 70.4
26161.8 70.5
26164.9 70.6
26168 70.7
26171 70.8
26174.1 70.9
26177.1 71
26180.2 71.1
26183.2 71.2
26186.3 71.3
26189.4 71.4
26192.4 71.5
26195.4 71.6
26198.5 71.7
26201.5 71.8
26204.6 71.9
26207.6 72
26210.7 72.1
26213.7 72.2
26216.7 72.3
26219.8 72.4
26222.8 72.5
26225.8 72.6
26228.9 72.7
26231.9 72.8
26234.9 72.9
26237.9 73
26240.9 73.1
26244 73.2
26247 73.3
26250 73.4
26253 73.5
26256 73.6
26259.1 73.7
26262.1 73.8
26265.1 73.9
26268.1 74
26271.1 74.1
26274.1 74.2
26277.1 74.3
26280.1 74.4
26283.1 74.5
26286.1 74.6
26289.1 74.7
26292.1 74.8
26295.1 74.9
26298.1 75
26301.1 75.1
26304.1 75.2
26307 75.3
26310 75.4
26313 75.5
26316 75.6
26319 75.7
26322 75.8
26324.9 75.9
26327.9 76
26330.9 76.1
26333.9 76.2
26336.8 76.3
26339.8 76.4
26342.8 76.5
26345.8 76.6
26348.7 76.7
26351.7 76.8
26354.7 76.9
26357.6 77
26360.6 77.1
26363.5 77.2
26366.5 77.3
26369.4 77.4
26372.4 77.5
26375.4 77.6
26378.3 77.7
26381.3 77.8
26384.2 77.9
26387.2 78
26390.1 78.1
26393.1 78.2
26396 78.3
26398.9 78.4
26401.9 78.5
26404.8 78.6
26407.8 78.7
26410.7 78.8
26413.6 78.9
26416.6 79
26419.5 79.1
26422.4 79.2
26425.4 79.3
26428.3 79.4
26431.2 79.5
26434.1 79.6
26437.1 79.7
26440 79.8
26442.9 79.9
26445.8 80
26448.7 80.1
26451.7 80.2
26454.6 80.3
26457.5 80.4
26460.4 80.5
26463.3 80.6
26466.2 80.7
26469.1 80.8
26472 80.9
26474.9 81
26477.8 81.1
26480.7 81.2
26483.6 81.3
26486.5 81.4
26489.4 81.5
26492.3 81.6
26495.2 81.7
26498.1 81.8
26501 81.9
26503.9 82
26506.8 82.1
26509.7 82.2
26512.6 82.3
26515.5 82.4
26518.4 82.5
26521.2 82.6
26524.1 82.7
26527 82.8
26529.9 82.9
26532.8 83
26535.6 83.1
26538.5 83.2
26541.4 83.3
26544.3 83.4
26547.1 83.5
26550 83.6
26552.9 83.7
26555.8 83.8
26558.6 83.9
26561.5 84
26564.3 84.1
26567.2 84.2
26570.1 84.3
26572.9 84.4
26575.8 84.5
26578.6 84.6
26581.5 84.7
26584.4 84.8
26587.2 84.9
26590.1 85
26592.9 85.1
26595.8 85.2
26598.6 85.3
26601.5 85.4
26604.3 85.5
26607.2 85.6
26610 85.7
26612.8 85.8
26615.7 85.9
26618.5 86
26621.4 86.1
26624.2 86.2
26627 86.3
26629.9 86.4
26632.7 86.5
26635.5 86.6
26638.4 86.7
26641.2 86.8
26644 86.9
26646.9 87
26649.7 87.1
26652.5 87.2
26655.3 87.3
26658.2 87.4
26661 87.5
26663.8 87.6
26666.6 87.7
26669.4 87.8
26672.2 87.9
26675.1 88
26677.9 88.1
26680.7 88.2
26683.5 88.3
26686.3 88.4
26689.1 88.5
26691.9 88.6
26694.7 88.7
26697.5 88.8
26700.3 88.9
26703.1 89
26705.9 89.1
26708.7 89.2
26711.5 89.3
26714.3 89.4
26717.1 89.5
26719.9 89.6
26722.7 89.7
26725.5 89.8
26728.3 89.9
26731.1 90
26733.9 90.1
26736.7 90.2
26739.5 90.3
26742.3 90.4
26745 90.5
26747.8 90.6
26750.6 90.7
26753.4 90.8
26756.2 90.9
26759 91
26761.7 91.1
26764.5 91.2
26767.3 91.3
26770.1 91.4
26772.8 91.5
26775.6 91.6
26778.4 91.7
26781.2 91.8
26783.9 91.9
26786.7 92
26789.5 92.1
26792.2 92.2
26795 92.3
26797.8 92.4
26800.5 92.5
26803.3 92.6
26806 92.7
26808.8 92.8
26811.6 92.9
26814.3 93
26817.1 93.1
26819.8 93.2
26822.6 93.3
26825.3 93.4
26828.1 93.5
26830.8 93.6
26833.6 93.7
26836.3 93.8
26839.1 93.9
26841.8 94
26844.6 94.1
26847.3 94.2
26850.1 94.3
26852.8 94.4
26855.5 94.5
26858.3 94.6
26861 94.7
26863.7 94.8
26866.5 94.9
26869.2 95
26872 95.1
26874.7 95.2
26877.4 95.3
26880.1 95.4
26882.9 95.5
26885.6 95.6
26888.3 95.7
26891.1 95.8
26893.8 95.9
26896.5 96
26899.2 96.1
26902 96.2
26904.7 96.3
26907.4 96.4
26910.1 96.5
26912.8 96.6
26915.5 96.7
26918.3 96.8
26921 96.9
26923.7 97
26926.4 97.1
26929.1 97.2
26931.8 97.3
26934.5 97.4
26937.2 97.5
26940 97.6
26942.7 97.7
26945.4 97.8
26948.1 97.9
26950.8 98
26953.5 98.1
26956.2 98.2
26958.9 98.3
26961.6 98.4
26964.3 98.5
26967 98.6
26969.7 98.7
26972.4 98.8
26975.1 98.9
26977.7 99
26980.4 99.1
26983.1 99.2
26985.8 99.3
26988.5 99.4
26991.2 99.5
26993.9 99.6
26996.6 99.7
26999.3 99.8
27001.9 99.9
27004.6 100
27007.3 100.1
27010 100.2
27012.7 100.3
27015.3 100.4
27018 100.5
27020.7 100.6
27023.4 100.7
27026 100.8
27028.7 100.9
27031.4 101
27034.1 101.1
27036.7 101.2
27039.4 101.3
27042.1 101.4
27044.7 101.5
27047.4 101.6
27050.1 101.7
27052.7 101.8
27055.4 101.9
27058.1 102
27060.7 102.1
27063.4 102.2
27066.1 102.3
27068.7 102.4
27071.4 102.5
27074 102.6
27076.7 102.7
27079.3 102.8
27082 102.9
27084.7 103
27087.3 103.1
27090 103.2
27092.6 103.3
27095.3 103.4
27097.9 103.5
27100.6 103.6
26813.3 103.5
26526.2 103.4
26239.3 103.3
25952.6 103.2
25666.2 103.1
25380.2 103
25094.5 102.9
24809.2 102.8
24524.4 102.7
24240.1 102.6
23956.2 102.5
23672.9 102.4
23390.1 102.3
23107.9 102.2
22826.3 102.1
22545.4 102
22265.1 101.9
21985.5 101.8
21706.6 101.7
21428.4 101.6
21151 101.5
20874.3 101.4
20598.4 101.3
20323.4 101.2
20049.2 101.1
19775.8 101
19503.3 100.9
19231.6 100.8
18960.9 100.7
18691.1 100.6
18422.3 100.5
18154.4 100.4
17887.4 100.3
17621.5 100.2
17356.6 100.1
17092.6 100
16829.8 99.9
16567.9 99.8
16307.2 99.7
16047.5 99.6
15788.9 99.5
15531.4 99.4
15275.1 99.3
15019.9 99.2
14765.8 99.1
14512.9 99
14261.2 98.9
14010.6 98.8
13761.2 98.7
13513.1 98.6
13266.2 98.5
13020.4 98.4
12776 98.3
12532.8 98.2
12290.8 98.1
12050.1 98
11810.7 97.9
11572.6 97.8
11335.8 97.7
11100.3 97.6
10866 97.5
10633.2 97.4
10401.6 97.3
10171.4 97.2
9942.52 97.1
9715 97
9488.83 96.9
9264.03 96.8
9040.6 96.7
8818.54 96.6
8597.86 96.5
8378.57 96.4
8160.67 96.3
7944.17 96.2
7729.07 96.1
7515.37 96
7303.08 95.9
7092.2 95.8
6882.73 95.7
6674.69 95.6
6468.06 95.5
6262.86 95.4
6059.09 95.3
5856.74 95.2
5655.83 95.1
5456.34 95
5258.29 94.9
5061.67 94.8
4866.49 94.7
4672.74 94.6
4480.43 94.5
4289.55 94.4
4100.11 94.3
3912.1 94.2
3725.53 94.1
3540.39 94
3356.68 93.9
3174.41 93.8
2993.56 93.7
2814.15 93.6
2636.16 93.5
2459.59 93.4
2284.44 93.3
2110.72 93.2
1938.41 93.1
1767.51 93
1598.02 92.9
1429.94 92.8
1263.27 92.7
1097.99 92.6
934.987 92.5
773.456 92.4
614.244 92.3
456.814 92.2
301.599 92.1
148.396 92
-0.80821 91.9
-154.938 91.8
-310.221 91.7
-466.613 91.6
-622.131 91.5
-776.162 91.4
-929.127 91.3
-1080.9 91.2
-1231.2 91.1
-1380.02 91
-1528.09 90.9
-1674.74 90.8
-1819.91 90.7
-1963.79 90.6
-2106.84 90.5
-2248.43 90.4
-2388.56 90.3
-2527.25 90.2
-2664.51 90.1
-2800.76 90
-2936.03 89.9
-3069.88 89.8
-3202.31 89.7
-3333.34 89.6
-3462.98 89.5
-3591.24 89.4
-3718.12 89.3
-3843.66 89.2
-3967.84 89.1
-4090.69 89
-4212.22 88.9
-4332.44 88.8
-4451.36 88.7
-4568.99 88.6
-4685.34 88.5
-4800.43 88.4
-4914.27 88.3
-5026.87 88.2
-5138.23 88.1
-5248.38 88
-5357.32 87.9
-5465.07 87.8
-5571.63 87.7
-5677.02 87.6
-5781.25 87.5
-5884.33 87.4
-5986.28 87.3
-6087.09 87.2
-6186.79 87.1
-6285.39 87
-6382.89 86.9
-6479.31 86.8
-6574.66 86.7
-6668.95 86.6
-6762.19 86.5
-6854.4 86.4
-6945.57 86.3
-7035.73 86.2
-7124.89 86.1
-7213.05 86
-7300.23 85.9
-7386.43 85.8
-7471.67 85.7
-7555.96 85.6
-7639.31 85.5
-7721.73 85.4
-7803.22 85.3
-7883.81 85.2
-7963.5 85.1
-8042.29 85
-8120.2 84.9
-8197.24 84.8
-8273.42 84.7
-8348.75 84.6
-8423.24 84.5
-8496.9 84.4
-8569.73 84.3
-8641.76 84.2
-8712.99 84.1
-8783.42 84
-8853.07 83.9
-8921.95 83.8
-8990.06 83.7
-9057.42 83.6
-9124.03 83.5
-9189.91 83.4
-9255.06 83.3
-9319.49 83.2
-9383.21 83.1
-9446.23 83
-9508.55 82.9
-9570.2 82.8
-9631.16 82.7
-9691.46 82.6
-9751.1 82.5
-9810.09 82.4
-9868.44 82.3
-9926.16 82.2
-9983.25 82.1
-10039.7 82
-10095.6 81.9
-10150.8 81.8
-10205.5 81.7
-10259.6 81.6
-10313.1 81.5
-10366 81.4
-10418.4 81.3
-10470.2 81.2
-10521.5 81.1
-10572.2 81
-10622.4 80.9
-10672 80.8
-10721.2 80.7
-10769.8 80.6
-10817.9 80.5
-10865.5 80.4
-10912.6 80.3
-10959.3 80.2
-11005.4 80.1
-11051.1 80
-11096.4 79.9
-11141.1 79.8
-11185.4 79.7
-11229.3 79.6
-11272.7 79.5
-11315.7 79.4
-11358.2 79.3
-11400.4 79.2
-11442.1 79.1
-11483.4 79
-11524.3 78.9
-11564.8 78.8
-11604.9 78.7
-11644.6 78.6
-11684 78.5
-11722.9 78.4
-11761.5 78.3
-11799.7 78.2
-11837.6 78.1
-11875.1 78
-11912.2 77.9
-11949 77.8
-11985.5 77.7
-12021.6 77.6
-12057.4 77.5
-12092.8 77.4
-12128 77.3
-12162.8 77.2
-12197.3 77.1
-12231.5 77
-12265.4 76.9
-12299 76.8
-12332.3 76.7
-12365.3 76.6
-12398 76.5
-12430.4 76.4
-12462.6 76.3
-12494.4 76.2
-12526.1 76.1
-12557.4 76
-12588.5 75.9
-12619.3 75.8
-12649.8 75.7
-12680.1 75.6
-12710.2 75.5
-12740 75.4
-12769.6 75.3
-12798.9 75.2
-12828 75.1
-12856.9 75
-12885.5 74.9
-12913.9 74.8
-12942.1 74.7
-12970.1 74.6
-12997.8 74.5
-13025.4 74.4
-13052.7 74.3
-13079.8 74.2
-13106.7 74.1
-13133.4 74
-13160 73.9
-13186.3 73.8
-13212.4 73.7
-13238.4 73.6
-13264.1 73.5
-13289.7 73.4
-13315.1 73.3
-13340.3 73.2
-13365.3 73.1
-13390.1 73
-13414.8 72.9
-13439.3 72.8
-13463.7 72.7
-13487.8 72.6
-13511.9 72.5
-13535.7 72.4
-13559.4 72.3
-13582.9 72.2
-13606.3 72.1
-13629.5 72
-13652.6 71.9
-13675.5 71.8
-13698.3 71.7
-13721 71.6
-13743.5 71.5
-13765.8 71.4
-13788 71.3
-13810.1 71.2
-13832 71.1
-13853.8 71
-13875.5 70.9
-13897.1 70.8
-13918.5 70.7
-13939.8 70.6
-13960.9 70.5
-13982 70.4
-14002.9 70.3
-14023.7 70.2
-14044.3 70.1
-14064.9 70
-14085.3 69.9
-14105.7 69.8
-14125.9 69.7
-14146 69.6
-14166 69.5
-14185.9 69.4
-14205.6 69.3
-14225.3 69.2
-14244.9 69.1
-14264.3 69
-14283.7 68.9
-14302.9 68.8
-14322.1 68.7
-14341.1 68.6
-14360.1 68.5
-14378.9 68.4
-14397.7 68.3
-14416.4 68.2
-14435 68.1
-14453.4 68
-14471.8 67.9
-14490.1 67.8
-14508.3 67.7
-14526.5 67.6
-14544.5 67.5
-14562.4 67.4
-14580.3 67.3
-14598.1 67.2
-14615.8 67.1
-14633.4 67
-14650.9 66.9
-14668.4 66.8
-14685.8 66.7
-14703 66.6
-14720.3 66.5
-14737.4 66.4
-14754.5 66.3
-14771.4 66.2
-14788.4 66.1
-14805.2 66
-14822 65.9
-14838.6 65.8
-14855.3 65.7
-14871.8 65.6
-14888.3 65.5
-14904.7 65.4
-14921 65.3
-14937.3 65.2
-14953.5 65.1
-14969.7 65
-14985.7 64.9
-15001.7 64.8
-15017.7 64.7
-15033.6 64.6
-15049.4 64.5
-15065.1 64.4
-15080.8 64.3
-15096.5 64.2
-15112 64.1
-15127.5 64
-15143 63.9
-15158.4 63.8
-15173.7 63.7
-15189 63.6
-15204.2 63.5
-15219.4 63.4
-15234.5 63.3
-15249.5 63.2
-15264.5 63.1
-15279.4 63
-15294.3 62.9
-15309.2 62.8
-15323.9 62.7
-15338.7 62.6
-15353.3 62.5
-15368 62.4
-15382.5 62.3
-15397 62.2
-15411.5 62.1
-15425.9 62
-15440.3 61.9
-15454.6 61.8
-15468.9 61.7
-15483.1 61.6
-15497.3 61.5
-15511.4 61.4
-15525.5 61.3
-15539.5 61.2
-15553.5 61.1
-15567.5 61
-15581.4 60.9
-15595.2 60.8
-15609 60.7
-15622.8 60.6
-15636.5 60.5
-15650.2 60.4
-15663.8 60.3
-15677.4 60.2
-15690.9 60.1
-15704.5 60
-15717.9 59.9
-15731.3 59.8
-15744.7 59.7
-15758.1 59.6
-15771.4 59.5
-15784.6 59.4
-15797.9 59.3
-15811 59.2
-15824.2 59.1
-15837.3 59
-15850.4 58.9
-15863.4 58.8
-15876.4 58.7
-15889.3 58.6
-15902.2 58.5
-15915.1 58.4
-15928 58.3
-15940.8 58.2
-15953.5 58.1
-15966.3 58
-15979 57.9
-15991.6 57.8
-16004.3 57.7
-16016.9 57.6
-16029.4 57.5
-16041.9 57.4
-16054.4 57.3
-16066.9 57.2
-16079.3 57.1
-16091.7 57
-16104.1 56.9
-16116.4 56.8
-16128.7 56.7
-16141 56.6
-16153.2 56.5
-16165.4 56.4
-16177.5 56.3
-16189.7 56.2
-16201.8 56.1
-16213.8 56
-16225.9 55.9
-16237.9 55.8
-16249.9 55.7
-16261.8 55.6
-16273.8 55.5
-16285.6 55.4
-16297.5 55.3
-16309.3 55.2
-16321.1 55.1
-16332.9 55
-16344.7 54.9
-16356.4 54.8
-16368.1 54.7
-16379.7 54.6
-16391.4 54.5
-16403 54.4
-16414.5 54.3
-16426.1 54.2
-16437.6 54.1
-16449.1 54
-16460.6 53.9
-16472 53.8
-16483.4 53.7
-16494.8 53.6
-16506.2 53.5
-16517.5 53.4
-16528.8 53.3
-16540.1 53.2
-16551.4 53.1
-16562.6 53
-16573.8 52.9
-16585 52.8
-16596.2 52.7
-16607.3 52.6
-16618.4 52.5
-16629.5 52.4
-16640.6 52.3
-16651.6 52.2
-16662.6 52.1
-16673.6 52
-16684.6 51.9
-16695.5 51.8
-16706.4 51.7
-16717.3 51.6
-16728.2 51.5
-16739.1 51.4
-16749.9 51.3
-16760.7 51.2
-16771.5 51.1
-16782.2 51
-16793 50.9
-16803.7 50.8
-16814.4 50.7
-16825.1 50.6
-16835.7 50.5
-16846.3 50.4
-16856.9 50.3
-16867.5 50.2
-16878.1 50.1
-16888.6 50
-16899.2 49.9
-16909.7 49.8
-16920.1 49.7
-16930.6 49.6
-16941 49.5
-16951.4 49.4
-16961.8 49.3
-16972.2 49.2
-16982.6 49.1
-16992.9 49
-17003.2 48.9
-17013.5 48.8
-17023.8 48.7
-17034.1 48.6
-17044.3 48.5
-17054.5 48.4
-17064.7 48.3
-17074.9 48.2
-17085.1 48.1
-17095.2 48
-17105.3 47.9
-17115.4 47.8
-17125.5 47.7
-17135.6 47.6
-17145.6 47.5
-17155.7 47.4
-17165.7 47.3
-17175.7 47.2
-17185.6 47.1
-17195.6 47
-17205.5 46.9
-17215.5 46.8
-17225.4 46.7
-17235.2 46.6
-17245.1 46.5
-17255 46.4
-17264.8 46.3
-17274.6 46.2
-17284.4 46.1
-17294.2 46
-17304 45.9
-17313.7 45.8
-17323.4 45.7
-17333.1 45.6
-17342.8 45.5
-17352.5 45.4
-17362.2 45.3
-17371.8 45.2
-17381.5 45.1
-17391.1 45
-17400.7 44.9
-17410.3 44.8
-17419.8 44.7
-17429.4 44.6
-17438.9 44.5
-17448.4 44.4
-17457.9 44.3
-17467.4 44.2
-17476.9 44.1
-17486.3 44
-17495.8 43.9
-17505.2 43.8
-17514.6 43.7
-17524 43.6
-17533.4 43.5
-17542.7 43.4
-17552.1 43.3
-17561.4 43.2
-17570.7 43.1
-17580 43
-17589.3 42.9
-17598.6 42.8
-17607.8 42.7
-17617.1 42.6
-17626.3 42.5
-17635.5 42.4
-17644.7 42.3
-17653.9 42.2
-17663 42.1
-17672.2 42
-17681.3 41.9
-17690.5 41.8
-17699.6 41.7
-17708.7 41.6
-17717.8 41.5
-17726.8 41.4
-17735.9 41.3
-17744.9 41.2
-17753.9 41.1
-17763 41
-17772 40.9
-17780.9 40.8
-17789.9 40.7
-17798.9 40.6
-17807.8 40.5
-17816.8 40.4
-17825.7 40.3
-17834.6 40.2
-17843.5 40.1
-17852.3 40
-17861.2 39.9
-17870.1 39.8
-17878.9 39.7
-17887.7 39.6
-17896.5 39.5
-17905.3 39.4
-17914.1 39.3
-17922.9 39.2
-17931.7 39.1
-17940.4 39
-17949.1 38.9
-17957.9 38.8
-17966.6 38.7
-17975.3 38.6
-17984 38.5
-17992.6 38.4
-18001.3 38.3
-18009.9 38.2
-18018.6 38.1
-18027.2 38
-18035.8 37.9
-18044.4 37.8
-18053 37.7
-18061.6 37.6
-18070.1 37.5
-18078.7 37.4
-18087.2 37.3
-18095.7 37.2
-18104.2 37.1
-18112.7 37
-18121.2 36.9
-18129.7 36.8
-18138.2 36.7
-18146.6 36.6
-18155.1 36.5
-18163.5 36.4
-18171.9 36.3
-18180.3 36.2
-18188.7 36.1
-18197.1 36
-18205.5 35.9
-18213.9 35.8
-18222.2 35.7
-18230.5 35.6
-18238.9 35.5
-18247.2 35.4
-18255.5 35.3
-18263.8 35.2
-18272.1 35.1
-18280.3 35
-18288.6 34.9
-18296.8 34.8
-18305.1 34.7
-18313.3 34.6
-18321.5 34.5
-18329.7 34.4
-18337.9 34.3
-18346.1 34.2
-18354.3 34.1
-18362.4 34
-18370.6 33.9
-18378.7 33.8
-18386.9 33.7
-18395 33.6
-18403.1 33.5
-18411.2 33.4
-18419.3 33.3
-18427.4 33.2
-18435.4 33.1
-18443.5 33
-18451.5 32.9
-18459.6 32.8
-18467.6 32.7
-18475.6 32.6
-18483.6 32.5
-18491.6 32.4
-18499.6 32.3
-18507.6 32.2
-18515.5 32.1
-18523.5 32
-18531.4 31.9
-18539.3 31.8
-18547.3 31.7
-18555.2 31.6
-18563.1 31.5
-18571 31.4
-18578.9 31.3
-18586.7 31.2
-18594.6 31.1
-18602.4 31
-18610.3 30.9
-18618.1 30.8
-18625.9 30.7
-18633.8 30.6
-18641.6 30.5
-18649.4 30.4
-18657.1 30.3
-18664.9 30.2
-18672.7 30.1
-18680.4 30
-18688.2 29.9
-18695.9 29.8
-18703.6 29.7
-18711.4 29.6
-18719.1 29.5
-18726.8 29.4
-18734.4 29.3
-18742.1 29.2
-18749.8 29.1
-18757.5 29
-18765.1 28.9
-18772.7 28.8
-18780.4 28.7
-18788 28.6
-18795.6 28.5
-18803.2 28.4
-18810.8 28.3
-18818.4 28.2
-18826 28.1
-18833.5 28
-18841.1 27.9
-18848.7 27.8
-18856.2 27.7
-18863.7 27.6
-18871.2 27.5
-18878.8 27.4
-18886.3 27.3
-18893.8 27.2
-18901.2 27.1
-18908.7 27
-18916.2 26.9
-18923.6 26.8
-18931.1 26.7
-18938.5 26.6
-18946 26.5
-18953.4 26.4
-18960.8 26.3
-18968.2 26.2
-18975.6 26.1
-18983 26
-18990.4 25.9
-18997.8 25.8
-19005.1 25.7
-19012.5 25.6
-19019.8 25.5
-19027.2 25.4
-19034.5 25.3
-19041.8 25.2
-19049.1 25.1
-19056.4 25
-19063.7 24.9
-19071 24.8
-19078.3 24.7
-19085.5 24.6
-19092.8 24.5
-19100.1 24.4
-19107.3 24.3
-19114.5 24.2
-19121.8 24.1
-19129 24
-19136.2 23.9
-19143.4 23.8
-19150.6 23.7
-19157.8 23.6
-19165 23.5
-19172.1 23.4
-19179.3 23.3
-19186.4 23.2
-19193.6 23.1
-19200.7 23
-19207.9 22.9
-19215 22.8
-19222.1 22.7
-19229.2 22.6
-19236.3 22.5
-19243.4 22.4
-19250.5 22.3
-19257.5 22.2
-19264.6 22.1
-19271.6 22
-19278.7 21.9
-19285.7 21.8
-19292.8 21.7
-19299.8 21.6
-19306.8 21.5
-19313.8 21.4
-19320.8 21.3
-19327.8 21.2
-19334.8 21.1
-19341.8 21
-19348.7 20.9
-19355.7 20.8
-19362.7 20.7
-19369.6 20.6
-19376.5 20.5
-19383.5 20.4
-19390.4 20.3
-19397.3 20.2
-19404.2 20.1
-19411.1 20
-19418 19.9
-19424.9 19.8
-19431.8 19.7
-19438.6 19.6
-19445.5 19.5
-19452.4 19.4
-19459.2 19.3
-19466 19.2
-19472.9 19.1
-19479.7 19
-19486.5 18.9
-19493.3 18.8
-19500.1 18.7
-19506.9 18.6
-19513.7 18.5
-19520.5 18.4
-19527.3 18.3
-19534 18.2
-19540.8 18.1
-19547.5 18
-19554.3 17.9
-19561 17.8
-19567.7 17.7
-19574.5 17.6
-19581.2 17.5
-19587.9 17.4
-19594.6 17.3
-19601.3 17.2
-19608 17.1
-19614.6 17
-19621.3 16.9
-19628 16.8
-19634.6 16.7
-19641.3 16.6
-19647.9 16.5
-19654.6 16.4
-19661.2 16.3
-19667.8 16.2
-19674.4 16.1
-19681 16
-19687.6 15.9
-19694.2 15.8
-19700.8 15.7
-19707.4 15.6
-19714 15.5
-19720.5 15.4
-19727.1 15.3
-19733.6 15.2
-19740.2 15.1
-19746.7 15
-19753.2 14.9
-19759.8 14.8
-19766.3 14.7
-19772.8 14.6
-19779.3 14.5
-19785.8 14.4
-19792.3 14.3
-19798.8 14.2
-19805.2 14.1
-19811.7 14
-19818.2 13.9
-19824.6 13.8
-19831.1 13.7
-19837.5 13.6
-19843.9 13.5
-19850.4 13.4
-19856.8 13.3
-19863.2 13.2
-19869.6 13.1
-19876 13
-19882.4 12.9
-19888.8 12.8
-19895.2 12.7
-19901.5 12.6
-19907.9 12.5
-19914.3 12.4
-19920.6 12.3
-19927 12.2
-19933.3 12.1
-19939.6 12
-19946 11.9
-19952.3 11.8
-19958.6 11.7
-19964.9 11.6
-19971.2 11.5
-19977.5 11.4
-19983.8 11.3
-19990.1 11.2
-19996.4 11.1
-20002.6 11
-20008.9 10.9
-20015.1 10.8
-20021.4 10.7
-20027.6 10.6
-20033.9 10.5
-20040.1 10.4
-20046.3 10.3
-20052.6 10.2
-20058.8 10.1
-20065 10
-20071.2 9.9
-20077.4 9.8
-20083.6 9.7
-20089.7 9.6
-20095.9 9.5
-20102.1 9.4
-20108.2 9.3
-20114.4 9.2
-20120.5 9.1
-20126.7 9
-20132.8 8.9
-20139 8.8
-20145.1 8.7
-20151.2 8.6
-20157.3 8.5
-20163.4 8.4
-20169.5 8.3
-20175.6 8.2
-20181.7 8.1
-20187.8 8
-20193.9 7.9
-20199.9 7.8
-20206 7.7
-20212 7.6
-20218.1 7.5
-20224.1 7.4
-20230.2 7.3
-20236.2 7.2
-20242.2 7.1
-20248.3 7
-20254.3 6.9
-20260.3 6.8
-20266.3 6.7
-20272.3 6.6
-20278.3 6.5
-20284.3 6.4
-20290.2 6.3
-20296.2 6.2
-20302.2 6.1
-20308.1 6
-20314.1 5.9
-20320.1 5.8
-20326 5.7
-20331.9 5.6
-20337.9 5.5
-20343.8 5.4
-20349.7 5.3
-20355.6 5.2
-20361.5 5.1
-20367.4 5
-20373.3 4.9
-20379.2 4.8
-20385.1 4.7
-20391 4.6
-20396.9 4.5
-20402.8 4.4
-20408.6 4.3
-20414.5 4.2
-20420.3 4.1
-20426.2 4
-20432 3.9
-20437.8 3.8
-20443.7 3.7
-20449.5 3.6
-20455.3 3.5
-20461.1 3.4
-20466.9 3.3
-20472.7 3.2
-20478.5 3.1
-20484.3 3
-20490.1 2.9
-20495.9 2.8
-20501.7 2.7
-20507.4 2.6
-20513.2 2.5
-20519 2.4
-20524.7 2.3
-20530.5 2.2
-20536.2 2.1
-20541.9 2
-20547.7 1.9
-20553.4 1.8
-20559.1 1.7
-20564.8 1.6
-20570.5 1.5
-20576.2 1.4
-20581.9 1.3
-20587.6 1.2
-20593.3 1.1
-20599 1
-20604.7 0.9
-20610.3 0.8
-20616 0.7
-20621.7 0.6
-20627.3 0.5
-20633 0.4
-20638.6 0.3
-20644.2 0.2
-20649.9 0.1
-20655.5 -2.95458e-14
-20661.1 -0.1
-20666.7 -0.2
-20672.4 -0.3
-20678 -0.4
-20683.6 -0.5
-20689.2 -0.6
-20694.8 -0.7
-20700.3 -0.8
-20705.9 -0.9
-20711.5 -1
-20717.1 -1.1
-20722.6 -1.2
-20728.2 -1.3
-20733.7 -1.4
-20739.3 -1.5
-20744.8 -1.6
-20750.4 -1.7
-20755.9 -1.8
-20761.4 -1.9
-20767 -2
-20772.5 -2.1
-20778 -2.2
-20783.5 -2.3
-20789 -2.4
-20794.5 -2.5
-20800 -2.6
-20805.5 -2.7
-20811 -2.8
-20816.5 -2.9
-20821.9 -3
-20827.4 -3.1
-20832.9 -3.2
-20838.3 -3.3
-20843.8 -3.4
-20849.2 -3.5
-20854.7 -3.6
-20860.1 -3.7
-20865.5 -3.8
-20871 -3.9
-20876.4 -4
-20881.8 -4.1
-20887.2 -4.2
-20892.6 -4.3
-20898.1 -4.4
-20903.5 -4.5
-20908.8 -4.6
-20914.2 -4.7
-20919.6 -4.8
-20925 -4.9
-20930.4 -5
-20935.7 -5.1
-20941.1 -5.2
-20946.5 -5.3
-20951.8 -5.4
-20957.2 -5.5
-20962.5 -5.6
-20967.9 -5.7
-20973.2 -5.8
-20978.5 -5.9
-20983.9 -6
-20989.2 -6.1
-20994.5 -6.2
-20999.8 -6.3
-21005.1 -6.4
-21010.4 -6.5
-21015.7 -6.6
-21021 -6.7
-21026.3 -6.8
-21031.6 -6.9
-21036.9 -7
-21042.2 -7.1
-21047.4 -7.2
-21052.7 -7.3
-21058 -7.4
-21063.2 -7.5
-21068.5 -7.6
-21073.7 -7.7
-21079 -7.8
-21084.2 -7.9
-21089.5 -8
-21094.7 -8.1
-21099.9 -8.2
-21105.1 -8.3
-21110.3 -8.4
-21115.6 -8.5
-21120.8 -8.6
-21126 -8.7
-21131.2 -8.8
-21136.4 -8.9
-21141.6 -9
-21146.7 -9.1
-21151.9 -9.2
-21157.1 -9.3
-21162.3 -9.4
-21167.4 -9.5
-21172.6 -9.6
-21177.8 -9.7
-21182.9 -9.8
-21188.1 -9.9
-21193.2 -10
-21198.3 -10.1
-21203.5 -10.2
-21208.6 -10.3
-21213.7 -10.4
-21218.9 -10.5
-21224 -10.6
-21229.1 -10.7
-21234.2 -10.8
-21239.3 -10.9
-21244.4 -11
-21249.5 -11.1
-21254.6 -11.2
-21259.7 -11.3
-21264.8 -11.4
-21269.9 -11.5
-21274.9 -11.6
-21280 -11.7
-21285.1 -11.8
-21290.1 -11.9
-21295.2 -12
-21300.3 -12.1
-21305.3 -12.2
-21310.4 -12.3
-21315.4 -12.4
-21320.4 -12.5
-21325.5 -12.6
-21330.5 -12.7
-21335.5 -12.8
-21340.5 -12.9
-21345.6 -13
-21350.6 -13.1
-21355.6 -13.2
-21360.6 -13.3
-21365.6 -13.4
-21370.6 -13.5
-21375.6 -13.6
-21380.6 -13.7
-21385.5 -13.8
-21390.5 -13.9
-21395.5 -14
-21400.5 -14.1
-21405.4 -14.2
-21410.4 -14.3
-21415.4 -14.4
-21420.3 -14.5
-21425.3 -14.6
-21430.2 -14.7
-21435.2 -14.8
-21440.1 -14.9
-21445 -15
-21450 -15.1
-21454.9 -15.2
-21459.8 -15.3
-21464.7 -15.4
-21469.6 -15.5
-21474.6 -15.6
-21479.5 -15.7
-21484.4 -15.8
-21489.3 -15.9
-21494.2 -16
-21499 -16.1
-21503.9 -16.2
-21508.8 -16.3
-21513.7 -16.4
-21518.6 -16.5
-21523.4 -16.6
-21528.3 -16.7
-21533.2 -16.8
-21538 -16.9
-21542.9 -17
-21547.7 -17.1
-21552.6 -17.2
-21557.4 -17.3
-21562.3 -17.4
-21567.1 -17.5
-21571.9 -17.6
-21576.8 -17.7
-21581.6 -17.8
-21586.4 -17.9
-21591.2 -18
-21596.1 -18.1
-21600.9 -18.2
-21605.7 -18.3
-21610.5 -18.4
-21615.3 -18.5
-21620.1 -18.6
-21624.9 -18.7
-21629.6 -18.8
-21634.4 -18.9
-21639.2 -19
-21644 -19.1
-21648.8 -19.2
-21653.5 -19.3
-21658.3 -19.4
-21663 -19.5
-21667.8 -19.6
-21672.6 -19.7
-21677.3 -19.8
-21682.1 -19.9
-21686.8 -20
-21691.5 -20.1
-21696.3 -20.2
-21701 -20.3
-21705.7 -20.4
-21710.5 -20.5
-21715.2 -20.6
-21719.9 -20.7
-21724.6 -20.8
-21729.3 -20.9
-21734 -21
-21738.7 -21.1
-21743.4 -21.2
-21748.1 -21.3
-21752.8 -21.4
-21757.5 -21.5
-21762.2 -21.6
-21766.9 -21.7
-21771.5 -21.8
-21776.2 -21.9
-21780.9 -22
-21785.5 -22.1
-21790.2 -22.2
-21794.9 -22.3
-21799.5 -22.4
-21804.2 -22.5
-21808.8 -22.6
-21813.5 -22.7
-21818.1 -22.8
-21822.8 -22.9
-21827.4 -23
-21832 -23.1
-21836.6 -23.2
-21841.3 -23.3
-21845.9 -23.4
-21850.5 -23.5
-21855.1 -23.6
-21859.7 -23.7
-21864.3 -23.8
-21868.9 -23.9
-21873.5 -24
-21878.1 -24.1
-21882.7 -24.2
-21887.3 -24.3
-21891.9 -24.4
-21896.5 -24.5
-21901.1 -24.6
-21905.7 -24.7
-21910.2 -24.8
-21914.8 -24.9
-21919.4 -25
-21923.9 -25.1
-21928.5 -25.2
-21933 -25.3
-21937.6 -25.4
-21942.1 -25.5
-21946.7 -25.6
-21951.2 -25.7
-21955.8 -25.8
-21960.3 -25.9
-21964.8 -26
-21969.4 -26.1
-21973.9 -26.2
-21978.4 -26.3
-21982.9 -26.4
-21987.5 -26.5
-21992 -26.6
-21996.5 -26.7
-22001 -26.8
-22005.5 -26.9
-22010 -27
-22014.5 -27.1
-22019 -27.2
-22023.5 -27.3
-22028 -27.4
-22032.4 -27.5
-22036.9 -27.6
-22041.4 -27.7
-22045.9 -27.8
-22050.3 -27.9
-22054.8 -28
-22059.3 -28.1
-22063.7 -28.2
-22068.2 -28.3
-22072.7 -28.4
-22077.1 -28.5
-22081.6 -28.6
-22086 -28.7
-22090.4 -28.8
-22094.9 -28.9
-22099.3 -29
-22103.7 -29.1
-22108.2 -29.2
-22112.6 -29.3
-22117 -29.4
-22121.4 -29.5
-22125.9 -29.6
-22130.3 -29.7
-22134.7 -29.8
-22139.1 -29.9
-22143.5 -30
-22147.9 -30.1
-22152.3 -30.2
-22156.7 -30.3
-22161.1 -30.4
-22165.5 -30.5
-22169.9 -30.6
-22174.3 -30.7
-22178.6 -30.8
-22183 -30.9
-22187.4 -31
-22191.8 -31.1
-22196.1 -31.2
-22200.5 -31.3
-22204.9 -31.4
-22209.2 -31.5
-22213.6 -31.6
-22217.9 -31.7
-22222.3 -31.8
-22226.6 -31.9
-22231 -32
-22235.3 -32.1
-22239.6 -32.2
-22244 -32.3
-22248.3 -32.4
-22252.6 -32.5
-22257 -32.6
-22261.3 -32.7
-22265.6 -32.8
-22269.9 -32.9
-22274.2 -33
-22278.5 -33.1
-22282.9 -33.2
-22287.2 -33.3
-22291.5 -33.4
-22295.8 -33.5
-22300.1 -33.6
-22304.4 -33.7
-22308.6 -33.8
-22312.9 -33.9
-22317.2 -34
-22321.5 -34.1
-22325.8 -34.2
-22330.1 -34.3
-22334.3 -34.4
-22338.6 -34.5
-22342.9 -34.6
-22347.1 -34.7
-22351.4 -34.8
-22355.7 -34.9
-22359.9 -35
-22364.2 -35.1
-22368.4 -35.2
-22372.7 -35.3
-22376.9 -35.4
-22381.2 -35.5
-22385.4 -35.6
-22389.6 -35.7
-22393.9 -35.8
-22398.1 -35.9
-22402.3 -36
-22406.5 -36.1
-22410.8 -36.2
-22415 -36.3
-22419.2 -36.4
-22423.4 -36.5
-22427.6 -36.6
-22431.8 -36.7
-22436 -36.8
-22440.3 -36.9
-22444.5 -37
-22451.2 -37.1
-22458 -37.2
-22464.8 -37.3
-22471.7 -37.4
-22478.4 -37.5
-22485.2 -37.6
-22492 -37.7
-22498.8 -37.8
-22505.5 -37.9
-22512.3 -38
-22519 -38.1
-22525.7 -38.2
-22532.4 -38.3
-22539.1 -38.4
-22545.8 -38.5
-22552.5 -38.6
-22559.1 -38.7
-22565.8 -38.8
-22572.4 -38.9
-22579.1 -39
-22585.7 -39.1
-22592.3 -39.2
-22598.9 -39.3
-22605.5 -39.4
-22612.1 -39.5
-22618.7 -39.6
-22625.2 -39.7
-22631.8 -39.8
-22638.3 -39.9
-22644.9 -40
-22651.4 -40.1
-22657.9 -40.2
-22664.4 -40.3
-22670.9 -40.4
-22677.4 -40.5
-22683.9 -40.6
-22690.4 -40.7
-22696.8 -40.8
-22703.3 -40.9
-22709.7 -41
-22716.1 -41.1
-22722.6 -41.2
-22729 -41.3
-22735.4 -41.4
-22741.8 -41.5
-22748.1 -41.6
-22754.5 -41.7
-22760.9 -41.8
-22767.2 -41.9
-22773.6 -42
-22779.9 -42.1
-22786.3 -42.2
-22792.6 -42.3
-22798.9 -42.4
-22805.2 -42.5
-22811.5 -42.6
-22817.8 -42.7
-22824.1 -42.8
-22830.3 -42.9
-22836.6 -43
-22842.8 -43.1
-22849.1 -43.2
-22855.3 -43.3
-22861.5 -43.4
-22867.7 -43.5
-22873.9 -43.6
-22880.1 -43.7
-22886.3 -43.8
-22892.5 -43.9
-22898.7 -44
-22904.9 -44.1
-22911 -44.2
-22917.2 -44.3
-22923.3 -44.4
-22929.4 -44.5
-22935.5 -44.6
-22941.7 -44.7
-22947.8 -44.8
-22953.9 -44.9
-22960 -45
-22966 -45.1
-22972.1 -45.2
-22978.2 -45.3
-22984.2 -45.4
-22990.3 -45.5
-22996.3 -45.6
-23002.4 -45.7
-23008.4 -45.8
-23014.4 -45.9
-23020.4 -46
-23026.4 -46.1
-23032.4 -46.2
-23038.4 -46.3
-23044.4 -46.4
-23050.3 -46.5
-23056.3 -46.6
-23062.3 -46.7
-23068.2 -46.8
-23074.2 -46.9
-23080.2 -47
-23086.2 -47.1
-23092.2 -47.2
-23098.2 -47.3
-23104.1 -47.4
-23110.1 -47.5
-23116 -47.6
-23121.9 -47.7
-23127.9 -47.8
-23133.8 -47.9
-23139.7 -48
-23145.6 -48.1
-23151.5 -48.2
-23157.4 -48.3
-23163.3 -48.4
-23169.2 -48.5
-23175 -48.6
-23180.9 -48.7
-23186.7 -48.8
-23192.6 -48.9
-23198.4 -49
-23204.3 -49.1
-23210.1 -49.2
-23215.9 -49.3
-23221.7 -49.4
-23227.5 -49.5
-23233.3 -49.6
-23239.1 -49.7
-23244.9 -49.8
-23250.7 -49.9
-23256.4 -50
-23262.2 -50.1
-23267.9 -50.2
-23273.7 -50.3
-23279.4 -50.4
-23285.1 -50.5
-23290.9 -50.6
-23296.6 -50.7
-23302.3 -50.8
-23308 -50.9
-23313.7 -51
-23319.4 -51.1
-23325.1 -51.2
-23330.7 -51.3
-23336.4 -51.4
-23342.1 -51.5
-23347.7 -51.6
-23353.4 -51.7
-23359 -51.8
-23364.7 -51.9
-23370.3 -52
-23375.9 -52.1
-23381.5 -52.2
-23387.1 -52.3
-23392.7 -52.4
-23398.3 -52.5
-23403.9 -52.6
-23409.5 -52.7
-23415.1 -52.8
-23420.7 -52.9
-23426.2 -53
-23431.8 -53.1
-23437.3 -53.2
-23442.9 -53.3
-23448.4 -53.4
-23453.9 -53.5
-23459.5 -53.6
-23465 -53.7
-23470.5 -53.8
-23476 -53.9
-23481.5 -54
-23487 -54.1
-23492.5 -54.2
-23497.9 -54.3
-23503.4 -54.4
-23508.9 -54.5
-23514.4 -54.6
-23519.8 -54.7
-23525.3 -54.8
-23530.7 -54.9
-23536.1 -55
-23541.6 -55.1
-23547 -55.2
-23552.4 -55.3
-23557.8 -55.4
-23563.2 -55.5
-23568.6 -55.6
-23574 -55.7
-23579.4 -55.8
-23584.8 -55.9
-23590.2 -56
-23595.5 -56.1
-23600.9 -56.2
-23606.3 -56.3
-23611.6 -56.4
-23617 -56.5
-23622.3 -56.6
-23627.7 -56.7
-23633 -56.8
-23638.3 -56.9
-23643.6 -57
-23649 -57.1
-23654.3 -57.2
-23659.6 -57.3
-23664.9 -57.4
-23670.2 -57.5
-23675.5 -57.6
-23680.7 -57.7
-23686 -57.8
-23691.3 -57.9
-23696.5 -58
-23701.8 -58.1
-23707.1 -58.2
-23712.3 -58.3
-23717.6 -58.4
-23722.8 -58.5
-23728 -58.6
-23733.2 -58.7
-23738.5 -58.8
-23743.7 -58.9
-23748.9 -59
-23754.1 -59.1
-23759.3 -59.2
-23764.5 -59.3
-23769.7 -59.4
-23774.9 -59.5
-23780 -59.6
-23785.2 -59.7
-23790.4 -59.8
-23795.5 -59.9
-23800.7 -60
-23805.8 -60.1
-23811 -60.2
-23816.1 -60.3
-23821.2 -60.4
-23826.4 -60.5
-23831.5 -60.6
-23836.6 -60.7
-23841.7 -60.8
-23846.8 -60.9
-23851.9 -61
-23857 -61.1
-23862.1 -61.2
-23867.2 -61.3
-23872.3 -61.4
-23877.4 -61.5
-23882.4 -61.6
-23887.5 -61.7
-23892.6 -61.8
-23897.6 -61.9
-23902.7 -62
-23907.7 -62.1
-23912.7 -62.2
-23917.8 -62.3
-23922.8 -62.4
-23927.8 -62.5
-23932.9 -62.6
-23937.9 -62.7
-23942.9 -62.8
-23947.9 -62.9
-23952.9 -63
-23957.9 -63.1
-23962.9 -63.2
-23967.9 -63.3
-23972.8 -63.4
-23977.8 -63.5
-23982.8 -63.6
-23987.7 -63.7
-23992.7 -63.8
-23997.7 -63.9
-24002.6 -64
-24007.6 -64.1
-24012.5 -64.2
-24017.4 -64.3
-24022.4 -64.4
-24027.3 -64.5
-24032.2 -64.6
-24037.1 -64.7
-24042 -64.8
-24046.9 -64.9
-24051.8 -65
-24056.7 -65.1
-24061.6 -65.2
-24066.5 -65.3
-24071.4 -65.4
-24076.3 -65.5
-24081.2 -65.6
-24086 -65.7
-24090.9 -65.8
-24095.8 -65.9
-24100.6 -66
-24105.5 -66.1
-24110.3 -66.2
-24115.1 -66.3
-24120 -66.4
-24124.8 -66.5
-24129.6 -66.6
-24134.5 -66.7
-24139.3 -66.8
-24144.1 -66.9
-24148.9 -67
-24153.7 -67.1
-24158.5 -67.2
-24163.3 -67.3
-24168.1 -67.4
-24172.9 -67.5
-24177.7 -67.6
-24182.4 -67.7
-24187.2 -67.8
-24192 -67.9
-24196.8 -68
-24201.5 -68.1
-24206.3 -68.2
-24211 -68.3
-24215.8 -68.4
-24220.5 -68.5
-24225.2 -68.6
-24230 -68.7
-24234.7 -68.8
-24239.4 -68.9
-24244.2 -69
-24248.9 -69.1
-24253.6 -69.2
-24258.3 -69.3
-24263 -69.4
-24267.7 -69.5
-24272.4 -69.6
-24277.1 -69.7
-24281.8 -69.8
-24286.4 -69.9
-24291.1 -70
-24295.8 -70.1
-24300.5 -70.2
-24305.1 -70.3
-24309.8 -70.4
-24314.4 -70.5
-24319.1 -70.6
-24323.7 -70.7
-24328.4 -70.8
-24333 -70.9
-24337.7 -71
-24342.3 -71.1
-24346.9 -71.2
-24351.6 -71.3
-24356.2 -71.4
-24360.8 -71.5
-24365.4 -71.6
-24370 -71.7
-24374.6 -71.8
-24379.2 -71.9
-24383.8 -72
-24388.4 -72.1
-24393 -72.2
-24397.6 -72.3
-24402.1 -72.4
-24406.7 -72.5
-24411.3 -72.6
-24415.8 -72.7
-24420.4 -72.8
-24425 -72.9
-24429.5 -73
-24434.1 -73.1
-24438.6 -73.2
-24443.2 -73.3
-24447.7 -73.4
-24452.2 -73.5
-24456.8 -73.6
-24461.3 -73.7
-24465.8 -73.8
-24470.3 -73.9
-24474.8 -74
-24479.4 -74.1
-24483.9 -74.2
-24690.6 -74.3
-25010.5 -74.4
-25330 -74.5
-25649.1 -74.6
-25967.7 -74.7
-26285.9 -74.8
-26604.9 -74.9
-26933.5 -75
-27261.6 -75.1
-27589.2 -75.2
-27916.2 -75.3
-28242.7 -75.4
-28568.6 -75.5
-28894 -75.6
-29218.9 -75.7
-29543.2 -75.8
-29866.9 -75.9
-30190.1 -76
-30512.6 -76.1
-30834.6 -76.2
-31156 -76.3
-31476.9 -76.4
-31797.1 -76.5
-32116.7 -76.6
-32435.7 -76.7
-32754.1 -76.8
-33089.7 -76.9
-33436.7 -77
-33807.3 -77.1
-34184.6 -77.2
-34560.6 -77.3
-34935.4 -77.4
-35308.9 -77.5
-35681.2 -77.6
-36052.1 -77.7
-36421.7 -77.8
-36789.9 -77.9
-37156.8 -78
-37522.2 -78.1
-37886.3 -78.2
-38248.9 -78.3
-38610 -78.4
-38969.6 -78.5
-39327.7 -78.6
-39684.2 -78.7
-40039.1 -78.8
-40392.4 -78.9
-40744.1 -79
-41094.1 -79.1
-41442.3 -79.2
-41788.8 -79.3
-42133.5 -79.4
-42476.3 -79.5
-42817.3 -79.6
-43156.3 -79.7
-43493.4 -79.8
-43828.4 -79.9
-44161.3 -80
-44492.2 -80.1
-44820.8 -80.2
-45147.2 -80.3
-45471.3 -80.4
-45793.1 -80.5
-46112.4 -80.6
-46429.3 -80.7
-46743.6 -80.8
-47055.3 -80.9
-47364.3 -81
-47670.5 -81.1
-47973.9 -81.2
-48274.4 -81.3
-48572 -81.4
-48866.4 -81.5
-49157.8 -81.6
-49445.9 -81.7
-49730.8 -81.8
-50012.3 -81.9
-50290.3 -82
-50564.9 -82.1
-50835.9 -82.2
-51103.2 -82.3
-51366.8 -82.4
-51626.7 -82.5
-51882.7 -82.6
-52134.7 -82.7
-52382.9 -82.8
-52627 -82.9
-52867 -83
-53103 -83.1
-53336.9 -83.2
-53567.5 -83.3
-53793.5 -83.4
-54015.2 -83.5
-54232.4 -83.6
-54445.1 -83.7
-54653.4 -83.8
-54857.2 -83.9
-55056.6 -84
-55251.5 -84.1
-55442.1 -84.2
-55628.2 -84.3
-55810.1 -84.4
-55987.6 -84.5
-56160.9 -84.6
-56330 -84.7
-56494.9 -84.8
-56655.8 -84.9
-56812.6 -85
-56965.4 -85.1
-57114.3 -85.2
-57259.3 -85.3
-57400.6 -85.4
-57538.2 -85.5
-57672.2 -85.6
-57802.6 -85.7
-57929.5 -85.8
-58053 -85.9
-58173.1 -86
-58290 -86.1
-58403.7 -86.2
-58514.3 -86.3
-58621.8 -86.4
-58726.4 -86.5
-58828.1 -86.6
-58926.9 -86.7
-59023 -86.8
-59116.5 -86.9
-59207.3 -87
-59295.5 -87.1
-59381.3 -87.2
-59464.8 -87.3
-59545.8 -87.4
-59624.6 -87.5
-59701.2 -87.6
-59775.7 -87.7
-59848.1 -87.8
-59918.5 -87.9
-59987 -88
-60053.6 -88.1
-60118.4 -88.2
-60181.5 -88.3
-60242.9 -88.4
-60302.6 -88.5
-60360.9 -88.6
-60417.6 -88.7
-60472.9 -88.8
-60526.9 -88.9
-60579.5 -89
-60630.8 -89.1
-60681 -89.2
-60730 -89.3
-60777.9 -89.4
-60824.7 -89.5
-60870.5 -89.6
-60915.4 -89.7
-60959.3 -89.8
-61002.4 -89.9
-61044.6 -90
-61086 -90.1
-61126.6 -90.2
-61166.2 -90.3
-61204.3 -90.4
-61241.7 -90.5
-61278.5 -90.6
-61314.6 -90.7
-61350.2 -90.8
-61385.1 -90.9
-61419.6 -91
-61453.4 -91.1
-61486.8 -91.2
-61519.7 -91.3
-61552.1 -91.4
-61584.1 -91.5
-61615.6 -91.6
-61646.7 -91.7
-61677.4 -91.8
-61707.7 -91.9
-61737.1 -92
-61765.4 -92.1
-61792.8 -92.2
-61819.9 -92.3
-61846.3 -92.4
-61872.3 -92.5
-61898.1 -92.6
-61923.5 -92.7
-61948.7 -92.8
-61973.6 -92.9
-61998.2 -93
-62022.6 -93.1
-62046.7 -93.2
-62070.6 -93.3
-62093.9 -93.4
-62117 -93.5
-62139.8 -93.6
-62162.4 -93.7
-62184.7 -93.8
-62206.9 -93.9
-62228.8 -94
-62250.6 -94.1
-62272.1 -94.2
-62293.3 -94.3
-62314.2 -94.4
-62334.8 -94.5
-62355.2 -94.6
-62375.3 -94.7
-62395.4 -94.8
-62415.2 -94.9
-62434.8 -95
-62454.3 -95.1
-62473.6 -95.2
-62492.8 -95.3
-62511.8 -95.4
-62530.6 -95.5
-62549.3 -95.6
-62567.8 -95.7
-62586.1 -95.8
-62604.4 -95.9
-62622.4 -96
-62640.4 -96.1
-62658.1 -96.2
-62675.8 -96.3
-62693.3 -96.4
-62710.7 -96.5
-62727.9 -96.6
-62745 -96.7
-62762 -96.8
-62778.8 -96.9
-62795.5 -97
-62812.1 -97.1
-62828.6 -97.2
-62845 -97.3
-62861.2 -97.4
-62877.3 -97.5
-62893.3 -97.6
-62909.2 -97.7
-62925 -97.8
-62940.7 -97.9
-62956.3 -98
-62971.8 -98.1
-62987.1 -98.2
-63002.4 -98.3
-63017.6 -98.4
-63032.6 -98.5
-63047.6 -98.6
-63062.5 -98.7
-63077.3 -98.8
-63091.9 -98.9
-63106.5 -99
-63121 -99.1
-63135.4 -99.2
-63149.8 -99.3
-63164 -99.4
-63178.2 -99.5
-63192.2 -99.6
-63206.2 -99.7
-63220.1 -99.8
-63233.9 -99.9
-63247.6 -100
-63261.2 -100.1
-63274.8 -100.2
-63288.3 -100.3
-63301.7 -100.4
-63315 -100.5
-63328.3 -100.6
-63341.5 -100.7
-63354.6 -100.8
-63367.7 -100.9
-63380.7 -101
-63393.6 -101.1
-63406.4 -101.2
-63419.2 -101.3
-63431.9 -101.4
-63444.5 -101.5
-63457.1 -101.6
-63469.6 -101.7
-63482.1 -101.8
-63494.5 -101.9
-63506.8 -102
-63519.1 -102.1
-63531.3 -102.2
-63543.4 -102.3
-63555.5 -102.4
-63567.5 -102.5
-63579.5 -102.6
-63591.4 -102.7
-63603.3 -102.8
-63615.1 -102.9
-63626.9 -103
-63638.6 -103.1
-63650.2 -103.2
-63661.8 -103.3
-63673.3 -103.4
-63684.8 -103.5
-63696.3 -103.6
-63021.4 -103.5
-62346.7 -103.4
-61672.2 -103.3
-60998 -103.2
-60324.1 -103.1
-59650.6 -103
-58977.6 -102.9
-58305.1 -102.8
-57633.1 -102.7
-56961.7 -102.6
-56290.9 -102.5
-55620.9 -102.4
-54951.5 -102.3
-54282.9 -102.2
-53615.1 -102.1
-52948.2 -102
-52282.1 -101.9
-51617 -101.8
-50954.7 -101.7
-50300.8 -101.6
-49648 -101.5
-48996.3 -101.4
-48348 -101.3
-47706.3 -101.2
-47065.9 -101.1
-46426.6 -101
-45793.8 -100.9
-45164.6 -100.8
-44536.7 -100.7
-43910.1 -100.6
-43284.9 -100.5
-42661.1 -100.4
-42038.7 -100.3
-41417.7 -100.2
-40798.3 -100.1
-40180.4 -100
-39564.1 -99.9
-38949.3 -99.8
-38336.2 -99.7
-37724.8 -99.6
-37115 -99.5
-36506.9 -99.4
-35900.6 -99.3
-35296.1 -99.2
-34693.4 -99.1
-34092.5 -99
-33493.5 -98.9
-32896.4 -98.8
-32301.2 -98.7
-31708.4 -98.6
-31122.7 -98.5
-30539 -98.4
-29969.5 -98.3
-29408.9 -98.2
-28850.2 -98.1
-28306.8 -98
-27776.7 -97.9
-27248.2 -97.8
-26721.5 -97.7
-26196.6 -97.6
-25673.4 -97.5
-25152 -97.4
-24632.5 -97.3
-24114.8 -97.2
-23598.9 -97.1
-23084.9 -97
-22580.3 -96.9
-22109.4 -96.8
-21640.3 -96.7
-21172.9 -96.6
-20707.3 -96.5
-20243.5 -96.4
-19781.5 -96.3
-19321.4 -96.2
-18863.1 -96.1
-18406.6 -96
-17952 -95.9
-17499.3 -95.8
-17048.5 -95.7
-16599.6 -95.6
-16167.7 -95.5
-15783.8 -95.4
-15401.2 -95.3
-15020.2 -95.2
-14640.5 -95.1
-14262.3 -95
-13885.6 -94.9
-13510.3 -94.8
-13136.5 -94.7
-12764.1 -94.6
-12393.3 -94.5
-12023.9 -94.4
-11656 -94.3
-11289.6 -94.2
-10924.7 -94.1
-10561.2 -94
-10199.3 -93.9
-9883.87 -93.8
-9630.21 -93.7
-9377.91 -93.6
-9127 -93.5
-8877.51 -93.4
-8629.44 -93.3
-8382.8 -93.2
-8137.58 -93.1
-7893.79 -93
-7651.43 -92.9
-7410.51 -92.8
-7171.02 -92.7
-6935.06 -92.6
-6702.7 -92.5
-6471.76 -92.4
-6242.23 -92.3
-6014.12 -92.2
-5787.42 -92.1
-5562.13 -92
-5338.26 -91.9
-5115.8 -91.8
-4894.74 -91.7
-4675.18 -91.6
-4457.96 -91.5
-4242.12 -91.4
-4027.67 -91.3
-3815.41 -91.2
-3606.77 -91.1
-3399.51 -91
-3193.62 -90.9
-2989.41 -90.8
-2786.81 -90.7
-2585.95 -90.6
-2387.22 -90.5
-2189.81 -90.4
-1993.89 -90.3
-1800.07 -90.2
-1607.96 -90.1
-1417.12 -90
-1228.11 -89.9
-1040.86 -89.8
-855.018 -89.7
-670.91 -89.6
-488.034 -89.5
-307.628 -89.4
-131.286 -89.3
37.9468 -89.2
202.751 -89.1
369.135 -89
535.457 -88.9
701.593 -88.8
867.478 -88.7
1033.6 -88.6
1198.67 -88.5
1362.7 -88.4
1525.68 -88.3
1686.01 -88.2
1843.72 -88.1
2000.4 -88
2156.04 -87.9
2310.64 -87.8
2464.22 -87.7
2616.77 -87.6
2768.3 -87.5
2918.82 -87.4
3068.32 -87.3
3216.82 -87.2
3364.32 -87.1
3510.82 -87
3656.32 -86.9
3800.83 -86.8
3944.36 -86.7
4086.91 -86.6
4228.49 -86.5
4369.09 -86.4
4508.73 -86.3
4647.41 -86.2
4785.13 -86.1
4921.9 -86
5057.72 -85.9
5192.6 -85.8
5326.55 -85.7
5459.56 -85.6
5591.64 -85.5
5722.8 -85.4
5852.03 -85.3
5976.24 -85.2
6099.49 -85.1
6221.8 -85
6343.17 -84.9
6463.6 -84.8
6583.1 -84.7
6701.68 -84.6
6819.34 -84.5
6936.08 -84.4
7051.91 -84.3
7166.84 -84.2
7280.87 -84.1
7394 -84
7506.25 -83.9
7617.61 -83.8
7728.1 -83.7
7837.71 -83.6
7946.45 -83.5
8054.34 -83.4
8161.36 -83.3
8267.53 -83.2
8372.86 -83.1
8477.35 -83
8581 -82.9
8683.82 -82.8
8785.82 -82.7
8886.99 -82.6
8987.35 -82.5
9086.91 -82.4
9185.66 -82.3
9283.61 -82.2
9380.77 -82.1
9477.14 -82
9572.72 -81.9
9667.54 -81.8
9761.58 -81.7
9854.85 -81.6
9947.36 -81.5
10039.1 -81.4
10130.1 -81.3
10220.4 -81.2
10309.9 -81.1
10398.7 -81
10486.7 -80.9
10574.1 -80.8
10660.7 -80.7
10746.6 -80.6
10831.8 -80.5
10916.3 -80.4
11000 -80.3
11083.1 -80.2
11165.5 -80.1
11247.3 -80
11328.3 -79.9
11408.7 -79.8
11488.4 -79.7
11567.4 -79.6
11645.8 -79.5
11723.5 -79.4
11800.6 -79.3
11877 -79.2
11952.8 -79.1
12028 -79
12102.5 -78.9
12176.4 -78.8
12249.7 -78.7
12322.4 -78.6
12394.4 -78.5
12465.9 -78.4
12536.7 -78.3
12607 -78.2
12676.7 -78.1
12745.8 -78
12814.3 -77.9
12882.2 -77.8
12949.5 -77.7
13016.3 -77.6
13082.6 -77.5
13148.2 -77.4
13213.3 -77.3
13277.9 -77.2
13341.9 -77.1
13405.4 -77
13468.3 -76.9
13530.7 -76.8
13592.6 -76.7
13654 -76.6
13714.8 -76.5
13775.1 -76.4
13834.9 -76.3
13894.2 -76.2
13953 -76.1
14011.4 -76
14069.2 -75.9
14126.5 -75.8
14183.3 -75.7
14239.7 -75.6
14295.5 -75.5
14351 -75.4
14405.9 -75.3
14460.4 -75.2
14514.4 -75.1
14567.9 -75
14621 -74.9
14673.6 -74.8
14725.8 -74.7
14777.6 -74.6
14828.9 -74.5
14879.8 -74.4
14930.2 -74.3
14980.3 -74.2
15029.9 -74.1
15079 -74
15127.8 -73.9
15176.2 -73.8
15224.1 -73.7
15271.6 -73.6
15318.8 -73.5
15365.5 -73.4
15411.9 -73.3
15457.8 -73.2
15503.4 -73.1
15548.5 -73
15593.3 -72.9
15637.8 -72.8
15681.8 -72.7
15725.5 -72.6
15768.8 -72.5
15811.7 -72.4
15854.3 -72.3
15896.5 -72.2
15938.4 -72.1
15979.9 -72
16021.1 -71.9
16061.9 -71.8
16102.4 -71.7
16142.5 -71.6
16182.3 -71.5
16221.8 -71.4
16260.9 -71.3
16299.7 -71.2
16338.2 -71.1
16376.4 -71
16414.2 -70.9
16451.8 -70.8
16489 -70.7
16525.9 -70.6
16562.5 -70.5
16598.8 -70.4
16634.8 -70.3
16670.5 -70.2
16705.9 -70.1
16741 -70
16775.9 -69.9
16810.4 -69.8
16844.7 -69.7
16878.7 -69.6
16912.4 -69.5
16945.8 -69.4
16978.9 -69.3
17011.8 -69.2
17044.4 -69.1
17076.8 -69
17108.8 -68.9
17140.7 -68.8
17172.2 -68.7
17203.5 -68.6
17234.6 -68.5
17265.4 -68.4
17296 -68.3
17326.3 -68.2
17356.3 -68.1
17386.2 -68
17415.7 -67.9
17445.1 -67.8
17474.2 -67.7
17503.1 -67.6
17531.8 -67.5
17560.2 -67.4
17588.4 -67.3
17616.4 -67.2
17644.2 -67.1
17671.7 -67
17699 -66.9
17726.1 -66.8
17753.1 -66.7
17779.7 -66.6
17806.2 -66.5
17832.5 -66.4
17858.6 -66.3
17884.5 -66.2
17910.2 -66.1
17935.7 -66
17960.9 -65.9
17986 -65.8
18011 -65.7
18035.7 -65.6
18060.2 -65.5
18084.5 -65.4
18108.7 -65.3
18132.7 -65.2
18156.5 -65.1
18180.1 -65
18203.6 -64.9
18226.9 -64.8
18250 -64.7
18272.9 -64.6
18295.7 -64.5
18318.3 -64.4
18340.7 -64.3
18363 -64.2
18385.1 -64.1
18407.1 -64
18428.9 -63.9
18450.5 -63.8
18472 -63.7
18493.3 -63.6
18514.5 -63.5
18535.6 -63.4
18556.4 -63.3
18577.2 -63.2
18597.8 -63.1
18618.2 -63
18638.6 -62.9
18658.7 -62.8
18678.8 -62.7
18698.7 -62.6
18718.4 -62.5
18738.1 -62.4
18757.6 -62.3
18776.9 -62.2
18796.2 -62.1
18815.3 -62
18834.2 -61.9
18853.1 -61.8
18871.8 -61.7
18890.5 -61.6
18908.9 -61.5
18927.3 -61.4
18945.6 -61.3
18963.7 -61.2
18981.7 -61.1
18999.6 -61
19017.4 -60.9
19035.1 -60.8
19052.7 -60.7
19070.1 -60.6
19087.5 -60.5
19104.7 -60.4
19121.9 -60.3
19138.9 -60.2
19155.8 -60.1
19172.6 -60
19189.4 -59.9
19206 -59.8
19222.5 -59.7
19238.9 -59.6
19255.3 -59.5
19271.5 -59.4
19287.7 -59.3
19303.7 -59.2
19319.7 -59.1
19335.5 -59
19351.3 -58.9
19367 -58.8
19382.6 -58.7
19398.1 -58.6
19413.5 -58.5
19428.8 -58.4
19444.1 -58.3
19459.3 -58.2
19474.3 -58.1
19489.3 -58
19504.3 -57.9
19519.1 -57.8
19533.9 -57.7
19548.5 -57.6
19563.1 -57.5
19577.7 -57.4
19592.1 -57.3
19606.5 -57.2
19620.8 -57.1
19635 -57
19649.2 -56.9
19663.3 -56.8
19677.3 -56.7
19691.2 -56.6
19705.1 -56.5
19718.9 -56.4
19732.7 -56.3
19746.3 -56.2
19759.9 -56.1
19773.5 -56
19787 -55.9
19800.4 -55.8
19813.7 -55.7
19827 -55.6
19840.2 -55.5
19853.4 -55.4
19866.5 -55.3
19879.5 -55.2
19892.5 -55.1
19905.4 -55
19918.3 -54.9
19931.1 -54.8
19943.8 -54.7
19956.5 -54.6
19969.2 -54.5
19981.7 -54.4
19994.3 -54.3
20006.7 -54.2
20019.2 -54.1
20031.5 -54
20043.8 -53.9
20056.1 -53.8
20068.3 -53.7
20080.5 -53.6
20092.6 -53.5
20104.6 -53.4
20116.7 -53.3
20128.6 -53.2
20140.5 -53.1
20152.4 -53
20164.2 -52.9
20176 -52.8
20187.7 -52.7
20199.4 -52.6
20211 -52.5
20222.6 -52.4
20234.2 -52.3
20245.7 -52.2
20257.1 -52.1
20268.5 -52
20279.9 -51.9
20291.2 -51.8
20302.5 -51.7
20313.8 -51.6
20325 -51.5
20336.1 -51.4
20347.3 -51.3
20358.4 -51.2
20369.4 -51.1
20380.4 -51
20391.4 -50.9
20402.3 -50.8
20413.2 -50.7
20424 -50.6
20434.9 -50.5
20445.6 -50.4
20456.4 -50.3
20467.1 -50.2
20477.8 -50.1
20488.4 -50
20499 -49.9
20509.6 -49.8
20520.1 -49.7
20530.6 -49.6
20541 -49.5
20551.5 -49.4
20561.9 -49.3
20572.2 -49.2
20582.6 -49.1
20592.9 -49
20603.1 -48.9
20613.4 -48.8
20623.6 -48.7
20633.7 -48.6
20643.9 -48.5
20654 -48.4
20664.1 -48.3
20674.1 -48.2
20684.1 -48.1
20694.1 -48
20704.1 -47.9
20714 -47.8
20723.9 -47.7
20733.8 -47.6
20743.6 -47.5
20753.4 -47.4
20763.2 -47.3
20773 -47.2
20782.7 -47.1
20792.4 -47
20802.1 -46.9
20811.7 -46.8
20821.4 -46.7
20831 -46.6
20840.5 -46.5
20850.1 -46.4
20859.6 -46.3
20869.1 -46.2
20878.6 -46.1
20888 -46
20897.4 -45.9
20906.8 -45.8
20916.2 -45.7
20925.5 -45.6
20934.8 -45.5
20944.1 -45.4
20953.4 -45.3
20962.7 -45.2
20971.9 -45.1
20981.1 -45
20990.3 -44.9
20999.4 -44.8
21008.5 -44.7
21017.7 -44.6
21026.7 -44.5
21035.8 -44.4
21044.9 -44.3
21053.9 -44.2
21062.9 -44.1
21071.9 -44
21080.8 -43.9
21089.7 -43.8
21098.7 -43.7
21107.6 -43.6
21116.4 -43.5
21125.3 -43.4
21134.1 -43.3
21142.9 -43.2
21151.7 -43.1
21160.5 -43
21169.2 -42.9
21178 -42.8
21186.7 -42.7
21195.4 -42.6
21204 -42.5
21212.7 -42.4
21221.3 -42.3
21229.9 -42.2
21238.5 -42.1
21247.1 -42
21255.7 -41.9
21264.2 -41.8
21272.7 -41.7
21281.2 -41.6
21289.7 -41.5
21298.2 -41.4
21306.6 -41.3
21315 -41.2
21323.5 -41.1
21331.8 -41
21340.2 -40.9
21348.6 -40.8
21356.9 -40.7
21365.2 -40.6
21373.6 -40.5
21381.8 -40.4
21390.1 -40.3
21398.4 -40.2
21406.6 -40.1
21414.8 -40
21423 -39.9
21431.2 -39.8
21439.4 -39.7
21447.6 -39.6
21455.7 -39.5
21463.8 -39.4
21471.9 -39.3
21480 -39.2
21488.1 -39.1
21496.2 -39
21504.2 -38.9
21512.3 -38.8
21520.3 -38.7
21528.3 -38.6
21536.3 -38.5
21544.2 -38.4
21552.2 -38.3
21560.1 -38.2
21568 -38.1
21576 -38
21583.9 -37.9
21591.7 -37.8
21599.6 -37.7
21607.5 -37.6
21615.3 -37.5
21623.1 -37.4
21630.9 -37.3
21638.7 -37.2
21646.5 -37.1
21654.3 -37
21662 -36.9
21669.8 -36.8
21677.5 -36.7
21685.2 -36.6
21692.9 -36.5
21700.6 -36.4
21708.2 -36.3
21715.9 -36.2
21723.5 -36.1
21731.2 -36
21738.8 -35.9
21746.4 -35.8
21754 -35.7
21761.6 -35.6
21769.1 -35.5
21776.7 -35.4
21784.2 -35.3
21791.7 -35.2
21799.2 -35.1
21806.7 -35
21814.2 -34.9
21821.7 -34.8
21829.2 -34.7
21836.6 -34.6
21844.1 -34.5
21851.5 -34.4
21858.9 -34.3
21866.3 -34.2
21873.7 -34.1
21881.1 -34
21888.4 -33.9
21895.8 -33.8
21903.1 -33.7
21910.4 -33.6
21917.7 -33.5
21925 -33.4
21932.3 -33.3
21939.6 -33.2
21946.9 -33.1
21954.1 -33
21961.4 -32.9
21968.6 -32.8
21975.8 -32.7
21983 -32.6
21990.2 -32.5
21997.4 -32.4
22004.6 -32.3
22011.8 -32.2
22018.9 -32.1
22026.1 -32
22033.2 -31.9
22040.3 -31.8
22047.4 -31.7
22054.5 -31.6
22061.6 -31.5
22068.7 -31.4
22075.7 -31.3
22082.8 -31.2
22089.8 -31.1
22096.9 -31
22103.9 -30.9
22110.9 -30.8
22117.9 -30.7
22124.9 -30.6
22131.9 -30.5
22138.8 -30.4
22145.8 -30.3
22152.7 -30.2
22159.7 -30.1
22166.6 -30
22173.5 -29.9
22180.4 -29.8
22187.3 -29.7
22194.2 -29.6
22201.1 -29.5
22207.9 -29.4
22214.8 -29.3
22221.6 -29.2
22228.5 -29.1
22235.3 -29
22242.1 -28.9
22248.9 -28.8
22255.7 -28.7
22262.5 -28.6
22269.3 -28.5
22276 -28.4
22282.8 -28.3
22289.5 -28.2
22296.3 -28.1
22303 -28
22309.7 -27.9
22316.4 -27.8
22323.1 -27.7
22329.8 -27.6
22336.5 -27.5
22343.1 -27.4
22349.8 -27.3
22356.4 -27.2
22363.1 -27.1
22369.7 -27
22376.3 -26.9
22382.9 -26.8
22389.5 -26.7
22396.1 -26.6
22402.7 -26.5
22409.3 -26.4
22415.8 -26.3
22422.4 -26.2
22429 -26.1
22435.5 -26
22442 -25.9
22448.5 -25.8
22455 -25.7
22461.5 -25.6
22468 -25.5
22474.5 -25.4
22481 -25.3
22487.5 -25.2
22493.9 -25.1
22500.4 -25
22506.8 -24.9
22513.2 -24.8
22519.6 -24.7
22526.1 -24.6
22532.5 -24.5
22538.9 -24.4
22545.2 -24.3
22551.6 -24.2
22558 -24.1
22564.4 -24
22570.7 -23.9
22577 -23.8
22583.4 -23.7
22589.7 -23.6
22596 -23.5
22602.3 -23.4
22608.6 -23.3
22614.9 -23.2
22621.2 -23.1
22627.5 -23
22633.7 -22.9
22640 -22.8
22646.3 -22.7
22652.5 -22.6
22658.7 -22.5
22665 -22.4
22671.2 -22.3
22677.4 -22.2
22683.6 -22.1
22689.8 -22
22696 -21.9
22702.1 -21.8
22708.3 -21.7
22714.5 -21.6
22720.6 -21.5
22726.8 -21.4
22732.9 -21.3
22739 -21.2
22745.1 -21.1
22751.3 -21
22757.4 -20.9
22763.5 -20.8
22769.5 -20.7
22775.6 -20.6
22781.7 -20.5
22787.8 -20.4
22793.8 -20.3
22799.9 -20.2
22805.9 -20.1
22811.9 -20
22818 -19.9
22824 -19.8
22830 -19.7
22836 -19.6
22842 -19.5
22848 -19.4
22853.9 -19.3
22859.9 -19.2
22865.9 -19.1
22871.8 -19
22877.8 -18.9
22883.7 -18.8
22889.7 -18.7
22895.6 -18.6
22901.5 -18.5
22907.4 -18.4
22913.3 -18.3
22919.2 -18.2
22925.1 -18.1
22931 -18
22936.9 -17.9
22942.7 -17.8
22948.6 -17.7
22954.4 -17.6
22960.3 -17.5
22966.1 -17.4
22972 -17.3
22977.8 -17.2
22983.6 -17.1
22989.4 -17
22995.2 -16.9
23001 -16.8
23006.8 -16.7
23012.6 -16.6
23018.3 -16.5
23024.1 -16.4
23029.9 -16.3
23035.6 -16.2
23041.4 -16.1
23047.1 -16
23052.8 -15.9
23058.5 -15.8
23064.3 -15.7
23070 -15.6
23075.7 -15.5
23081.4 -15.4
23087.1 -15.3
23092.7 -15.2
23098.4 -15.1
23104.1 -15
23109.7 -14.9
23115.4 -14.8
23121 -14.7
23126.7 -14.6
23132.3 -14.5
23137.9 -14.4
23143.5 -14.3
23149.2 -14.2
23154.8 -14.1
23160.4 -14
23166 -13.9
23171.5 -13.8
23177.1 -13.7
23182.7 -13.6
23188.2 -13.5
23193.8 -13.4
23199.4 -13.3
23204.9 -13.2
23210.4 -13.1
23216 -13
23221.5 -12.9
23227 -12.8
23232.5 -12.7
23238 -12.6
23243.5 -12.5
23249 -12.4
23254.5 -12.3
23260 -12.2
23265.5 -12.1
23270.9 -12
23276.4 -11.9
23281.8 -11.8
23287.3 -11.7
23292.7 -11.6
23298.1 -11.5
23303.6 -11.4
23309 -11.3
23314.4 -11.2
23319.8 -11.1
23325.2 -11
23330.6 -10.9
23336 -10.8
23341.4 -10.7
23346.8 -10.6
23352.1 -10.5
23357.5 -10.4
23362.8 -10.3
23368.2 -10.2
23373.5 -10.1
23378.9 -10
23384.2 -9.9
23389.5 -9.8
23394.9 -9.7
23400.2 -9.6
23405.5 -9.5
23410.8 -9.4
23416.1 -9.3
23421.4 -9.2
23426.6 -9.1
23431.9 -9
23437.2 -8.9
23442.4 -8.8
23447.7 -8.7
23453 -8.6
23458.2 -8.5
23463.4 -8.4
23468.7 -8.3
23473.9 -8.2
23479.1 -8.1
23484.3 -8
23489.6 -7.9
23494.8 -7.8
23500 -7.7
23505.1 -7.6
23510.3 -7.5
23515.5 -7.4
23520.7 -7.3
23525.9 -7.2
23531 -7.1
23536.2 -7
23541.3 -6.9
23546.5 -6.8
23551.6 -6.7
23556.7 -6.6
23561.9 -6.5
23567 -6.4
23572.1 -6.3
23577.2 -6.2
23582.3 -6.1
23587.4 -6
23592.5 -5.9
23597.6 -5.8
23602.7 -5.7
23607.7 -5.6
23612.8 -5.5
23617.9 -5.4
23622.9 -5.3
23628 -5.2
23633 -5.1
23638.1 -5
23643.1 -4.9
23648.1 -4.8
23653.2 -4.7
23658.2 -4.6
23663.2 -4.5
23668.2 -4.4
23673.2 -4.3
23678.2 -4.2
23683.2 -4.1
23688.2 -4
23693.2 -3.9
23698.1 -3.8
23703.1 -3.7
23708.1 -3.6
23713 -3.5
23718 -3.4
23722.9 -3.3
23727.9 -3.2
23732.8 -3.1
23737.7 -3
23742.6 -2.9
23747.6 -2.8
23752.5 -2.7
23757.4 -2.6
23762.3 -2.5
23767.2 -2.4
23772.1 -2.3
23777 -2.2
23781.8 -2.1
23786.7 -2
23791.6 -1.9
23796.5 -1.8
23801.3 -1.7
23806.2 -1.6
23811 -1.5
23815.9 -1.4
23820.7 -1.3
23825.5 -1.2
23830.4 -1.1
23835.2 -1
23840 -0.9
23844.8 -0.8
23849.6 -0.7
23854.4 -0.6
23859.2 -0.5
23864 -0.4
23868.8 -0.3
23873.6 -0.2
23878.4 -0.1
23883.1 -2.76446e-14
23887.9 0.1
23892.7 0.2
23897.4 0.3
23902.2 0.4
23906.9 0.5
23911.7 0.6
23916.4 0.7
23921.1 0.8
23925.9 0.9
23930.6 1
23935.3 1.1
23940 1.2
23944.7 1.3
23949.4 1.4
23954.1 1.5
23958.8 1.6
23963.5 1.7
23968.2 1.8
23972.8 1.9
23977.5 2
23982.2 2.1
23986.8 2.2
23991.5 2.3
23996.2 2.4
24000.8 2.5
24005.4 2.6
24010.1 2.7
24014.7 2.8
24019.3 2.9
24024 3
24028.6 3.1
24033.2 3.2
24037.8 3.3
24042.4 3.4
24047 3.5
24051.6 3.6
24056.2 3.7
24060.8 3.8
24065.4 3.9
24069.9 4
24074.5 4.1
24079.1 4.2
24083.6 4.3
24088.2 4.4
24092.7 4.5
24097.3 4.6
24101.8 4.7
24106.4 4.8
24110.9 4.9
24115.4 5
24119.9 5.1
24124.5 5.2
24129 5.3
24133.5 5.4
24138 5.5
24142.5 5.6
24147 5.7
24151.5 5.8
24156 5.9
24160.5 6
24164.9 6.1
24169.4 6.2
24173.9 6.3
24178.3 6.4
24182.8 6.5
24187.3 6.6
24191.7 6.7
24196.1 6.8
24200.6 6.9
24205 7
24209.5 7.1
24213.9 7.2
24218.3 7.3
24222.7 7.4
24227.1 7.5
24231.6 7.6
24236 7.7
24240.4 7.8
24244.8 7.9
24249.2 8
24253.5 8.1
24257.9 8.2
24262.3 8.3
24266.7 8.4
24271.1 8.5
24275.4 8.6
24279.8 8.7
24284.1 8.8
24288.5 8.9
24292.9 9
24297.2 9.1
24301.5 9.2
24305.9 9.3
24310.2 9.4
24314.5 9.5
24318.9 9.6
24323.2 9.7
24327.5 9.8
24331.8 9.9
24336.1 10
24340.4 10.1
24344.7 10.2
24349 10.3
24353.3 10.4
24357.6 10.5
24361.9 10.6
24366.2 10.7
24370.4 10.8
24374.7 10.9
24379 11
24383.2 11.1
24387.5 11.2
24391.7 11.3
24396 11.4
24400.2 11.5
24404.5 11.6
24408.7 11.7
24413 11.8
24417.2 11.9
24421.4 12
24425.6 12.1
24429.9 12.2
24434.1 12.3
24438.3 12.4
24442.5 12.5
24446.7 12.6
24450.9 12.7
24455.1 12.8
24459.3 12.9
24463.5 13
24467.6 13.1
24471.8 13.2
24476 13.3
24480.2 13.4
24484.3 13.5
24488.5 13.6
24492.6 13.7
24496.8 13.8
24500.9 13.9
24505.1 14
24509.2 14.1
24513.4 14.2
24517.5 14.3
24521.6 14.4
24525.8 14.5
24529.9 14.6
24534 14.7
24538.1 14.8
24542.2 14.9
24546.4 15
24550.5 15.1
24554.6 15.2
24558.7 15.3
24562.8 15.4
24566.8 15.5
24570.9 15.6
24575 15.7
24579.1 15.8
24583.2 15.9
24587.2 16
24591.3 16.1
24595.4 16.2
24599.4 16.3
24603.5 16.4
24607.5 16.5
24611.6 16.6
24615.6 16.7
24619.7 16.8
24623.7 16.9
24627.8 17
24631.8 17.1
24635.8 17.2
24639.8 17.3
24643.9 17.4
24647.9 17.5
24651.9 17.6
24655.9 17.7
24659.9 17.8
24663.9 17.9
24667.9 18
24671.9 18.1
24675.9 18.2
24679.9 18.3
24683.9 18.4
24687.8 18.5
24691.8 18.6
24695.8 18.7
24699.8 18.8
24703.7 18.9
24707.7 19
24711.7 19.1
24715.6 19.2
24719.6 19.3
24723.5 19.4
24727.5 19.5
24731.4 19.6
24735.3 19.7
24739.3 19.8
24743.2 19.9
24747.1 20
24751.1 20.1
24755 20.2
24758.9 20.3
24762.8 20.4
24766.7 20.5
24770.6 20.6
24774.6 20.7
24778.5 20.8
24782.4 20.9
24786.3 21
24790.1 21.1
24794 21.2
24797.9 21.3
24801.8 21.4
24805.7 21.5
24809.6 21.6
24813.4 21.7
24817.3 21.8
24821.2 21.9
24825 22
24828.9 22.1
24832.7 22.2
24836.6 22.3
24840.4 22.4
24844.3 22.5
24848.1 22.6
24852 22.7
24855.8 22.8
24859.6 22.9
24863.5 23
24867.3 23.1
24871.1 23.2
24874.9 23.3
24878.8 23.4
24882.6 23.5
24886.4 23.6
24890.2 23.7
24894 23.8
24897.8 23.9
24901.6 24
24905.4 24.1
24909.2 24.2
24913 24.3
24916.8 24.4
24920.5 24.5
24924.3 24.6
24928.1 24.7
24931.9 24.8
24935.7 24.9
24939.4 25
24943.2 25.1
24946.9 25.2
24950.7 25.3
24954.5 25.4
24958.2 25.5
24962 25.6
24965.7 25.7
24969.5 25.8
24973.2 25.9
24976.9 26
24980.7 26.1
24984.4 26.2
24988.1 26.3
24991.8 26.4
24995.6 26.5
24999.3 26.6
25003 26.7
25006.7 26.8
25010.4 26.9
25014.1 27
25017.8 27.1
25021.5 27.2
25025.2 27.3
25028.9 27.4
25032.6 27.5
25036.3 27.6
25040 27.7
25043.7 27.8
25047.4 27.9
25051.1 28
25054.7 28.1
25058.4 28.2
25062.1 28.3
25065.7 28.4
25069.4 28.5
25073.1 28.6
25076.7 28.7
25080.4 28.8
25084 28.9
25087.7 29
25091.3 29.1
25095 29.2
25098.6 29.3
25102.3 29.4
25105.9 29.5
25109.5 29.6
25113.2 29.7
25116.8 29.8
25120.4 29.9
25124 30
25127.6 30.1
25131.3 30.2
25134.9 30.3
25138.5 30.4
25142.1 30.5
25145.7 30.6
25149.3 30.7
25152.9 30.8
25156.5 30.9
25160.1 31
25163.7 31.1
25167.3 31.2
25170.9 31.3
25174.4 31.4
25178 31.5
25181.6 31.6
25185.2 31.7
25188.8 31.8
25192.3 31.9
25195.9 32
25199.5 32.1
25203 32.2
25206.6 32.3
25210.1 32.4
25213.7 32.5
25217.2 32.6
25220.8 32.7
25224.3 32.8
25227.9 32.9
25231.4 33
25235 33.1
25238.5 33.2
25242 33.3
25245.6 33.4
25249.1 33.5
25252.6 33.6
25256.1 33.7
25259.7 33.8
25263.2 33.9
25266.7 34
25270.2 34.1
25273.7 34.2
25277.2 34.3
25280.7 34.4
25284.2 34.5
25287.7 34.6
25291.2 34.7
25294.7 34.8
25298.2 34.9
25301.7 35
25305.2 35.1
25308.7 35.2
25312.2 35.3
25315.7 35.4
25319.1 35.5
25322.6 35.6
25326.1 35.7
25329.6 35.8
25333 35.9
25336.5 36
25340 36.1
25343.4 36.2
25346.9 36.3
25350.3 36.4
25353.8 36.5
25357.2 36.6
25360.7 36.7
25364.1 36.8
25367.6 36.9
25371 37
25374.5 37.1
25377.9 37.2
25381.3 37.3
25384.8 37.4
25388.2 37.5
25391.6 37.6
25395.1 37.7
25398.5 37.8
25401.9 37.9
25405.3 38
25408.7 38.1
25412.1 38.2
25415.6 38.3
25419 38.4
25422.4 38.5
25425.8 38.6
25429.2 38.7
25432.6 38.8
25436 38.9
25439.4 39
25442.8 39.1
25446.2 39.2
25449.5 39.3
25452.9 39.4
25456.3 39.5
25459.7 39.6
25463.1 39.7
25466.5 39.8
25469.8 39.9
25473.2 40
25476.6 40.1
25479.9 40.2
25483.3 40.3
25486.7 40.4
25490 40.5
25493.4 40.6
25496.7 40.7
25500.1 40.8
25503.5 40.9
25506.8 41
25510.1 41.1
25513.5 41.2
25516.8 41.3
25520.2 41.4
25523.5 41.5
25526.9 41.6
25530.2 41.7
25533.5 41.8
25536.9 41.9
25540.2 42
25543.5 42.1
25546.8 42.2
25550.2 42.3
25553.5 42.4
25556.8 42.5
25560.1 42.6
25563.4 42.7
25566.7 42.8
25570 42.9
25573.4 43
25576.7 43.1
25580 43.2
25583.3 43.3
25586.6 43.4
25589.9 43.5
25593.2 43.6
25596.4 43.7
25599.7 43.8
25603 43.9
25606.3 44
25609.6 44.1
25612.9 44.2
25616.2 44.3
25619.4 44.4
25622.7 44.5
25626 44.6
25629.3 44.7
25632.5 44.8
25635.8 44.9
25639.1 45
25642.3 45.1
25645.6 45.2
25648.8 45.3
25652.1 45.4
25655.4 45.5
25658.6 45.6
25661.9 45.7
25665.1 45.8
25668.4 45.9
25671.6 46
25674.8 46.1
25678.1 46.2
25681.3 46.3
25684.6 46.4
25687.8 46.5
25691 46.6
25694.3 46.7
25697.5 46.8
25700.7 46.9
25704 47
25707.2 47.1
25710.4 47.2
25713.6 47.3
25716.8 47.4
25720.1 47.5
25723.3 47.6
25726.5 47.7
25729.7 47.8
25732.9 47.9
25736.1 48
25739.3 48.1
25742.5 48.2
25745.7 48.3
25748.9 48.4
25752.1 48.5
25755.3 48.6
25758.5 48.7
25761.7 48.8
25764.9 48.9
25768.1 49
25771.3 49.1
25774.4 49.2
25777.6 49.3
25780.8 49.4
25784 49.5
25787.2 49.6
25790.3 49.7
25793.5 49.8
25796.7 49.9
25799.8 50
25803 50.1
25806.2 50.2
25809.3 50.3
25812.5 50.4
25815.7 50.5
25818.8 50.6
25822 50.7
25825.1 50.8
25828.3 50.9
25831.4 51
25834.6 51.1
25837.7 51.2
25840.9 51.3
25844 51.4
25847.2 51.5
25850.3 51.6
25853.4 51.7
25856.6 51.8
25859.7 51.9
25862.9 52
25866 52.1
25869.1 52.2
25872.2 52.3
25875.4 52.4
25878.5 52.5
25881.6 52.6
25884.7 52.7
25887.9 52.8
25891 52.9
25894.1 53
25897.2 53.1
25900.3 53.2
25903.4 53.3
25906.5 53.4
25909.6 53.5
25912.7 53.6
25915.9 53.7
25919 53.8
25922.1 53.9
25925.2 54
25928.2 54.1
25931.3 54.2
25934.4 54.3
25937.5 54.4
25940.6 54.5
25943.7 54.6
25946.8 54.7
25949.9 54.8
25953 54.9
25956 55
25959.1 55.1
25962.2 55.2
25965.3 55.3
25968.4 55.4
25971.4 55.5
25974.5 55.6
25977.6 55.7
25980.6 55.8
25983.7 55.9
25986.8 56
25989.8 56.1
25992.9 56.2
25996 56.3
25999 56.4
26002.1 56.5
26005.1 56.6
26008.2 56.7
26011.2 56.8
26014.3 56.9
26017.3 57
26020.4 57.1
26023.4 57.2
26026.5 57.3
26029.5 57.4
26032.6 57.5
26035.6 57.6
26038.6 57.7
26041.7 57.8
26044.7 57.9
26047.7 58
26050.8 58.1
26053.8 58.2
26056.8 58.3
26059.9 58.4
26062.9 58.5
26065.9 58.6
26068.9 58.7
26072 58.8
26075 58.9
26078 59
26081 59.1
26084 59.2
26087 59.3
26090 59.4
26093.1 59.5
26096.1 59.6
26099.1 59.7
26102.1 59.8
26105.1 59.9
26108.1 60
26111.1 60.1
26114.1 60.2
26117.1 60.3
26120.1 60.4
26123.1 60.5
26126.1 60.6
26129.1 60.7
26132 60.8
26135 60.9
26138 61
26141 61.1
26144 61.2
26147 61.3
26150 61.4
26152.9 61.5
26155.9 61.6
26158.9 61.7
26161.9 61.8
26164.8 61.9
26167.8 62
26170.8 62.1
26173.8 62.2
26176.7 62.3
26179.7 62.4
26182.7 62.5
26185.6 62.6
26188.6 62.7
26191.5 62.8
26194.5 62.9
26197.5 63
26200.4 63.1
26203.4 63.2
26206.3 63.3
26209.3 63.4
26212.2 63.5
26215.2 63.6
26218.1 63.7
26221.1 63.8
26224 63.9
26227 64
26229.9 64.1
26232.9 64.2
26235.8 64.3
26238.7 64.4
26241.7 64.5
26244.6 64.6
26247.5 64.7
26250.5 64.8
26253.4 64.9
26256.3 65
26259.3 65.1
26262.2 65.2
26265.1 65.3
26268 65.4
26271 65.5
26273.9 65.6
26276.8 65.7
26279.7 65.8
26282.6 65.9
26285.6 66
26288.5 66.1
26291.4 66.2
26294.3 66.3
26297.2 66.4
26300.1 66.5
26303 66.6
26305.9 66.7
26308.8 66.8
26311.8 66.9
26314.7 67
26317.6 67.1
26320.5 67.2
26323.4 67.3
26326.3 67.4
26329.2 67.5
26332 67.6
26334.9 67.7
26337.8 67.8
26340.7 67.9
26343.6 68
26346.5 68.1
26349.4 68.2
26352.3 68.3
26355.2 68.4
26358 68.5
26360.9 68.6
26363.8 68.7
26366.7 68.8
26369.6 68.9
26372.4 69
26375.3 69.1
26378.2 69.2
26381.1 69.3
26383.9 69.4
26386.8 69.5
26389.7 69.6
26392.5 69.7
26395.4 69.8
26398.3 69.9
26401.1 70
26404 70.1
26406.9 70.2
26409.7 70.3
26412.6 70.4
26415.4 70.5
26418.3 70.6
26421.2 70.7
26424 70.8
26426.9 70.9
26429.7 71
26432.6 71.1
26435.4 71.2
26438.3 71.3
26441.1 71.4
26444 71.5
26446.8 71.6
26449.6 71.7
26452.5 71.8
26455.3 71.9
26458.2 72
26461 72.1
26463.8 72.2
26466.7 72.3
26469.5 72.4
26472.4 72.5
26475.2 72.6
26478 72.7
26480.8 72.8
26483.7 72.9
26486.5 73
26489.3 73.1
26492.2 73.2
26495 73.3
26497.8 73.4
26500.6 73.5
26503.4 73.6
26506.3 73.7
26509.1 73.8
26511.9 73.9
26514.7 74
26517.5 74.1
26520.3 74.2
26523.2 74.3
26526 74.4
26528.8 74.5
26531.6 74.6
26534.4 74.7
26537.2 74.8
26540 74.9
26542.8 75
26545.6 75.1
26548.4 75.2
26551.2 75.3
26554 75.4
26556.8 75.5
26559.6 75.6
26562.4 75.7
26565.2 75.8
26568 75.9
26570.8 76
26573.6 76.1
26576.4 76.2
26579.2 76.3
26581.9 76.4
26584.7 76.5
26587.5 76.6
26590.3 76.7
26593.1 76.8
26595.9 76.9
26598.6 77
26601.4 77.1
26604.2 77.2
26607 77.3
26609.8 77.4
26612.5 77.5
26615.3 77.6
26618.1 77.7
26620.9 77.8
26623.6 77.9
26626.4 78
26629.2 78.1
26631.9 78.2
26634.7 78.3
26637.5 78.4
26640.2 78.5
26643 78.6
26645.8 78.7
26648.5 78.8
26651.3 78.9
26654 79
26656.8 79.1
26659.6 79.2
26662.3 79.3
26665.1 79.4
26667.8 79.5
26670.6 79.6
26673.3 79.7
26676.1 79.8
26678.8 79.9
26681.6 80
26684.3 80.1
26687.1 80.2
26689.8 80.3
26692.6 80.4
26695.3 80.5
26698.1 80.6
26700.8 80.7
26703.5 80.8
26706.3 80.9
26709 81
26711.8 81.1
26714.5 81.2
26717.2 81.3
26720 81.4
26722.7 81.5
26725.4 81.6
26728.2 81.7
26730.9 81.8
26733.6 81.9
26736.3 82
26739.1 82.1
26741.8 82.2
26744.5 82.3
26747.2 82.4
26750 82.5
26752.7 82.6
26755.4 82.7
26758.1 82.8
26760.8 82.9
26763.6 83
26766.3 83.1
26769 83.2
26771.7 83.3
26774.4 83.4
26777.1 83.5
26779.9 83.6
26782.6 83.7
26785.3 83.8
26788 83.9
26790.7 84
26793.4 84.1
26796.1 84.2
26798.8 84.3
26801.5 84.4
26804.2 84.5
26806.9 84.6
26809.6 84.7
26812.3 84.8
26815 84.9
26817.7 85
26820.4 85.1
26823.1 85.2
26825.8 85.3
26828.5 85.4
26831.2 85.5
26833.9 85.6
26836.6 85.7
26839.3 85.8
26842 85.9
26844.6 86
26847.3 86.1
26850 86.2
26852.7 86.3
26855.4 86.4
26858.1 86.5
26860.8 86.6
26863.4 86.7
26866.1 86.8
26868.8 86.9
26871.5 87
26874.2 87.1
26876.8 87.2
26879.5 87.3
26882.2 87.4
26884.9 87.5
26887.5 87.6
26890.2 87.7
26892.9 87.8
26895.5 87.9
26898.2 88
26900.9 88.1
26903.6 88.2
26906.2 88.3
26908.9 88.4
26911.5 88.5
26914.2 88.6
26916.9 88.7
26919.5 88.8
26922.2 88.9
26924.9 89
26927.5 89.1
26930.2 89.2
26932.8 89.3
26935.5 89.4
26938.1 89.5
26940.8 89.6
26943.5 89.7
26946.1 89.8
26948.8 89.9
26951.4 90
26954.1 90.1
26956.7 90.2
26959.4 90.3
26962 90.4
26964.7 90.5
26967.3 90.6
26970 90.7
26972.6 90.8
26975.2 90.9
26977.9 91
26980.5 91.1
26983.2 91.2
26985.8 91.3
26988.4 91.4
26991.1 91.5
26993.7 91.6
26996.4 91.7
26999 91.8
27001.6 91.9
27004.3 92
27006.9 92.1
27009.5 92.2
27012.2 92.3
27014.8 92.4
27017.4 92.5
27020 92.6
27022.7 92.7
27025.3 92.8
27027.9 92.9
27030.5 93
27033.2 93.1
27035.8 93.2
27038.4 93.3
27041 93.4
27043.7 93.5
27046.3 93.6
27048.9 93.7
27051.5 93.8
27054.1 93.9
27056.8 94
27059.4 94.1
27062 94.2
27064.6 94.3
27067.2 94.4
27069.8 94.5
27072.4 94.6
27075 94.7
27077.7 94.8
27080.3 94.9
27082.9 95
27085.5 95.1
27088.1 95.2
27090.7 95.3
27093.3 95.4
27095.9 95.5
27098.5 95.6
27101.1 95.7
27103.7 95.8
27106.3 95.9
27108.9 96
27111.5 96.1
27114.1 96.2
27116.7 96.3
27119.3 96.4
27121.9 96.5
27124.5 96.6
27127.1 96.7
27129.7 96.8
27132.3 96.9
27134.9 97
27137.5 97.1
27140 97.2
27142.6 97.3
27145.2 97.4
27147.8 97.5
27150.4 97.6
27153 97.7
27155.6 97.8
27158.2 97.9
27160.7 98
27163.3 98.1
27165.9 98.2
27168.5 98.3
27171.1 98.4
27173.7 98.5
27176.2 98.6
27178.8 98.7
27181.4 98.8
27184 98.9
27186.5 99
27189.1 99.1
27191.7 99.2
27194.3 99.3
27196.8 99.4
27199.4 99.5
27202 99.6
27204.6 99.7
27207.1 99.8
27209.7 99.9
27212.3 100
27214.8 100.1
27217.4 100.2
27220 100.3
27222.5 100.4
27225.1 100.5
27227.7 100.6
27230.2 100.7
27232.8 100.8
27235.3 100.9
27237.9 101
27240.5 101.1
27243 101.2
27245.6 101.3
27248.1 101.4
27250.7 101.5
27253.3 101.6
27255.8 101.7
27258.4 101.8
27260.9 101.9
27263.5 102
27266 102.1
27268.6 102.2
27271.1 102.3
27273.7 102.4
27276.2 102.5
27278.8 102.6
27281.3 102.7
27283.9 102.8
27286.4 102.9
27289 103
27291.5 103.1
27294.1 103.2
27296.6 103.3
27299.1 103.4
27301.7 103.5
27304.2 103.6
27017 103.5
26730 103.4
26443.1 103.3
26156.5 103.2
25870.2 103.1
25584.2 103
25298.7 102.9
25013.5 102.8
24728.8 102.7
24444.5 102.6
24160.8 102.5
23877.6 102.4
23595 102.3
23312.9 102.2
23031.5 102.1
22750.7 102
22470.6 101.9
22191.2 101.8
21912.5 101.7
21634.6 101.6
21357.4 101.5
21081 101.4
20805.3 101.3
20530.5 101.2
20256.6 101.1
19983.5 101
19711.3 100.9
19439.9 100.8
19169.5 100.7
18900 100.6
18631.5 100.5
18364 100.4
18097.4 100.3
17831.8 100.2
17567.2 100.1
17303.7 100
17041.2 99.9
16779.8 99.8
16519.5 99.7
16260.2 99.6
16002 99.5
15745 99.4
15489.1 99.3
15234.3 99.2
14980.7 99.1
14728.3 99
14477 98.9
14226.9 98.8
13978.1 98.7
13730.4 98.6
13484 98.5
13238.8 98.4
12994.9 98.3
12752.2 98.2
12510.8 98.1
12270.6 98
12031.8 97.9
11794.2 97.8
11557.9 97.7
11323 97.6
11089.3 97.5
10857 97.4
10626 97.3
10396.4 97.2
10168.1 97.1
9941.17 97
9715.59 96.9
9491.38 96.8
9268.54 96.7
9047.08 96.6
8827 96.5
8608.31 96.4
8391.02 96.3
8175.12 96.2
7960.62 96.1
7747.52 96
7535.84 95.9
7325.56 95.8
7116.7 95.7
6909.26 95.6
6703.24 95.5
6498.64 95.4
6295.47 95.3
6093.72 95.2
5893.4 95.1
5694.51 95
5497.05 94.9
5301.02 94.8
5106.43 94.7
4913.26 94.6
4721.53 94.5
4531.23 94.4
4342.37 94.3
4154.93 94.2
3968.92 94.1
3784.34 94
3601.2 93.9
3419.47 93.8
3239.17 93.7
3060.3 93.6
2882.84 93.5
2706.81 93.4
2532.19 93.3
2358.98 93.2
2187.18 93.1
2016.79 93
1847.8 92.9
1680.22 92.8
1514.02 92.7
1349.23 92.6
1185.82 92.5
1024.2 92.4
864.395 92.3
706.49 92.2
550.483 92.1
396.568 92
244.518 91.9
94.8814 91.8
-51.3812 91.7
-204.53 91.6
-356.753 91.5
-510.532 91.4
-662.772 91.3
-813.551 91.2
-963.373 91.1
-1111.92 91
-1259.01 90.9
-1404.65 90.8
-1549.56 90.7
-1693.05 90.6
-1835.1 90.5
-1975.78 90.4
-2115.73 90.3
-2254.25 90.2
-2391.34 90.1
-2527.03 90
-2661.31 89.9
-2794.3 89.8
-2926.63 89.7
-3057.56 89.6
-3187.11 89.5
-3315.29 89.4
-3442.11 89.3
-3567.58 89.2
-3691.71 89.1
-3814.52 89
-3936.01 88.9
-4056.21 88.8
-4175.11 88.7
-4292.73 88.6
-4409.09 88.5
-4524.19 88.4
-4638.05 88.3
-4750.67 88.2
-4862.07 88.1
-4972.26 88
-5081.25 87.9
-5189.05 87.8
-5295.68 87.7
-5401.15 87.6
-5505.46 87.5
-5608.63 87.4
-5710.66 87.3
-5811.58 87.2
-5911.39 87.1
-6010.1 87
-6107.73 86.9
-6204.28 86.8
-6299.76 86.7
-6394.2 86.6
-6487.59 86.5
-6579.95 86.4
-6671.28 86.3
-6761.61 86.2
-6850.94 86.1
-6939.28 86
-7026.64 85.9
-7113.03 85.8
-7198.47 85.7
-7282.96 85.6
-7366.51 85.5
-7449.14 85.4
-7530.85 85.3
-7611.65 85.2
-7691.56 85.1
-7770.59 85
-7848.73 84.9
-7926.01 84.8
-8002.44 84.7
-8078.02 84.6
-8152.76 84.5
-8226.66 84.4
-8299.76 84.3
-8372.04 84.2
-8443.52 84.1
-8514.22 84
-8584.14 83.9
-8653.28 83.8
-8721.67 83.7
-8789.3 83.6
-8856.19 83.5
-8922.34 83.4
-8987.77 83.3
-9052.48 83.2
-9116.48 83.1
-9179.79 83
-9242.4 82.9
-9304.33 82.8
-9365.59 82.7
-9426.18 82.6
-9486.11 82.5
-9545.4 82.4
-9604.04 82.3
-9662.05 82.2
-9719.44 82.1
-9776.21 82
-9832.37 81.9
-9887.92 81.8
-9942.89 81.7
-9997.27 81.6
-10051.1 81.5
-10104.3 81.4
-10157 81.3
-10209.1 81.2
-10260.6 81.1
-10311.6 81
-10362.1 80.9
-10412.1 80.8
-10461.5 80.7
-10510.4 80.6
-10558.9 80.5
-10606.8 80.4
-10654.2 80.3
-10701.1 80.2
-10747.6 80.1
-10793.6 80
-10839.1 79.9
-10884.1 79.8
-10928.7 79.7
-10972.9 79.6
-11016.6 79.5
-11059.9 79.4
-11102.7 79.3
-11145.1 79.2
-11187.1 79.1
-11228.7 79
-11269.9 78.9
-11310.6 78.8
-11351 78.7
-11391 78.6
-11430.6 78.5
-11469.8 78.4
-11508.7 78.3
-11547.2 78.2
-11585.3 78.1
-11623.1 78
-11660.5 77.9
-11697.5 77.8
-11734.2 77.7
-11770.6 77.6
-11806.6 77.5
-11842.4 77.4
-11877.7 77.3
-11912.8 77.2
-11947.6 77.1
-11982 77
-12016.1 76.9
-12050 76.8
-12083.5 76.7
-12116.7 76.6
-12149.7 76.5
-12182.3 76.4
-12214.7 76.3
-12246.8 76.2
-12278.6 76.1
-12310.2 76
-12341.5 75.9
-12372.5 75.8
-12403.3 75.7
-12433.8 75.6
-12464.1 75.5
-12494.1 75.4
-12523.9 75.3
-12553.4 75.2
-12582.7 75.1
-12611.7 75
-12640.6 74.9
-12669.2 74.8
-12697.5 74.7
-12725.7 74.6
-12753.6 74.5
-12781.4 74.4
-12808.9 74.3
-12836.2 74.2
-12863.3 74.1
-12890.2 74
-12916.8 73.9
-12943.3 73.8
-12969.6 73.7
-12995.7 73.6
-13021.7 73.5
-13047.4 73.4
-13072.9 73.3
-13098.3 73.2
-13123.5 73.1
-13148.5 73
-13173.3 72.9
-13198 72.8
-13222.5 72.7
-13246.8 72.6
-13270.9 72.5
-13294.9 72.4
-13318.7 72.3
-13342.4 72.2
-13365.9 72.1
-13389.3 72
-13412.5 71.9
-13435.5 71.8
-13458.5 71.7
-13481.2 71.6
-13503.8 71.5
-13526.3 71.4
-13548.6 71.3
-13570.8 71.2
-13592.9 71.1
-13614.8 71
-13636.6 70.9
-13658.2 70.8
-13679.8 70.7
-13701.1 70.6
-13722.4 70.5
-13743.6 70.4
-13764.6 70.3
-13785.5 70.2
-13806.2 70.1
-13826.9 70
-13847.4 69.9
-13867.8 69.8
-13888.1 69.7
-13908.3 69.6
-13928.4 69.5
-13948.4 69.4
-13968.2 69.3
-13988 69.2
-14007.6 69.1
-14027.2 69
-14046.6 68.9
-14065.9 68.8
-14085.1 68.7
-14104.3 68.6
-14123.3 68.5
-14142.2 68.4
-14161 68.3
-14179.8 68.2
-14198.4 68.1
-14217 68
-14235.4 67.9
-14253.8 67.8
-14272 67.7
-14290.2 67.6
-14308.3 67.5
-14326.3 67.4
-14344.2 67.3
-14362.1 67.2
-14379.8 67.1
-14397.5 67
-14415.1 66.9
-14432.6 66.8
-14450 66.7
-14467.3 66.6
-14484.6 66.5
-14501.8 66.4
-14518.9 66.3
-14535.9 66.2
-14552.8 66.1
-14569.7 66
-14586.5 65.9
-14603.2 65.8
-14619.9 65.7
-14636.5 65.6
-14653 65.5
-14669.4 65.4
-14685.8 65.3
-14702.1 65.2
-14718.3 65.1
-14734.5 65
-14750.6 64.9
-14766.6 64.8
-14782.6 64.7
-14798.5 64.6
-14814.3 64.5
-14830.1 64.4
-14845.8 64.3
-14861.5 64.2
-14877 64.1
-14892.6 64
-14908 63.9
-14923.4 63.8
-14938.8 63.7
-14954.1 63.6
-14969.3 63.5
-14984.5 63.4
-14999.6 63.3
-15014.6 63.2
-15029.6 63.1
-15044.6 63
-15059.5 62.9
-15074.3 62.8
-15089.1 62.7
-15103.8 62.6
-15118.5 62.5
-15133.1 62.4
-15147.7 62.3
-15162.2 62.2
-15176.7 62.1
-15191.1 62
-15205.5 61.9
-15219.8 61.8
-15234 61.7
-15248.3 61.6
-15262.4 61.5
-15276.6 61.4
-15290.6 61.3
-15304.7 61.2
-15318.6 61.1
-15332.6 61
-15346.5 60.9
-15360.3 60.8
-15374.1 60.7
-15387.9 60.6
-15401.6 60.5
-15415.2 60.4
-15428.9 60.3
-15442.4 60.2
-15456 60.1
-15469.5 60
-15482.9 59.9
-15496.3 59.8
-15509.7 59.7
-15523 59.6
-15536.3 59.5
-15549.5 59.4
-15562.8 59.3
-15575.9 59.2
-15589 59.1
-15602.1 59
-15615.2 58.9
-15628.2 58.8
-15641.2 58.7
-15654.1 58.6
-15667 58.5
-15679.8 58.4
-15692.7 58.3
-15705.4 58.2
-15718.2 58.1
-15730.9 58
-15743.6 57.9
-15756.2 57.8
-15768.8 57.7
-15781.4 57.6
-15793.9 57.5
-15806.4 57.4
-15818.9 57.3
-15831.3 57.2
-15843.7 57.1
-15856.1 57
-15868.4 56.9
-15880.7 56.8
-15893 56.7
-15905.2 56.6
-15917.4 56.5
-15929.6 56.4
-15941.7 56.3
-15953.8 56.2
-15965.9 56.1
-15977.9 56
-15989.9 55.9
-16001.9 55.8
-16013.8 55.7
-16025.7 55.6
-16037.6 55.5
-16049.5 55.4
-16061.3 55.3
-16073.1 55.2
-16084.9 55.1
-16096.6 55
-16108.3 54.9
-16120 54.8
-16131.7 54.7
-16143.3 54.6
-16154.9 54.5
-16166.5 54.4
-16178 54.3
-16189.5 54.2
-16201 54.1
-16212.5 54
-16223.9 53.9
-16235.3 53.8
-16246.7 53.7
-16258 53.6
-16269.3 53.5
-16280.6 53.4
-16291.9 53.3
-16303.2 53.2
-16314.4 53.1
-16325.6 53
-16336.7 52.9
-16347.9 52.8
-16359 52.7
-16370.1 52.6
-16381.2 52.5
-16392.2 52.4
-16403.2 52.3
-16414.2 52.2
-16425.2 52.1
-16436.2 52
-16447.1 51.9
-16458 51.8
-16468.9 51.7
-16479.7 51.6
-16490.6 51.5
-16501.4 51.4
-16512.2 51.3
-16522.9 51.2
-16533.7 51.1
-16544.4 51
-16555.1 50.9
-16565.7 50.8
-16576.4 50.7
-16587 50.6
-16597.6 50.5
-16608.2 50.4
-16618.8 50.3
-16629.3 50.2
-16639.8 50.1
-16650.3 50
-16660.8 49.9
-16671.3 49.8
-16681.7 49.7
-16692.1 49.6
-16702.5 49.5
-16712.9 49.4
-16723.2 49.3
-16733.6 49.2
-16743.9 49.1
-16754.2 49
-16764.5 48.9
-16774.7 48.8
-16784.9 48.7
-16795.2 48.6
-16805.3 48.5
-16815.5 48.4
-16825.7 48.3
-16835.8 48.2
-16845.9 48.1
-16856 48
-16866.1 47.9
-16876.2 47.8
-16886.2 47.7
-16896.2 47.6
-16906.2 47.5
-16916.2 47.4
-16926.2 47.3
-16936.1 47.2
-16946.1 47.1
-16956 47
-16965.9 46.9
-16975.7 46.8
-16985.6 46.7
-16995.5 46.6
-17005.3 46.5
-17015.1 46.4
-17024.9 46.3
-17034.6 46.2
-17044.4 46.1
-17054.1 46
-17063.9 45.9
-17073.6 45.8
-17083.2 45.7
-17092.9 45.6
-17102.6 45.5
-17112.2 45.4
-17121.8 45.3
-17131.4 45.2
-17141 45.1
-17150.6 45
-17160.1 44.9
-17169.7 44.8
-17179.2 44.7
-17188.7 44.6
-17198.2 44.5
-17207.7 44.4
-17217.1 44.3
-17226.6 44.2
-17236 44.1
-17245.4 44
-17254.8 43.9
-17264.2 43.8
-17273.5 43.7
-17282.9 43.6
-17292.2 43.5
-17301.5 43.4
-17310.8 43.3
-17320.1 43.2
-17329.4 43.1
-17338.7 43
-17347.9 42.9
-17357.1 42.8
-17366.3 42.7
-17375.5 42.6
-17384.7 42.5
-17393.9 42.4
-17403.1 42.3
-17412.2 42.2
-17421.3 42.1
-17430.4 42
-17439.5 41.9
-17448.6 41.8
-17457.7 41.7
-17466.7 41.6
-17475.8 41.5
-17484.8 41.4
-17493.8 41.3
-17502.8 41.2
-17511.8 41.1
-17520.8 41
-17529.7 40.9
-17538.7 40.8
-17547.6 40.7
-17556.5 40.6
-17565.4 40.5
-17574.3 40.4
-17583.2 40.3
-17592.1 40.2
-17600.9 40.1
-17609.8 40
-17618.6 39.9
-17627.4 39.8
-17636.2 39.7
-17645 39.6
-17653.8 39.5
-17662.5 39.4
-17671.3 39.3
-17680 39.2
-17688.7 39.1
-17697.5 39
-17706.2 38.9
-17714.8 38.8
-17723.5 38.7
-17732.2 38.6
-17740.8 38.5
-17749.5 38.4
-17758.1 38.3
-17766.7 38.2
-17775.3 38.1
-17783.9 38
-17792.5 37.9
-17801 37.8
-17809.6 37.7
-17818.1 37.6
-17826.6 37.5
-17835.1 37.4
-17843.6 37.3
-17852.1 37.2
-17860.6 37.1
-17869.1 37
-17877.5 36.9
-17886 36.8
-17894.4 36.7
-17902.8 36.6
-17911.2 36.5
-17919.6 36.4
-17928 36.3
-17936.4 36.2
-17944.8 36.1
-17953.1 36
-17961.5 35.9
-17969.8 35.8
-17978.1 35.7
-17986.4 35.6
-17994.7 35.5
-18003 35.4
-18011.3 35.3
-18019.5 35.2
-18027.8 35.1
-18036 35
-18044.3 34.9
-18052.5 34.8
-18060.7 34.7
-18068.9 34.6
-18077.1 34.5
-18085.2 34.4
-18093.4 34.3
-18101.6 34.2
-18109.7 34.1
-18117.8 34
-18126 33.9
-18134.1 33.8
-18142.2 33.7
-18150.3 33.6
-18158.3 33.5
-18166.4 33.4
-18174.5 33.3
-18182.5 33.2
-18190.6 33.1
-18198.6 33
-18206.6 32.9
-18214.6 32.8
-18222.6 32.7
-18230.6 32.6
-18238.6 32.5
-18246.5 32.4
-18254.5 32.3
-18262.4 32.2
-18270.4 32.1
-18278.3 32
-18286.2 31.9
-18294.1 31.8
-18302 31.7
-18309.9 31.6
-18317.8 31.5
-18325.6 31.4
-18333.5 31.3
-18341.3 31.2
-18349.2 31.1
-18357 31
-18364.8 30.9
-18372.6 30.8
-18380.4 30.7
-18388.2 30.6
-18396 30.5
-18403.8 30.4
-18411.5 30.3
-18419.3 30.2
-18427 30.1
-18434.8 30
-18442.5 29.9
-18450.2 29.8
-18457.9 29.7
-18465.6 29.6
-18473.3 29.5
-18481 29.4
-18488.6 29.3
-18496.3 29.2
-18503.9 29.1
-18511.6 29
-18519.2 28.9
-18526.8 28.8
-18534.4 28.7
-18542 28.6
-18549.6 28.5
-18557.2 28.4
-18564.8 28.3
-18572.3 28.2
-18579.9 28.1
-18587.4 28
-18595 27.9
-18602.5 27.8
-18610 27.7
-18617.5 27.6
-18625 27.5
-18632.5 27.4
-18640 27.3
-18647.5 27.2
-18655 27.1
-18662.4 27
-18669.9 26.9
-18677.3 26.8
-18684.7 26.7
-18692.2 26.6
-18699.6 26.5
-18707 26.4
-18714.4 26.3
-18721.8 26.2
-18729.2 26.1
-18736.5 26
-18743.9 25.9
-18751.3 25.8
-18758.6 25.7
-18765.9 25.6
-18773.3 25.5
-18780.6 25.4
-18787.9 25.3
-18795.2 25.2
-18802.5 25.1
-18809.8 25
-18817.1 24.9
-18824.3 24.8
-18831.6 24.7
-18838.8 24.6
-18846.1 24.5
-18853.3 24.4
-18860.6 24.3
-18867.8 24.2
-18875 24.1
-18882.2 24
-18889.4 23.9
-18896.6 23.8
-18903.8 23.7
-18910.9 23.6
-18918.1 23.5
-18925.3 23.4
-18932.4 23.3
-18939.5 23.2
-18946.7 23.1
-18953.8 23
-18960.9 22.9
-18968 22.8
-18975.1 22.7
-18982.2 22.6
-18989.3 22.5
-18996.4 22.4
-19003.4 22.3
-19010.5 22.2
-19017.5 22.1
-19024.6 22
-19031.6 21.9
-19038.7 21.8
-19045.7 21.7
-19052.7 21.6
-19059.7 21.5
-19066.7 21.4
-19073.7 21.3
-19080.7 21.2
-19087.6 21.1
-19094.6 21
-19101.6 20.9
-19108.5 20.8
-19115.5 20.7
-19122.4 20.6
-19129.3 20.5
-19136.2 20.4
-19143.2 20.3
-19150.1 20.2
-19157 20.1
-19163.9 20
-19170.7 19.9
-19177.6 19.8
-19184.5 19.7
-19191.3 19.6
-19198.2 19.5
-19205 19.4
-19211.9 19.3
-19218.7 19.2
-19225.5 19.1
-19232.3 19
-19239.2 18.9
-19246 18.8
-19252.7 18.7
-19259.5 18.6
-19266.3 18.5
-19273.1 18.4
-19279.9 18.3
-19286.6 18.2
-19293.4 18.1
-19300.1 18
-19306.8 17.9
-19313.6 17.8
-19320.3 17.7
-19327 17.6
-19333.7 17.5
-19340.4 17.4
-19347.1 17.3
-19353.8 17.2
-19360.5 17.1
-19367.1 17
-19373.8 16.9
-19380.5 16.8
-19387.1 16.7
-19393.7 16.6
-19400.4 16.5
-19407 16.4
-19413.6 16.3
-19420.2 16.2
-19426.9 16.1
-19433.5 16
-19440 15.9
-19446.6 15.8
-19453.2 15.7
-19459.8 15.6
-19466.3 15.5
-19472.9 15.4
-19479.5 15.3
-19486 15.2
-19492.5 15.1
-19499.1 15
-19505.6 14.9
-19512.1 14.8
-19518.6 14.7
-19525.1 14.6
-19531.6 14.5
-19538.1 14.4
-19544.6 14.3
-19551.1 14.2
-19557.5 14.1
-19564 14
-19570.5 13.9
-19576.9 13.8
-19583.4 13.7
-19589.8 13.6
-19596.2 13.5
-19602.7 13.4
-19609.1 13.3
-19615.5 13.2
-19621.9 13.1
-19628.3 13
-19634.7 12.9
-19641.1 12.8
-19647.4 12.7
-19653.8 12.6
-19660.2 12.5
-19666.5 12.4
-19672.9 12.3
-19679.2 12.2
-19685.6 12.1
-19691.9 12
-19698.2 11.9
-19704.5 11.8
-19710.8 11.7
-19717.1 11.6
-19723.4 11.5
-19729.7 11.4
-19736 11.3
-19742.3 11.2
-19748.6 11.1
-19754.8 11
-19761.1 10.9
-19767.4 10.8
-19773.6 10.7
-19779.8 10.6
-19786.1 10.5
-19792.3 10.4
-19798.5 10.3
-19804.7 10.2
-19811 10.1
-19817.2 10
-19823.4 9.9
-19829.5 9.8
-19835.7 9.7
-19841.9 9.6
-19848.1 9.5
-19854.2 9.4
-19860.4 9.3
-19866.6 9.2
-19872.7 9.1
-19878.8 9
-19885 8.9
-19891.1 8.8
-19897.2 8.7
-19903.3 8.6
-19909.5 8.5
-19915.6 8.4
-19921.7 8.3
-19927.8 8.2
-19933.8 8.1
-19939.9 8
-19946 7.9
-19952.1 7.8
-19958.1 7.7
-19964.2 7.6
-19970.2 7.5
-19976.3 7.4
-19982.3 7.3
-19988.3 7.2
-19994.4 7.1
-20000.4 7
-20006.4 6.9
-20012.4 6.8
-20018.4 6.7
-20024.4 6.6
-20030.4 6.5
-20036.4 6.4
-20042.4 6.3
-20048.3 6.2
-20054.3 6.1
-20060.3 6
-20066.2 5.9
-20072.2 5.8
-20078.1 5.7
-20084 5.6
-20090 5.5
-20095.9 5.4
-20101.8 5.3
-20107.7 5.2
-20113.6 5.1
-20119.6 5
-20125.4 4.9
-20131.3 4.8
-20137.2 4.7
-20143.1 4.6
-20149 4.5
-20154.8 4.4
-20160.7 4.3
-20166.6 4.2
-20172.4 4.1
-20178.3 4
-20184.1 3.9
-20189.9 3.8
-20195.8 3.7
-20201.6 3.6
-20207.4 3.5
-20213.2 3.4
-20219 3.3
-20224.8 3.2
-20230.6 3.1
-20236.4 3
-20242.2 2.9
-20248 2.8
-20253.7 2.7
-20259.5 2.6
-20265.3 2.5
-20271 2.4
-20276.8 2.3
-20282.5 2.2
-20288.3 2.1
-20294 2
-20299.7 1.9
-20305.5 1.8
-20311.2 1.7
-20316.9 1.6
-20322.6 1.5
-20328.3 1.4
-20334 1.3
-20339.7 1.2
-20345.4 1.1
-20351.1 1
-20356.7 0.9
-20362.4 0.8
-20368.1 0.7
-20373.7 0.6
-20379.4 0.5
-20385 0.4
-20390.7 0.3
-20396.3 0.2
-20401.9 0.1
-20407.6 -2.95042e-14
-20413.2 -0.1
-20418.8 -0.2
-20424.4 -0.3
-20430 -0.4
-20435.6 -0.5
-20441.2 -0.6
-20446.8 -0.7
-20452.4 -0.8
-20458 -0.9
-20463.5 -1
-20469.1 -1.1
-20474.7 -1.2
-20480.2 -1.3
-20485.8 -1.4
-20491.3 -1.5
-20496.9 -1.6
-20502.4 -1.7
-20508 -1.8
-20513.5 -1.9
-20519 -2
-20524.5 -2.1
-20530 -2.2
-20535.5 -2.3
-20541 -2.4
-20546.5 -2.5
-20552 -2.6
-20557.5 -2.7
-20563 -2.8
-20568.5 -2.9
-20574 -3
-20579.4 -3.1
-20584.9 -3.2
-20590.3 -3.3
-20595.8 -3.4
-20601.2 -3.5
-20606.7 -3.6
-20612.1 -3.7
-20617.6 -3.8
-20623 -3.9
-20628.4 -4
-20633.8 -4.1
-20639.2 -4.2
-20644.6 -4.3
-20650 -4.4
-20655.4 -4.5
-20660.8 -4.6
-20666.2 -4.7
-20671.6 -4.8
-20677 -4.9
-20682.4 -5
-20687.7 -5.1
-20693.1 -5.2
-20698.5 -5.3
-20703.8 -5.4
-20709.2 -5.5
-20714.5 -5.6
-20719.8 -5.7
-20725.2 -5.8
-20730.5 -5.9
-20735.8 -6
-20741.2 -6.1
-20746.5 -6.2
-20751.8 -6.3
-20757.1 -6.4
-20762.4 -6.5
-20767.7 -6.6
-20773 -6.7
-20778.3 -6.8
-20783.6 -6.9
-20788.8 -7
-20794.1 -7.1
-20799.4 -7.2
-20804.6 -7.3
-20809.9 -7.4
-20815.2 -7.5
-20820.4 -7.6
-20825.7 -7.7
-20830.9 -7.8
-20836.1 -7.9
-20841.4 -8
-20846.6 -8.1
-20851.8 -8.2
-20857 -8.3
-20862.2 -8.4
-20867.5 -8.5
-20872.7 -8.6
-20877.9 -8.7
-20883.1 -8.8
-20888.2 -8.9
-20893.4 -9
-20898.6 -9.1
-20903.8 -9.2
-20909 -9.3
-20914.1 -9.4
-20919.3 -9.5
-20924.5 -9.6
-20929.6 -9.7
-20934.8 -9.8
-20939.9 -9.9
-20945 -10
-20950.2 -10.1
-20955.3 -10.2
-20960.4 -10.3
-20965.6 -10.4
-20970.7 -10.5
-20975.8 -10.6
-20980.9 -10.7
-20986 -10.8
-20991.1 -10.9
-20996.2 -11
-21001.3 -11.1
-21006.4 -11.2
-21011.5 -11.3
-21016.6 -11.4
-21021.6 -11.5
-21026.7 -11.6
-21031.8 -11.7
-21036.8 -11.8
-21041.9 -11.9
-21047 -12
-21052 -12.1
-21057.1 -12.2
-21062.1 -12.3
-21067.1 -12.4
-21072.2 -12.5
-21077.2 -12.6
-21082.2 -12.7
-21087.2 -12.8
-21092.3 -12.9
-21097.3 -13
-21102.3 -13.1
-21107.3 -13.2
-21112.3 -13.3
-21117.3 -13.4
-21122.3 -13.5
-21127.3 -13.6
-21132.2 -13.7
-21137.2 -13.8
-21142.2 -13.9
-21147.2 -14
-21152.1 -14.1
-21157.1 -14.2
-21162 -14.3
-21167 -14.4
-21171.9 -14.5
-21176.9 -14.6
-21181.8 -14.7
-21186.8 -14.8
-21191.7 -14.9
-21196.6 -15
-21201.6 -15.1
-21206.5 -15.2
-21211.4 -15.3
-21216.3 -15.4
-21221.2 -15.5
-21226.1 -15.6
-21231 -15.7
-21235.9 -15.8
-21240.8 -15.9
-21245.7 -16
-21250.6 -16.1
-21255.5 -16.2
-21260.3 -16.3
-21265.2 -16.4
-21270.1 -16.5
-21275 -16.6
-21279.8 -16.7
-21284.7 -16.8
-21289.5 -16.9
-21294.4 -17
-21299.2 -17.1
-21304.1 -17.2
-21308.9 -17.3
-21313.7 -17.4
-21318.6 -17.5
-21323.4 -17.6
-21328.2 -17.7
-21333 -17.8
-21337.8 -17.9
-21342.6 -18
-21347.5 -18.1
-21352.3 -18.2
-21357.1 -18.3
-21361.8 -18.4
-21366.6 -18.5
-21371.4 -18.6
-21376.2 -18.7
-21381 -18.8
-21385.8 -18.9
-21390.5 -19
-21395.3 -19.1
-21400.1 -19.2
-21404.8 -19.3
-21409.6 -19.4
-21414.3 -19.5
-21419.1 -19.6
-21423.8 -19.7
-21428.6 -19.8
-21433.3 -19.9
-21438 -20
-21442.8 -20.1
-21447.5 -20.2
-21452.2 -20.3
-21456.9 -20.4
-21461.7 -20.5
-21466.4 -20.6
-21471.1 -20.7
-21475.8 -20.8
-21480.5 -20.9
-21485.2 -21
-21489.9 -21.1
-21494.6 -21.2
-21499.3 -21.3
-21503.9 -21.4
-21508.6 -21.5
-21513.3 -21.6
-21518 -21.7
-21522.6 -21.8
-21527.3 -21.9
-21532 -22
-21536.6 -22.1
-21541.3 -22.2
-21545.9 -22.3
-21550.6 -22.4
-21555.2 -22.5
-21559.8 -22.6
-21564.5 -22.7
-21569.1 -22.8
-21573.7 -22.9
-21578.4 -23
-21583 -23.1
-21587.6 -23.2
-21592.2 -23.3
-21596.8 -23.4
-21601.4 -23.5
-21606 -23.6
-21610.6 -23.7
-21615.2 -23.8
-21619.8 -23.9
-21624.4 -24
-21629 -24.1
-21633.6 -24.2
-21638.2 -24.3
-21642.8 -24.4
-21647.3 -24.5
-21651.9 -24.6
-21656.5 -24.7
-21661 -24.8
-21665.6 -24.9
-21670.1 -25
-21674.7 -25.1
-21679.2 -25.2
-21683.8 -25.3
-21688.3 -25.4
-21692.9 -25.5
-21697.4 -25.6
-21701.9 -25.7
-21706.5 -25.8
-21711 -25.9
-21715.5 -26
-21720 -26.1
-21724.5 -26.2
-21729.1 -26.3
-21733.6 -26.4
-21738.1 -26.5
-21742.6 -26.6
-21747.1 -26.7
-21751.6 -26.8
-21756.1 -26.9
-21760.5 -27
-21765 -27.1
-21769.5 -27.2
-21774 -27.3
-21778.5 -27.4
-21782.9 -27.5
-21787.4 -27.6
-21791.9 -27.7
-21796.3 -27.8
-21800.8 -27.9
-21805.3 -28
-21809.7 -28.1
-21814.2 -28.2
-21818.6 -28.3
-21823 -28.4
-21827.5 -28.5
-21831.9 -28.6
-21836.4 -28.7
-21840.8 -28.8
-21845.2 -28.9
-21849.6 -29
-21854.1 -29.1
-21858.5 -29.2
-21862.9 -29.3
-21867.3 -29.4
-21871.7 -29.5
-21876.1 -29.6
-21880.5 -29.7
-21884.9 -29.8
-21889.3 -29.9
-21893.7 -30
-21898.1 -30.1
-21902.5 -30.2
-21906.8 -30.3
-21911.2 -30.4
-21915.6 -30.5
-21920 -30.6
-21924.3 -30.7
-21928.7 -30.8
-21933.1 -30.9
-21937.4 -31
-21941.8 -31.1
-21946.2 -31.2
-21950.5 -31.3
-21954.9 -31.4
-21959.2 -31.5
-21963.5 -31.6
-21967.9 -31.7
-21972.2 -31.8
-21976.5 -31.9
-21980.9 -32
-21985.2 -32.1
-21989.5 -32.2
-21993.9 -32.3
-21998.2 -32.4
-22002.5 -32.5
-22006.8 -32.6
-22011.1 -32.7
-22015.4 -32.8
-22019.7 -32.9
-22024 -33
-22028.3 -33.1
-22032.6 -33.2
-22036.9 -33.3
-22041.2 -33.4
-22045.5 -33.5
-22049.8 -33.6
-22054 -33.7
-22058.3 -33.8
-22062.6 -33.9
-22066.9 -34
-22071.1 -34.1
-22075.4 -34.2
-22079.6 -34.3
-22083.9 -34.4
-22088.2 -34.5
-22092.4 -34.6
-22096.7 -34.7
-22100.9 -34.8
-22105.2 -34.9
-22109.4 -35
-22113.6 -35.1
-22117.9 -35.2
-22122.1 -35.3
-22126.3 -35.4
-22130.6 -35.5
-22134.8 -35.6
-22139 -35.7
-22143.2 -35.8
-22147.4 -35.9
-22151.7 -36
-22155.9 -36.1
-22160.1 -36.2
-22164.3 -36.3
-22168.5 -36.4
-22172.7 -36.5
-22176.9 -36.6
-22181.1 -36.7
-22185.3 -36.8
-22189.4 -36.9
-22193.6 -37
-22197.8 -37.1
-22202 -37.2
-22206.2 -37.3
-22210.3 -37.4
-22214.5 -37.5
-22218.7 -37.6
-22222.8 -37.7
-22227 -37.8
-22231.2 -37.9
-22235.3 -38
-22239.5 -38.1
-22243.6 -38.2
-22247.8 -38.3
-22251.9 -38.4
-22256.1 -38.5
-22260.2 -38.6
-22264.3 -38.7
-22268.5 -38.8
-22272.6 -38.9
-22276.7 -39
-22280.9 -39.1
-22285 -39.2
-22289.1 -39.3
-22293.2 -39.4
-22297.3 -39.5
-22301.5 -39.6
-22305.6 -39.7
-22309.7 -39.8
-22313.8 -39.9
-22317.9 -40
-22322 -40.1
-22326.1 -40.2
-22330.2 -40.3
-22334.3 -40.4
-22338.4 -40.5
-22342.5 -40.6
-22346.5 -40.7
-22350.6 -40.8
-22354.7 -40.9
-22358.8 -41
-22362.8 -41.1
-22366.9 -41.2
-22371 -41.3
-22375.1 -41.4
-22379.1 -41.5
-22383.2 -41.6
-22387.2 -41.7
-22391.3 -41.8
-22395.3 -41.9
-22399.4 -42
-22403.4 -42.1
-22407.5 -42.2
-22411.5 -42.3
-22415.6 -42.4
-22419.6 -42.5
-22423.6 -42.6
-22427.7 -42.7
-22431.7 -42.8
-22435.7 -42.9
-22439.8 -43
-22443.8 -43.1
-22447.8 -43.2
-22451.8 -43.3
-22455.8 -43.4
-22459.8 -43.5
-22463.9 -43.6
-22467.9 -43.7
-22471.9 -43.8
-22475.9 -43.9
-22479.9 -44
-22483.9 -44.1
-22487.9 -44.2
-22494.2 -44.3
-22500.5 -44.4
-22506.7 -44.5
-22513 -44.6
-22519.2 -44.7
-22525.5 -44.8
-22531.7 -44.9
-22537.9 -45
-22544.1 -45.1
-22550.3 -45.2
-22556.5 -45.3
-22562.7 -45.4
-22568.9 -45.5
-22575.1 -45.6
-22581.2 -45.7
-22587.4 -45.8
-22593.5 -45.9
-22599.6 -46
-22605.8 -46.1
-22611.9 -46.2
-22618 -46.3
-22624.1 -46.4
-22630.2 -46.5
-22636.3 -46.6
-22642.3 -46.7
-22648.4 -46.8
-22654.5 -46.9
-22660.5 -47
-22666.6 -47.1
-22672.6 -47.2
-22678.6 -47.3
-22684.6 -47.4
-22690.6 -47.5
-22696.6 -47.6
-22702.6 -47.7
-22708.6 -47.8
-22714.6 -47.9
-22720.6 -48
-22726.5 -48.1
-22732.5 -48.2
-22738.4 -48.3
-22744.4 -48.4
-22750.3 -48.5
-22756.2 -48.6
-22762.1 -48.7
-22768 -48.8
-22773.9 -48.9
-22779.8 -49
-22785.7 -49.1
-22791.6 -49.2
-22797.4 -49.3
-22803.3 -49.4
-22809.1 -49.5
-22815 -49.6
-22820.8 -49.7
-22826.7 -49.8
-22832.5 -49.9
-22838.3 -50
-22844.1 -50.1
-22849.9 -50.2
-22855.7 -50.3
-22861.5 -50.4
-22867.3 -50.5
-22873 -50.6
-22878.8 -50.7
-22884.5 -50.8
-22890.3 -50.9
-22896 -51
-22901.8 -51.1
-22907.5 -51.2
-22913.2 -51.3
-22918.9 -51.4
-22924.6 -51.5
-22930.3 -51.6
-22936 -51.7
-22941.7 -51.8
-22947.4 -51.9
-22953 -52
-22958.7 -52.1
-22964.4 -52.2
-22970 -52.3
-22975.7 -52.4
-22981.3 -52.5
-22986.9 -52.6
-22992.5 -52.7
-22998.2 -52.8
-23003.8 -52.9
-23009.4 -53
-23015 -53.1
-23020.6 -53.2
-23026.1 -53.3
-23031.7 -53.4
-23037.3 -53.5
-23042.8 -53.6
-23048.4 -53.7
-23053.9 -53.8
-23059.5 -53.9
-23065 -54
-23070.6 -54.1
-23076.1 -54.2
-23081.6 -54.3
-23087.1 -54.4
-23092.6 -54.5
-23098.1 -54.6
-23103.6 -54.7
-23109.1 -54.8
-23114.6 -54.9
-23120 -55
-23125.5 -55.1
-23130.9 -55.2
-23136.4 -55.3
-23141.8 -55.4
-23147.3 -55.5
-23152.7 -55.6
-23158.1 -55.7
-23163.6 -55.8
-23169 -55.9
-23174.4 -56
-23179.8 -56.1
-23185.2 -56.2
-23190.6 -56.3
-23196 -56.4
-23201.3 -56.5
-23206.7 -56.6
-23212.1 -56.7
-23217.4 -56.8
-23222.8 -56.9
-23228.1 -57
-23233.5 -57.1
-23238.8 -57.2
-23244.2 -57.3
-23249.5 -57.4
-23254.8 -57.5
-23260.1 -57.6
-23265.4 -57.7
-23270.7 -57.8
-23276 -57.9
-23281.3 -58
-23286.6 -58.1
-23291.9 -58.2
-23297.2 -58.3
-23302.5 -58.4
-23307.8 -58.5
-23313.1 -58.6
-23318.4 -58.7
-23323.7 -58.8
-23328.9 -58.9
-23334.2 -59
-23339.5 -59.1
-23344.7 -59.2
-23350 -59.3
-23355.2 -59.4
-23360.4 -59.5
-23365.7 -59.6
-23370.9 -59.7
-23376.1 -59.8
-23381.3 -59.9
-23386.5 -60
-23391.8 -60.1
-23397 -60.2
-23402.1 -60.3
-23407.3 -60.4
-23412.5 -60.5
-23417.7 -60.6
-23422.9 -60.7
-23428 -60.8
-23433.2 -60.9
-23438.3 -61
-23443.5 -61.1
-23448.6 -61.2
-23453.8 -61.3
-23458.9 -61.4
-23464 -61.5
-23469.2 -61.6
-23474.3 -61.7
-23479.4 -61.8
-23484.5 -61.9
-23489.6 -62
-23494.7 -62.1
-23499.8 -62.2
-23504.9 -62.3
-23510 -62.4
-23515 -62.5
-23520.1 -62.6
-23525.2 -62.7
-23530.2 -62.8
-23535.3 -62.9
-23540.3 -63
-23545.4 -63.1
-23550.4 -63.2
-23555.4 -63.3
-23560.5 -63.4
-23565.5 -63.5
-23570.5 -63.6
-23575.5 -63.7
-23580.5 -63.8
-23585.5 -63.9
-23590.5 -64
-23595.5 -64.1
-23600.5 -64.2
-23605.5 -64.3
-23610.5 -64.4
-23615.5 -64.5
-23620.4 -64.6
-23625.4 -64.7
-23630.3 -64.8
-23635.3 -64.9
-23640.3 -65
-23645.2 -65.1
-23650.1 -65.2
-23655.1 -65.3
-23660 -65.4
-23664.9 -65.5
-23669.8 -65.6
-23674.8 -65.7
-23679.7 -65.8
-23684.6 -65.9
-23689.5 -66
-23694.4 -66.1
-23699.3 -66.2
-23704.2 -66.3
-23709 -66.4
-23713.9 -66.5
-23718.8 -66.6
-23723.7 -66.7
-23728.5 -66.8
-23733.4 -66.9
-23738.2 -67
-23743.1 -67.1
-23747.9 -67.2
-23752.8 -67.3
-23757.6 -67.4
-23762.4 -67.5
-23767.3 -67.6
-23772.1 -67.7
-23776.9 -67.8
-23781.7 -67.9
-23786.5 -68
-23791.3 -68.1
-23796.1 -68.2
-23800.9 -68.3
-23805.7 -68.4
-23810.5 -68.5
-23815.3 -68.6
-23820.1 -68.7
-23824.8 -68.8
-23829.6 -68.9
-23834.4 -69
-23839.1 -69.1
-23843.9 -69.2
-23848.6 -69.3
-23853.4 -69.4
-23858.1 -69.5
-23862.9 -69.6
-23867.6 -69.7
-23872.3 -69.8
-23877 -69.9
-23881.8 -70
-23886.5 -70.1
-23891.2 -70.2
-23895.9 -70.3
-23900.6 -70.4
-23905.3 -70.5
-23910 -70.6
-23914.7 -70.7
-23919.4 -70.8
-23924.1 -70.9
-23928.8 -71
-23933.5 -71.1
-23938.2 -71.2
-23942.9 -71.3
-23947.6 -71.4
-23952.2 -71.5
-23956.9 -71.6
-23961.6 -71.7
-23966.2 -71.8
-23970.9 -71.9
-23975.5 -72
-23980.2 -72.1
-23984.8 -72.2
-23989.5 -72.3
-23994.1 -72.4
-23998.7 -72.5
-24003.3 -72.6
-24008 -72.7
-24012.6 -72.8
-24017.2 -72.9
-24021.8 -73
-24026.4 -73.1
-24031 -73.2
-24035.6 -73.3
-24040.2 -73.4
-24044.8 -73.5
-24049.4 -73.6
-24054 -73.7
-24058.5 -73.8
-24063.1 -73.9
-24067.7 -74
-24072.2 -74.1
-24076.8 -74.2
-24081.4 -74.3
-24085.9 -74.4
-24090.5 -74.5
-24095 -74.6
-24099.6 -74.7
-24104.1 -74.8
-24108.6 -74.9
-24113.2 -75
-24117.7 -75.1
-24122.2 -75.2
-24126.7 -75.3
-24131.2 -75.4
-24135.7 -75.5
-24140.3 -75.6
-24144.8 -75.7
-24149.3 -75.8
-24153.8 -75.9
-24158.2 -76
-24162.7 -76.1
-24167.2 -76.2
-24171.7 -76.3
-24176.2 -76.4
-24180.7 -76.5
-24185.1 -76.6
-24189.6 -76.7
-24194 -76.8
-24198.5 -76.9
-24203 -77
-24207.4 -77.1
-24211.9 -77.2
-24216.3 -77.3
-24220.7 -77.4
-24225.2 -77.5
-24229.6 -77.6
-24234 -77.7
-24238.5 -77.8
-24242.9 -77.9
-24247.3 -78
-24251.7 -78.1
-24256.1 -78.2
-24260.5 -78.3
-24264.9 -78.4
-24269.3 -78.5
-24273.7 -78.6
-24278.1 -78.7
-24282.5 -78.8
-24286.9 -78.9
-24291.3 -79
-24295.7 -79.1
-24300 -79.2
-24304.4 -79.3
-24308.8 -79.4
-24313.2 -79.5
-24317.5 -79.6
-24321.9 -79.7
-24326.2 -79.8
-24330.6 -79.9
-24334.9 -80
-24339.3 -80.1
-24343.6 -80.2
-24347.9 -80.3
-24352.3 -80.4
-24356.6 -80.5
-24360.9 -80.6
-24365.3 -80.7
-24369.6 -80.8
-24373.9 -80.9
-24378.2 -81
-24382.5 -81.1
-24386.8 -81.2
-24391.1 -81.3
-24395.4 -81.4
-24399.7 -81.5
-24404 -81.6
-24408.3 -81.7
-24412.6 -81.8
-24416.9 -81.9
-24421.2 -82
-24425.4 -82.1
-24429.7 -82.2
-24434 -82.3
-24438.2 -82.4
-24442.5 -82.5
-24446.8 -82.6
-24451 -82.7
-24455.3 -82.8
-24459.5 -82.9
-24463.8 -83
-24468 -83.1
-24472.2 -83.2
-24476.5 -83.3
-24480.7 -83.4
-24484.9 -83.5
-24489.2 -83.6
-24493.4 -83.7
-24497.6 -83.8
-24501.8 -83.9
-24506.1 -84
-24510.3 -84.1
-24514.5 -84.2
-24518.7 -84.3
-24522.9 -84.4
-24527.1 -84.5
-24531.3 -84.6
-24535.5 -84.7
-24539.7 -84.8
-24543.8 -84.9
-24548 -85
-24552.2 -85.1
-24556.4 -85.2
-24560.5 -85.3
-24564.7 -85.4
-24568.9 -85.5
-24573.1 -85.6
-24577.2 -85.7
-24581.4 -85.8
-24585.5 -85.9
-24589.7 -86
-24593.8 -86.1
-24598 -86.2
-24602.1 -86.3
-24606.3 -86.4
-24610.4 -86.5
-24614.5 -86.6
-24618.7 -86.7
-24686 -86.8
-24992.5 -86.9
-25298.6 -87
-25607.8 -87.1
-25924.7 -87.2
-26241.2 -87.3
-26557.4 -87.4
-26873.1 -87.5
-27188.4 -87.6
-27503.3 -87.7
-27817.7 -87.8
-28131.7 -87.9
-28445.3 -88
-28758.5 -88.1
-29071.2 -88.2
-29383.4 -88.3
-29695.2 -88.4
-30006.6 -88.5
-30317.4 -88.6
-30627.9 -88.7
-30937.8 -88.8
-31247.3 -88.9
-31556.3 -89
-31868.3 -89.1
-32205 -89.2
-32540.9 -89.3
-32876.1 -89.4
-33210.6 -89.5
-33544.4 -89.6
-33877.4 -89.7
-34209.6 -89.8
-34541.1 -89.9
-34871.8 -90
-35201.6 -90.1
-35530.7 -90.2
-35858.9 -90.3
-36186.3 -90.4
-36512.8 -90.5
-36838.4 -90.6
-37163.1 -90.7
-37490.1 -90.8
-37846.4 -90.9
-38201.4 -91
-38555.1 -91.1
-38907.5 -91.2
-39258.4 -91.3
-39608 -91.4
-39956.1 -91.5
-40302.8 -91.6
-40648 -91.7
-40991.6 -91.8
-41333.6 -91.9
-41673.9 -92
-42012.7 -92.1
-42349.6 -92.2
-42684.9 -92.3
-43018.3 -92.4
-43349.8 -92.5
-43679.5 -92.6
-44007.2 -92.7
-44332.8 -92.8
-44656.4 -92.9
-44977.8 -93
-45297.1 -93.1
-45614.1 -93.2
-45928.8 -93.3
-46241.1 -93.4
-46550.9 -93.5
-46858.3 -93.6
-47163 -93.7
-47465.1 -93.8
-47764.6 -93.9
-48061.2 -94
-48354.9 -94.1
-48645.8 -94.2
-48933.7 -94.3
-49218.5 -94.4
-49500.2 -94.5
-49778.7 -94.6
-50054 -94.7
-50325.9 -94.8
-50594.5 -94.9
-50859.7 -95
-51121.3 -95.1
-51379.5 -95.2
-51634 -95.3
-51884.9 -95.4
-52132.1 -95.5
-52375.6 -95.6
-52615.3 -95.7
-52851.3 -95.8
-53083.4 -95.9
-53311.6 -96
-53536 -96.1
-53756.5 -96.2
-53973.1 -96.3
-54185.8 -96.4
-54394.5 -96.5
-54599.4 -96.6
-54800.3 -96.7
-54997.3 -96.8
-55190.5 -96.9
-55379.8 -97
-55565.2 -97.1
-55746.8 -97.2
-55924.6 -97.3
-56098.7 -97.4
-56269 -97.5
-56435.6 -97.6
-56598.6 -97.7
-56758 -97.8
-56913.9 -97.9
-57066.2 -98
-57215.1 -98.1
-57360.6 -98.2
-57502.7 -98.3
-57641.6 -98.4
-57777.2 -98.5
-57909.7 -98.6
-58039 -98.7
-58165.3 -98.8
-58288.6 -98.9
-58408.9 -99
-58526.4 -99.1
-58641.1 -99.2
-58753 -99.3
-58862.3 -99.4
-58968.9 -99.5
-59072.9 -99.6
-59174.4 -99.7
-59273.5 -99.8
-59370.2 -99.9
-59464.5 -100
-59556.5 -100.1
-59646.4 -100.2
-59734 -100.3
-59819.6 -100.4
-59903 -100.5
-59984.5 -100.6
-60064 -100.7
-60141.6 -100.8
-60217.3 -100.9
-60291.3 -101
-60363.4 -101.1
-60433.9 -101.2
-60502.7 -101.3
-60569.9 -101.4
-60635.5 -101.5
-60699.5 -101.6
-60762.1 -101.7
-60823.3 -101.8
-60883.1 -101.9
-60941.5 -102
-60998.6 -102.1
-61054.4 -102.2
-61109 -102.3
-61162.5 -102.4
-61214.7 -102.5
-61265.8 -102.6
-61315.9 -102.7
-61364.9 -102.8
-61412.9 -102.9
-61459.9 -103
-61506 -103.1
-61551.2 -103.2
-61595.4 -103.3
-61638.9 -103.4
-61681.4 -103.5
-61723.2 -103.6
