time_sec	Acc_m_s2
0	-0.0231554007868342
0.0025	-0.0215674191437288
0.005	-0.0184085241322196
0.0075	-0.0138050417949429
0.01	-0.00799617993275552
0.0125	-0.00131075835246756
0.015	0.00586433997443631
0.0175	0.013120343637373
0.02	0.0200633442426977
0.0225	0.0263211618001799
0.025	0.031645577322815
0.0275	0.0358637085911387
0.03	0.0389030339257892
0.0325	0.0407865883089905
0.035	0.0416185811736019
0.0375	0.041562836262189
0.04	0.0408171477136978
0.0425	0.0395420950961094
0.045	0.0379649532539843
0.0475	0.0362492662461746
0.05	0.0345135205290455
0.0525	0.0328248178996277
0.055	0.0311995653340045
0.0575	0.0296104833407181
0.06	0.0279986220404331
0.0625	0.0262082314305614
0.065	0.0242328021778613
0.0675	0.0220308782239593
0.07	0.0195948532203146
0.0725	0.0169575398428987
0.075	0.0141934646273374
0.0775	0.0114152240888132
0.08	0.00876583020279463
0.0825	0.00628469321048218
0.085	0.00424872694306851
0.0875	0.00285291018721539
0.09	0.00228452054184259
0.0925	0.00270916772596912
0.095	0.0042578860708445
0.0975	0.00701636876951846
0.1	0.0110173276863891
0.1025	0.0160952112522563
0.105	0.0222905418735788
0.1075	0.0295024857827453
0.11	0.0375946712268971
0.1125	0.0464010510693399
0.115	0.0557324172570461
0.1175	0.0653834110338379
0.12	0.0751399760191608
0.1225	0.0846753817469749
0.125	0.0938774065909327
0.1275	0.102578093794375
0.13	0.110638140378127
0.1325	0.117948884897592
0.135	0.124431669456251
0.1375	0.130034926574148
0.14	0.134729609418295
0.1425	0.138454909437449
0.145	0.1412521899276
0.1475	0.143138722074801
0.15	0.144137915776429
0.1525	0.144275736136151
0.155	0.143578482059643
0.1575	0.142072094899402
0.16	0.13978297043703
0.1625	0.136719419441724
0.165	0.132933547666763
0.1675	0.128473297610391
0.17	0.123399882444668
0.1725	0.117789547628858
0.175	0.111734064756078
0.1775	0.105339834452528
0.18	0.0987256629917486
0.1825	0.0919915397237929
0.185	0.085294105584465
0.1875	0.0787726982307094
0.19	0.0725639138345918
0.1925	0.0667961381640906
0.195	0.0615843461973073
0.1975	0.0570255686325888
0.2	0.0531953805457263
0.2025	0.0501229595461636
0.205	0.0478497854686353
0.2075	0.0463869047480278
0.21	0.0457263466477232
0.2125	0.0458430832983782
0.215	0.0466977599627725
0.2175	0.0482401865085047
0.22	0.0504135303215517
0.2225	0.0531122788635278
0.225	0.0563254315297349
0.2275	0.0600136722080329
0.23	0.0641513970338179
0.2325	0.0687286009539172
0.235	0.073750855178861
0.2375	0.079237281979397
0.24	0.0852166780901815
0.2425	0.0916597636468836
0.245	0.0986605140375092
0.2475	0.106251328832454
0.25	0.114451169950498
0.2525	0.123259201087227
0.255	0.132649626124874
0.2575	0.142568320359222
0.26	0.152931715741222
0.2625	0.16357865360128
0.265	0.174422132383598
0.2675	0.185316253645653
0.27	0.196105582651942
0.2725	0.20663220175357
0.275	0.216742203564252
0.2775	0.226290921291978
0.28	0.235146397186611
0.2825	0.243153785300348
0.285	0.250242683077943
0.2875	0.256327829820195
0.29	0.261333828134884
0.2925	0.265190371997759
0.295	0.267827640903188
0.2975	0.26917287053392
0.3	0.269149012516629
0.3025	0.267633286295695
0.305	0.264586518234446
0.3075	0.25994762208884
0.31	0.253675778565395
0.3125	0.245760008899401
0.315	0.236228472903936
0.3175	0.225156374598436
0.32	0.212671448972596
0.3225	0.198888113322783
0.325	0.184117769296793
0.3275	0.16865144288428
0.33	0.152818067085153
0.3325	0.13697114117196
0.335	0.121472529851584
0.3375	0.106674554394808
0.34	0.0929017895008508
0.3425	0.0803787564487456
0.345	0.0694050985623584
0.3475	0.0601316412016415
0.35	0.0526304712866565
0.3525	0.0468963483662202
0.355	0.0428531473419177
0.3575	0.0403643190012083
0.36	0.039246102802923
0.3625	0.0392887088332783
0.365	0.0402852133281605
0.3675	0.0419831520491832
0.37	0.0441315478748118
0.3725	0.0464958626898765
0.375	0.0488712829554613
0.3775	0.051093367879382
0.38	0.0530452807134867
0.3825	0.0547290836163262
0.385	0.0560942241367053
0.3875	0.0571466074209873
0.39	0.0579217902093571
0.3925	0.0584806167845713
0.395	0.0589043559041752
0.3975	0.0592891747128803
0.4	0.0597397332313743
0.4025	0.0604721417498047
0.405	0.0615032286176506
0.4075	0.0628864718387323
0.41	0.0646424704499502
0.4125	0.0667575067581961
0.415	0.0691852567103197
0.4175	0.0718512846884907
0.42	0.0746596565559939
0.4225	0.0776095276008515
0.425	0.0805050804805039
0.4275	0.0832055683755158
0.43	0.0855716329673582
0.4325	0.0874767197168866
0.435	0.0888180125970711
0.4375	0.0895257130957095
0.44	0.0895695732251309
0.4425	0.0889478281415061
0.445	0.0877459961717204
0.4475	0.086048850534748
0.45	0.0839651254080283
0.4525	0.0816182467670194
0.455	0.0791360500888488
0.4575	0.0766406121898849
0.46	0.074239377025723
0.4625	0.0718538591023955
0.465	0.0697220834464458
0.4675	0.0679022463975975
0.47	0.0664315384507243
0.4725	0.0653294460160575
0.475	0.0646016112974422
0.4775	0.0642434192722178
0.48	0.0642427281985633
0.4825	0.0643448035610777
0.485	0.0647829580071396
0.4875	0.065556486097752
0.49	0.0666574417048869
0.4925	0.0680663433982538
0.495	0.0697467855736794
0.4975	0.0716397869723091
0.5	0.0736589910077297
0.5025	0.0755201358459591
0.505	0.0772831354253251
0.5075	0.0787869619792062
0.51	0.0798478580136142
0.5125	0.0802716471551068
0.515	0.0798676424930932
0.5175	0.0784622475993743
0.52	0.0759104884913242
0.5225	0.0720891795669206
0.525	0.0669935128270123
0.5275	0.0605800374556259
0.53	0.0528330006051189
0.5325	0.0437646170863734
0.535	0.033415204650694
0.5375	0.0218533480644372
0.54	0.00917610307758296
0.5425	-0.00439181008056544
0.545	-0.0187592532438126
0.5475	-0.0337753965387268
0.55	-0.0492740723954145
0.5525	-0.065070919826142
0.555	-0.0809615101143956
0.5575	-0.0967221190324501
0.56	-0.112114568027524
0.5625	-0.126832137100437
0.565	-0.140687050572641
0.5675	-0.153492077122383
0.57	-0.165113457310858
0.5725	-0.175486097169768
0.575	-0.184623799335969
0.5775	-0.192622207145217
0.58	-0.199652790189678
0.5825	-0.206116202786429
0.585	-0.212123119928019
0.5875	-0.217913025111269
0.59	-0.223687726565
0.5925	-0.229580880537948
0.595	-0.235632782198514
0.5975	-0.241773291397656
0.6	-0.247814823027636
0.6025	-0.253785361424188
0.605	-0.258990118186027
0.6075	-0.26288846922574
0.61	-0.264883037965641
0.6125	-0.264367946696579
0.615	-0.260781488350398
0.6175	-0.253657733189734
0.62	-0.242671402109558
0.6225	-0.228075261428203
0.625	-0.209546677503829
0.6275	-0.187236260256791
0.63	-0.161452673595278
0.6325	-0.132645338399526
0.635	-0.101379363852405
0.6375	-0.0683048449220358
0.64	-0.0341226951958101
0.6425	1.75189778961492e-05
0.645	0.0338093149328425
0.6475	0.0666917475479591
0.65	0.0981978631178803
0.6525	0.127958371720425
0.655	0.155693229378683
0.6575	0.181193337116724
0.66	0.204295878333625
0.6625	0.22442200276725
0.665	0.241812429695083
0.6675	0.256383114962709
0.67	0.268035480391512
0.6725	0.276641776985434
0.675	0.282037648610266
0.6775	0.284023786452688
0.68	0.282377811064682
0.6825	0.276571172139963
0.685	0.266685887340607
0.6875	0.252655398332342
0.69	0.234530191285045
0.6925	0.212501606856525
0.695	0.186914005345674
0.6975	0.158262428623278
0.7	0.127174584528901
0.7025	0.0944887570246044
0.705	0.060910217452597
0.7075	0.0271934199685709
0.71	-0.00596673250688332
0.7125	-0.0379761686900879
0.715	-0.0683703953235388
0.7175	-0.0968272146794395
0.72	-0.123161915680361
0.7225	-0.146818825337426
0.725	-0.168206189642891
0.7275	-0.187481368473259
0.73	-0.204813148876889
0.7325	-0.22031069150572
0.735	-0.233956239838596
0.7375	-0.245551838385257
0.74	-0.254689395344211
0.7425	-0.260180229124309
0.745	-0.261714854639547
0.7475	-0.258513020509157
0.75	-0.249804100548105
0.7525	-0.23491034517489
0.755	-0.213328236113641
0.7575	-0.184798840784487
0.76	-0.149359339733918
0.7625	-0.107093463398691
0.765	-0.0589461083355546
0.7675	-0.00594337752952678
0.77	0.0506400686152259
0.7725	0.109363063204296
0.775	0.168715403767698
0.7775	0.227221277472277
0.78	0.283538583100669
0.7825	0.336427861656444
0.785	0.385102382680481
0.7875	0.429086461527294
0.79	0.468245927618244
0.7925	0.50275374500953
0.795	0.533027947671574
0.7975	0.559650541654706
0.8	0.583277941427735
0.8025	0.604221621648007
0.805	0.62326387554214
0.8075	0.640916162953294
0.81	0.657549238967869
0.8125	0.673369953082772
0.815	0.688419155227165
0.8175	0.702590256943203
0.82	0.715665993463092
0.8225	0.727081124272322
0.825	0.736745320397219
0.8275	0.744522170997845
0.83	0.750410711224691
0.8325	0.754563473131584
0.835	0.75728060232569
0.8375	0.758979911244906
0.84	0.760145577083437
0.8425	0.761206042406405
0.845	0.762605765815032
0.8475	0.764611580946013
0.85	0.767272304442122
0.8525	0.770363589999655
0.855	0.773355457255169
0.8575	0.775407702830487
0.86	0.775395720038984
0.8625	0.772099534460893
0.865	0.763953595009537
0.8675	0.749365829023647
0.87	0.726797250437605
0.8725	0.694889238907749
0.875	0.652583757689213
0.8775	0.599224125312162
0.88	0.534625582471128
0.8825	0.459293417828148
0.885	0.373950977349466
0.8875	0.279792906209849
0.89	0.178352396370624
0.8925	0.0714076238268078
0.895	-0.0391223584520673
0.8975	-0.151282118199669
0.9	-0.263175039193492
0.9025	-0.372776492900385
0.905	-0.478712800565914
0.9075	-0.579702109031817
0.91	-0.674701466155941
0.9125	-0.762869919007261
0.915	-0.84351156423917
0.9175	-0.916009369410008
0.92	-0.979761644960987
0.9225	-1.03386824636347
0.925	-1.07788622709047
0.9275	-1.1111043627726
0.93	-1.13278945145756
0.9325	-1.14223562943528
0.935	-1.13883045593926
0.9375	-1.12212902136788
0.94	-1.09192624626592
0.9425	-1.04829100908284
0.945	-0.991743620917553
0.9475	-0.923062024314201
0.95	-0.843359868966471
0.9525	-0.754054522515328
0.955	-0.656812251272254
0.9575	-0.553475205093236
0.96	-0.445976621550401
0.9625	-0.336502815176794
0.965	-0.226726398065214
0.9675	-0.118272467753567
0.97	-0.0125304259089677
0.9725	0.0893676473786316
0.975	0.186542927319299
0.9775	0.278343599718232
0.98	0.364302299501074
0.9825	0.443661518058463
0.985	0.516593289503175
0.9875	0.582938461376585
0.99	0.642537852367583
0.9925	0.695198314281495
0.995	0.740670531767345
0.9975	0.778639514719027
1	0.808727889451665
1.0025	0.830165970538403
1.005	0.84294023393459
1.0075	0.846640514112592
1.01	0.840901900579769
1.0125	0.825453442953608
1.015	0.800165917289688
1.0175	0.765094043932622
1.02	0.720509214716691
1.0225	0.666622246455998
1.025	0.604605870433617
1.0275	0.535442285101365
1.03	0.460304036123488
1.0325	0.380527275851013
1.035	0.297574559564687
1.0375	0.212988084166868
1.04	0.128335356564887
1.0425	0.0447837722615631
1.045	-0.035735382884098
1.0475	-0.111923796662718
1.05	-0.18270155105038
1.0525	-0.247237987621809
1.055	-0.304969818045992
1.0575	-0.35560677839385
1.06	-0.399125460580669
1.0625	-0.436192429812646
1.065	-0.466699042668451
1.0675	-0.491257636608671
1.07	-0.510638364002284
1.0725	-0.5257130739233
1.075	-0.537395445461941
1.0775	-0.546580795117306
1.08	-0.554088527384868
1.0825	-0.560963458235185
1.085	-0.567296259765392
1.0875	-0.573369141916133
1.09	-0.579239050375667
1.0925	-0.584724424216242
1.095	-0.589407703371204
1.0975	-0.592655241059741
1.1	-0.593654843163235
1.1025	-0.591523586008543
1.105	-0.585281823811367
1.1075	-0.57391466116606
1.11	-0.556485744059044
1.1125	-0.532220674121646
1.115	-0.500581175559158
1.1175	-0.461322196354336
1.12	-0.414525703368456
1.1225	-0.360411766646186
1.125	-0.300105305264602
1.1275	-0.234551194805512
1.13	-0.164856442751879
1.1325	-0.0922338844951666
1.135	-0.0179446378909706
1.1375	0.0567562586168516
1.14	0.130666907292343
1.1425	0.202988862578174
1.145	0.27219896172224
1.1475	0.33745524317153
1.15	0.398073014037292
1.1525	0.453490995782237
1.155	0.503229718861137
1.1575	0.546851225239785
1.16	0.583928374034107
1.1625	0.614190240496962
1.165	0.636965154797359
1.1675	0.65185460018936
1.17	0.658539141908788
1.1725	0.656822755014405
1.175	0.646680158052291
1.1775	0.628300460843003
1.18	0.60212047370155
1.1825	0.568699423314637
1.185	0.529208165485384
1.1875	0.484844649057207
1.19	0.436987925063883
1.1925	0.387139930920634
1.195	0.336854964485806
1.1975	0.287662536077035
1.2	0.240990283988474
1.2025	0.197742591448523
1.205	0.159435317454232
1.2075	0.126827249486751
1.21	0.10036924730864
1.2125	0.080217789616483
1.215	0.0662681261426326
1.2175	0.0582010810644578
1.22	0.0555369379286646
1.2225	0.0573424317075043
1.225	0.0634415582659911
1.2275	0.0731861060354221
1.23	0.085926530311933
1.2325	0.10103910573965
1.235	0.11794233019829
1.2375	0.136102910167716
1.24	0.155033113392577
1.2425	0.174209376537882
1.245	0.193300092055684
1.2475	0.211902357083828
1.25	0.229623079445815
1.2525	0.246081427153153
1.255	0.260918331684848
1.2575	0.273812242641515
1.26	0.284499222027002
1.2625	0.293075299857227
1.265	0.299122640381531
1.2675	0.302648622772276
1.27	0.303790495325385
1.2725	0.302814644832682
1.275	0.30010679801295
1.2775	0.296153277437917
1.28	0.291513887520335
1.2825	0.287092933564546
1.285	0.283097777239953
1.2875	0.280067483742052
1.29	0.278464040983426
1.2925	0.278626600708229
1.295	0.280732804278455
1.2975	0.28477189188633
1.3	0.290533235283036
1.3025	0.297715951374788
1.305	0.305517947143754
1.3075	0.313267644028757
1.31	0.320238957484562
1.3125	0.325697138287563
1.315	0.328945374906307
1.3175	0.32936936841579
1.32	0.326477141776687
1.3225	0.319868532701186
1.325	0.309340671941207
1.3275	0.2949762621154
1.33	0.277070360519372
1.3325	0.256102412952832
1.335	0.232695066703663
1.3375	0.207564888234054
1.34	0.181470697177717
1.3425	0.154973470198265
1.345	0.128972574369041
1.3475	0.104125244426496
1.35	0.0809963460609873
1.3525	0.0600476431481176
1.355	0.0416352517230583
1.3575	0.0260129504176167
1.36	0.0133388717583621
1.3625	0.0034077161804207
1.365	-0.00341827677605741
1.3675	-0.00721777003151505
1.37	-0.00815223027644894
1.3725	-0.00645395819865488
1.375	-0.00241321783725254
1.3775	0.00363539873864118
1.38	0.011327534006351
1.3825	0.0199839673327498
1.385	0.029626791587861
1.3875	0.0399091558042694
1.39	0.050507107379127
1.3925	0.0611404609151991
1.395	0.071589080193987
1.3975	0.0817011181984365
1.4	0.0913907845229718
1.4025	0.100406000857129
1.405	0.108984697218418
1.4075	0.117142551168106
1.41	0.124854387988118
1.4125	0.132017593267944
1.415	0.138421127091767
1.4175	0.143725467834115
1.42	0.147458075192216
1.4225	0.148897594069493
1.425	0.147491203374893
1.4275	0.142552061951475
1.43	0.133430415422019
1.4325	0.119584814805309
1.435	0.100653365842672
1.4375	0.0765175386548698
1.44	0.0473514937438632
1.4425	0.0135175773320528
1.445	-0.024011704707969
1.4475	-0.0640945557460771
1.45	-0.105331318956739
1.4525	-0.146133593619863
1.455	-0.184810572043075
1.4575	-0.219665689869454
1.46	-0.249095674929414
1.4625	-0.271860290954615
1.465	-0.286592844680835
1.4675	-0.292460786979007
1.47	-0.289003748297602
1.4725	-0.276146323085415
1.475	-0.254187555802238
1.4775	-0.223770147020052
1.48	-0.18583359896815
1.4825	-0.141852790495821
1.485	-0.0928591681664043
1.4875	-0.0402774327757172
1.49	0.0144228647595608
1.4925	0.0697819324378373
1.495	0.124395583946123
1.4975	0.17695201735035
1.5	0.226260487118024
1.5025	0.270790363927186
1.505	0.310135424015265
1.5075	0.343661933430804
1.51	0.370933226478026
1.5125	0.391707554881665
1.515	0.405929127185467
1.5175	0.413713145794267
1.52	0.415326235807067
1.5225	0.410604665673304
1.525	0.400603583645805
1.5275	0.385998369082662
1.53	0.367539543588842
1.5325	0.346022346393496
1.535	0.322255879656452
1.5375	0.297033992647232
1.54	0.271110316991227
1.5425	0.244719140620913
1.545	0.218920712017713
1.5475	0.194349875645444
1.55	0.171586638261414
1.5525	0.151151196402981
1.555	0.133497333069752
1.5575	0.119003509463464
1.56	0.107961806002227
1.5625	0.100346064136131
1.565	0.0964296545275116
1.5675	0.0962217424285055
1.57	0.0996162956770963
1.5725	0.106383853944555
1.575	0.116168412306226
1.5775	0.128491503156856
1.58	0.142764953770857
1.5825	0.158164146702893
1.585	0.174085609246967
1.5875	0.189807973998081
1.59	0.204638864641682
1.5925	0.21795144643024
1.595	0.229216676714391
1.5975	0.238028803114462
1.6	0.244122367154541
1.6025	0.247218622281211
1.605	0.247504714752283
1.6075	0.245170057954543
1.61	0.240523531156966
1.6125	0.23396435958606
1.615	0.225947553664279
1.6175	0.21694679080303
1.62	0.207417954844209
1.6225	0.197672936017623
1.625	0.188155968381232
1.6275	0.179111485995025
1.63	0.170685063396902
1.6325	0.162931591835662
1.635	0.155834931408969
1.6375	0.149337263539974
1.64	0.143375359755298
1.6425	0.137928488464644
1.645	0.133044251859033
1.6475	0.128865806940092
1.65	0.125662518219429
1.6525	0.123841091623436
1.655	0.123940317404005
1.6575	0.126607706338725
1.66	0.132558165178562
1.6625	0.142644556618758
1.665	0.157367039206223
1.6675	0.177257609120601
1.67	0.202652331952708
1.6725	0.233629357638548
1.675	0.269965834963462
1.6775	0.311120610486759
1.68	0.356246941837547
1.6825	0.404289768752286
1.685	0.453860400828576
1.6875	0.503567794109884
1.69	0.55203469166099
1.6925	0.597999855705393
1.695	0.640408967676685
1.6975	0.67848404328316
1.7	0.711763397824862
1.7025	0.740022311651018
1.705	0.763539824028963
1.7075	0.782698772650039
1.71	0.798022581992715
1.7125	0.810079856263493
1.715	0.819387399839146
1.7175	0.826323549142478
1.72	0.831062744488923
1.7225	0.833438149300609
1.725	0.833328841104529
1.7275	0.830207960520026
1.73	0.823396574568677
1.7325	0.812164903373876
1.735	0.79584820097962
1.7375	0.773962629090659
1.74	0.746306372550943
1.7425	0.712976513916458
1.745	0.674629777411864
1.7475	0.632182805974547
1.75	0.586877788370296
1.7525	0.540201863443251
1.755	0.493778649953354
1.7575	0.449242945948228
1.76	0.408111437204082
1.7625	0.371635319818096
1.765	0.340804350763171
1.7675	0.316149906295312
1.77	0.297762248832496
1.7725	0.285299866712432
1.775	0.27803579152847
1.7775	0.27493481275123
1.78	0.274752739586909
1.7825	0.276012738618862
1.785	0.277533713899978
1.7875	0.278116862505088
1.79	0.276761191042625
1.7925	0.272721348832117
1.795	0.265537409788862
1.7975	0.255036675120395
1.8	0.241310496963918
1.8025	0.224450449002714
1.805	0.205180051506452
1.8075	0.184105658771619
1.81	0.161875673345991
1.8125	0.13912497881333
1.815	0.116429382648325
1.8175	0.0942728088948456
1.82	0.0730285717123233
1.8225	0.0528280922992344
1.825	0.033978954508878
1.8275	0.0165517325019436
1.83	0.000551259325394413
1.8325	-0.0140518387231643
1.835	-0.02728963036695
1.8375	-0.0391693308669443
1.84	-0.0496530245048709
1.8425	-0.0584253478277739
1.845	-0.0654923558439242
1.8475	-0.0707212980748657
1.85	-0.073972815091102
1.8525	-0.0751148920468317
1.855	-0.074038914203694
1.8575	-0.0706774309064015
1.86	-0.0650232473262094
1.8625	-0.0565363071037353
1.865	-0.0458796256916175
1.8675	-0.0334841630530698
1.87	-0.0199415629175028
1.8725	-0.00597485644911569
1.875	0.00760843779248257
1.8775	0.0199764843553078
1.88	0.0303401794233714
1.8825	0.0386240276980911
1.885	0.0438832728248443
1.8875	0.0456514488974313
1.89	0.0436493744392669
1.8925	0.0378234080234441
1.895	0.0283685143081125
1.8975	0.0157313704372558
1.9	0.000590392673475894
1.9025	-0.0158016055734471
1.905	-0.0326180242867484
1.9075	-0.0489785950250124
1.91	-0.0641045299415078
1.9125	-0.0773682303047274
1.915	-0.0883253630799624
1.9175	-0.0967278246981637
1.92	-0.10251818541967
1.9225	-0.105511735817526
1.925	-0.106012227514747
1.9275	-0.104499521344969
1.93	-0.101553284634307
1.9325	-0.0977685564209815
1.935	-0.093670143213916
1.9375	-0.0896370469617235
1.94	-0.085847097385588
1.9425	-0.0818933623870035
1.945	-0.0776292664317596
1.9475	-0.072738021350961
1.95	-0.0668303666981954
1.9525	-0.0594876356744648
1.955	-0.0503069835408693
1.9575	-0.0389450371082286
1.96	-0.0251567318833627
1.9625	-0.00818874938148699
1.965	0.0114748158269315
1.9675	0.0334604655266479
1.97	0.0571844458901309
1.9725	0.0819069793071388
1.975	0.10680502537304
1.9775	0.131053369457755
1.98	0.153902361323038
1.9825	0.175609663631067
1.985	0.195065728699064
1.9875	0.211811497863487
1.99	0.225499157696576
1.9925	0.235889470027662
1.995	0.24283766068177
1.9975	0.246268729607046
2	0.246143711562034
2.0025	0.243365309401112
2.005	0.237092663124166
2.0075	0.226919059358502
2.01	0.212257350963821
2.0125	0.192367167615999
2.015	0.16640987390539
2.0175	0.133525372074635
2.02	0.0929218028118161
2.0225	0.0450062425550909
2.025	-0.0114774266072768
2.0275	-0.0768374224192818
2.03	-0.151082837552639
2.0325	-0.233861912109841
2.035	-0.324418538531908
2.0375	-0.421573817549335
2.04	-0.523738341306014
2.0425	-0.627883280257416
2.045	-0.732700457569243
2.0475	-0.836008707616242
2.05	-0.935639100501347
2.0525	-1.02953722874582
2.055	-1.11585532425353
2.0575	-1.19302930849668
2.06	-1.25983792526466
2.0625	-1.31439488658602
2.065	-1.3571748305186
2.0675	-1.38837081298472
2.07	-1.40861647660824
2.0725	-1.41891324542286
2.075	-1.42053388728494
2.0775	-1.41491261392812
2.08	-1.4035334979954
2.0825	-1.38701594398547
2.085	-1.36734563365515
2.0875	-1.34581339775122
2.09	-1.32353986365994
2.0925	-1.30144476093516
2.095	-1.28023279890772
2.0975	-1.26039531854915
2.1	-1.24222621161521
2.1025	-1.22543095977779
2.105	-1.21035943235878
2.1075	-1.19700695390701
2.11	-1.18534807652696
2.1125	-1.17536474045844
2.115	-1.16706642561958
2.1175	-1.16050259829537
2.12	-1.15576870824518
2.1225	-1.15303723716376
2.125	-1.15249515842698
2.1275	-1.1543568887834
2.13	-1.15886789743519
2.1325	-1.16630271479905
2.135	-1.17696062302956
2.1375	-1.19115647666699
2.14	-1.20920424852249
2.1425	-1.23189982591638
2.145	-1.25905835374938
2.1475	-1.29069051766012
2.15	-1.32663638216338
2.1525	-1.3665511087005
2.155	-1.40990523096034
2.1575	-1.45600048283759
2.16	-1.50400031904113
2.1625	-1.55386925762958
2.165	-1.6038720014682
2.1675	-1.65284653525461
2.17	-1.69965098747249
2.1725	-1.74325151939817
2.175	-1.78280877022677
2.1775	-1.8177518366568
2.18	-1.84782900142472
2.1825	-1.87437047701626
2.185	-1.89668578323496
2.1875	-1.91519258007697
2.19	-1.93043535069633
2.1925	-1.94302662914124
2.195	-1.95359068395133
2.1975	-1.96271474846216
2.2	-1.97091086386122
2.2025	-1.97996386590386
2.205	-1.98893794948798
2.2075	-1.99773202299896
2.21	-2.00607287603666
2.2125	-2.01357701028215
2.215	-2.01982904902943
2.2175	-2.02446514290379
2.22	-2.0272483342285
2.2225	-2.0294268741352
2.225	-2.03001921857571
2.2275	-2.02910085500585
2.23	-2.02683996435322
2.2325	-2.02347548457152
2.235	-2.0192868403836
2.2375	-2.01455778917238
2.24	-2.00953655402422
2.2425	-2.00527430271626
2.245	-2.00119697186465
2.2475	-1.99696414143288
2.25	-1.99198300332079
2.2525	-1.98544369198497
2.255	-1.97637941373561
2.2575	-1.96374363484396
2.26	-1.94649462448357
2.2625	-1.92415581254187
2.265	-1.89581541509199
2.2675	-1.8606595067444
2.27	-1.81802421458458
2.2725	-1.76745847207492
2.275	-1.7087734240045
2.2775	-1.64207058057814
2.28	-1.56774271446556
2.2825	-1.4865583026707
2.285	-1.39960804956833
2.2875	-1.30771593960756
2.29	-1.21165793663538
2.2925	-1.1121115063054
2.295	-1.0096220505243
2.2975	-0.904588725100314
2.3	-0.79727026892404
2.3025	-0.687457578596668
2.305	-0.575808998493476
2.3075	-0.462325386426769
2.31	-0.346993738766635
2.3125	-0.229862365250138
2.315	-0.111107478438299
2.3175	0.00892006077363392
2.32	0.129676248399561
2.3225	0.251258934852914
2.325	0.371840817273001
2.3275	0.49043635255458
2.33	0.60610501825328
2.3325	0.718044157891543
2.335	0.825675020575658
2.3375	0.92870912167593
2.34	1.02718318529323
2.3425	1.12269149671218
2.345	1.21452427064014
2.3475	1.30333976718048
2.35	1.38985764771852
2.3525	1.47473744884858
2.355	1.55846517492524
2.3575	1.64126459515743
2.36	1.72304600755617
2.3625	1.80490130538505
2.365	1.88450662028746
2.3675	1.96078613417077
2.37	2.03256986066836
2.3725	2.09873270455961
2.375	2.1583378297192
2.3775	2.21076444133839
2.38	2.25580034545205
2.3825	2.29532814089827
2.385	2.3281790959036
2.3875	2.35518617968169
2.39	2.37740274250708
2.3925	2.3959412107396
2.395	2.41180525948138
2.3975	2.42574001829636
2.4	2.43812160834579
2.4025	2.45039345076455
2.405	2.46035320918664
2.4075	2.46704370959975
2.41	2.46929653706614
2.4125	2.46588792729232
2.415	2.45571549046168
2.4175	2.43797368369942
2.42	2.41230443720057
2.4225	2.37978461472833
2.425	2.3399702711387
2.4275	2.29420450764153
2.43	2.24433835319899
2.4325	2.19253610912908
2.435	2.14103599461357
2.4375	2.09189665461351
2.44	2.04676131241965
2.4425	2.00671824866664
2.445	1.97156569728866
2.4475	1.94102697979261
2.45	1.91419611943304
2.4525	1.88959536208318
2.455	1.8652846561974
2.4575	1.83901364666975
2.46	1.80840277882311
2.4625	1.77065105813602
2.465	1.72365588390123
2.4675	1.66606525439398
2.47	1.5971953318725
2.4725	1.51702939604672
2.475	1.42614916824543
2.4775	1.32561410130643
2.48	1.2168093066893
2.4825	1.10044005747478
2.485	0.978423416874218
2.4875	0.852546809587031
2.49	0.724523763502223
2.4925	0.595866832445841
2.495	0.467786265528993
2.4975	0.341124547546548
2.5	0.216333884879243
2.5025	0.0921691524554515
2.505	-0.0306373592659061
2.5075	-0.15213631570903
2.51	-0.272346576760024
2.5125	-0.391201840358155
2.515	-0.508520219070183
2.5175	-0.623996141731927
2.52	-0.737210322717221
2.5225	-0.848601914452439
2.525	-0.956752517352324
2.5275	-1.06085066491878
2.53	-1.16002439312464
2.5325	-1.25339261266515
2.535	-1.34012091530696
2.5375	-1.41947838384198
2.54	-1.49089160035887
2.5425	-1.55363999443887
2.545	-1.60765329810803
2.5475	-1.6532335213347
2.55	-1.69100736365779
2.5525	-1.72185610175871
2.555	-1.74681606392885
2.5575	-1.76696175719425
2.56	-1.78328607356168
2.5625	-1.79565813274771
2.565	-1.80499979962063
2.5675	-1.81187915140174
2.57	-1.81665349807544
2.5725	-1.81939684218136
2.575	-1.81984226817035
2.5775	-1.81734930064936
2.58	-1.81090444269377
2.5825	-1.7986917774379
2.585	-1.77897484193861
2.5875	-1.75031056117068
2.59	-1.71136952808547
2.5925	-1.66098634919872
2.595	-1.59819118858244
2.5975	-1.5222262734194
2.6	-1.43255279889507
2.6025	-1.32950107532734
2.605	-1.21185796919054
2.6075	-1.07985948683258
2.61	-0.934080542543289
2.6125	-0.775407410746294
2.615	-0.605007812746133
2.6175	-0.424303372609297
2.62	-0.234946264076958
2.6225	-0.0397988883846714
2.625	0.160505636738926
2.6275	0.363742706552976
2.63	0.567494290948567
2.6325	0.769232798922714
2.635	0.966420859613404
2.6375	1.15661859660007
2.64	1.33758963836479
2.6425	1.50659886723426
2.645	1.66325335873528
2.6475	1.80642305584146
2.65	1.93540234543497
2.6525	2.04995927894986
2.655	2.15036549881914
2.6575	2.23740206804334
2.66	2.31233794892897
2.6625	2.3763973119845
2.665	2.43247918232412
2.6675	2.48283093536319
2.67	2.52975011796419
2.6725	2.57546116498639
2.675	2.62197479694687
2.6775	2.67092858340189
2.68	2.72341135615592
2.6825	2.77999997782579
2.685	2.84024079939724
2.6875	2.90236412502965
2.69	2.96337763167468
2.6925	3.01909359902068
2.695	3.06426040958304
2.6975	3.09280227701907
2.7	3.09816060398087
2.7025	3.07444801268911
2.705	3.01489974671862
2.7075	2.91406421740324
2.71	2.76783571210957
2.7125	2.57389271063345
2.715	2.33203022745404
2.7175	2.04434455907298
2.72	1.71524081627971
2.7225	1.35247164909413
2.725	0.963116561085993
2.7275	0.556518374101837
2.73	0.142615499334031
2.7325	-0.268698428369492
2.735	-0.668183549165863
2.7375	-1.0477700505342
2.74	-1.40093176756992
2.7425	-1.72146644555658
2.745	-2.0079027214784
2.7475	-2.25896680022244
2.75	-2.4746642105317
2.7525	-2.65586264230786
2.755	-2.80383107150095
2.7575	-2.91979918354682
2.76	-3.00459837521817
2.7625	-3.05727067804696
2.765	-3.0787447288172
2.7675	-3.06804554731124
2.77	-3.02386229186246
2.7725	-2.94494682758671
2.775	-2.83057538019222
2.7775	-2.68100556677258
2.78	-2.49786134157716
2.7825	-2.28337902485642
2.785	-2.04379087927626
2.7875	-1.785684893334
2.79	-1.5169038727869
2.7925	-1.24609815020899
2.795	-0.982161599104948
2.7975	-0.733608579197014
2.8	-0.507957845609887
2.8025	-0.310588534932317
2.805	-0.146381046716623
2.8075	-0.0171795370856113
2.81	0.0774284355734591
2.8125	0.139924283790545
2.815	0.174488901937666
2.8175	0.186495397737746
2.82	0.181920996674436
2.8225	0.166689531307362
2.825	0.146200211650902
2.8275	0.124865999506387
2.83	0.105754141609314
2.8325	0.0904085478599923
2.835	0.0788375209314915
2.8375	0.0696576667012347
2.84	0.0603701525267808
2.8425	0.0474344076679223
2.845	0.027866171697212
2.8475	-0.00182207584466652
2.85	-0.0446328209746898
2.8525	-0.102715170393858
2.855	-0.177091429895194
2.8575	-0.26750299725562
2.86	-0.372387677131049
2.8625	-0.489169476645301
2.865	-0.61342169675592
2.8675	-0.740938598467749
2.87	-0.867339672503702
2.8725	-0.988404163767433
2.875	-1.10038202417584
2.8775	-1.20025867227602
2.88	-1.28595529607436
2.8825	-1.35655760289387
2.885	-1.4114112011862
2.8875	-1.45186815742762
2.89	-1.48031722175061
2.8925	-1.49989603654114
2.895	-1.51413696815246
2.8975	-1.52658455120733
2.9	-1.54042454499795
2.9025	-1.55841404933313
2.905	-1.58119485533086
2.9075	-1.60952449430825
2.91	-1.64320775156397
2.9125	-1.68109251947605
2.915	-1.72115290306641
2.9175	-1.76065529085794
2.92	-1.79639479224394
2.9225	-1.82465089795148
2.925	-1.84203983176664
2.9275	-1.84596120792161
2.93	-1.83461431880818
2.9325	-1.8071390242766
2.935	-1.76366562130868
2.9375	-1.70527592091213
2.94	-1.63388670720583
2.9425	-1.55054612658651
2.945	-1.45990408643026
2.9475	-1.36539048048164
2.95	-1.27042662175323
2.9525	-1.17819661193227
2.955	-1.09144287315617
2.9575	-1.01229716419122
2.96	-0.942156633657217
2.9625	-0.8796010760118
2.965	-0.826820679490946
2.9675	-0.782962067983171
2.97	-0.746448401041828
2.9725	-0.715137489969185
2.975	-0.686513475454782
2.9775	-0.65789658121129
2.98	-0.626656792944989
2.9825	-0.588806016944165
2.985	-0.544372144859125
2.9875	-0.492135642244862
2.99	-0.431556982915905
2.9925	-0.362864879732767
2.995	-0.287090504910844
2.9975	-0.206041011761505
3	-0.12221128340951
3.0025	-0.038028077389197
3.005	0.0424787055463827
3.0075	0.115703354044513
3.01	0.178134912472434
3.0125	0.226589765133574
3.015	0.258419636383917
3.0175	0.271677324091787
3.02	0.265226403567433
3.0225	0.238737843552862
3.025	0.192851047421183
3.0275	0.128867968146747
3.03	0.0487050749589073
3.0325	-0.0452700229532207
3.035	-0.150417532882716
3.0375	-0.264001384241832
3.04	-0.383344964884543
3.0425	-0.506395400705117
3.045	-0.630527875969344
3.0475	-0.753716340957913
3.05	-0.8742089070779
3.0525	-0.990508710504683
3.055	-1.10133957875768
3.0575	-1.20560729766954
3.06	-1.30236621106589
3.0625	-1.39145656899605
3.065	-1.47171137199251
3.0675	-1.54239931870827
3.07	-1.60290821305115
3.0725	-1.65282447713215
3.075	-1.69202198323597
3.0775	-1.7207433982407
3.08	-1.73965705565736
3.0825	-1.75021308757573
3.085	-1.75395080044819
3.0875	-1.75253645694671
3.09	-1.74776694981402
3.0925	-1.74146679566933
3.095	-1.73537788758974
3.0975	-1.73105125492403
3.1	-1.72975046672954
3.1025	-1.73246901088624
3.105	-1.73997709746979
3.1075	-1.75217146426951
3.11	-1.76846108976693
3.1125	-1.78786893666109
3.115	-1.80916614200935
3.1175	-1.83101945316759
3.12	-1.85213186328226
3.1225	-1.87135520301282
3.125	-1.88819936605742
3.1275	-1.90184687037431
3.13	-1.91164894696054
3.1325	-1.91713585296752
3.135	-1.91801026229565
3.1375	-1.91412746025762
3.14	-1.90546733700474
3.1425	-1.89226178535187
3.145	-1.87489868807994
3.1475	-1.85337425994403
3.15	-1.8276295710149
3.1525	-1.79760426239053
3.155	-1.76330448018572
3.1575	-1.72486921411844
3.16	-1.6826191194063
3.1625	-1.63764722672403
3.165	-1.59038693060591
3.1675	-1.54144791136034
3.17	-1.49139636622453
3.1725	-1.44069750149093
3.175	-1.38966349493456
3.1775	-1.33841414714696
3.18	-1.2868558950678
3.1825	-1.23547287902086
3.185	-1.18324277457648
3.1875	-1.12929541505052
3.19	-1.07260683669863
3.1925	-1.01212220100692
3.195	-0.946889844140768
3.1975	-0.87618747919087
3.2	-0.799621832962461
3.2025	-0.718172278038489
3.205	-0.631412972695814
3.2075	-0.539851521529556
3.21	-0.444193286172833
3.2125	-0.345259209618521
3.215	-0.243897634636548
3.2175	-0.140901979502934
3.22	-0.0369445720419153
3.2225	0.0663341208345184
3.225	0.169630021557367
3.2275	0.272994295044953
3.23	0.376641939654362
3.2325	0.480849955003492
3.235	0.585833813205343
3.2375	0.691619581710692
3.24	0.797930708185894
3.2425	0.903061503980832
3.245	1.00673617765298
3.2475	1.10774084182468
3.25	1.20460709347743
3.2525	1.2956776142842
3.255	1.3791958359967
3.2575	1.45341351179371
3.26	1.51670877150409
3.2625	1.56688409352521
3.265	1.60331942172508
3.2675	1.62575520945108
3.27	1.63456260451756
3.2725	1.63070658050413
3.275	1.61565869383743
3.2775	1.59127239291239
3.28	1.55963732352462
3.2825	1.52223896457153
3.285	1.48138498916058
3.2875	1.43935147336775
3.29	1.39828872565819
3.2925	1.36009180299562
3.295	1.3262910236833
3.2975	1.29797404130624
3.3	1.27574850748206
3.3025	1.25901501853221
3.305	1.24771233544409
3.3075	1.24155337918686
3.31	1.24016577187692
3.3125	1.24314150772919
3.315	1.25007082570531
3.3175	1.26056156347776
3.32	1.27424750915967
3.3225	1.29027253442761
3.325	1.30833305229911
3.3275	1.32843228871392
3.33	1.35071952461475
3.3325	1.37541563170985
3.335	1.40272747506878
3.3375	1.43276506389264
3.34	1.46547469543296
3.3425	1.50067464754029
3.345	1.53738428606467
3.3475	1.57511231820796
3.35	1.61332748288316
3.3525	1.65147975850577
3.355	1.68902382124067
3.3575	1.72544290840629
3.36	1.7602707659516
3.3625	1.79350391689549
3.365	1.82409179264014
3.3675	1.85186914332463
3.37	1.8768083750927
3.3725	1.89897076045158
3.375	1.91845011614792
3.3775	1.93532025450854
3.38	1.94959668768319
3.3825	1.96155650793618
3.385	1.97048812400597
3.3875	1.97628779815658
3.39	1.97892531040305
3.3925	1.97848634325925
3.395	1.97521349785836
3.3975	1.96953935781661
3.4	1.9621050070365
3.4025	1.9539746678812
3.405	1.94580594941393
3.4075	1.93878845116339
3.41	1.93419976888216
3.4125	1.93330164736217
3.415	1.93722713836049
3.4175	1.94687226494821
3.42	1.96280547292028
3.4225	1.98534007063221
3.425	2.01411865631316
3.4275	2.04848246340284
3.43	2.08742231266722
3.4325	2.12966777468816
3.435	2.17379865813051
3.4375	2.21836542719066
3.44	2.26200447185128
3.4425	2.30364261605929
3.445	2.34244852620195
3.4475	2.37768736402693
3.45	2.40887471777376
3.4525	2.43578073796467
3.455	2.45841675748889
3.4575	2.47700808974912
3.46	2.4919574148424
3.4625	2.50401235147298
3.465	2.51398198615659
3.4675	2.52236306218043
3.47	2.52958394691086
3.4725	2.53602631289445
3.475	2.5420559331458
3.4775	2.54804873607838
3.48	2.55439894505409
3.4825	2.56214015576935
3.485	2.57143291494249
3.4875	2.58220202455147
3.49	2.59403632202349
3.4925	2.60616290568369
3.495	2.61744748550594
3.4975	2.62642352315361
3.5	2.63135012571561
3.5025	2.631443864105
3.505	2.62400917033757
3.5075	2.6066981229323
3.51	2.57720906836845
3.5125	2.53350190568154
3.515	2.47401810394039
3.5175	2.39787859500562
3.52	2.30503309042665
3.5225	2.19769668779134
3.525	2.07676968651928
3.5275	1.94440745504734
3.53	1.80327400276032
3.5325	1.65640520968369
3.535	1.50705327257407
3.5375	1.35852267220008
3.54	1.21400744315416
3.5425	1.07767868526089
3.545	0.951356806419933
3.5475	0.836664817282062
3.55	0.734511384121714
3.5525	0.645146689533731
3.555	0.568271632850977
3.5575	0.503179778327357
3.56	0.448908571606815
3.5625	0.405442368914268
3.565	0.371193376557347
3.5675	0.344726642409858
3.57	0.324542338787307
3.5725	0.309155396857986
3.575	0.297163291551025
3.5775	0.287297491046343
3.58	0.278455202115486
3.5825	0.270661482589668
3.585	0.262801948257413
3.5875	0.253867755845079
3.59	0.24281171568768
3.5925	0.228607733686404
3.595	0.210329445106093
3.5975	0.187234035862873
3.6	0.158835642475981
3.6025	0.125967522604438
3.605	0.0883647005526864
3.6075	0.0460568477111632
3.61	-0.000839937831211415
3.6125	-0.0521115770834176
3.615	-0.107435125180673
3.6175	-0.166374920801833
3.62	-0.228391904735827
3.6225	-0.291886026048086
3.625	-0.356589823354811
3.6275	-0.422284054429869
3.63	-0.488993667698436
3.6325	-0.556955879378232
3.635	-0.626561279930531
3.6375	-0.698278365421088
3.64	-0.772573843192879
3.6425	-0.849207948387367
3.645	-0.928455803420836
3.6475	-1.01077538177153
3.65	-1.09660447328497
3.6525	-1.18628404802769
3.655	-1.27998577363625
3.6575	-1.37765559428846
3.66	-1.47898368033453
3.6625	-1.58338812878841
3.665	-1.68952411135858
3.6675	-1.79670753618204
3.67	-1.90432203164431
3.6725	-2.01184123091807
3.675	-2.11883528737387
3.6775	-2.22496270463359
3.68	-2.32994966257843
3.6825	-2.43414801511097
3.685	-2.53622196303541
3.6875	-2.63601175763319
3.69	-2.7333788297881
3.6925	-2.82812139536404
3.695	-2.9198962933135
3.6975	-3.00816224528428
3.7	-3.09215661069129
3.7025	-3.17159990390685
3.705	-3.24417634707324
3.7075	-3.30881958437115
3.71	-3.36462209568619
3.7125	-3.41090822124208
3.715	-3.44729435712253
3.7175	-3.4737309219524
3.72	-3.49052156545528
3.7225	-3.49883742315805
3.725	-3.49865667767983
3.7275	-3.49129920026291
3.73	-3.47834244518881
3.7325	-3.4614751041504
3.735	-3.44234031278536
3.7375	-3.42238911097003
3.74	-3.4027631968725
3.7425	-3.38447265916466
3.745	-3.36737443017633
3.7475	-3.35151294351115
3.75	-3.33668779741951
3.7525	-3.32254094369384
3.755	-3.30865927443109
3.7575	-3.29467948883725
3.76	-3.28038180031979
3.7625	-3.26599251603723
3.765	-3.25145466770636
3.7675	-3.23725898196134
3.77	-3.22412150374355
3.7725	-3.21290807735417
3.775	-3.20453369553872
3.7775	-3.1998490778895
3.78	-3.19952802402004
3.7825	-3.20463038783551
3.785	-3.21457601283047
3.7875	-3.22890924627274
3.79	-3.24676664520732
3.7925	-3.26693433655503
3.795	-3.28794474808203
3.7975	-3.30820084342472
3.8	-3.32611221587546
3.8025	-3.34154078002358
3.805	-3.35212195917056
3.8075	-3.35670249922255
3.81	-3.35442745006762
3.8125	-3.34477860904017
3.815	-3.32758174087205
3.8175	-3.30298030326547
3.82	-3.27137581038541
3.8225	-3.23532055399678
3.825	-3.19380385555972
3.8275	-3.14693479347598
3.83	-3.09452694952942
3.8325	-3.03608802819699
3.835	-2.97086197204991
3.8375	-2.8979178405629
3.84	-2.81627311903484
3.8425	-2.72721515040911
3.845	-2.62840358779633
3.8475	-2.51898771079628
3.85	-2.39842330882093
3.8525	-2.26664603371883
3.855	-2.12422517937837
3.8575	-1.97247544602613
3.86	-1.81350617311926
3.8625	-1.65165096024972
3.865	-1.48954174821473
3.8675	-1.33071200762875
3.87	-1.17875027585784
3.8725	-1.03710336507504
3.875	-0.908885024557119
3.8775	-0.79670191827839
3.88	-0.702507241503418
3.8825	-0.628010975100817
3.885	-0.573674325234852
3.8875	-0.538674108521645
3.89	-0.521228502380863
3.8925	-0.51877053306283
3.895	-0.52817996406778
3.8975	-0.546046930487963
3.9	-0.568938404121109
3.9025	-0.593640639752775
3.905	-0.61807739939049
3.9075	-0.639703327977096
3.91	-0.656433039152966
3.9125	-0.666733944263536
3.915	-0.669673337402053
3.9175	-0.664914831584904
3.92	-0.652664090544376
3.9225	-0.633457796871456
3.925	-0.609164851865611
3.9275	-0.580588918219237
3.93	-0.548362419615855
3.9325	-0.512903305820949
3.935	-0.474411732736992
3.9375	-0.432896481460445
3.94	-0.388218206104589
3.9425	-0.340229796344492
3.945	-0.289349111721786
3.9475	-0.23490331079613
3.95	-0.176030734179411
3.9525	-0.111790989591425
3.955	-0.0412814660660529
3.9575	0.0362557162903323
3.96	0.121350711038003
3.9625	0.21393897992765
3.965	0.313492676864248
3.9675	0.420105206568591
3.97	0.533855762514108
3.9725	0.654781663270256
3.975	0.782845385158802
3.9775	0.917906084082614
3.98	1.05970481561182
3.9825	1.20746846469707
3.985	1.36033139537088
3.9875	1.51818244405702
3.99	1.68109875269763
3.9925	1.84928166101108
3.995	2.02296149101155
3.9975	2.20228329183039
4	2.38718773193914
4.0025	2.57695249668162
4.005	2.77031959034265
4.0075	2.96644182187091
4.01	3.16416927796837
4.0125	3.36194714338224
4.015	3.55773302791732
4.0175	3.74895341337249
4.02	3.93251553812358
4.0225	4.10446135189843
4.025	4.2605521539738
4.0275	4.39725901244213
4.03	4.51138185454111
4.0325	4.60019367053587
4.035	4.66156058343221
4.0375	4.69403538229537
4.04	4.69692395044263
4.0425	4.6698967277844
4.045	4.61356229866628
4.0475	4.52997227848241
4.05	4.42208290276891
4.0525	4.29357635396523
4.055	4.14863741609251
4.0575	3.99170829198713
4.06	3.82724552244619
4.0625	3.65956458095231
4.065	3.49205609286127
4.0675	3.32824031360859
4.07	3.1711480395726
4.0725	3.02325290469298
4.075	2.88644205534055
4.0775	2.76202320017609
4.08	2.65076303735194
4.0825	2.55346828939701
4.085	2.46942032882904
4.0875	2.39814682009997
4.09	2.33895480085627
4.0925	2.2910094231817
4.095	2.25340384952161
4.0975	2.22521827567298
4.1	2.20556693492918
4.1025	2.19468324417036
4.105	2.19081194339053
4.1075	2.19315582424111
4.11	2.20099749630531
4.1125	2.21371858765639
4.115	2.23081842017245
4.1175	2.25192806386697
4.12	2.27681432196559
4.1225	2.30675510939052
4.125	2.34040043470205
4.1275	2.377543021936
4.13	2.41792103937711
4.1325	2.46118474398201
4.135	2.50687497403589
4.1375	2.55441707569869
4.14	2.60313135725456
4.1425	2.65370566300431
4.145	2.70401352432178
4.1475	2.75297872699731
4.15	2.79951959548409
4.1525	2.8426384001735
4.155	2.88151231347873
4.1575	2.9155725362053
4.16	2.94455844232231
4.1625	2.97008413059651
4.165	2.99122966868743
4.1675	3.00826461206186
4.17	3.0215285299121
4.1725	3.03139004610554
4.175	3.03821926775068
4.1775	3.04237754605884
4.18	3.04422473092943
4.1825	3.04543987516299
4.185	3.04559179539427
4.1875	3.04480610079696
4.19	3.04319110631319
4.1925	3.0409288737126
4.195	3.03835867899698
4.1975	3.03603168715039
4.2	3.03471840822092
4.2025	3.03619522561773
4.205	3.04129957865732
4.2075	3.05050614165153
4.21	3.0638190507709
4.2125	3.08067157163799
4.215	3.09986478802901
4.2175	3.1195538907898
4.22	3.137286626918
4.2225	3.1500241036265
4.225	3.15540210037787
4.2275	3.14952302095112
4.23	3.12831422393299
4.2325	3.08787144064771
4.235	3.02481546387768
4.2375	2.93662066734297
4.24	2.82187684610512
4.2425	2.67947908360894
4.245	2.51255825824603
4.2475	2.32333810597778
4.25	2.11493370951304
4.2525	1.89118038244531
4.255	1.65641153596025
4.2575	1.41519969328603
4.26	1.17207955668189
4.2625	0.930194573510906
4.265	0.695032888116653
4.2675	0.469387778599536
4.27	0.255043904567179
4.2725	0.0528045729052658
4.275	-0.13739153838835
4.2775	-0.316284374950112
4.28	-0.485062617865601
4.2825	-0.64610711555823
4.285	-0.799310140130419
4.2875	-0.945829145504597
4.29	-1.08651624663368
4.2925	-1.22179188522662
4.295	-1.3515859751085
4.2975	-1.47535304050479
4.3	-1.59215895384321
4.3025	-1.70187621477236
4.305	-1.80186642397476
4.3075	-1.89103858738611
4.31	-1.96871363918189
4.3125	-2.03476806519237
4.315	-2.08972393571478
4.3175	-2.13477504125503
4.32	-2.17174443939785
4.3225	-2.20413718840027
4.325	-2.23312250249595
4.3275	-2.26149541303036
4.33	-2.29200422690492
4.3325	-2.32708853006148
4.335	-2.36864111250831
4.3375	-2.41782194497449
4.34	-2.47494610052191
4.3425	-2.54065220861483
4.345	-2.61195207927395
4.3475	-2.68681431861455
4.35	-2.76283017252888
4.3525	-2.83743775730344
4.355	-2.90816033585138
4.3575	-2.97283593626721
4.36	-3.02981514703443
4.3625	-3.07915802471516
4.365	-3.11901744991199
4.3675	-3.1499114376707
4.37	-3.17309233597383
4.3725	-3.19034148503413
4.375	-3.20370477089422
4.3775	-3.2152021608251
4.38	-3.22654599382317
4.3825	-3.23975116374455
4.385	-3.2538201782807
4.3875	-3.26848561399242
4.39	-3.28277655716722
4.3925	-3.29505053988026
4.395	-3.30309741275269
4.3975	-3.30430788077636
4.4	-3.29589211631788
4.4025	-3.27558443684707
4.405	-3.23988220860443
4.4075	-3.18712302723925
4.41	-3.11650979168655
4.4125	-3.02815988221834
4.415	-2.9230708933391
4.4175	-2.80301447315883
4.42	-2.67037608209792
4.4225	-2.52832215308747
4.425	-2.3788315050212
4.4275	-2.22516112088811
4.43	-2.07054601240108
4.4325	-1.91797532891317
4.435	-1.76999793512958
4.4375	-1.62857534982846
4.44	-1.49499432910675
4.4425	-1.37044922422182
4.445	-1.25369674990867
4.4475	-1.14424633938102
4.45	-1.04129458680469
4.4525	-0.94382783609636
4.455	-0.850726966998814
4.4575	-0.760869944698489
4.46	-0.673227767561206
4.4625	-0.587369799243964
4.465	-0.5020576086904
4.4675	-0.416999322441438
4.47	-0.332255305232017
4.4725	-0.248213450386678
4.475	-0.1655345727896
4.4775	-0.085073727615133
4.48	-0.00778517796549568
4.4825	0.0652243770555236
4.485	0.133125057983862
4.4875	0.195336601797349
4.49	0.251564117393582
4.4925	0.301812512348061
4.495	0.346364372402805
4.4975	0.38572472093926
4.5	0.420539703313524
4.5025	0.451511540863783
4.505	0.478886946843058
4.5075	0.503289047527971
4.51	0.525185389105716
4.5125	0.544788512217879
4.515	0.561984029617396
4.5175	0.576299214934066
4.52	0.586920364023417
4.5225	0.592772785355199
4.525	0.592091136704832
4.5275	0.583818846203193
4.53	0.567155534897032
4.5325	0.541649839836728
4.535	0.507259370575949
4.5375	0.464373126710731
4.54	0.413795217518223
4.5425	0.356681475493142
4.545	0.29390427004329
4.5475	0.227309992172525
4.55	0.158907629491389
4.5525	0.0906598145896648
4.555	0.0242690949717431
4.5575	-0.0390138585270966
4.56	-0.0985355365375784
4.5625	-0.154313825208699
4.565	-0.207766844758958
4.5675	-0.259918424459805
4.57	-0.312103741131696
4.5725	-0.365861640596768
4.575	-0.422805059888293
4.5775	-0.484475210231329
4.58	-0.552187262843166
4.5825	-0.626848467562356
4.585	-0.709658472959657
4.5875	-0.800108340663031
4.59	-0.896831406243363
4.5925	-0.997680714535239
4.595	-1.09987687110893
4.5975	-1.20020825780198
4.6	-1.29526148567321
4.6025	-1.38111680470573
4.605	-1.45588929036722
4.6075	-1.51671369798373
4.61	-1.5611816515741
4.6125	-1.58751028826234
4.615	-1.59466349402481
4.6175	-1.58241282860534
4.62	-1.55133179947403
4.6225	-1.50149250365011
4.625	-1.43647769486074
4.6275	-1.35863890306497
4.63	-1.27049252363093
4.6325	-1.17455090891468
4.635	-1.07316973045439
4.6375	-0.968422756657647
4.64	-0.862013329896735
4.6425	-0.754207904235098
4.645	-0.647099616315997
4.6475	-0.541268704957557
4.65	-0.436981311019567
4.6525	-0.334298194634729
4.655	-0.233190747562017
4.6575	-0.133647130797272
4.66	-0.0357537800394808
4.6625	0.0605734988351773
4.665	0.154525337077785
4.6675	0.245594630667746
4.67	0.333234985592509
4.6725	0.416935910564286
4.675	0.496303328063077
4.6775	0.571131907723353
4.68	0.641456636403817
4.6825	0.707591228167387
4.685	0.770061722262142
4.6875	0.829603061747012
4.69	0.887063151216504
4.6925	0.943301031230906
4.695	0.999078506777659
4.6975	1.05496054342468
4.7	1.11123909134742
4.7025	1.16768915254052
4.705	1.22424794240555
4.7075	1.28031794151895
4.71	1.33510769041534
4.7125	1.38774844662671
4.715	1.43742428926193
4.7175	1.48349787471991
4.72	1.52561469488364
4.7225	1.56335272931696
4.725	1.59757898742422
4.7275	1.62905177171493
4.73	1.6588028706614
4.7325	1.68803277046978
4.735	1.71798193096239
4.7375	1.74979386968744
4.74	1.78438680566477
4.7425	1.82192850164741
4.745	1.86306466240434
4.7475	1.9076119866036
4.75	1.95497819209269
4.7525	2.00420979237016
4.755	2.05406429401049
4.7575	2.1030941806768
4.76	2.14972979733604
4.7625	2.1922413554225
4.765	2.22907627084215
4.7675	2.25867130037784
4.77	2.27950432730247
4.7725	2.29007515287832
4.775	2.28887755069607
4.7775	2.27437505810515
4.78	2.24499315753079
4.7825	2.19944507203294
4.785	2.13578213508182
4.7875	2.05255817531822
4.79	1.94858958389669
4.7925	1.82310115424138
4.795	1.67588451837971
4.7975	1.50745337432434
4.8	1.31917739227673
4.8025	1.11425897224204
4.805	0.89494997468155
4.8075	0.665447415795253
4.81	0.430820148673864
4.8125	0.196824851019631
4.815	-0.0303437749254298
4.8175	-0.244354189614933
4.82	-0.439072029267377
4.8225	-0.607829609593978
4.825	-0.747191638891799
4.8275	-0.853701041478952
4.83	-0.925288833796916
4.8325	-0.961435790802295
4.835	-0.96323577163137
4.8375	-0.933350193122175
4.84	-0.87585253442923
4.8425	-0.795087813250765
4.845	-0.6980563705189
4.8475	-0.59133157280343
4.85	-0.481484594486332
4.8525	-0.37465994173228
4.855	-0.276188787894505
4.8575	-0.190272022472914
4.86	-0.119759652816263
4.8625	-0.0653591128196723
4.865	-0.0276165463203873
4.8675	-0.00532416348667583
4.87	0.00376269455504328
4.8725	0.00264032431885231
4.875	-0.00526548782832555
4.8775	-0.0164271298720651
4.88	-0.0275183025772662
4.8825	-0.0352105431215073
4.885	-0.0375084028978235
4.8875	-0.033078172421923
4.89	-0.0214033449257927
4.8925	-0.00269323822676131
4.895	0.022274635486957
4.8975	0.0523506703288438
4.9	0.0862173436384458
4.9025	0.122766713304654
4.905	0.160947865535254
4.9075	0.1997062376881
4.91	0.238181809040878
4.9125	0.275715363609897
4.915	0.311818472797092
4.9175	0.346118373212138
4.92	0.378291603865808
4.9225	0.407938283351343
4.925	0.435070241212265
4.9275	0.459073685695592
4.93	0.479184463716648
4.9325	0.494565102165004
4.935	0.504407658220014
4.9375	0.508042960355622
4.94	0.505035902208955
4.9425	0.495087243032311
4.945	0.478933562667334
4.9475	0.456911683598581
4.95	0.429496538300268
4.9525	0.397244007256554
4.955	0.360723055392468
4.9575	0.320446937659845
4.96	0.276814110616333
4.9625	0.229828892359557
4.965	0.180277375000147
4.9675	0.127938939152198
4.97	0.0724015289316812
4.9725	0.013192062345536
4.975	-0.0500719045028658
4.9775	-0.117533613850465
4.98	-0.188975688789699
4.9825	-0.263985656082531
4.985	-0.340731418838494
4.9875	-0.417871962705729
4.99	-0.493873564037338
4.9925	-0.567104890828807
4.995	-0.635951461120199
4.9975	-0.698938799121081
5	-0.754852056333119
5.0025	-0.802814508532342
5.005	-0.842126280709141
5.0075	-0.872984740515917
5.01	-0.896131761874356
5.0125	-0.912769483998679
5.015	-0.924433099375981
5.0175	-0.932837258113493
5.02	-0.939715009719453
5.0225	-0.946040938810747
5.025	-0.953799451616056
5.0275	-0.96409176561488
5.03	-0.977646548241913
5.0325	-0.994807644203058
5.035	-1.01555498120615
5.0375	-1.0395516773856
5.04	-1.06620914167553
5.0425	-1.09399881462238
5.045	-1.12291096880668
5.0475	-1.15213454606061
5.05	-1.18088830910698
5.0525	-1.2084658960469
5.055	-1.23426294788549
5.0575	-1.25778665240982
5.06	-1.27865043757203
5.0625	-1.29609821278087
5.065	-1.31032391787287
5.0675	-1.321237989974
5.07	-1.32879965354545
5.0725	-1.332991922593
5.075	-1.33380177134026
5.0775	-1.3312083712525
5.08	-1.32518138556632
5.0825	-1.31537826264562
5.085	-1.30205943709791
5.0875	-1.28532361830423
5.09	-1.26536038062414
5.0925	-1.24246837681419
5.095	-1.21706517898303
5.0975	-1.18968628955312
5.1	-1.16097216909616
5.1025	-1.13169146629169
5.105	-1.10254988260599
5.1075	-1.07431671575166
5.11	-1.04772423455848
5.1125	-1.02342526631983
5.115	-1.00195719405295
5.1175	-0.983716215324535
5.12	-0.968944450384251
5.1225	-0.95815535425092
5.125	-0.950848504551584
5.1275	-0.946804473135302
5.13	-0.945720999843713
5.1325	-0.947255481918567
5.135	-0.951068176561194
5.1375	-0.956860310352212
5.14	-0.964401428795131
5.1425	-0.974083265529759
5.145	-0.98524955189824
5.1475	-0.997805311227462
5.15	-1.01166500469758
5.1525	-1.02671113246393
5.155	-1.0427534323865
5.1575	-1.05949568088121
5.16	-1.07651599682265
5.1625	-1.09382017172733
5.165	-1.110209225057
5.1675	-1.1248536186089
5.17	-1.13688581135273
5.1725	-1.1454759350745
5.175	-1.14991443661201
5.1775	-1.14969133103371
5.18	-1.14456125410462
5.1825	-1.13511655426371
5.185	-1.12132479791201
5.1875	-1.10372322301817
5.19	-1.08305160018241
5.1925	-1.06019866472035
5.195	-1.03613678254625
5.1975	-1.01185079408691
5.2	-0.988267302121233
5.2025	-0.966519029353087
5.205	-0.947132199405432
5.2075	-0.930383484119929
5.21	-0.916269108299755
5.2125	-0.904545275237042
5.215	-0.894793612377396
5.2175	-0.886501378079575
5.22	-0.879144724083019
5.2225	-0.872354431418771
5.225	-0.865934025057234
5.2275	-0.859589531065634
5.23	-0.853135767968847
5.2325	-0.846508866055651
5.235	-0.839761733697546
5.2375	-0.83304274502418
5.24	-0.826559749521734
5.2425	-0.820325465962873
5.245	-0.814947048190495
5.2475	-0.810455860659668
5.25	-0.806700948202545
5.2525	-0.803336986226135
5.255	-0.799829878468876
5.2575	-0.795477857221258
5.26	-0.789445064336614
5.2625	-0.780407608619385
5.265	-0.768033668197992
5.2675	-0.751328029987123
5.27	-0.729314437878114
5.2725	-0.701109502942874
5.275	-0.66599468000727
5.2775	-0.623479627341699
5.28	-0.573351339188954
5.2825	-0.515310401820465
5.285	-0.450418163951063
5.2875	-0.379358441472919
5.29	-0.303050197050079
5.2925	-0.22262696820733
5.295	-0.139405492485716
5.2975	-0.0548425656903073
5.3	0.0295196336737947
5.3025	0.112331198726733
5.305	0.191625132280507
5.3075	0.266074562391763
5.31	0.33459132556136
5.3125	0.396360129378905
5.315	0.450856808829937
5.3175	0.497852658818691
5.32	0.537407432695303
5.3225	0.569878191782598
5.325	0.59559929820645
5.3275	0.615460958651637
5.33	0.630587548103291
5.3325	0.642269441278726
5.335	0.651885226113756
5.3375	0.660820036758226
5.34	0.670385877404136
5.3425	0.68176270154012
5.345	0.695673938655946
5.3475	0.712917468013674
5.35	0.734058592512335
5.3525	0.759390670408798
5.355	0.788909546959865
5.3575	0.822306290976737
5.36	0.858981313285495
5.3625	0.898179049797615
5.365	0.938512158798458
5.3675	0.978885269665422
5.37	1.01820880741814
5.3725	1.05545359332719
5.375	1.08969476863277
5.3775	1.1201430462382
5.38	1.14616231898185
5.3825	1.16741166804412
5.385	1.18317487370453
5.3875	1.19332924725474
5.39	1.19790417471488
5.3925	1.19702126558167
5.395	1.1908317805752
5.3975	1.17946169771598
5.4	1.16297350019268
5.4025	1.1413876321255
5.405	1.11435726861003
5.4075	1.08185077348039
5.41	1.04390430660977
5.4125	1.00065787905987
5.415	0.952388625415312
5.4175	0.899536791736947
5.42	0.842720498126201
5.4225	0.782650044235159
5.425	0.720152545402591
5.4275	0.656420792812288
5.43	0.592780611075722
5.4325	0.530603283736615
5.435	0.471207675848365
5.4375	0.415764222973685
5.44	0.365212905149995
5.4425	0.32020209353428
5.445	0.280878222261988
5.4475	0.24735033096557
5.45	0.219501244582457
5.4525	0.197028384636031
5.455	0.179498389310168
5.4575	0.166409474207174
5.46	0.157254590909723
5.4625	0.151845338934033
5.465	0.149410011540021
5.4675	0.149730227076329
5.47	0.152745344153513
5.4725	0.158528306021431
5.475	0.167243714194515
5.4775	0.1790951300371
5.48	0.194269209540017
5.4825	0.213187135533342
5.485	0.235463050897225
5.4875	0.260953846631314
5.49	0.289378721821119
5.4925	0.320318000204343
5.495	0.35322629131813
5.4975	0.387457878595155
5.5	0.422300874678469
5.5025	0.457143748692125
5.505	0.491156469691049
5.5075	0.523627341343572
5.51	0.553912289356699
5.5125	0.581461543788359
5.515	0.605838817733197
5.5175	0.626732398671857
5.52	0.643958300274478
5.5225	0.657319229400715
5.525	0.667111360662304
5.5275	0.673466213559822
5.53	0.676577469015249
5.5325	0.676692890892388
5.535	0.674107137688793
5.5375	0.669154453961958
5.54	0.662200433219335
5.5425	0.653288931501797
5.545	0.643268416576193
5.5475	0.632547870463011
5.55	0.621508407821812
5.5525	0.610498920564513
5.555	0.599833045192205
5.5575	0.589786732399866
5.56	0.580596157758387
5.5625	0.571795439964941
5.565	0.564302409963132
5.5675	0.558291456999738
5.57	0.553890415024718
5.5725	0.551185497068282
5.575	0.550226601993182
5.5775	0.551032773031106
5.58	0.553598201266218
5.5825	0.556707113044399
5.585	0.561612039788745
5.5875	0.568429691958854
5.59	0.577286984108444
5.5925	0.588310456747146
5.595	0.6016032523709
5.5975	0.617209940410549
5.6	0.635072390205891
5.6025	0.653412013907222
5.605	0.673438779754755
5.6075	0.694755324321977
5.61	0.716745264273916
5.6125	0.738552543283139
5.615	0.759077639994477
5.6175	0.77699633788304
5.62	0.790805969482253
5.6225	0.797287670308301
5.625	0.796413927224254
5.6275	0.786984613097606
5.63	0.768110532384969
5.6325	0.739310682556214
5.635	0.70058015445149
5.6375	0.652420180137594
5.64	0.595826287402969
5.6425	0.531059139328564
5.645	0.460996209240624
5.6475	0.387881584624312
5.65	0.314100972471014
5.6525	0.242005185493947
5.655	0.173732065486063
5.6575	0.111045165083616
5.66	0.0552067182977374
5.6625	0.00650271294420774
5.665	-0.0346087081379852
5.6675	-0.068532248065013
5.67	-0.0961217385546215
5.6725	-0.118548578955955
5.675	-0.137144080980478
5.6775	-0.153233699229525
5.68	-0.167981725587116
5.6825	-0.181992326145833
5.685	-0.195949822089383
5.6875	-0.210014605982894
5.69	-0.223966503350093
5.6925	-0.237246133846389
5.695	-0.249031063038327
5.6975	-0.258337425654048
5.7	-0.264135678119825
5.7025	-0.264897417632907
5.705	-0.260232067592238
5.7075	-0.249789944632501
5.71	-0.233591948139296
5.7125	-0.212013941856601
5.715	-0.185727781648349
5.7175	-0.155608569697952
5.72	-0.122621556284298
5.7225	-0.0871681936127739
5.725	-0.0503546303564386
5.7275	-0.0129338898595615
5.73	0.0245635245733228
5.7325	0.0618940136827931
5.735	0.0991382725378029
5.7375	0.136707445836854
5.74	0.175316604055892
5.7425	0.216441202505753
5.745	0.260922241800341
5.7475	0.309770656829317
5.75	0.363888926016603
5.7525	0.424003505107211
5.755	0.490616359123768
5.7575	0.563976279739167
5.76	0.644068373484787
5.7625	0.730940764572555
5.765	0.823937913485145
5.7675	0.922200071385183
5.77	1.02463531491026
5.7725	1.12998599601425
5.775	1.23690422184212
5.7775	1.34402985854229
5.78	1.45006444598969
5.7825	1.5538912337925
5.785	1.65459216990595
5.7875	1.75130527443617
5.79	1.84334774971816
5.7925	1.93021999981296
5.795	2.01159132045139
5.7975	2.08726651906764
5.8	2.15713472239319
5.8025	2.22107390598676
5.805	2.2791119129525
5.8075	2.3309201978204
5.81	2.37594723131914
5.8125	2.41339020828744
5.815	2.44219547225563
5.8175	2.46108982175324
5.82	2.46864190756785
5.8225	2.46327472607811
5.825	2.4437725061169
5.8275	2.40876599535388
5.83	2.3571224243044
5.8325	2.28807209161413
5.835	2.20131462558024
5.8375	2.0970914444666
5.84	1.97621439126702
5.8425	1.84015966185599
5.845	1.69081357952405
5.8475	1.53031189969549
5.85	1.36098960622723
5.8525	1.1852517850629
5.855	1.0054512782994
5.8575	0.823784870048115
5.86	0.642217142220498
5.8625	0.462783780799203
5.865	0.286608402559051
5.8675	0.114756855121294
5.87	-0.0519360771591538
5.8725	-0.212786088893664
5.875	-0.367171163945647
5.8775	-0.514450573773814
5.88	-0.653904915824224
5.8825	-0.784339743490883
5.885	-0.905185819943052
5.8875	-1.0155364269659
5.89	-1.11452893992995
5.8925	-1.20143908991958
5.895	-1.27578059428593
5.8975	-1.33739560617274
5.9	-1.38652218367491
5.9025	-1.42347620252867
5.905	-1.44970704656576
5.9075	-1.46672192903399
5.91	-1.47630684127444
5.9125	-1.48039250565319
5.915	-1.48089660159706
5.9175	-1.47955830357953
5.92	-1.47778288167661
5.9225	-1.47635239803419
5.925	-1.47582895807863
5.9275	-1.47605119185361
5.93	-1.47630399710832
5.9325	-1.47539677086664
5.935	-1.47178969582905
5.9375	-1.46375595374941
5.94	-1.44956411321556
5.9425	-1.42789656266601
5.945	-1.3973119210317
5.9475	-1.357063643051
5.95	-1.30698555718062
5.9525	-1.24753875710661
5.955	-1.17980422096097
5.9575	-1.10542204929126
5.96	-1.02648271940944
5.9625	-0.945911795857222
5.965	-0.865628329618595
5.9675	-0.788048143862236
5.97	-0.715360911980597
5.9725	-0.649376215536919
5.975	-0.591407317900767
5.9775	-0.54220315143325
5.98	-0.501933839009336
5.9825	-0.47089173971857
5.985	-0.447348228249487
5.9875	-0.430141865461875
5.99	-0.417964702614595
5.9925	-0.409498921222776
5.995	-0.403545093737337
5.9975	-0.399131218210969
6	-0.395593111195297
6.0025	-0.393190721340099
6.005	-0.390976010646812
6.0075	-0.389394786790868
6.01	-0.389218503125644
6.0125	-0.391400183740898
6.015	-0.396909286006505
6.0175	-0.406567929239063
6.02	-0.420909949566382
6.0225	-0.440611532016283
6.025	-0.46434883741367
6.0275	-0.491517679112749
6.03	-0.521239329044407
6.0325	-0.552410592409008
6.035	-0.583777328245465
6.0375	-0.614024918525961
6.04	-0.641876915934088
6.0425	-0.666559671638477
6.045	-0.686373937347895
6.0475	-0.700786556919587
6.05	-0.70966076142148
6.0525	-0.713215626965457
6.055	-0.711951560310809
6.0575	-0.706555902781269
6.06	-0.697804113426576
6.0625	-0.686292649703272
6.065	-0.672728674762917
6.0675	-0.657806966692903
6.07	-0.642139135159272
6.0725	-0.626236750876039
6.075	-0.610506226027078
6.0775	-0.59525099308924
6.08	-0.580676211002248
6.0825	-0.566368455646013
6.085	-0.552940993841331
6.0875	-0.540356306450571
6.09	-0.528457528931651
6.0925	-0.516955106819057
6.095	-0.505414506312797
6.0975	-0.4932498845882
6.1	-0.479729070493353
6.1025	-0.463449205804334
6.105	-0.44425740255696
6.1075	-0.421171677835814
6.11	-0.393218057305231
6.1125	-0.35953569441146
6.115	-0.319484000475078
6.1175	-0.272737554619802
6.12	-0.219355894835001
6.1225	-0.159315111995865
6.125	-0.0942855775935802
6.1275	-0.0255023090182217
6.13	0.0455553244137398
6.1325	0.117243195594186
6.135	0.187843507313866
6.1375	0.255659123440978
6.14	0.319102236685979
6.1425	0.377286004434773
6.145	0.428262981173465
6.1475	0.471156398120914
6.15	0.505401252278053
6.1525	0.530698136404216
6.155	0.54694690939419
6.1575	0.554172791640047
6.16	0.552457442541197
6.1625	0.542303052990636
6.165	0.523171571313275
6.1675	0.495098544086256
6.17	0.458143597230924
6.1725	0.412422336529334
6.175	0.358152758820546
6.1775	0.295709817381095
6.18	0.225680101100031
6.1825	0.149131743362154
6.185	0.0668873262297031
6.1875	-0.0196308557392145
6.19	-0.108717269675971
6.1925	-0.198441022618206
6.195	-0.286730933013119
6.1975	-0.371481299217727
6.2	-0.45066974297176
6.2025	-0.522352401188455
6.205	-0.585225211382483
6.2075	-0.638185306698936
6.21	-0.680597136874525
6.2125	-0.712338073514302
6.215	-0.733809842740028
6.2175	-0.745913520453109
6.22	-0.749988821768555
6.2225	-0.74758532326311
6.225	-0.740830965477334
6.2275	-0.731720970569237
6.23	-0.722186399658818
6.2325	-0.713962399688086
6.235	-0.708470762359572
6.2375	-0.706724622201028
6.24	-0.709261733954201
6.2425	-0.715855008666478
6.245	-0.726395365716279
6.2475	-0.73993118002304
6.25	-0.755094693941623
6.2525	-0.77021081748364
6.255	-0.783427591099989
6.2575	-0.792857687899494
6.26	-0.796719902872495
6.2625	-0.793181445053918
6.265	-0.781455957004222
6.2675	-0.76077602821895
6.27	-0.730837898543203
6.2725	-0.691827611807753
6.275	-0.644412659877057
6.2775	-0.589699718253942
6.28	-0.529161948577606
6.2825	-0.464233417316062
6.285	-0.397212130318298
6.2875	-0.330044984017919
6.29	-0.264584600795716
6.2925	-0.202489152828541
6.295	-0.145141592671947
6.2975	-0.0935929251710315
6.3	-0.048532279090815
6.3025	-0.00981608668254889
6.305	0.0220596910529928
6.3075	0.0473494896455924
6.31	0.0665393878267566
6.3125	0.0802778212750731
6.315	0.0893047813776308
6.3175	0.0943856041279504
6.32	0.096254019087536
6.3225	0.0961495371428971
6.325	0.0940750413284333
6.3275	0.0903526789831464
6.33	0.0851606769618235
6.3325	0.0785604493708677
6.335	0.0705380133797008
6.3375	0.0610537190808877
6.34	0.0500933173461072
6.3425	0.0382126073245305
6.345	0.0252217546496762
6.3475	0.011266249627402
6.35	-0.00342613619306002
6.3525	-0.0185320350777344
6.355	-0.0336285491931937
6.3575	-0.0482006401391571
6.36	-0.0616610110840416
6.3625	-0.0730046069778175
6.365	-0.0818000045042241
6.3675	-0.0876104338708933
6.37	-0.0901513576058408
6.3725	-0.0893075908022516
6.375	-0.0851360369395393
6.3775	-0.0778553417452001
6.38	-0.0678251108613493
6.3825	-0.0552463805167542
6.385	-0.0408526631091139
6.3875	-0.0253290204887742
6.39	-0.00940575420754944
6.3925	0.00618595215998765
6.395	0.0207576217681585
6.3975	0.0337028829257241
6.4	0.0445296168977581
6.4025	0.0531730565686775
6.405	0.0590726654005476
6.4075	0.0621493277715538
6.41	0.062469641679941
6.4125	0.0602252054423404
6.415	0.0557066096479744
6.4175	0.0492754958330066
6.42	0.0413374937987952
6.4225	0.0326144037328443
6.425	0.0231023447033614
6.4275	0.0132153072738769
6.43	0.00335879891598438
6.4325	-0.00609175489435269
6.435	-0.0148116152562629
6.4375	-0.0225449203573998
6.44	-0.029119367454489
6.4425	-0.0342088740662988
6.445	-0.0382130859834814
6.4475	-0.041243024498206
6.45	-0.0434875819958286
6.4525	-0.0452195886301476
6.455	-0.0467992623136707
6.4575	-0.0486727747799005
6.46	-0.0513641625924027
6.4625	-0.0551682202027036
6.465	-0.0611453636867099
6.4675	-0.0699179490089713
6.47	-0.0820587610684368
6.4725	-0.0980671425873708
6.475	-0.118346659854517
6.4775	-0.143184703309615
6.48	-0.172734886941371
6.4825	-0.206786055673869
6.485	-0.24549903871221
6.4875	-0.288566804288739
6.49	-0.335519661475895
6.4925	-0.385749481554293
6.495	-0.438542738601594
6.4975	-0.493119482811309
6.5	-0.548674926768758
6.5025	-0.604376164861673
6.505	-0.659535994669822
6.5075	-0.713505913015208
6.51	-0.765741071717237
6.5125	-0.815811005325061
6.515	-0.863399687402417
6.5175	-0.908295442573631
6.52	-0.950372097808467
6.5225	-0.989498433161273
6.525	-1.02567146057719
6.5275	-1.05887784392915
6.53	-1.08908226557208
6.5325	-1.11619685458558
6.535	-1.1400565443509
6.5375	-1.16040345742544
6.54	-1.17688275131356
6.5425	-1.18880264139972
6.545	-1.19585376002401
6.5475	-1.19755154995915
6.55	-1.19343491616595
6.5525	-1.18310154205617
6.555	-1.16624161657584
6.5575	-1.14266780455866
6.56	-1.11233982345051
6.5625	-1.0748532414052
6.565	-1.03097414020399
6.5675	-0.981289412198486
6.57	-0.926580564328405
6.5725	-0.867788274012896
6.575	-0.805964077010702
6.5775	-0.742214076367989
6.58	-0.677640702629052
6.5825	-0.612523738932432
6.585	-0.548474347331142
6.5875	-0.486461632168015
6.59	-0.427340282515351
6.5925	-0.371819117025136
6.595	-0.320435320749745
6.5975	-0.273536622536372
6.6	-0.231273821514828
6.6025	-0.192807068777079
6.605	-0.158591949805056
6.6075	-0.128447674244367
6.61	-0.102134053562697
6.6125	-0.0793655876011019
6.615	-0.0598209644044751
6.6175	-0.0431497927868602
6.62	-0.028979274277732
6.6225	-0.0161078964276062
6.625	-0.00483685183653817
6.6275	0.00501790562114485
6.63	0.0135545428834452
6.6325	0.0207961131792744
6.635	0.0267108818780204
6.6375	0.0312392099301088
6.64	0.034322828305463
6.6425	0.0366784644165676
6.645	0.0376819770789792
6.6475	0.0372545980151586
6.65	0.0353437537539339
6.6525	0.0319442850048787
6.655	0.0271179799889384
6.6575	0.0210085753673158
6.66	0.0138492111879769
6.6625	0.00631873863052953
6.665	-0.00150901946463534
6.6675	-0.0092690507999072
6.67	-0.0166024085323223
6.6725	-0.0231864223299004
6.675	-0.0287642851891854
6.6775	-0.0331711554374308
6.68	-0.0363541793684394
6.6825	-0.0384455827693958
6.685	-0.0396311689603104
6.6875	-0.0401982174228801
6.69	-0.04052554822465
6.6925	-0.0410672709828742
6.695	-0.0423318379382939
6.6975	-0.0448571501639849
6.7	-0.0491827116971867
6.7025	-0.0561440414150723
6.705	-0.0660484260285371
6.7075	-0.0791457142752515
6.71	-0.095538606817237
6.7125	-0.115199511341662
6.715	-0.138001600176149
6.7175	-0.163758743839457
6.72	-0.192267878443488
6.7225	-0.223797873840192
6.725	-0.258055952086323
6.7275	-0.294790097454315
6.73	-0.333747678421157
6.7325	-0.374711752269829
6.735	-0.417533947712622
6.7375	-0.462157950198209
6.74	-0.508628291527224
6.7425	-0.557542326278636
6.745	-0.608981119269922
6.7475	-0.6629498706109
6.75	-0.719333077778072
6.7525	-0.777887497644262
6.755	-0.838246983223976
6.7575	-0.899936287897209
6.76	-0.96239009104312
6.7625	-1.02536337045456
6.765	-1.08809983957769
6.7675	-1.14969338917375
6.77	-1.20914786449805
6.7725	-1.26544353279115
6.775	-1.31761350231778
6.7775	-1.36482195419457
6.78	-1.40643542808537
6.7825	-1.44244363685401
6.785	-1.47261214750403
6.7875	-1.49701701661308
6.79	-1.51596511226355
6.7925	-1.52998505365855
6.795	-1.53980180292675
6.7975	-1.54629358052628
6.8	-1.55043120048059
6.8025	-1.55368606982853
6.805	-1.55661585141365
6.8075	-1.55984776870997
6.81	-1.56372354198067
6.8125	-1.56825232483497
6.815	-1.57309101036069
6.8175	-1.57755395861977
6.82	-1.58065130003817
6.8225	-1.58181636976825
6.825	-1.57910099483447
6.8275	-1.57090760195346
6.83	-1.55564217952091
6.8325	-1.5318401646866
6.835	-1.49828775717723
6.8375	-1.45412657611256
6.84	-1.39893043647339
6.8425	-1.33365224194813
6.845	-1.25802753413313
6.8475	-1.17280768714084
6.85	-1.07904783900394
6.8525	-0.978034781558833
6.855	-0.87120613578742
6.8575	-0.760067053465708
6.86	-0.646109731203246
6.8625	-0.531926941126256
6.865	-0.41776013088184
6.8675	-0.304412748334163
6.87	-0.192399562638392
6.8725	-0.0819807582202434
6.875	0.0267754984200549
6.8775	0.133912486578102
6.88	0.23949929232156
6.8825	0.342086097369526
6.885	0.442823591503675
6.8875	0.541800175303096
6.89	0.639037139618807
6.8925	0.734453314948853
6.895	0.82783888016333
6.8975	0.918841732297867
6.9	1.00696974121829
6.9025	1.08997765571228
6.905	1.16855417694814
6.9075	1.2423374995035
6.91	1.31108562169067
6.9125	1.37467245905052
6.915	1.43306298933256
6.9175	1.48627279637595
6.92	1.53432048515354
6.9225	1.57561964728705
6.925	1.61136014133028
6.9275	1.64171070308045
6.93	1.66684430566933
6.9325	1.68689508421052
6.935	1.70191801627884
6.9375	1.71185885027595
6.94	1.71654168149245
6.9425	1.71448690899991
6.945	1.70623243938682
6.9475	1.69171163033003
6.95	1.67100893401403
6.9525	1.64438295553185
6.955	1.61227406809538
6.9575	1.57529695201339
6.96	1.53422041859871
6.9625	1.48933354586652
6.965	1.44191068965692
6.9675	1.39321258405775
6.97	1.3445974958997
6.9725	1.29743527194722
6.975	1.25301645390437
6.9775	1.21246749670617
6.98	1.1766826182039
6.9825	1.14624981437383
6.985	1.12119644777229
6.9875	1.10172223402579
6.99	1.0878728386925
6.9925	1.07956195950617
6.995	1.07659894376124
6.9975	1.0787201871891
7	1.08562205331186
7.0025	1.09730446812385
7.005	1.11284580154609
7.0075	1.13207327910102
7.01	1.15492835257214
7.0125	1.18143580083888
7.015	1.21166078927864
7.0175	1.24566261893152
7.02	1.2834536322037
7.0225	1.3254652833897
7.025	1.37075235536992
7.0275	1.41912019857245
7.03	1.47036352413563
7.0325	1.52427045079351
7.035	1.58063010100267
7.0375	1.63924276476081
7.04	1.69993063339127
7.0425	1.76308957968115
7.045	1.82781553017449
7.0475	1.89404073253546
7.05	1.96175831594424
7.0525	2.03098251892423
7.055	2.10170234169645
7.0575	2.17383619201979
7.06	2.24719462173697
7.0625	2.32173641318146
7.065	2.3966125670337
7.0675	2.47123729591833
7.07	2.54494229627096
7.0725	2.61700733216073
7.075	2.68669736337675
7.0775	2.75330204665664
7.08	2.81617305248001
7.0825	2.87463253589099
7.085	2.92839887084202
7.0875	2.97715557206551
7.09	3.02069717391118
7.0925	3.05891414034674
7.095	3.09176773619351
7.0975	3.11925804858554
7.1	3.14138935566589
7.1025	3.15770292658494
7.105	3.16872654760676
7.1075	3.17430965702637
7.11	3.17419909746753
7.1125	3.16806077004234
7.115	3.15551313216874
7.1175	3.13616727650959
7.12	3.10966825778591
7.1225	3.07515777629666
7.125	3.03330586105195
7.1275	2.9840371362492
7.13	2.92736672674491
7.1325	2.86342607103574
7.135	2.79248125967182
7.1375	2.71494064958583
7.14	2.63135012571561
7.1425	2.54180606394149
7.145	2.44795743570331
7.1475	2.35058645856312
7.15	2.25044375730965
7.1525	2.1482428847732
7.155	2.04466174304626
7.1575	1.94034740821315
7.16	1.83592108140038
7.1625	1.73158450127034
7.165	1.62860907007346
7.1675	1.52748131987642
7.17	1.42859680058708
7.1725	1.33228244001447
7.175	1.23882164436939
7.1775	1.14847698144668
7.18	1.06150601359869
7.1825	0.978017367910483
7.185	0.898669457881616
7.1875	0.823620047184581
7.19	0.752936410129909
7.1925	0.686600198831818
7.195	0.624516779490842
7.1975	0.566527180128698
7.2	0.512420813955145
7.2025	0.461912875293693
7.205	0.415008568129677
7.2075	0.371315049010986
7.21	0.330377855140179
7.2125	0.291722075092936
7.215	0.254898512060183
7.2175	0.219528767541715
7.22	0.1853432728495
7.2225	0.152197708964889
7.225	0.120412223845563
7.2275	0.0900197373241784
7.23	0.0611115907012492
7.2325	0.0338447732396372
7.235	0.00844638156247943
7.2375	-0.014787866542272
7.24	-0.0355036136524148
7.2425	-0.0533237983980244
7.245	-0.0674330939940008
7.2475	-0.0776114711677203
7.25	-0.0837872708098455
7.2525	-0.0860244850050463
7.255	-0.0844983348658399
7.2575	-0.0794657449483818
7.26	-0.0712373803809303
7.2625	-0.0601812328240719
7.265	-0.0461149894021306
7.2675	-0.0296320974064229
7.27	-0.0114644908722551
7.2725	0.00757274837281165
7.275	0.0266455321287302
7.2775	0.0449647013928792
7.28	0.0618411308827292
7.2825	0.0766310843938001
7.285	0.0896847698254424
7.2875	0.100526451366358
7.29	0.10868921675267
7.2925	0.113767328073496
7.295	0.115471895955459
7.2975	0.113679228471304
7.3	0.10846213877636
7.3025	0.0999208170094844
7.305	0.0894028157087298
7.3075	0.0772503164722806
7.31	0.0637353158423286
7.3125	0.0490732248752721
7.315	0.0334460940240433
7.3175	0.0170272962618728
7.32	0
7.3225	-0.0176251052704171
7.325	-0.0347494224360659
7.3275	-0.0514281153848492
7.33	-0.0679000325292225
7.3325	-0.084532047842563
7.335	-0.101748811339442
7.3375	-0.119959486232151
7.34	-0.139492777428033
7.3425	-0.160556672960036
7.345	-0.182576561328222
7.3475	-0.205694853931888
7.35	-0.230052075045698
7.3525	-0.255744994584312
7.355	-0.28278397859731
7.3575	-0.31105817603408
7.36	-0.340316346309181
7.3625	-0.369857594430005
7.365	-0.399013624391293
7.3675	-0.427453512945963
7.37	-0.454944359823016
7.3725	-0.481349463070646
7.375	-0.506614021345969
7.3775	-0.530743201722095
7.38	-0.553778321064906
7.3825	-0.575172303390164
7.385	-0.595252179288743
7.3875	-0.614309383498378
7.39	-0.63272336960175
7.3925	-0.650916863511082
7.395	-0.669305349132388
7.3975	-0.688248431599955
7.4	-0.708010902018871
7.4025	-0.727998609271909
7.405	-0.748751351424906
7.4075	-0.770404307935264
7.41	-0.793090012049071
7.4125	-0.816940635548485
7.415	-0.842086155377963
7.4175	-0.868648963358936
7.42	-0.896736424421504
7.4225	-0.925869364324336
7.425	-0.956541983737541
7.4275	-0.988919693309517
7.43	-1.02317506041769
7.4325	-1.05946255313255
7.435	-1.09788943864915
7.4375	-1.13848688459419
7.44	-1.18118561317109
7.4425	-1.22548548424821
7.445	-1.27135684543498
7.4475	-1.31844577011386
7.45	-1.36632030069896
7.4525	-1.41448900770413
7.455	-1.46242340028849
7.4575	-1.50958207003295
7.46	-1.55543452822191
7.4625	-1.5994123458364
7.465	-1.64114572760393
7.4675	-1.6802616451467
7.47	-1.71646153569838
7.4725	-1.74952507382026
7.475	-1.77930907764223
7.4775	-1.80574220044417
7.48	-1.8288163560077
7.4825	-1.84871933335487
7.485	-1.86540015335495
7.4875	-1.878949768418
7.49	-1.88947667845102
7.4925	-1.89710518062114
7.495	-1.90197824053915
7.4975	-1.90426428754423
7.5	-1.904166471792
7.5025	-1.90212116074699
7.505	-1.89824175246787
7.5075	-1.89285351445831
7.51	-1.88633169315266
7.5125	-1.87909697384536
7.515	-1.87160481013385
7.5175	-1.86432837387774
7.52	-1.85773559035254
7.5225	-1.85237302952816
7.525	-1.84851779658483
7.5275	-1.84642538977614
7.53	-1.84622743180729
7.5325	-1.84791789375486
7.535	-1.85135085788828
7.5375	-1.8562512520557
7.54	-1.86223858531973
7.5425	-1.8688710964408
7.545	-1.87569658959362
7.5475	-1.88224385140034
7.55	-1.88810205664303
7.5525	-1.89296513918811
7.555	-1.89666467136595
7.5575	-1.89918600636117
7.56	-1.90066414237307
7.5625	-1.90128400392711
7.565	-1.90152594750128
7.5675	-1.9017282372339
7.57	-1.90216223061112
7.5725	-1.90296771669988
7.575	-1.90409658560297
7.5775	-1.90527182319259
7.58	-1.90596766977887
7.5825	-1.90528674581977
7.585	-1.9024872860216
7.5875	-1.89640948987567
7.59	-1.88579649644835
7.5925	-1.86939853630082
7.595	-1.84608373505688
7.5975	-1.81494348499005
7.6	-1.77538081573039
7.6025	-1.72703247991455
7.605	-1.67036185801829
7.6075	-1.60590533390419
7.61	-1.53452406122891
7.6125	-1.45734809977392
7.615	-1.37570031062703
7.6175	-1.29100670106833
7.62	-1.2047012535553
7.6225	-1.1181055984676
7.625	-1.03263921533159
7.6275	-0.949182266558871
7.63	-0.868307745589678
7.6325	-0.790296229944188
7.635	-0.715179980891267
7.6375	-0.642807900511115
7.64	-0.5729210530032
7.6425	-0.505379546241044
7.645	-0.440074189267683
7.6475	-0.376688567301609
7.65	-0.314956358929054
7.6525	-0.254713971364288
7.655	-0.195940181269448
7.6575	-0.138777975791207
7.66	-0.0835355599690976
7.6625	-0.030988383424469
7.665	0.018216214063343
7.6675	0.0636865744758995
7.67	0.105135600628872
7.6725	0.142382926844402
7.675	0.175341546390091
7.6775	0.203994932006208
7.68	0.228371891424862
7.6825	0.248170119767406
7.685	0.263331755830212
7.6875	0.274187807206416
7.69	0.281202138109225
7.6925	0.284919382626136
7.695	0.285905185693933
7.6975	0.284687489725767
7.7	0.281707365147345
7.7025	0.277049543943131
7.705	0.270659438408819
7.7075	0.262835330693916
7.71	0.253886731381628
7.7125	0.24410885118005
7.715	0.233755247897055
7.7175	0.223015102817541
7.72	0.212001003055259
7.7225	0.200565673408865
7.725	0.188413726947356
7.7275	0.17571707363489
7.73	0.162762352547875
7.7325	0.149927604097585
7.735	0.13764435329879
7.7375	0.126351390775919
7.74	0.116447449851508
7.7425	0.10804665715003
7.745	0.101090875140921
7.7475	0.09587706245481
7.75	0.0926753507097191
7.7525	0.0916775857234192
7.755	0.0929487483077416
7.7575	0.0963908610219003
7.76	0.101727659636541
7.7625	0.108341319160648
7.765	0.115361797693346
7.7675	0.122366069663584
7.77	0.1290453020867
7.7725	0.135225518448963
7.775	0.14087482149258
7.7775	0.146099278418912
7.78	0.151130517754346
7.7825	0.156149237617002
7.785	0.161272018989925
7.7875	0.167207766825546
7.79	0.174812523866018
7.7925	0.185003090427643
7.795	0.198661683070424
7.7975	0.216544827307782
7.8	0.239209099312563
7.8025	0.266961497631334
7.805	0.299435479819692
7.8075	0.336604334608975
7.81	0.378335713374664
7.8125	0.424408479514523
7.815	0.47453361691099
7.8175	0.528378024626419
7.82	0.585589478844225
7.8225	0.646054545389769
7.825	0.708968749915906
7.8275	0.774111281839349
7.83	0.841352862668805
7.8325	0.910624019865564
7.835	0.98187072993911
7.8375	1.05500414876163
7.84	1.12985147054514
7.8425	1.20645032305039
7.845	1.28392719408528
7.8475	1.3616434428066
7.85	1.43880910870657
7.8525	1.51450044305408
7.855	1.58769235104504
7.8575	1.65730287244288
7.86	1.72224547511756
7.8625	1.7819444171202
7.865	1.83505561477872
7.8675	1.88070626856363
7.87	1.91819383598657
7.8725	1.94702963730329
7.875	1.96697450598095
7.8775	1.97806355414358
7.88	1.98061731967938
7.8825	1.97584695804254
7.885	1.96414696419152
7.8875	1.94644695795706
7.89	1.9238056459512
7.8925	1.89738064298237
7.895	1.86839779657178
7.8975	1.83811840461603
7.9	1.80780237949415
7.9025	1.77938812512624
7.905	1.75345026641985
7.9075	1.7307869158257
7.91	1.71195085460351
7.9125	1.69724056173798
7.915	1.68670870807766
7.9175	1.68018585899845
7.92	1.6773155920005
7.9225	1.67805723998378
7.925	1.68146506067883
7.9275	1.68675854729707
7.93	1.69310413179767
7.9325	1.69967416080692
7.935	1.70570556537633
7.9375	1.71055407768842
7.94	1.71373981795731
7.9425	1.71501789792013
7.945	1.71431570881284
7.9475	1.71175966877563
7.95	1.70766120646015
7.9525	1.70248157260887
7.955	1.69677965268075
7.9575	1.69114518050694
7.96	1.68612144882522
7.9625	1.68187096237329
7.965	1.67883912364679
7.9675	1.67699928891553
7.97	1.67600270027374
7.9725	1.67514516312318
7.975	1.67336351231298
7.9775	1.66926687686247
7.98	1.66120487667344
7.9825	1.64729350082233
7.985	1.62580518993811
7.9875	1.5950430217407
7.99	1.55359469833475
7.9925	1.50048210322025
7.995	1.4352836110512
7.9975	1.3582132939992
8	1.27014478041178
8.0025	1.17290041620318
8.005	1.06827385854596
8.0075	0.958556571887772
8.01	0.846187711788839
8.0125	0.733563623462771
8.015	0.622855095484738
8.0175	0.515851173575082
8.02	0.413845250795636
8.0225	0.317938893574224
8.025	0.228135777511995
8.0275	0.143972507938735
8.03	0.0645326413032863
8.0325	-0.0113860914141084
8.035	-0.0850829678398253
8.0375	-0.157769493626156
8.04	-0.230413249143321
8.0425	-0.303323285111799
8.045	-0.376714659726474
8.0475	-0.450597731085535
8.05	-0.524747730252331
8.0525	-0.598774996751388
8.055	-0.672210153476276
8.0575	-0.744590263366019
8.06	-0.815532415179862
8.0625	-0.884608347671089
8.065	-0.951457753829227
8.0675	-1.01630509958074
8.07	-1.07954754928224
8.0725	-1.14161841945721
8.075	-1.2028277955253
8.0775	-1.2632065048302
8.08	-1.32237952203118
8.0825	-1.37951848005418
8.085	-1.43278873320942
8.0875	-1.48059450672157
8.09	-1.52113177761805
8.0925	-1.55250489098687
8.095	-1.57286453721492
8.0975	-1.5805537439193
8.1	-1.57424704052928
8.1025	-1.55324477098886
8.105	-1.51662893783886
8.1075	-1.46476066838105
8.11	-1.39864541216176
8.1125	-1.31982984115169
8.115	-1.2302527856049
8.1175	-1.13207109948349
8.12	-1.02748338495771
8.1225	-0.918818152322113
8.125	-0.807323066140069
8.1275	-0.6946485709468
8.13	-0.582194439096218
8.1325	-0.471103253485065
8.135	-0.362291782604417
8.1375	-0.256514914637746
8.14	-0.154452727374583
8.1425	-0.0571178328236822
8.145	0.0353356708063679
8.1475	0.121800383388786
8.15	0.200861711525379
8.1525	0.2708316443548
8.155	0.329830846225211
8.1575	0.375910433910439
8.16	0.407200831555162
8.1625	0.421800507275091
8.165	0.419105126933879
8.1675	0.398319366830012
8.17	0.359222255862369
8.1725	0.302272414422963
8.175	0.228668178348348
8.1775	0.140351093107377
8.18	0.0399465686867079
8.1825	-0.069558048986814
8.185	-0.18403083884854
8.1875	-0.2998475000809
8.19	-0.413531446529233
8.1925	-0.521953970842176
8.195	-0.6225078406806
8.1975	-0.713241933586167
8.2	-0.792947393755538
8.2025	-0.861381764022757
8.205	-0.918397891427566
8.2075	-0.96505969467253
8.21	-1.00302987560575
8.2125	-1.03437803302063
8.215	-1.06136379769618
8.2175	-1.0862173217288
8.22	-1.11093889168294
8.2225	-1.13733366566427
8.225	-1.166240930852
8.2275	-1.1982059371605
8.23	-1.23323572552342
8.2325	-1.27085427598067
8.235	-1.31019867409528
8.2375	-1.35014168182069
8.24	-1.38942411376488
8.2425	-1.42702846957344
8.245	-1.46163159251683
8.2475	-1.4921670860592
8.25	-1.51776055600053
8.2525	-1.53775383005451
8.255	-1.55170378551628
8.2575	-1.55936134401349
8.26	-1.56063798907289
8.2625	-1.5558306359508
8.265	-1.54502817381578
8.2675	-1.5282808086731
8.27	-1.50563504877051
8.2725	-1.47717044709199
8.275	-1.44305324987853
8.2775	-1.40359515712012
8.28	-1.35930408076213
8.2825	-1.31111497157562
8.285	-1.26013063119829
8.2875	-1.20734423809186
8.29	-1.15380926522251
8.2925	-1.10060060290524
8.295	-1.04876789189432
8.2975	-0.999284144124727
8.3	-0.952993841544919
8.3025	-0.910709006166255
8.305	-0.873130892664286
8.3075	-0.840297684740801
8.31	-0.811921306452212
8.3125	-0.787456638360905
8.315	-0.766197464902004
8.3175	-0.74738526885473
8.32	-0.73031573708968
8.3225	-0.714769148416269
8.325	-0.700343626728181
8.3275	-0.686753074619573
8.33	-0.673876229274664
8.3325	-0.661766481446286
8.335	-0.650645105620794
8.3375	-0.640878489680035
8.34	-0.632940972588089
8.3425	-0.627846647200073
8.345	-0.625756757624545
8.3475	-0.627028272271853
8.35	-0.631866959191496
8.3525	-0.64029752139917
8.355	-0.652148760485336
8.3575	-0.667052701496374
8.36	-0.684455235012731
8.3625	-0.704170506718018
8.365	-0.724782634176632
8.3675	-0.745235007356782
8.37	-0.76437833534127
8.3725	-0.781010955798741
8.375	-0.793923989184308
8.3775	-0.801950227770052
8.38	-0.804014754719341
8.3825	-0.799670835044544
8.385	-0.787748243507728
8.3875	-0.767623826016214
8.39	-0.738903406673742
8.3925	-0.701454348889317
8.395	-0.655427576615363
8.3975	-0.601264991935457
8.4	-0.539688950145345
8.4025	-0.471925747585699
8.405	-0.399117537855212
8.4075	-0.322440940303082
8.41	-0.243076059286461
8.4125	-0.16215741645946
8.415	-0.0807324522519877
8.4175	0.000271724009363549
8.42	0.0800732571721034
8.4225	0.157900545429364
8.425	0.233173368429255
8.4275	0.305750915202753
8.43	0.37571675383241
8.4325	0.443321236399687
8.435	0.508909846162789
8.4375	0.572846685679013
8.44	0.635442636458749
8.4425	0.696889701966297
8.445	0.756916403389243
8.4475	0.815536694583405
8.45	0.87267386739564
8.4525	0.928146452855736
8.455	0.981665084373001
8.4575	1.03284271869192
8.46	1.0812191248995
8.4625	1.12658513395553
8.465	1.16784753681215
8.4675	1.20467426466211
8.47	1.236914029188
8.4725	1.2646057716613
8.475	1.28797118826248
8.4775	1.30739273576067
8.48	1.32338018757944
8.4825	1.33697839908631
8.485	1.34811981018437
8.4875	1.35745938475694
8.49	1.36563736032833
8.4925	1.37321026375039
8.495	1.38058589463084
8.4975	1.38796961184493
8.5	1.39532804049964
8.5025	1.40272011966301
8.505	1.40909655100811
8.5075	1.41372912049053
8.51	1.41576011959595
8.5125	1.41425716396658
8.515	1.40827843347721
8.5175	1.39694521451944
8.52	1.37951752483706
8.5225	1.35572941413616
8.525	1.32493668976257
8.5275	1.28723160149574
8.53	1.24309180175002
8.5325	1.19337821588926
8.535	1.13930636331667
8.5375	1.08239297371733
8.54	1.02438132175809
8.5425	0.967374056480822
8.545	0.912943694765065
8.5475	0.862940344223489
8.55	0.819057199391429
8.5525	0.782726033228836
8.555	0.755027996436908
8.5575	0.736627371098374
8.56	0.727734019975159
8.5625	0.728350897615657
8.565	0.737418159275656
8.5675	0.75388518541076
8.57	0.776426891776955
8.5725	0.803532429583063
8.575	0.833602834256143
8.5775	0.865050897127986
8.58	0.896396198135094
8.5825	0.92675339109712
8.585	0.954554253636625
8.5875	0.979051772988383
8.59	0.99983604264487
8.5925	1.01681948005146
8.595	1.03019852111965
8.5975	1.04039698663219
8.6	1.04799702869712
8.6025	1.05409028585
8.605	1.05885845645744
8.6075	1.0628676450428
8.61	1.06656258732651
8.6125	1.07021827898647
8.615	1.07390843272892
8.6175	1.07749217912834
8.62	1.08061872557054
8.6225	1.08300265188159
8.625	1.08375136442866
8.6275	1.0819979446138
8.63	1.07680057805613
8.6325	1.06721063850185
8.635	1.05234373912849
8.6375	1.03144847540439
8.64	1.0039677445735
8.6425	0.969683555814983
8.645	0.928627821687044
8.6475	0.880978574409934
8.65	0.827170435597631
8.6525	0.767898438289408
8.655	0.704108921228717
8.6575	0.636975321807348
8.66	0.567857685328983
8.6625	0.498245433404009
8.665	0.429942979576483
8.6675	0.364379320920726
8.67	0.302827570920153
8.6725	0.246357547273964
8.675	0.1958022676285
8.6775	0.15173791236838
8.68	0.114476138721428
8.6825	0.0840576586223236
8.685	0.0606035112205177
8.6875	0.0435679321364356
8.69	0.032145890580211
8.6925	0.0253516632806041
8.695	0.0221090093373221
8.6975	0.0213431253006328
8.7	0.0220646753392262
8.7025	0.0234266793377373
8.705	0.025128425672643
8.7075	0.0266235592988718
8.71	0.0275141473989621
8.7125	0.0275678087784354
8.715	0.0267236382244432
8.7175	0.0250845998109892
8.72	0.0228952277442855
8.7225	0.0201367441727394
8.725	0.0178526864507248
8.7275	0.0163988690988428
8.73	0.0160228680663736
8.7325	0.0168356301230588
8.735	0.0187951010660882
8.7375	0.0217018937102997
8.74	0.0252067651607759
8.7425	0.0281677518027041
8.745	0.0308071471865313
8.7475	0.0325258358863172
8.75	0.0326883408973859
8.7525	0.03067478205672
8.755	0.0259306737893396
8.7575	0.0180095070855621
8.76	0.0066043926185439
8.7625	-0.00917240287326852
8.765	-0.0285052825395719
8.7675	-0.0511321398449033
8.77	-0.0766515921387856
8.7725	-0.104556585041255
8.775	-0.134275685332334
8.7775	-0.165217238271189
8.78	-0.196810900032608
8.7825	-0.229419103298279
8.785	-0.261644560528626
8.7875	-0.293027983779868
8.79	-0.323189931676954
8.7925	-0.351823964051713
8.795	-0.37868795129403
8.7975	-0.403597444998464
8.8	-0.426423616737318
8.8025	-0.448021823814406
8.805	-0.467353770576073
8.8075	-0.484390448508033
8.81	-0.499192710085095
8.8125	-0.511921419578905
8.815	-0.522843909472227
8.8175	-0.53233361363778
8.82	-0.540859728836814
8.8225	-0.549719192157858
8.825	-0.55859492472506
8.8275	-0.567995697001033
8.83	-0.578382120256642
8.8325	-0.590110022321267
8.835	-0.603383296748131
8.8375	-0.618224872081156
8.84	-0.634471990876933
8.8425	-0.652178289034397
8.845	-0.670342167489544
8.8475	-0.688484825655155
8.85	-0.706186577913627
8.8525	-0.7231490046625
8.855	-0.739244230517565
8.8575	-0.754543843827155
8.86	-0.76932168016102
8.8625	-0.784056849939571
8.865	-0.799160455193736
8.8675	-0.81528743431757
8.87	-0.833057455043528
8.8725	-0.85293037797768
8.875	-0.875083647508228
8.8775	-0.899307812335347
8.88	-0.92493517957159
8.8825	-0.95074212449021
8.885	-0.975150957735426
8.8875	-0.996195188587804
8.89	-1.01166214985837
8.8925	-1.01924890636398
8.895	-1.01673831736172
8.8975	-1.00217843756988
8.9	-0.974047844680398
8.9025	-0.931441460768772
8.905	-0.874013068529875
8.9075	-0.802154316846606
8.91	-0.716939618804241
8.9125	-0.620060827194964
8.915	-0.513716910903458
8.9175	-0.400469563772391
8.92	-0.283078276948467
8.9225	-0.164337614090388
8.925	-0.0468862742311604
8.9275	0.0669014162535033
8.93	0.175038330332239
8.9325	0.275998721726729
8.935	0.36875272637185
8.9375	0.452762076307338
8.94	0.527941136608723
8.9425	0.594735733897578
8.945	0.653626781261483
8.9475	0.705382413828628
8.95	0.750867780593594
8.9525	0.790962305696791
8.955	0.826492806373625
8.9575	0.858185787657916
8.96	0.886639709039518
8.9625	0.912635171531195
8.965	0.936231394688308
8.9675	0.957574659444393
8.97	0.976704271272237
8.9725	0.993590413419176
8.975	1.00817148800664
8.9775	1.02038476664604
8.98	1.03018518193802
8.9825	1.03802895419558
8.985	1.04344552448307
8.9875	1.04631670553357
8.99	1.04645630367622
8.9925	1.04358520031003
8.995	1.03731483399341
8.9975	1.02714416390954
9	1.01247340173374
9.0025	0.99314619471879
9.005	0.967940744848196
9.0075	0.93614169334951
9.01	0.897138405250536
9.0125	0.850501310898547
9.015	0.796053953419003
9.0175	0.73393213620649
9.02	0.664622043846134
9.0225	0.589450980351846
9.025	0.50907066797961
9.0275	0.424905355627916
9.03	0.338592734118531
9.0325	0.251889157038969
9.035	0.166567425509596
9.0375	0.0843181058576667
9.04	0.00666443255143975
9.0425	-0.0646067579973716
9.045	-0.129042072809415
9.0475	-0.185943161615062
9.05	-0.234868204751939
9.0525	-0.275595915878806
9.055	-0.308075801847877
9.0575	-0.332373652678503
9.06	-0.348621870359774
9.0625	-0.356410828638081
9.065	-0.356586375815259
9.0675	-0.349398191175134
9.07	-0.335136002689972
9.0725	-0.314174217520141
9.075	-0.287022768736954
9.0775	-0.254373799071459
9.08	-0.217134417317855
9.0825	-0.175788871865914
9.085	-0.132451399175868
9.0875	-0.0886875974033261
9.09	-0.0461510838152908
9.0925	-0.00649919615716115
9.095	0.0287031824546343
9.0975	0.0580819899162625
9.1	0.0805435699797876
9.1025	0.0959882778134795
9.105	0.103287928526388
9.1075	0.102443700561561
9.11	0.0938442811190914
9.1125	0.0782021003279315
9.115	0.0564656826872455
9.1175	0.0297190096794172
9.12	-0.000920612304403088
9.1225	-0.0340154442936352
9.125	-0.069032862814456
9.1275	-0.105290998879956
9.13	-0.142322801055078
9.1325	-0.17986659831961
9.135	-0.217831125121517
9.1375	-0.256241723215361
9.14	-0.295176323426982
9.1425	-0.33457149477422
9.145	-0.374408977381619
9.1475	-0.41464877700159
9.15	-0.455145308006289
9.1525	-0.495621446265602
9.155	-0.535658698612949
9.1575	-0.574704651400067
9.16	-0.612097109217745
9.1625	-0.647055880266756
9.165	-0.678657324599062
9.1675	-0.706271834646742
9.17	-0.729402534138663
9.1725	-0.747705398541809
9.175	-0.760995506261707
9.1775	-0.769241811063506
9.18	-0.772553829881913
9.1825	-0.771179200468056
9.185	-0.76519923779048
9.1875	-0.755128713295297
9.19	-0.741600462453858
9.1925	-0.725319464906786
9.195	-0.707014212766805
9.1975	-0.687390684689658
9.2	-0.667093687750347
9.2025	-0.646737927730457
9.205	-0.626488192089476
9.2075	-0.606773934619964
9.21	-0.587975503527401
9.2125	-0.570413961626757
9.215	-0.554342604181426
9.2175	-0.539942094503363
9.22	-0.5273207239688
9.2225	-0.516538810722655
9.225	-0.507412183020227
9.2275	-0.499947559587575
9.23	-0.494161485937308
9.2325	-0.490077319349995
9.235	-0.487716496019196
9.2375	-0.487086035925879
9.24	-0.48816468106522
9.2425	-0.490720560964125
9.245	-0.494783769648135
9.2475	-0.500223211939196
9.25	-0.506861679479001
9.2525	-0.514474715471472
9.255	-0.522792812230321
9.2575	-0.531507201046407
9.26	-0.540279342818821
9.2625	-0.548389403842755
9.265	-0.555874175433023
9.2675	-0.562441553707243
9.27	-0.567837250798619
9.2725	-0.571858743030549
9.275	-0.574365093439451
9.2775	-0.575281985875272
9.28	-0.574602171124284
9.2825	-0.571918063609084
9.285	-0.567791086728564
9.2875	-0.562467180248492
9.29	-0.556248895584152
9.2925	-0.54947624075342
9.295	-0.54250509212038
9.2975	-0.535685450560575
9.3	-0.529342068376293
9.3025	-0.523320486373652
9.305	-0.518212926057607
9.3075	-0.514308618984849
9.31	-0.511877210193369
9.3125	-0.511157168675206
9.315	-0.512342260258538
9.3175	-0.515567493236285
9.32	-0.520896451148943
9.3225	-0.528011565116063
9.325	-0.537067599886471
9.3275	-0.547945422861509
9.33	-0.56046723814531
9.3325	-0.57439882793851
9.335	-0.58945356949482
9.3375	-0.605298588483028
9.34	-0.621563405304324
9.3425	-0.637707352072657
9.345	-0.65351356917411
9.3475	-0.668580933494937
9.35	-0.682523413622464
9.3525	-0.694991540938264
9.355	-0.705692586133354
9.3575	-0.714407064470479
9.36	-0.720999540835341
9.3625	-0.72533583434747
9.365	-0.727669443120134
9.3675	-0.728070454386212
9.37	-0.726638983675356
9.3725	-0.723499029207109
9.375	-0.718791891918154
9.3775	-0.712668348088272
9.38	-0.70527908507211
9.3825	-0.696707341986024
9.385	-0.687298130916543
9.3875	-0.677072093591238
9.39	-0.66597121682409
9.3925	-0.653875770017385
9.395	-0.640629776025809
9.3975	-0.626071590298457
9.4	-0.610065758154768
9.4025	-0.592532053639955
9.405	-0.573626870000086
9.4075	-0.553382827628674
9.41	-0.531902907018656
9.4125	-0.509379065311565
9.415	-0.486104944979612
9.4175	-0.462479843247972
9.42	-0.439001982678999
9.4225	-0.416239247371967
9.425	-0.394956098707093
9.4275	-0.375752285151577
9.43	-0.359177123882901
9.4325	-0.345704568309801
9.435	-0.335715134237691
9.4375	-0.329485722129784
9.44	-0.327187614315954
9.4425	-0.328829571725659
9.445	-0.334562990792016
9.4475	-0.344268088360753
9.45	-0.357752526233873
9.4525	-0.374782589152552
9.455	-0.395112625946009
9.4575	-0.418507759976228
9.46	-0.444755809581518
9.4625	-0.473605625612072
9.465	-0.505050813505845
9.4675	-0.538848403962514
9.47	-0.574676120521858
9.4725	-0.612108107331273
9.475	-0.65059502991556
9.4775	-0.689451594000438
9.48	-0.727854099840951
9.4825	-0.764818303954378
9.485	-0.79944682977266
9.4875	-0.830562111550837
9.49	-0.856935414295528
9.4925	-0.877358381850941
9.495	-0.890721296156388
9.4975	-0.896090044981718
9.5	-0.892773788850378
9.5025	-0.880357464385005
9.505	-0.858909599327908
9.5075	-0.828643144800418
9.51	-0.790058128390612
9.5125	-0.743917072243062
9.515	-0.691205122052654
9.5175	-0.633077717993885
9.52	-0.57079964204088
9.5225	-0.505630605781673
9.525	-0.439023809010322
9.5275	-0.372150847491964
9.53	-0.306031754698699
9.5325	-0.24151192709538
9.535	-0.179254924977091
9.5375	-0.119748735312489
9.54	-0.0633221158941603
9.5425	-0.0101006893232943
9.545	0.0396319433313583
9.5475	0.0859245923162881
9.55	0.128915905100002
9.5525	0.168798516146521
9.555	0.205785314280915
9.5575	0.240080945408758
9.56	0.271860816152425
9.5625	0.301315489705201
9.565	0.328316065328555
9.5675	0.352964978053408
9.57	0.375364379020662
9.5725	0.395608188419582
9.575	0.413772199248615
9.5775	0.42990408346468
9.58	0.444015317075803
9.5825	0.456131490706059
9.585	0.465971484219815
9.5875	0.473486538874432
9.59	0.478636336976062
9.5925	0.481384579430806
9.595	0.481695032891622
9.5975	0.479530393860158
9.6	0.474855829273306
9.6025	0.467712009678759
9.605	0.457904608668347
9.6075	0.445525438716021
9.61	0.430758425119876
9.6125	0.413882595277937
9.615	0.395268682197055
9.6175	0.375369667986921
9.62	0.35470591689322
9.6225	0.333870555822479
9.625	0.313332917482069
9.6275	0.293722071309862
9.63	0.27566055320633
9.6325	0.259725754309667
9.635	0.246411725840308
9.6375	0.236095580353822
9.64	0.229012317375751
9.6425	0.22519692778416
9.645	0.224532514936608
9.6475	0.226836824582187
9.65	0.231824315869968
9.6525	0.239126121664344
9.655	0.248313075004288
9.6575	0.258920050606211
9.66	0.270469891040338
9.6625	0.282470462135863
9.665	0.294399901315595
9.6675	0.305909342723093
9.67	0.31672490179516
9.6725	0.326637472464229
9.675	0.335486331998075
9.6775	0.343140572109251
9.68	0.349482442731281
9.6825	0.354456912402504
9.685	0.357723987244172
9.6875	0.359224878253451
9.69	0.358949458754642
9.6925	0.356934953217868
9.695	0.353265044051639
9.6975	0.348069896547444
9.7	0.341527151622581
9.7025	0.333968530428234
9.705	0.325371569944597
9.7075	0.316123016235618
9.71	0.306692727087158
9.7125	0.297601968340678
9.715	0.289384226259236
9.7175	0.282543422372883
9.72	0.277514576500118
9.7225	0.274616317513504
9.725	0.273937791319239
9.7275	0.275612163894737
9.73	0.279668886215856
9.7325	0.286027805446015
9.735	0.294499241771719
9.7375	0.304790714609893
9.74	0.316520519571457
9.7425	0.329060625245242
9.745	0.342052344774514
9.7475	0.35502984600027
9.75	0.367553685518831
9.7525	0.379229712197057
9.755	0.389722111872797
9.7575	0.398760295301341
9.76	0.406140126074002
9.7625	0.411447497566591
9.765	0.41489488320121
9.7675	0.416480658899
9.77	0.416244751264043
9.7725	0.414259067678739
9.775	0.410618546984936
9.7775	0.405433671951311
9.78	0.39882526091619
9.7825	0.390603941568168
9.785	0.381283096954024
9.7875	0.371040683639413
9.79	0.360067985570945
9.7925	0.348577224336188
9.795	0.336807417994552
9.7975	0.32502651509636
9.8	0.313528529582147
9.8025	0.302362434900912
9.805	0.292180172950326
9.8075	0.283298243963876
9.81	0.275992237679833
9.8125	0.27048215949273
9.815	0.266919657808754
9.8175	0.265378141942112
9.82	0.265846816207357
9.8225	0.268154362510638
9.825	0.272271172366227
9.8275	0.277932807189856
9.83	0.284806858335856
9.8325	0.292521438872346
9.835	0.300697441716201
9.8375	0.308980790791126
9.84	0.317070885623003
9.8425	0.324853700553472
9.845	0.332148706965637
9.8475	0.338859760251312
9.85	0.344954299307003
9.8525	0.350458555943558
9.855	0.355448936145589
9.8575	0.360040345313095
9.86	0.364372346089453
9.8625	0.36878994588508
9.865	0.373333381223878
9.8675	0.378059326236711
9.87	0.382970672849868
9.8725	0.388024650653525
9.875	0.393147499765954
9.8775	0.398252563464892
9.88	0.403258209295001
9.8825	0.408357119754061
9.885	0.41337917052366
9.8875	0.418230072608584
9.89	0.422807805939875
9.8925	0.427011621102791
9.895	0.430751079029131
9.8975	0.433953769641705
9.9	0.436570365396717
9.9025	0.438898476389125
9.905	0.440740000397745
9.9075	0.442005167639793
9.91	0.442577873089987
9.9125	0.442329576683458
9.915	0.441138071389199
9.9175	0.438908023262518
9.92	0.435589713159418
9.9225	0.431583282527817
9.925	0.426695187614308
9.9275	0.420951525256491
9.93	0.414396334382812
9.9325	0.407098224622377
9.935	0.399157296240309
9.9375	0.390710580794519
9.94	0.38193402646149
9.9425	0.373436922034129
9.945	0.36519232811134
9.9475	0.357333062927823
9.95	0.349946857414605
9.9525	0.343078965985617
9.955	0.336739069312827
9.9575	0.330910133109135
9.96	0.325556529472283
9.9625	0.320966085667533
9.965	0.316883629832548
9.9675	0.313116332242293
9.97	0.309406509548339
9.9725	0.30544611447719
9.975	0.30089591771364
9.9775	0.295407015788436
9.98	0.288641977396816
9.9825	0.280458538709592
9.985	0.270544522256544
9.9875	0.258612765909439
9.99	0.244401136100662
9.9925	0.227688947235115
9.995	0.208313458982255
9.9975	0.186184746639033
10	0.161297279724711
10.0025	0.133769853767788
10.005	0.103826095687197
10.0075	0.0716954647532195
10.01	0.0376677716159779
10.0125	0.00208854514019381
10.015	-0.0346481612604446
10.0175	-0.0721104119294969
10.02	-0.109843057232964
10.0225	-0.147282146708195
10.025	-0.184012126713559
10.0275	-0.219679679866674
10.03	-0.254014273856686
10.0325	-0.286836168738401
10.035	-0.318057183754554
10.0375	-0.347674684594447
10.04	-0.3757599200287
10.0425	-0.402194729102087
10.045	-0.427285356275166
10.0475	-0.451306014517654
10.05	-0.474562085397458
10.0525	-0.497354296268185
10.055	-0.519942717702074
10.0575	-0.542515362370824
10.06	-0.565165895004153
10.0625	-0.587520528936459
10.065	-0.609693788673352
10.0675	-0.631607504441069
10.07	-0.653167803150526
10.0725	-0.674275570155898
10.075	-0.694834255102635
10.0775	-0.714754801149596
10.08	-0.733958159685362
10.0825	-0.751975569965204
10.085	-0.768997545987924
10.0875	-0.785103997041765
10.09	-0.800427288405875
10.0925	-0.81512477669243
10.095	-0.829346764749273
10.0975	-0.843205365191701
10.1	-0.856749829112866
10.1025	-0.869586388739264
10.105	-0.881822058493114
10.1075	-0.893412590133064
10.11	-0.904318738771006
10.1125	-0.914512628365931
10.115	-0.923981729107936
10.1175	-0.932729940518225
10.12	-0.940775715200613
10.1225	-0.947874647140784
10.125	-0.954188762112598
10.1275	-0.959843758775007
10.13	-0.964983829904593
10.1325	-0.9697353444872
10.135	-0.974166027516346
10.1375	-0.978245464644847
10.14	-0.981813009334929
10.1425	-0.984389658241544
10.145	-0.985567837428977
10.1475	-0.984822346881345
10.15	-0.981553924896108
10.1525	-0.975120722455691
10.155	-0.964877997850802
10.1575	-0.950223957945543
10.16	-0.930648979852179
10.1625	-0.905660901690456
10.165	-0.875107801819238
10.1675	-0.839090497421926
10.17	-0.797982774698604
10.1725	-0.752427906916036
10.175	-0.703316132526093
10.1775	-0.651745313059601
10.18	-0.598968377224518
10.1825	-0.546252531935778
10.185	-0.494973362411631
10.1875	-0.446515123926298
10.19	-0.402185295075459
10.1925	-0.363151504021641
10.195	-0.330387401842898
10.1975	-0.304631315439527
10.2	-0.286360459946774
10.2025	-0.275764334000386
10.205	-0.272766014685115
10.2075	-0.277092330400412
10.21	-0.288277472794375
10.2125	-0.305702788619849
10.215	-0.328640437799982
10.2175	-0.356297577981152
10.22	-0.387857966507214
10.2225	-0.422538754596248
10.225	-0.45958724123578
10.2275	-0.498290729897145
10.23	-0.538005532778114
10.2325	-0.578165311386836
10.235	-0.618282998573743
10.2375	-0.657947091894246
10.24	-0.696813454533794
10.2425	-0.73461168228031
10.245	-0.771170172176326
10.2475	-0.806236007406488
10.25	-0.839557339670152
10.2525	-0.87088807927431
10.255	-0.899997967554036
10.2575	-0.926685700040013
10.26	-0.950792377338738
10.2625	-0.972216402855126
10.265	-0.991041860610778
10.2675	-1.00723053274835
10.27	-1.02077197440986
10.2725	-1.03168977964271
10.275	-1.04004543077127
10.2775	-1.04593792669628
10.28	-1.04949802701952
10.2825	-1.05086608564779
10.285	-1.05037883944539
10.2875	-1.04811040097972
10.29	-1.04406597711859
10.2925	-1.03818782162993
10.295	-1.03036959186029
10.2975	-1.02047682003479
10.3	-1.00837067298586
10.3025	-0.993916733328166
10.305	-0.977251644007334
10.3075	-0.958280379254085
10.31	-0.936938989784966
10.3125	-0.91322689552721
10.315	-0.88723634220515
10.3175	-0.859174142738524
10.32	-0.829371619712356
10.3225	-0.798270052681335
10.325	-0.766650559752053
10.3275	-0.735046321329955
10.33	-0.703969610150196
10.3325	-0.673891868083416
10.335	-0.645227422710511
10.3375	-0.618320461510541
10.34	-0.593434696742617
10.3425	-0.570752984812133
10.345	-0.550579571149394
10.3475	-0.532803113846466
10.35	-0.517165836900203
10.3525	-0.503297679133999
10.355	-0.490758645695061
10.3575	-0.479083269222681
10.36	-0.467821150469009
10.3625	-0.456620497427411
10.365	-0.445317472989829
10.3675	-0.433547645146427
10.37	-0.420964615828814
10.3725	-0.407255391408922
10.375	-0.392154543690058
10.3775	-0.375455487891884
10.38	-0.357017454309711
10.3825	-0.336964847420435
10.385	-0.315260751607409
10.3875	-0.291853727008264
10.39	-0.266699334514487
10.3925	-0.239775205111564
10.395	-0.211100856598308
10.3975	-0.180758298058208
10.4	-0.1489090402372
10.4025	-0.11615206586164
10.405	-0.0825956259533707
10.4075	-0.0485510992911049
10.41	-0.0143507172854242
10.4125	0.0196607727011677
10.415	0.053134951147259
10.4175	0.08572930600716
10.42	0.117117895768845
10.4225	0.146671246589195
10.425	0.174325932322654
10.4275	0.199989923273229
10.43	0.223674726636818
10.4325	0.24548025848365
10.435	0.265571537571854
10.4375	0.284150965967273
10.44	0.301430483103633
10.4425	0.317432399285102
10.445	0.332309233223433
10.4475	0.346291748403576
10.45	0.359615186885546
10.4525	0.372499149220335
10.455	0.385128494851448
10.4575	0.39763795332132
10.46	0.410102761645128
10.4625	0.422543820379825
10.465	0.434691017364375
10.4675	0.446549120507162
10.47	0.458145454118801
10.4725	0.469522032531531
10.475	0.480723811337429
10.4775	0.491786131725386
10.48	0.502724364792465
10.4825	0.51360079727244
10.485	0.524071256625611
10.4875	0.534162735712073
10.49	0.543940409216109
10.4925	0.553491569517488
10.495	0.562906511505824
10.4975	0.572260016432767
10.5	0.581596823306651
10.5025	0.590958690051039
10.505	0.600047682775999
10.5075	0.608888421354862
10.51	0.617535086065487
10.5125	0.626058478755747
10.515	0.634530008871323
10.5175	0.64300571604906
10.52	0.651513325163873
10.5225	0.660002164496326
10.525	0.6682690187346
10.5275	0.676324893359149
10.53	0.684203200190508
10.5325	0.691947007623186
10.535	0.699593822645498
10.5375	0.707161062665076
10.54	0.71463530794838
10.5425	0.721848734267123
10.545	0.728682566006714
10.5475	0.735115252942192
10.55	0.741154429319315
10.5525	0.746833487307629
10.555	0.75220517968667
10.5575	0.757333718824632
10.56	0.762287001356723
10.5625	0.766968022977268
10.565	0.771464822288548
10.5675	0.775908836985143
10.57	0.780457103282008
10.5725	0.78527446792784
10.575	0.79051315427438
10.5775	0.796292769473775
10.58	0.802683869540149
10.5825	0.809501595172632
10.585	0.816778751241294
10.5875	0.824484091699631
10.59	0.832569130585629
10.5925	0.840965869266449
10.595	0.849583252839766
10.5975	0.85830311318492
10.6	0.866976631016126
10.6025	0.875186205420817
10.605	0.882884973721479
10.6075	0.889896329939749
10.61	0.896041087128034
10.6125	0.901132762222186
10.615	0.904972552975279
10.6175	0.907346072849728
10.62	0.908023931805925
10.6225	0.906484789675512
10.625	0.902762723743681
10.6275	0.896695240374295
10.63	0.88817327740103
10.6325	0.877158218104337
10.635	0.863695831692344
10.6375	0.847925302163202
10.64	0.830082092251624
10.6425	0.81018511048457
10.645	0.788978391622969
10.6475	0.766975991770661
10.65	0.744737329281159
10.6525	0.722839600554543
10.655	0.701847368983976
10.6575	0.682281758908932
10.66	0.664592023879686
10.6625	0.648807535941455
10.665	0.635544306549243
10.6675	0.624958856134884
10.67	0.617087984137813
10.6725	0.611858870597953
10.675	0.609104974768435
10.6775	0.608585423551826
10.68	0.610005718221873
10.6825	0.612691951968236
10.685	0.616714161503972
10.6875	0.621757786127086
10.69	0.627514388092031
10.6925	0.633692421958849
10.695	0.640024179794812
10.6975	0.646269036637756
10.7	0.652213791047658
10.7025	0.657332521073569
10.705	0.661888117160488
10.7075	0.665760974278122
10.71	0.668845642118305
10.7125	0.671058247753169
10.715	0.672344895398043
10.7175	0.672689155309831
10.72	0.672117028802633
10.7225	0.670384609825784
10.725	0.668023033577077
10.7275	0.665184272436245
10.73	0.662028876672076
10.7325	0.658721174728662
10.735	0.655423415733801
10.7375	0.652288564223207
10.74	0.649451954134448
10.7425	0.646741148796693
10.745	0.644637887420202
10.7475	0.643168973897547
10.75	0.642295531974515
10.7525	0.641923097217074
10.755	0.641915696971787
10.7575	0.642111424513857
10.76	0.64233722208629
10.7625	0.642179329900861
10.765	0.641860624461495
10.7675	0.641214659626809
10.77	0.640066793891437
10.7725	0.638247389621672
10.775	0.635604820449026
10.7775	0.632016592552508
10.78	0.627397285450705
10.7825	0.621500925932705
10.785	0.614684609106907
10.7875	0.606951245144451
10.79	0.598306608353695
10.7925	0.588768322814312
10.795	0.578375745267581
10.7975	0.567198195867301
10.8	0.555339359320198
10.8025	0.542755822844305
10.805	0.529969272623482
10.8075	0.517117508427031
10.81	0.504306471447635
10.8125	0.491613936780967
10.815	0.479096301609262
10.8175	0.466796658514417
10.82	0.454752458408678
10.8225	0.442797065107914
10.825	0.431359245619947
10.8275	0.420444109756594
10.83	0.410026076852408
10.8325	0.400065462743481
10.835	0.390525982087842
10.8375	0.381389868836048
10.84	0.372667863484563
10.8425	0.364227457256502
10.845	0.35648204116921
10.8475	0.349477446734723
10.85	0.343228494977518
10.8525	0.337719407486724
10.855	0.33290644082449
10.8575	0.32872157760731
10.86	0.325076210009117
10.8625	0.321790943560626
10.865	0.318962097182821
10.8675	0.316406789399024
10.87	0.313900371129442
10.8725	0.311195910125488
10.875	0.308047050489809
10.8775	0.30423110032709
10.88	0.299569245183862
10.8825	0.293908631137917
10.885	0.287366142876973
10.8875	0.279903467659373
10.89	0.271512662457389
10.8925	0.262220120789479
10.895	0.252088672850186
10.8975	0.241216608002083
10.9	0.229732796570501
10.9025	0.217690902376184
10.905	0.205485879509506
10.9075	0.193230949975723
10.91	0.180991088216458
10.9125	0.168785210415815
10.915	0.156593562091966
10.9175	0.144368640383823
10.92	0.132047825748947
10.9225	0.119399989978763
10.925	0.106667863350624
10.9275	0.0937851587996197
10.93	0.080684216317887
10.9325	0.0673122232804479
10.935	0.053645348502353
10.9375	0.0396982284939633
10.94	0.0255269781362204
10.9425	0.0110905367692147
10.945	-0.00322463558148221
10.9475	-0.0173210392795748
10.95	-0.0311352133266302
10.9525	-0.0446421280609418
10.955	-0.0578550854374029
10.9575	-0.0708215493547642
10.96	-0.0836156132129588
10.9625	-0.0963754826603342
10.965	-0.109005535543951
10.9675	-0.121643679700759
10.97	-0.13443635140738
10.9725	-0.147508837446855
10.975	-0.16093528427808
10.9775	-0.174713039389024
10.98	-0.188745535713598
10.9825	-0.202822650052947
10.985	-0.216521775977329
10.9875	-0.229546241970317
10.99	-0.241590677535356
10.9925	-0.252359398149112
10.995	-0.261584891501514
10.9975	-0.269045658819605
11	-0.274582626443704
11.0025	-0.278082500772772
11.005	-0.27944604192318
11.0075	-0.278830547219063
11.01	-0.276516519651909
11.0125	-0.272884178074393
11.015	-0.268381289196562
11.0175	-0.26348642294109
11.02	-0.258672044226303
11.0225	-0.254323885184378
11.025	-0.250744404493684
11.0275	-0.248273424497689
11.03	-0.247186418280066
11.0325	-0.247680260085092
11.035	-0.249863944715433
11.0375	-0.253755076324254
11.04	-0.259282450210744
11.0425	-0.266259902851465
11.045	-0.274410953054228
11.0475	-0.283509474595888
11.05	-0.293317779320475
11.0525	-0.303592121710649
11.055	-0.314084431175036
11.0575	-0.324541425169681
11.06	-0.334702612583418
11.0625	-0.344336108256536
11.065	-0.353056207338742
11.0675	-0.360602474471268
11.07	-0.366729549971196
11.0725	-0.371208224301768
11.075	-0.373828151024177
11.0775	-0.374402944684345
11.08	-0.372777936694872
11.0825	-0.368920139514996
11.085	-0.362631986772966
11.0875	-0.353930699409169
11.09	-0.342920498344891
11.0925	-0.329794684850074
11.095	-0.314833036774075
11.0975	-0.298394677800176
11.1	-0.280906832708734
11.1025	-0.262887042786223
11.105	-0.244766320299236
11.1075	-0.227091071298411
11.11	-0.210413047948304
11.1125	-0.195263455887289
11.115	-0.182127631271954
11.1175	-0.171422494390171
11.12	-0.163478730619927
11.1225	-0.158478024068882
11.125	-0.156563143868332
11.1275	-0.157787110357704
11.13	-0.162119347999599
11.1325	-0.169452095992376
11.135	-0.179608627204185
11.1375	-0.19235259544869
11.14	-0.207397941533244
11.1425	-0.224246022795229
11.145	-0.242682544036786
11.1475	-0.262370759811768
11.15	-0.28297129550416
11.1525	-0.304141727462528
11.155	-0.32553386975158
11.1575	-0.34679061873229
11.16	-0.36754445587745
11.1625	-0.387145875608027
11.165	-0.405470770145188
11.1675	-0.422204575134719
11.17	-0.437070634683223
11.1725	-0.449841880230196
11.175	-0.460351381229597
11.1775	-0.468500723666649
11.18	-0.47426543659983
11.1825	-0.477392527068786
11.185	-0.478311524807098
11.1875	-0.477264870418292
11.19	-0.474560297166429
11.1925	-0.470551227255904
11.195	-0.465612205273185
11.1975	-0.460111324575165
11.2	-0.45438221215582
11.2025	-0.448426767306089
11.205	-0.442733924003522
11.2075	-0.43743556946547
11.21	-0.432564878845807
11.2125	-0.428057476606482
11.215	-0.423759455063841
11.2175	-0.419441216381101
11.22	-0.414815896377453
11.2225	-0.409352990958149
11.225	-0.402956096635384
11.2275	-0.395323531739012
11.23	-0.386186790813097
11.2325	-0.375331231814296
11.235	-0.362612824912635
11.2375	-0.347970036290792
11.24	-0.331430436240594
11.2425	-0.312912731407684
11.245	-0.292852789054807
11.2475	-0.271553715226466
11.25	-0.249383798503003
11.2525	-0.226761917562988
11.255	-0.204139935320684
11.2575	-0.181982734701232
11.26	-0.160746913673165
11.2625	-0.140619419619586
11.265	-0.122260996604207
11.2675	-0.10600338808625
11.27	-0.0920951222925695
11.2725	-0.0806946390679333
11.275	-0.0718685271891708
11.2775	-0.0655948067648376
11.28	-0.0617710842943507
11.2825	-0.0600105969548628
11.285	-0.0603643573581669
11.2875	-0.062591725780138
11.29	-0.0664348566991427
11.2925	-0.0716428773601228
11.295	-0.0779939685733595
11.2975	-0.0853129013013036
11.3	-0.0934821755188441
11.3025	-0.102413010366116
11.305	-0.112200821389802
11.3075	-0.1228751938278
11.31	-0.134485462976689
11.3125	-0.147089491423146
11.315	-0.160742376644888
11.3175	-0.175485637816465
11.32	-0.191337259483603
11.3225	-0.208463921113769
11.325	-0.226695565658944
11.3275	-0.245878573944517
11.33	-0.265794292432346
11.3325	-0.286171345157208
11.335	-0.306703180012584
11.3375	-0.327068361409392
11.34	-0.346950758894173
11.3425	-0.366286325840984
11.345	-0.384669530592843
11.3475	-0.401813832712765
11.35	-0.417452103466916
11.3525	-0.431346834735867
11.355	-0.443299311397019
11.3575	-0.453156753972406
11.36	-0.460816491631159
11.3625	-0.466399207841735
11.365	-0.469839147553676
11.3675	-0.471100456208019
11.37	-0.470152517288676
11.3725	-0.466978368578306
11.375	-0.461586464376513
11.3775	-0.454023475235292
11.38	-0.44438556332866
11.3825	-0.43277560152801
11.385	-0.419559189423058
11.3875	-0.40496801878187
11.39	-0.389255926085124
11.3925	-0.372695293040344
11.395	-0.355571817724273
11.3975	-0.338177656237665
11.4	-0.320803368118028
11.4025	-0.303402128358922
11.405	-0.286621926558003
11.4075	-0.270728265162895
11.41	-0.255950827150399
11.4125	-0.242480926299315
11.415	-0.230469814873798
11.4175	-0.220027296548162
11.42	-0.211220483927613
11.4225	-0.203634492587399
11.425	-0.197720335461473
11.4275	-0.193471258738373
11.43	-0.190842365638427
11.4325	-0.189749778545823
11.435	-0.190069281860391
11.4375	-0.191635018238944
11.44	-0.194239189573569
11.4425	-0.197331175347663
11.445	-0.200963338841007
11.4475	-0.204858987277756
11.45	-0.208723460350518
11.4525	-0.212254223132061
11.455	-0.215149668504629
11.4575	-0.217115092383376
11.46	-0.217864903168087
11.4625	-0.217085087262726
11.465	-0.214568569388026
11.4675	-0.210029364447224
11.47	-0.203167037818235
11.4725	-0.193668403152358
11.475	-0.18121510040694
11.4775	-0.165497851332639
11.48	-0.146237263223334
11.4825	-0.123298098838373
11.485	-0.0964818844566729
11.4875	-0.065741019037974
11.49	-0.0311619430387848
11.4925	0.00701004500977862
11.495	0.0483554752020363
11.4975	0.0922786934754406
11.5	0.138021799072085
11.5025	0.184599962975681
11.505	0.23109872261279
11.5075	0.276548096310483
11.51	0.320028717335575
11.5125	0.360732709285613
11.515	0.398017178700192
11.5175	0.431444726827731
11.52	0.460806484975676
11.5225	0.486057742357037
11.525	0.507445792397229
11.5275	0.525412068505727
11.53	0.540529092016116
11.5325	0.553424478640586
11.535	0.564698187003354
11.5375	0.57484179825281
11.54	0.58416853376569
11.5425	0.592749919719328
11.545	0.60034014425865
11.5475	0.606541561681282
11.55	0.610742023457886
11.5525	0.612154486934456
11.555	0.609874460803704
11.5575	0.602950620499559
11.56	0.590462720064272
11.5625	0.57166528576093
11.565	0.545766728621739
11.5675	0.512411310369602
11.57	0.471549040055838
11.5725	0.423446972782765
11.575	0.36867702170911
11.5775	0.308083029185843
11.58	0.242731442042453
11.5825	0.173960174220074
11.585	0.10289723243553
11.5875	0.030917524530159
11.59	-0.040616259818695
11.5925	-0.110413249013259
11.595	-0.177302550471617
11.5975	-0.240266654360965
11.6	-0.298458506425288
11.6025	-0.351119513837321
11.605	-0.397878815663244
11.6075	-0.438342812322738
11.61	-0.472213094297493
11.6125	-0.499263474531398
11.615	-0.519321774226663
11.6175	-0.532259041667563
11.62	-0.537987818713296
11.6225	-0.536419322464799
11.625	-0.52767321223719
11.6275	-0.511855444000828
11.63	-0.489177588129673
11.6325	-0.45998596815493
11.635	-0.424786118519415
11.6375	-0.384257664488438
11.64	-0.339255640828021
11.6425	-0.290697311737872
11.645	-0.239857101179048
11.6475	-0.187965518946961
11.65	-0.136272463037767
11.6525	-0.0859836875348326
11.655	-0.038196427040635
11.6575	0.00615973361326535
11.66	0.0463708415065643
11.6625	0.0821328762414153
11.665	0.113049625459204
11.6675	0.13915127082399
11.67	0.160693826949983
11.6725	0.178114473801822
11.675	0.191975965872914
11.6775	0.202906392950643
11.68	0.211540696903058
11.6825	0.218631735645995
11.685	0.22451486851987
11.6875	0.229569473620473
11.69	0.234058422429005
11.6925	0.238136350643522
11.695	0.241870463135449
11.6975	0.245269437777557
11.7	0.248315155801768
11.7025	0.251048339229498
11.705	0.253462247232764
11.7075	0.255577374271
11.71	0.257441921135624
11.7125	0.259128025180582
11.715	0.260720459341114
11.7175	0.26230014322923
11.72	0.26392553835469
11.7225	0.265493010599007
11.725	0.267180413028002
11.7275	0.268876843297754
11.73	0.270396751664374
11.7325	0.271498349617086
11.735	0.271909611289189
11.7375	0.271357935641761
11.74	0.269599312013348
11.7425	0.266179250675088
11.745	0.261340670331674
11.7475	0.255047033753651
11.75	0.247327039161033
11.7525	0.238273813893822
11.755	0.228038078728718
11.7575	0.216816380962416
11.76	0.204836237729687
11.7625	0.192014223906971
11.765	0.17901063544789
11.7675	0.166073819553375
11.77	0.153421960377529
11.7725	0.141244687052511
11.775	0.129707533302777
11.7775	0.118956787947279
11.78	0.109122578038214
11.7825	0.100103157032381
11.785	0.0922327295459731
11.7875	0.0856007413984118
11.79	0.0802577741129304
11.7925	0.076203556972673
11.795	0.0733754529304492
11.7975	0.0716396288233963
11.8	0.0707870808842114
11.8025	0.0704979850066707
11.805	0.0703910799543696
11.8075	0.0701141129834016
11.81	0.0693106709374449
11.8125	0.0676378598724697
11.815	0.0647841664245151
11.8175	0.0604866202460295
11.82	0.054546279035883
11.8225	0.0468908062832218
11.825	0.0373152235939289
11.8275	0.025913046763283
11.83	0.0128904103946486
11.8325	-0.00145535453952423
11.835	-0.0167643491220217
11.8375	-0.0326462809898409
11.84	-0.0487123988895026
11.8425	-0.0645533013943831
11.845	-0.0799845307423688
11.8475	-0.0947441426702675
11.85	-0.108628224003712
11.8525	-0.121497514790116
11.855	-0.133278579379515
11.8575	-0.143959705109003
11.86	-0.153582148347594
11.8625	-0.162258290178043
11.865	-0.170058691341334
11.8675	-0.177098413267975
11.87	-0.183487485558049
11.8725	-0.189316707108684
11.875	-0.194646070128863
11.8775	-0.199496544067682
11.88	-0.203845578836906
11.8825	-0.207716866988711
11.885	-0.210875125348753
11.8875	-0.21317615639925
11.89	-0.214453508121575
11.8925	-0.214525399833442
11.895	-0.213202741636321
11.8975	-0.210298282799803
11.9	-0.205636770168299
11.9025	-0.199197725519881
11.905	-0.190691806123335
11.9075	-0.180039410383742
11.91	-0.167219675335557
11.9125	-0.152275057818685
11.915	-0.135313128627664
11.9175	-0.116505511591631
11.92	-0.096083905944331
11.9225	-0.0745259709407892
11.925	-0.051933775687101
11.9275	-0.0286501091765786
11.93	-0.00503834326158748
11.9325	0.018532848172164
11.935	0.0417043168411837
11.9375	0.0641397636233929
11.94	0.0855368910656261
11.9425	0.105416225920156
11.945	0.123818004253025
11.9475	0.1406072979397
11.95	0.15570283644663
11.9525	0.169077327982116
11.955	0.180755747725597
11.9575	0.190811756109719
11.96	0.199362597180682
11.9625	0.206387850458827
11.965	0.212270155425875
11.9675	0.217237000694452
11.97	0.221530902576658
11.9725	0.225400973451532
11.975	0.229093316561713
11.9775	0.232840104893239
11.98	0.23684752861866
11.9825	0.241160850426372
11.985	0.24602645022645
11.9875	0.251514818849343
11.99	0.25762618508934
11.9925	0.264283424274388
11.995	0.271328640838019
11.9975	0.278524341841086
12	0.285559927508162
12.0025	0.291973093626272
12.005	0.297443260242136
12.0075	0.301548507200045
12.01	0.303874203381297
12.0125	0.304039978713737
12.015	0.30172610484972
12.0175	0.296697295088506
12.02	0.288822097195504
12.0225	0.278009092890519
12.025	0.264446567884161
12.0275	0.248378284929524
12.03	0.230162881090123
12.0325	0.210256272718747
12.035	0.189187429530431
12.0375	0.167529286464866
12.04	0.145867016970476
12.0425	0.124716696972757
12.045	0.104625289064962
12.0475	0.0860498809561233
12.05	0.0693590824031174
12.0525	0.0548180219396886
12.055	0.0425806866561722
12.0575	0.0326901583675267
12.06	0.0250866852949842
12.0625	0.0196098345897929
12.065	0.0160207182289708
12.0675	0.0140809316046111
12.07	0.013545224424357
12.0725	0.014182290587885
12.075	0.0157919325822623
12.0775	0.0182176629917507
12.08	0.0213542027999586
12.0825	0.0251687685015449
12.085	0.0295960214130345
12.0875	0.034692727878741
12.09	0.0405561488904257
12.0925	0.0473040446481333
12.095	0.0550521877647518
12.0975	0.0638917833844865
12.1	0.0738691307728652
12.1025	0.0850248684404841
12.105	0.0971777276598564
12.1075	0.110174457092549
12.11	0.123797800345845
12.1125	0.137772477924473
12.115	0.151776423648361
12.1175	0.165456655645498
12.12	0.17844868722196
12.1225	0.19045075348989
12.125	0.20107251337243
12.1275	0.210040710630026
12.13	0.217153041794584
12.1325	0.222289601377057
12.135	0.225418637369783
12.1375	0.226596269911796
12.14	0.225960287453545
12.1425	0.223723801404404
12.145	0.220164451497747
12.1475	0.215570177733741
12.15	0.210238911904442
12.1525	0.204460760310977
12.155	0.198502100808037
12.1575	0.192592398287602
12.16	0.186914317760275
12.1625	0.181569017541855
12.165	0.176701751726112
12.1675	0.172320151820744
12.17	0.168374562532358
12.1725	0.164771196225954
12.175	0.161388378078447
12.1775	0.158094078664114
12.18	0.154762933694545
12.1825	0.15124921780436
12.185	0.147573533703849
12.1875	0.143692473259433
12.19	0.139596532634934
12.1925	0.135314164352129
12.195	0.130912484540466
12.1975	0.126494273178879
12.2	0.122191270098545
12.2025	0.118108881463613
12.205	0.114509947012823
12.2075	0.111527496322288
12.21	0.109262134418164
12.2125	0.107776866820566
12.215	0.107095383195844
12.2175	0.107203325872799
12.22	0.108051865901571
12.2225	0.109552855112587
12.225	0.111681102440912
12.2275	0.114293313664356
12.23	0.117222173119912
12.2325	0.120290957631735
12.235	0.123328694215173
12.2375	0.126183962650237
12.24	0.128735622784193
12.2425	0.130958468089875
12.245	0.132789614797674
12.2475	0.13419033178537
12.25	0.135138312837324
12.2525	0.135623802052347
12.255	0.135645441962979
12.2575	0.135206162298888
12.26	0.134309329888024
12.2625	0.133039562829345
12.265	0.131325420233951
12.2675	0.129132870586683
12.27	0.126413376859063
12.2725	0.123108196549476
12.275	0.119154844724129
12.2775	0.114494951914785
12.28	0.109082551416283
12.2825	0.102929289149459
12.285	0.0960084929837876
12.2875	0.0883403687297725
12.29	0.0799732722615437
12.2925	0.0709840917695609
12.295	0.0614764012003294
12.2975	0.0515764876058539
12.3	0.041427553698139
12.3025	0.0311501119665992
12.305	0.0209439493985564
12.3075	0.0109577034812468
12.31	0.00132423852124697
12.3125	-0.00784488751853461
12.315	-0.0164633782973291
12.3175	-0.0244724298281416
12.32	-0.0318411777457677
12.3225	-0.0386504167932388
12.325	-0.0448052466431938
12.3275	-0.050342825054516
12.33	-0.0553186556666091
12.3325	-0.0597984966182947
12.335	-0.063850133371274
12.3375	-0.0675359644691406
12.34	-0.0709071607500031
12.3425	-0.0740612894373202
12.345	-0.076912680761582
12.3475	-0.0794731628960592
12.35	-0.0817493385077058
12.3525	-0.0837423117176263
12.355	-0.0854481362386617
12.3575	-0.0868594381723509
12.36	-0.0879685083479082
12.3625	-0.0887309027777987
12.365	-0.089144278460696
12.3675	-0.0892578544816292
12.37	-0.0891540580583066
12.3725	-0.0889455004956159
12.375	-0.0887685819858879
12.3775	-0.0887745690713219
12.38	-0.089119273728412
12.3825	-0.0898139980548349
12.385	-0.0910748962920549
12.3875	-0.0930573112857024
12.39	-0.0959017342182138
12.3925	-0.0997197741700154
12.395	-0.104580481727772
12.3975	-0.110498828726234
12.4	-0.117428102088807
12.4025	-0.12506384396318
12.405	-0.133371793183538
12.4075	-0.142184149870558
12.41	-0.151313241365828
12.4125	-0.160558184263471
12.415	-0.169710905563567
12.4175	-0.178561648155408
12.42	-0.186904311104792
12.4225	-0.194365326094734
12.425	-0.200888511428039
12.4275	-0.206362603564362
12.43	-0.210718889740659
12.4325	-0.213926649169306
12.435	-0.215985304042881
12.4375	-0.216914572091048
12.44	-0.216744157754031
12.4425	-0.215381592533767
12.445	-0.212925873423978
12.4475	-0.209430276500354
12.45	-0.204950486816465
12.4525	-0.199538624604468
12.455	-0.193238314337985
12.4575	-0.186081607956283
12.46	-0.178088447624584
12.4625	-0.169180767899662
12.465	-0.159408249973568
12.4675	-0.148811894234155
12.47	-0.137456268875392
12.4725	-0.12543121154971
12.475	-0.112851127980825
12.4775	-0.0998521386496616
12.48	-0.0865875898913035
12.4825	-0.0731851133071074
12.485	-0.0598223240853679
12.4875	-0.0466896072912762
12.49	-0.033980900211225
12.4925	-0.0218855347834788
12.495	-0.0105806032308571
12.4975	-0.00022473419399598
12.5	0.00904601655630861
12.5025	0.0171117449619934
12.505	0.0239001902602533
12.5075	0.0293401590809124
12.51	0.0333735504922359
12.5125	0.0359504043774237
12.515	0.0370241818873526
12.5175	0.0365480623084905
12.52	0.0344729281377026
12.5225	0.0307120315541846
12.525	0.025237135924622
12.5275	0.018012738112728
12.53	0.00901770939425331
12.5325	-0.00175001284696094
12.535	-0.01426911731317
12.5375	-0.0284914183871439
12.54	-0.0443394904435879
12.5425	-0.0617339512305507
12.545	-0.0805298255544609
12.5475	-0.10054901135709
12.55	-0.121584087959074
12.5525	-0.143406308779456
12.555	-0.165775105615346
12.5575	-0.188448087099645
12.56	-0.211190463961165
12.5625	-0.233785922008022
12.565	-0.256054224533423
12.5675	-0.277811906989918
12.57	-0.298894652413943
12.5725	-0.319157242228013
12.575	-0.338471699952065
12.5775	-0.356723836922216
12.58	-0.373808622209584
12.5825	-0.389644643663263
12.585	-0.404134029091824
12.5875	-0.417157341732292
12.59	-0.428583185155077
12.5925	-0.438272556846901
12.595	-0.446086766055499
12.5975	-0.451898224044128
12.6	-0.455603024124702
12.6025	-0.457190817672334
12.605	-0.456622192383342
12.6075	-0.453913721805012
12.61	-0.449137893631444
12.6125	-0.44243065603987
12.615	-0.433994843893272
12.6175	-0.424098144614636
12.62	-0.41306473166799
12.6225	-0.401346128604187
12.625	-0.389299643829818
12.6275	-0.377271471919578
12.63	-0.365562909393892
12.6325	-0.35441296859528
12.635	-0.343985830026243
12.6375	-0.334363875066937
12.64	-0.325546522816801
12.6425	-0.317582367691976
12.645	-0.310264996316302
12.6475	-0.303342455460968
12.65	-0.296506940386473
12.6525	-0.28942534784119
12.655	-0.281772341452862
12.6575	-0.273262149917476
12.66	-0.263675371967624
12.6625	-0.253055378328784
12.665	-0.241251528137444
12.6675	-0.228258910574734
12.67	-0.214133757704579
12.6725	-0.198985743864032
12.675	-0.182967437480562
12.6775	-0.166261867453455
12.68	-0.149069146724922
12.6825	-0.131783591925013
12.685	-0.114458013722468
12.6875	-0.0972185418112793
12.69	-0.0801501931440857
12.6925	-0.0633028655060113
12.695	-0.0467030947366293
12.6975	-0.0303695270842718
12.7	-0.0143295306511437
12.7025	0.00119219340647007
12.705	0.0162598200126351
12.7075	0.0307839381874859
12.71	0.0446444384380566
12.7125	0.0576914442895655
12.715	0.0697504142215167
12.7175	0.0806311250717709
12.72	0.0901399525876415
12.7225	0.0979409052279536
12.725	0.104018138148516
12.7275	0.108289970399943
12.73	0.110738387987793
12.7325	0.111415190712506
12.735	0.110442707958955
12.7375	0.10800916918529
12.74	0.104359410028476
12.7425	0.0996789549508038
12.745	0.09436272774612
12.7475	0.0887676648853435
12.75	0.0832558107053467
12.7525	0.0781750158112009
12.755	0.0738408630171295
12.7575	0.0705213359720831
12.76	0.0684255101903078
12.7625	0.0676761000180486
12.765	0.0683189075056359
12.7675	0.0703932992760076
12.77	0.0738959328077163
12.7725	0.0787849888882836
12.775	0.0849852296693086
12.7775	0.0923938545284506
12.78	0.100887100575999
12.7825	0.110384611781112
12.785	0.120606224733927
12.7875	0.131432143834884
12.79	0.142765968868603
12.7925	0.154531324541529
12.795	0.166666074924537
12.7975	0.179115733387014
12.8	0.191827585602252
12.8025	0.204861545169245
12.805	0.217954305272904
12.8075	0.231062934615246
12.81	0.244162087966801
12.8125	0.257239583159957
12.815	0.270291492969037
12.8175	0.283317508176645
12.82	0.296317082152003
12.8225	0.30939870230091
12.825	0.322361035713708
12.8275	0.335203074476469
12.83	0.347930034929086
12.8325	0.360543293751835
12.835	0.373029070961653
12.8375	0.385347581748734
12.84	0.39742432914862
12.8425	0.409215237692248
12.845	0.420428942643535
12.8475	0.430889075936462
12.85	0.440403380458993
12.8525	0.448768766840625
12.855	0.455778314246788
12.8575	0.461230325756417
12.86	0.464939233690008
12.8625	0.466771120346414
12.865	0.46652790065199
12.8675	0.464165599734122
12.87	0.459714244484913
12.8725	0.45327709853068
12.875	0.445024845680184
12.8775	0.435185613867469
12.88	0.424032026076966
12.8825	0.411843431126458
12.885	0.398921875212709
12.8875	0.385603884805349
12.89	0.372221384019652
12.8925	0.359084673417413
12.895	0.346466666763914
12.8975	0.334589596250054
12.9	0.323615238308651
12.9025	0.313620423004738
12.905	0.304647212025452
12.9075	0.296667640567204
12.91	0.289601139387462
12.9125	0.283325255147712
12.915	0.277688620262167
12.9175	0.272525106965962
12.92	0.267668027505198
12.9225	0.262987988481435
12.925	0.258354618790124
12.9275	0.253655647630089
12.93	0.248810170001207
12.9325	0.243773906002573
12.935	0.23854151379691
12.9375	0.233145484746536
12.94	0.227651412230112
12.9425	0.222241765708727
12.945	0.216966890044076
12.9475	0.211902248535794
12.95	0.207101052219335
12.9525	0.202588766711131
12.955	0.198361200958636
12.9575	0.194385978006256
12.96	0.19060677363337
12.9625	0.187093667537877
12.965	0.183654850946942
12.9675	0.180164299862654
12.97	0.176488681421186
12.9725	0.172501198130837
12.975	0.168095781289253
12.9775	0.163199984039932
12.98	0.157784943650303
12.9825	0.15201441764346
12.985	0.145859964568701
12.9875	0.139396207947666
12.99	0.132721099990545
12.9925	0.125951671795658
12.995	0.119219286510583
12.9975	0.11266440324979
13	0.106430787713383
13.0025	0.100788814499395
13.005	0.0958037185334782
13.0075	0.0915434974174936
13.01	0.088037267972048
13.0125	0.0852813643821662
13.015	0.0832491144092675
13.0175	0.0819025443444306
13.02	0.081204009241642
13.0225	0.0812256422706337
13.025	0.081940170440308
13.0275	0.0833042754822942
13.03	0.0852701969597383
13.0325	0.0877921548613448
13.035	0.0908318407023685
13.0375	0.0943617589541749
13.04	0.0983654233943735
13.0425	0.102873254099417
13.045	0.10793622304404
13.0475	0.113490135524072
13.05	0.119428155136168
13.0525	0.125603095726618
13.055	0.131833441716477
13.0575	0.137911951388529
13.06	0.143615519486882
13.0625	0.148705364790815
13.065	0.153072574318226
13.0675	0.15645966522668
13.07	0.158603102650562
13.0725	0.159251561093887
13.075	0.158184840114139
13.0775	0.155231057185837
13.08	0.150279952038322
13.0825	0.143300946739701
13.085	0.134414671415122
13.0875	0.123674903730893
13.09	0.111169774724008
13.0925	0.0970208544519512
13.095	0.0813817947404761
13.0975	0.0644357460015245
13.1	0.0463908548175295
13.1025	0.0275244331685135
13.105	0.00810433748933916
13.1075	-0.0116769974711131
13.11	-0.0316582508852733
13.1125	-0.0517076758257088
13.115	-0.0717178011416152
13.1175	-0.0915976507911736
13.12	-0.111264002311499
13.1225	-0.130568040143233
13.125	-0.149412154629934
13.1275	-0.167734780376524
13.13	-0.185479640963625
13.1325	-0.202587264907194
13.135	-0.218987506337022
13.1375	-0.234594572880179
13.14	-0.249305814694549
13.1425	-0.262938001671997
13.145	-0.275373084163536
13.1475	-0.286531310943526
13.15	-0.296367857700871
13.1525	-0.304878046175115
13.155	-0.312099690034387
13.1575	-0.318112511501532
13.16	-0.323034852290658
13.1625	-0.326933036242813
13.165	-0.330011954891455
13.1675	-0.332501983630962
13.17	-0.33465451358336
13.1725	-0.33672273469997
13.175	-0.338941107984661
13.1775	-0.341505906790098
13.18	-0.344559168233821
13.1825	-0.348045239840162
13.185	-0.352048414266716
13.1875	-0.356554092069974
13.19	-0.361504799194514
13.1925	-0.36680382290424
13.195	-0.372320073837268
13.1975	-0.377894060828719
13.2	-0.383344964884543
13.2025	-0.388289482636908
13.205	-0.3926661359084
13.2075	-0.396333763953582
13.21	-0.399181672708712
13.2125	-0.401128188693694
13.215	-0.402116204238388
13.2175	-0.402107363682267
13.22	-0.401076758399785
13.2225	-0.398809599333873
13.225	-0.395453695055718
13.2275	-0.391070754611128
13.23	-0.385758225542675
13.2325	-0.379647555037651
13.235	-0.372900417692795
13.2375	-0.365702947549314
13.24	-0.358258279589558
13.2425	-0.350685500070325
13.245	-0.343251090615637
13.2475	-0.336185210040532
13.25	-0.329709229822823
13.2525	-0.324021688266021
13.255	-0.319284548522157
13.2575	-0.315611286132546
13.26	-0.313058216774463
13.2625	-0.311695809237912
13.265	-0.311359915389647
13.2675	-0.311926692324623
13.27	-0.313230975986692
13.2725	-0.31507908919347
13.275	-0.317263962058584
13.2775	-0.319581143072223
13.28	-0.321844060288223
13.2825	-0.324086933057981
13.285	-0.32599652645862
13.2875	-0.327474236925129
13.29	-0.32846314808916
13.2925	-0.328946058693306
13.295	-0.328940710557399
13.2975	-0.328492872636512
13.3	-0.327667933779121
13.3025	-0.326739294291463
13.305	-0.325604227943561
13.3075	-0.324293132052958
13.31	-0.322813490739252
13.3125	-0.321151298353039
13.315	-0.319276770564285
13.3175	-0.317153454055248
13.32	-0.31474934155103
13.3225	-0.312164507405477
13.325	-0.309335807852276
13.3275	-0.30627074552943
13.33	-0.303002348266152
13.3325	-0.299596529552666
13.335	-0.296156573515982
13.3375	-0.292823659365005
13.34	-0.289772729466355
13.3425	-0.287192651909781
13.345	-0.285362505724405
13.3475	-0.284467670156924
13.35	-0.284659137833406
13.3525	-0.286043360219664
13.355	-0.288675621125316
13.3575	-0.292557409408709
13.36	-0.297637960675712
13.3625	-0.3037123290627
13.365	-0.310812822515566
13.3675	-0.318771346849624
13.37	-0.32739681078258
13.3725	-0.33649405549755
13.375	-0.345881765720165
13.3775	-0.355406779849431
13.38	-0.364952732107446
13.3825	-0.374293275176843
13.385	-0.38359095461234
13.3875	-0.392821578100226
13.39	-0.401955525387836
13.3925	-0.410942594717533
13.395	-0.419696923353731
13.3975	-0.428083761320084
13.4	-0.435909926134862
13.4025	-0.442738374989649
13.405	-0.448497357688215
13.4075	-0.452822961801591
13.41	-0.455306971353729
13.4125	-0.455523239256037
13.415	-0.453057953696136
13.4175	-0.447540504820243
13.42	-0.438671763048072
13.4225	-0.426083541508843
13.425	-0.409914850116861
13.4275	-0.390186485074548
13.43	-0.367024384011719
13.4325	-0.340656368642132
13.435	-0.311402573730051
13.4375	-0.279660164773362
13.44	-0.245883538519486
13.4425	-0.210481670381823
13.445	-0.17410686477143
13.4475	-0.137231568507729
13.45	-0.100284186855493
13.4525	-0.0636419026431788
13.455	-0.0276294184542562
13.4575	0.00747780373802435
13.46	0.0414475670091043
13.4625	0.0740891872802418
13.465	0.105158830438106
13.4675	0.134543716570427
13.47	0.162167879737512
13.4725	0.187981448545173
13.475	0.21195005818017
13.4775	0.234045577526436
13.48	0.254239095847492
13.4825	0.272476949031213
13.485	0.28866055409998
13.4875	0.302779787468292
13.49	0.314840002093737
13.4925	0.324855942889034
13.495	0.332844525788535
13.4975	0.338817865914002
13.5	0.342777983557911
13.5025	0.344714796210367
13.505	0.34452935172099
13.5075	0.342224292055009
13.51	0.337820186037458
13.5125	0.33135607963606
13.515	0.322889782428873
13.5175	0.312498430565295
13.52	0.300279717723129
13.5225	0.286385570086343
13.525	0.270860716969073
13.5275	0.253901398179285
13.53	0.235747699759577
13.5325	0.216675836089095
13.535	0.196987285813307
13.5375	0.17699592923417
13.54	0.15701443117814
13.5425	0.137385115250374
13.545	0.118274459371798
13.5475	0.0999361691761226
13.55	0.0825925232389257
13.5525	0.0664225195614108
13.555	0.0515518357566262
13.5575	0.0380459145904668
13.56	0.0259072310445608
13.5625	0.0151342558177933
13.565	0.00549648492673533
13.5675	-0.00314484012112507
13.57	-0.0109437853180509
13.5725	-0.0180589262129734
13.575	-0.0246423546846563
13.5775	-0.0308286877828915
13.58	-0.0367244256212971
13.5825	-0.0422963951205052
13.585	-0.0477395927792802
13.5875	-0.0530126190754013
13.59	-0.0580072006365028
13.5925	-0.0625567226333441
13.595	-0.0664496274919078
13.5975	-0.0694462374516041
13.6	-0.0712974203138261
13.6025	-0.0716037801072136
13.605	-0.0703914498715588
13.6075	-0.0674845109085007
13.61	-0.062748795301207
13.6125	-0.0561069796483024
13.615	-0.0475496410426354
13.6175	-0.0371407352496552
13.62	-0.0250166387066057
13.6225	-0.0111893696139573
13.625	0.0038235768897955
13.6275	0.0197349048663997
13.63	0.0362546221853296
13.6325	0.053104270308764
13.635	0.0700291345233038
13.6375	0.086807822468225
13.64	0.103258677925386
13.6425	0.119380102865442
13.645	0.134899749451923
13.6475	0.149750517658438
13.65	0.163899515276976
13.6525	0.177335779197619
13.655	0.190056867655711
13.6575	0.202056080588797
13.66	0.213311874923485
13.6625	0.223796213898323
13.665	0.233436879193895
13.6675	0.242134047104211
13.67	0.249766442563999
13.6725	0.256201702931677
13.675	0.261309182967876
13.6775	0.264973567847365
13.68	0.26710765479817
13.6825	0.267599108813043
13.685	0.266559097498978
13.6875	0.264023640188817
13.69	0.260067527864104
13.6925	0.254804731183857
13.695	0.248386076228167
13.6975	0.240994040037767
13.7	0.23283485977012
13.7025	0.224062648193467
13.705	0.2150363427979
13.7075	0.205951311363221
13.71	0.196969905557055
13.7125	0.188220726634085
13.715	0.179801391069806
13.7175	0.171783606217648
13.72	0.164219223125642
13.7225	0.157106546633199
13.725	0.150577860936824
13.7275	0.144634806553902
13.73	0.139260112634976
13.7325	0.134423982030774
13.735	0.130089887703866
13.7375	0.12621886368215
13.74	0.122771656116538
13.7425	0.119692832232628
13.745	0.11698988036063
13.7475	0.114601892460569
13.75	0.11244972963532
13.7525	0.110436232213305
13.755	0.108448532958583
13.7575	0.106362514948044
13.76	0.104049203708514
13.7625	0.101361027276417
13.765	0.098208216474828
13.7675	0.0944990778581239
13.77	0.0901697787809519
13.7725	0.085190129651078
13.775	0.0795666834033563
13.7775	0.0733426279224778
13.78	0.0665942922369843
13.7825	0.0593617048159603
13.785	0.0518097051223463
13.7875	0.04408132238663
13.79	0.0363188231000326
13.7925	0.0286488657071444
13.795	0.0211688892831412
13.7975	0.0139366558410443
13.8	0.00696463221591902
13.8025	0.000103829702762444
13.805	-0.00663363653277003
13.8075	-0.013311811397438
13.81	-0.0199936464305063
13.8125	-0.0267282862184086
13.815	-0.0335396306213638
13.8175	-0.0404173791052275
13.82	-0.0473114671219326
13.8225	-0.0543154483343872
13.825	-0.0611472536994393
13.8275	-0.0676023154567159
13.83	-0.0734441880286345
13.8325	-0.0784265548018949
13.835	-0.0823189356770616
13.8375	-0.0849331515351267
13.84	-0.0861472970500673
13.8425	-0.0861879457846407
13.845	-0.0848637294278472
13.8475	-0.0822810836524286
13.85	-0.0786256821837907
13.8525	-0.0741528186878683
13.855	-0.0691729648398806
13.8575	-0.0640337064964624
13.86	-0.0590993072804852
13.8625	-0.055041514190973
13.865	-0.0518770049420973
13.8675	-0.0498450146164824
13.87	-0.0491160588677697
13.8725	-0.0497848537701208
13.875	-0.0518698812877701
13.8775	-0.0553190258408467
13.88	-0.0600199195848883
13.8825	-0.0661328266909031
13.885	-0.0731299620932282
13.8875	-0.0807546999832612
13.89	-0.0887382733565954
13.8925	-0.0968126007796873
13.895	-0.104721819991544
13.8975	-0.112232098914673
13.9	-0.119139240176339
13.9025	-0.125509800538413
13.905	-0.130954578542044
13.9075	-0.135346434488291
13.91	-0.138589088093802
13.9125	-0.140613524706698
13.915	-0.141374276835652
13.9175	-0.140846251014655
13.92	-0.139022464620349
13.9225	-0.136020353050337
13.925	-0.131735652314091
13.9275	-0.126202439864583
13.93	-0.119472878493597
13.9325	-0.111615517630015
13.935	-0.102712953849704
13.9375	-0.0928588877878413
13.94	-0.082154641512493
13.9425	-0.0707312698226216
13.945	-0.0586422331484239
13.9475	-0.0459929515657645
13.95	-0.0328843189292757
13.9525	-0.0194061845149854
13.955	-0.00563143058750656
13.9575	0.00838839143925349
13.96	0.0226250480462542
13.9625	0.0370572145116734
13.965	0.0517351168379912
13.9675	0.0666767336938095
13.97	0.0818989173161562
13.9725	0.0974104545892168
13.975	0.113205786554935
13.9775	0.129260148177598
13.98	0.145526790684066
13.9825	0.161890150071679
13.985	0.17831684560793
13.9875	0.194707184764702
13.99	0.210952709949849
13.9925	0.226944409225526
13.995	0.242580903765302
13.9975	0.25777550458966
14	0.272461215481384
14.0025	0.286537681904629
14.005	0.300030253861042
14.0075	0.312944895647701
14.01	0.325302634701174
14.0125	0.337130660798629
14.015	0.348452708344698
14.0175	0.35928023198158
14.02	0.369605826906875
14.0225	0.37936087973762
14.025	0.388517115126695
14.0275	0.397020715581135
14.03	0.404814439841577
14.0325	0.411845339236443
14.035	0.41807268300846
14.0375	0.423474935324068
14.04	0.428054701580988
14.0425	0.431815607537672
14.045	0.434812483475125
14.0475	0.437132204458234
14.05	0.438878507457724
14.0525	0.44015735147556
14.055	0.441060223582522
14.0575	0.441647485497242
14.06	0.441933932735413
14.0625	0.441827202697652
14.065	0.441255681040936
14.0675	0.440075823875824
14.07	0.438099077119668
14.0725	0.43510194022509
14.075	0.430839797917974
14.0775	0.425063532588805
14.08	0.417537706668731
14.0825	0.408017754140313
14.085	0.396370698742999
14.0875	0.382521036254635
14.09	0.366473126520993
14.0925	0.348313832051564
14.095	0.328209246029771
14.0975	0.306396029923863
14.1	0.283168336847811
14.1025	0.258893881558516
14.105	0.233876244864761
14.1075	0.208484409698509
14.11	0.183080918132098
14.1125	0.158005807434582
14.115	0.133563925581095
14.1175	0.110016617760454
14.12	0.0875782487840851
14.1225	0.066515045858049
14.125	0.0468394803262914
14.1275	0.028639843557712
14.13	0.0119844770155462
14.1325	-0.0030682417271922
14.135	-0.0164609553292896
14.1375	-0.0281306485500741
14.14	-0.0380052775230753
14.1425	-0.0458820748157182
14.145	-0.0518006715115081
14.1475	-0.0557010709233585
14.15	-0.0575422364279639
14.1525	-0.0573127688139032
14.155	-0.0550406787697533
14.1575	-0.050800931615548
14.16	-0.0447197433519283
14.1625	-0.0368708782200805
14.165	-0.0275637534284554
14.1675	-0.0170894980143827
14.17	-0.00577532112945908
14.1725	0.0060335512947191
14.175	0.0179940871588184
14.1775	0.0297855697444363
14.18	0.0411273540336597
14.1825	0.051845790469008
14.185	0.0617633185423934
14.1875	0.0707510669271934
14.19	0.0787280900000309
14.1925	0.0856582927086613
14.195	0.0915450592373166
14.1975	0.0964243019039047
14.2	0.100356747835419
14.2025	0.103415571056607
14.205	0.105756975439156
14.2075	0.107449720220195
14.21	0.108551148114011
14.2125	0.109113858091013
14.215	0.109195057852572
14.2175	0.108866388606571
14.22	0.108221979044776
14.2225	0.107325901567438
14.225	0.106460603687946
14.2275	0.105771157379224
14.23	0.105396723333894
14.2325	0.105464766308115
14.235	0.106084160298146
14.2375	0.107337430419401
14.24	0.109272677870454
14.2425	0.111786054391391
14.245	0.11502964637731
14.2475	0.118893176679995
14.25	0.123198874254842
14.2525	0.127713652448182
14.255	0.1321660067633
14.2575	0.136265539134329
14.26	0.139722930504134
14.2625	0.142107189247892
14.265	0.143424504045792
14.2675	0.14347948580196
14.27	0.142116198947517
14.2725	0.13922748338427
14.275	0.134760724172666
14.2775	0.128719437927912
14.28	0.121160584583833
14.2825	0.111995167052024
14.285	0.101626906976959
14.2875	0.0902258018392525
14.29	0.0779654638036422
14.2925	0.0650167935076365
14.295	0.0515431716097899
14.2975	0.037696774965936
14.3	0.0236157069390357
14.3025	0.00927351531783683
14.305	-0.00503288631031784
14.3075	-0.0192123616054523
14.31	-0.0331981374716332
14.3125	-0.0469435323889768
14.315	-0.0604165987025172
14.3175	-0.0735943950151263
14.32	-0.0864575033700292
14.3225	-0.0990407835221277
14.325	-0.111250662395646
14.3275	-0.123050058578181
14.33	-0.134394388170952
14.3325	-0.145230940003451
14.335	-0.155499472456556
14.3375	-0.165134018717017
14.34	-0.174065772120562
14.3425	-0.182229516158289
14.345	-0.189569079813639
14.3475	-0.196027056855634
14.35	-0.201557721974958
14.3525	-0.206131805272055
14.355	-0.209740459661032
14.3575	-0.21239791317476
14.36	-0.214142427328544
14.3625	-0.215054194988241
14.365	-0.215209321468546
14.3675	-0.214697095174166
14.37	-0.213613960503378
14.3725	-0.212059373770471
14.375	-0.21013188426799
14.3775	-0.207925547217302
14.38	-0.20552669695799
14.3825	-0.203103037494612
14.385	-0.200629117649267
14.3875	-0.198136293113649
14.39	-0.195636529507935
14.3925	-0.193123990557848
14.395	-0.190578019616578
14.3975	-0.18796710110686
14.4	-0.185253212950156
14.4025	-0.182525185028319
14.405	-0.179609600026852
14.4075	-0.176451027758482
14.41	-0.172995786734793
14.4125	-0.169193429107361
14.415	-0.164997999052051
14.4175	-0.160369170669244
14.42	-0.15527327312416
14.4225	-0.149803703833077
14.425	-0.143814956327759
14.4275	-0.137281331506341
14.43	-0.130184324661518
14.4325	-0.122513549820271
14.435	-0.114267987207068
14.4375	-0.105457435155505
14.44	-0.0961039192552963
14.4425	-0.0862774842087595
14.445	-0.0759718143055043
14.4475	-0.0652517084418484
14.45	-0.0541971858198947
14.4525	-0.0428992954467051
14.455	-0.0314553916748067
14.4575	-0.019964791126321
14.46	-0.00852567047121121
14.4625	0.00284027551192596
14.465	0.0140084198505021
14.4675	0.0248543984418985
14.47	0.0352387697870354
14.4725	0.0450107821562787
14.475	0.0540144645069799
14.4775	0.062096614763439
14.48	0.0691159694186101
14.4825	0.0750701220588331
14.485	0.0797975902536327
14.4875	0.0832092453124822
14.49	0.0852466106505732
14.4925	0.0858926694037098
14.495	0.0851810776302675
14.4975	0.0832020323750173
14.5	0.0801032771385513
14.5025	0.0762318261415694
14.505	0.0717105552224974
14.5075	0.0667735978887002
14.51	0.0616526553613541
14.5125	0.056562680142154
14.515	0.0516901700572244
14.5175	0.0471853161893673
14.52	0.0431587050966361
14.5225	0.0398358420903787
14.525	0.0371053894726855
14.5275	0.0349577961914933
14.53	0.0333665403161884
14.5325	0.0323026573768212
14.535	0.0317490447675507
14.5375	0.0317124793425531
14.54	0.0322314373095907
14.5425	0.0335050266512259
14.545	0.0354862379517655
14.5475	0.0382849322429808
14.55	0.0420163232444298
14.5525	0.046781630433615
14.555	0.0526482238175091
14.5575	0.059632073732641
14.56	0.0676850176845923
14.5625	0.0767397905153483
14.565	0.0865157626127567
14.5675	0.0967759707558984
14.57	0.10724826541219
14.5725	0.11764194838127
14.575	0.127666726916528
14.5775	0.137052310314429
14.58	0.145566817305997
14.5825	0.152984039746354
14.585	0.159183153044649
14.5875	0.164149198112242
14.59	0.167946130683084
14.5925	0.170698878724491
14.595	0.172567611328672
14.5975	0.173717256941341
14.6	0.17428591854118
14.6025	0.17423525798981
14.605	0.173628700056804
14.6075	0.172421331435681
14.61	0.170487534893726
14.6125	0.167618076741237
14.615	0.163526056467518
14.6175	0.157862299370142
14.62	0.150239925416391
14.6225	0.140103470949545
14.625	0.127196617039355
14.6275	0.111283382777651
14.63	0.092255550263859
14.6325	0.0701541116011533
14.635	0.0451789819897847
14.6375	0.0176860839680803
14.64	-0.0118278667804832
14.6425	-0.0429566423738713
14.645	-0.0748562163261866
14.6475	-0.106741695348542
14.65	-0.137816033139573
14.6525	-0.167323109410944
14.655	-0.194598740371853
14.6575	-0.219114530827219
14.66	-0.240509964525307
14.6625	-0.258857684421145
14.665	-0.273956446899114
14.6675	-0.28592749223341
14.67	-0.295014361435621
14.6725	-0.301550281125769
14.675	-0.305921722011593
14.6775	-0.308531697452355
14.68	-0.309766027120674
14.6825	-0.310197533510929
14.685	-0.309886288255034
14.6875	-0.308984662658429
14.69	-0.307555053985248
14.6925	-0.305581889465242
14.695	-0.302992056078898
14.6975	-0.299680422477995
14.7	-0.295536563024357
14.7025	-0.290581086788514
14.705	-0.284644491230562
14.7075	-0.277701454589918
14.71	-0.269771757249759
14.7125	-0.260914031843271
14.715	-0.251213170092854
14.7175	-0.240763809047865
14.72	-0.22965274332664
14.7225	-0.217968942026366
14.725	-0.205708107203301
14.7275	-0.192855566047489
14.73	-0.179357412314415
14.7325	-0.165127598497917
14.735	-0.150060323091855
14.7375	-0.134045895256536
14.74	-0.116987809247571
14.7425	-0.0988474496735008
14.745	-0.0795670737714717
14.7475	-0.0591674566897904
14.75	-0.0377213674123618
14.7525	-0.0153504365079052
14.755	0.00778262702296935
14.7575	0.0314851033638945
14.76	0.0555469445841472
14.7625	0.0796806687794381
14.765	0.103755623436696
14.7675	0.127587252577977
14.77	0.151011013595905
14.7725	0.173883370894839
14.775	0.19607980550612
14.7775	0.217490957763132
14.78	0.238018307310129
14.7825	0.257482327920182
14.785	0.275907710595978
14.7875	0.293222587008266
14.79	0.309364023312264
14.7925	0.324284922026777
14.795	0.337961560567971
14.7975	0.350400098199201
14.8	0.361640529142692
14.8025	0.371694591852301
14.805	0.380760847970149
14.8075	0.388963610014488
14.81	0.396433990386847
14.8125	0.403300734942837
14.815	0.409681509446578
14.8175	0.41567577792848
14.82	0.421360249063101
14.8225	0.426759168922137
14.825	0.431962375192653
14.8275	0.436974998254881
14.83	0.441785670519325
14.8325	0.446377142719185
14.835	0.450735998918186
14.8375	0.454859134233269
14.84	0.458755120601735
14.8425	0.462501620266888
14.845	0.466054267476568
14.8475	0.469392364983298
14.85	0.472454474158103
14.8525	0.475122565990732
14.855	0.477210340607131
14.8575	0.478458408103663
14.86	0.478538278490918
14.8625	0.477259340151572
14.865	0.473984114600222
14.8675	0.468275652238784
14.87	0.45973364103439
14.8725	0.448032648368226
14.875	0.432958769631604
14.8775	0.414440659848485
14.88	0.392571101239539
14.8825	0.367907558827906
14.885	0.340562295641452
14.8875	0.311082354498351
14.89	0.280129444620664
14.8925	0.24843888755353
14.895	0.216773974769805
14.8975	0.18588027467904
14.9	0.156444051815629
14.9025	0.129414582178429
14.905	0.10489378082774
14.9075	0.0831764269976052
14.91	0.0644205681208665
14.9125	0.0486606092308713
14.915	0.035830115796472
14.9175	0.0257906499170056
14.92	0.0183622128106486
14.9225	0.0137436961830436
14.925	0.0113590859442177
14.9275	0.0109763868129075
14.93	0.012375400919344
14.9325	0.0153491643971545
14.935	0.0197007693144181
14.9375	0.0252371094873692
14.94	0.0317611245019066
14.9425	0.0394558712816484
14.945	0.0477326835647331
14.9475	0.0562683645866729
14.95	0.0647028691868907
14.9525	0.0726550419523371
14.955	0.0797452502032839
14.9575	0.0856221345332839
14.96	0.0899898527554019
14.9625	0.0929822454755222
14.965	0.0941936437598538
14.9675	0.0935274319894529
14.97	0.0909689408464294
14.9725	0.0865894204980844
14.975	0.0805449386135587
14.9775	0.0730696110594658
14.98	0.0644628746191815
14.9825	0.055333307909727
14.985	0.0458827316107331
14.9875	0.0363984894398073
14.99	0.0271124325983915
14.9925	0.0181930913224944
14.995	0.00974535138350314
14.9975	0.00181643574197329
15	-0.00559372041479703
15.0025	-0.0123860304873506
15.005	-0.018646970615964
15.0075	-0.02450804642207
15.01	-0.0301285126624624
15.0125	-0.0356740372893047
15.015	-0.0412960092623814
15.0175	-0.0471142369889782
15.02	-0.0532053872012089
15.0225	-0.0596066289652321
15.025	-0.0661980446402125
15.0275	-0.0729704023809321
15.03	-0.0799184405795941
15.0325	-0.087047927296922
15.035	-0.0943813066216325
15.0375	-0.101961441357504
15.04	-0.109853063888447
15.0425	-0.118256219867166
15.045	-0.127068135828667
15.0475	-0.136420285077795
15.05	-0.146462908675557
15.0525	-0.157345604016478
15.055	-0.169196600142271
15.0575	-0.182103809505121
15.06	-0.196100427493341
15.0625	-0.211349220788708
15.065	-0.227482253150694
15.0675	-0.244355971206787
15.07	-0.261799671329211
15.0725	-0.279627477055844
15.075	-0.29765218793651
15.0775	-0.315699637034996
15.08	-0.333621893791293
15.0825	-0.351512379115047
15.085	-0.369035557765689
15.0875	-0.386158335368766
15.09	-0.40289479149876
15.0925	-0.419292667624812
15.095	-0.435416482160299
15.0975	-0.451329998672824
15.1	-0.467080657963293
15.1025	-0.482858537146867
15.105	-0.49846750310449
15.1075	-0.513837573321075
15.11	-0.528869934838953
15.1125	-0.543449345101737
15.115	-0.557460012493855
15.1175	-0.570802385128688
15.12	-0.583408027949009
15.1225	-0.595445484713556
15.125	-0.606762259997138
15.1275	-0.617378478236906
15.13	-0.627337416433858
15.1325	-0.636697291143875
15.135	-0.64552139215815
15.1375	-0.653867844900984
15.14	-0.661780153689064
15.1425	-0.669565866585085
15.145	-0.676966597347217
15.1475	-0.683886162477084
15.15	-0.690185264010646
15.1525	-0.695694928471893
15.155	-0.700234178435827
15.1575	-0.703629008245361
15.16	-0.705729384568828
15.1625	-0.70678620710831
15.165	-0.706393977122452
15.1675	-0.704446867612102
15.17	-0.700852961818167
15.1725	-0.695531223611164
15.175	-0.688409118958838
15.1775	-0.679421973150779
15.18	-0.668514632828882
15.1825	-0.656001875780683
15.185	-0.641542274823238
15.1875	-0.625068602789284
15.19	-0.606532229341691
15.1925	-0.585921852014819
15.195	-0.563282975803349
15.1975	-0.538734767817657
15.2	-0.512480853888041
15.2025	-0.485045364934745
15.205	-0.456597389101074
15.2075	-0.427511153560113
15.21	-0.398178108694422
15.2125	-0.368981831204098
15.215	-0.34027304417823
15.2175	-0.31234759096001
15.22	-0.285429840986888
15.2225	-0.259703086342981
15.225	-0.235207342786518
15.2275	-0.211915159331138
15.23	-0.189732982257772
15.2325	-0.168523286978508
15.235	-0.14812992093789
15.2375	-0.128403353313234
15.24	-0.10922264459304
15.2425	-0.090426910492363
15.245	-0.0720906390488809
15.2475	-0.0542511628592556
15.25	-0.0369891519952606
15.2525	-0.0204135712052979
15.255	-0.00464192601251243
15.2575	0.010221447355815
15.26	0.0241060330576852
15.2625	0.0371592522525098
15.265	0.0492336081228239
15.2675	0.0604167693780166
15.27	0.0708571557157483
15.2725	0.0807530696742147
15.275	0.0903371360931418
15.2775	0.0998582022365912
15.28	0.10956287087945
15.2825	0.119906973805373
15.285	0.13081202511575
15.2875	0.142411797061145
15.29	0.15479717581441
15.2925	0.168014778896068
15.295	0.182070316285406
15.2975	0.196936087136608
15.3	0.212561375762287
15.3025	0.229136188294786
15.305	0.2462735203118
15.3075	0.263908572607563
15.31	0.28200019395144
15.3125	0.300527702763856
15.315	0.319483694856413
15.3175	0.338864316620612
15.32	0.358658545808864
15.3225	0.379115530535819
15.325	0.399807074295481
15.3275	0.420640977281352
15.33	0.441504271051469
15.3325	0.462257162769161
15.335	0.482730650397791
15.3375	0.502728976962016
15.34	0.522037209873964
15.3425	0.540735723201633
15.345	0.55819708625336
15.3475	0.574227103317426
15.35	0.588685950000281
15.3525	0.601489933415989
15.355	0.612607173571684
15.3575	0.622047715892108
15.36	0.629848916043952
15.3625	0.63635244287229
15.365	0.641176356249738
15.3675	0.644326587447384
15.37	0.645778113755685
15.3725	0.645450706519803
15.375	0.643190897604474
15.3775	0.638764190114761
15.38	0.631860253795963
15.3825	0.622312350714555
15.385	0.609401298651207
15.3875	0.592772370385782
15.39	0.572158273975496
15.3925	0.547414214662872
15.395	0.518546252755046
15.3975	0.485730197380031
15.4	0.449318844481603
15.4025	0.409904115210894
15.405	0.367983752687172
15.4075	0.324386957836145
15.41	0.280041537270423
15.4125	0.235910418845948
15.415	0.192923203597152
15.4175	0.151910119830054
15.42	0.113545519761542
15.4225	0.0782637302853911
15.425	0.0462940497326616
15.4275	0.0177139964849518
15.43	-0.00758027540606555
15.4325	-0.0298464381805216
15.435	-0.0494573975740251
15.4375	-0.0668556211237185
15.44	-0.0825048744543855
15.4425	-0.096937070159091
15.445	-0.110471987435994
15.4475	-0.123357111838972
15.45	-0.135715737197522
15.4525	-0.147548700317462
15.455	-0.158750121655693
15.4575	-0.169134157849921
15.46	-0.178468700532925
15.4625	-0.186609079349563
15.465	-0.193247982776362
15.4675	-0.198200251844231
15.47	-0.201348926204493
15.4725	-0.202658422358179
15.475	-0.202178514345005
15.4775	-0.200039611339301
15.48	-0.19644065377975
15.4825	-0.191693598698307
15.485	-0.185999954803521
15.4875	-0.179645313968286
15.49	-0.172905888185408
15.4925	-0.166030693505207
15.495	-0.1592284412371
15.4975	-0.152660104755324
15.5	-0.146437396332987
15.5025	-0.140670655443272
15.505	-0.135301743496456
15.5075	-0.130344156991395
15.51	-0.125805253268987
15.5125	-0.121692500458584
15.515	-0.118016773970206
15.5175	-0.114792461881854
15.52	-0.112034514783663
15.5225	-0.109837821750354
15.525	-0.108043375468005
15.5275	-0.106643118359774
15.53	-0.105612844971081
15.5325	-0.104897281005913
15.535	-0.104396675174145
15.5375	-0.103957424166624
15.54	-0.103368751135695
15.5425	-0.102536087761032
15.545	-0.100886841377798
15.5475	-0.0981042881808289
15.55	-0.09388866707346
15.5525	-0.0879742800032303
15.555	-0.0801460513934703
15.5575	-0.0702546053434963
15.56	-0.0582287282534953
15.5625	-0.0443288844836113
15.565	-0.0283045892903782
15.5675	-0.0103564325850561
15.57	0.00921641544816196
15.5725	0.0300395305244876
15.575	0.0516917168261341
15.5775	0.0737351287854715
15.58	0.0957436796579212
15.5825	0.117060778470956
15.585	0.137724406064014
15.5875	0.157459049796059
15.59	0.17603813613587
15.5925	0.193289147607926
15.595	0.209094059669491
15.5975	0.223385168872492
15.6	0.236137056079392
15.6025	0.247148847783977
15.605	0.256728985680081
15.6075	0.264915913703167
15.61	0.271737376958101
15.6125	0.277210329242235
15.615	0.281344322826701
15.6175	0.284146971301833
15.62	0.285629974096541
15.6225	0.285721818772209
15.625	0.284561744491011
15.6275	0.282206506584856
15.63	0.278724106355445
15.6325	0.274189790564504
15.635	0.268680241910711
15.6375	0.262266907568271
15.64	0.255009608319656
15.6425	0.246914447326407
15.645	0.238017732847629
15.6475	0.22834032811953
15.65	0.217893371353558
15.6525	0.206680271494785
15.655	0.194700104919211
15.6575	0.181952260251312
15.66	0.168442031739317
15.6625	0.154193716050632
15.665	0.139194907739826
15.6675	0.123519799492778
15.67	0.107278615879107
15.6725	0.0906147636432952
15.675	0.0736991437156104
15.6775	0.0567224672900881
15.68	0.0398865287538121
15.6825	0.0234573100108461
15.685	0.00753402492983717
15.6875	-0.00769300900232162
15.69	-0.0220451581925
15.6925	-0.0353625667722305
15.695	-0.0475098385576914
15.6975	-0.0583798076392478
15.7	-0.0678951574497278
15.7025	-0.0759024224303216
15.705	-0.0825049534442404
15.7075	-0.08771415370108
15.71	-0.0915583138744497
15.7125	-0.0940780626784001
15.715	-0.0953219015389559
15.7175	-0.0953422736330228
15.72	-0.0941926480581117
15.7225	-0.0917808652740621
15.725	-0.0883097738378337
15.7275	-0.083854690525747
15.73	-0.0784976435380783
15.7325	-0.0723289682647396
15.735	-0.0654482230142638
15.7375	-0.0579641009227898
15.74	-0.0499932507912808
15.7425	-0.0414980468177057
15.745	-0.0327646760995052
15.7475	-0.0239432393850383
15.75	-0.0151832067487413
15.7525	-0.00662688049031673
15.755	0.00159770852227385
15.7575	0.00938368454298584
15.76	0.0166510747231167
15.7625	0.0234872433501832
15.765	0.0297442808026445
15.7675	0.035410118822687
15.77	0.0404936488038145
15.7725	0.045021501875558
15.775	0.0490344098665605
15.7775	0.0525835368064304
15.78	0.0557270643828348
15.7825	0.0585999970125677
15.785	0.0612264666591546
15.7875	0.0636450971982585
15.79	0.0658844599701729
15.7925	0.067968118350493
15.795	0.0699210384627504
15.7975	0.0717760409195335
15.8	0.0735789377638686
15.8025	0.0753845298534264
15.805	0.0773303770086052
15.8075	0.0794831740407992
15.81	0.0819020760335567
15.8125	0.084635957195534
15.815	0.0877202709174085
15.8175	0.0911734779860337
15.82	0.094993180496723
15.8225	0.0990683986644655
15.825	0.10348249929133
15.8275	0.108141318032979
15.83	0.11290997426725
15.8325	0.11761962033072
15.835	0.122076919992741
15.8375	0.126075184232803
15.84	0.12940606870153
15.8425	0.131724060515128
15.845	0.133035009181864
15.8475	0.13319537657504
15.85	0.132090240117342
15.8525	0.129638669713969
15.855	0.125796532702163
15.8575	0.120556545897087
15.86	0.113945785980847
15.8625	0.105834096101856
15.865	0.0965015563775752
15.8675	0.0860716524240646
15.87	0.0746806633746319
15.8725	0.0624697394219407
15.875	0.0495771243971585
15.8775	0.0361311596735598
15.88	0.0222447951379138
15.8825	0.00783285298382165
15.885	-0.0068672868296014
15.8875	-0.021762536710258
15.89	-0.0367649051319331
15.8925	-0.0517907014519789
15.895	-0.0667599409963088
15.8975	-0.0815958195632936
15.9	-0.096223999121088
15.9025	-0.110724816204241
15.905	-0.124909883486221
15.9075	-0.138663397077205
15.91	-0.151853503735187
15.9125	-0.164338693251044
15.915	-0.175976713531334
15.9175	-0.186634891494094
15.92	-0.196200494048167
15.9225	-0.204751727729117
15.925	-0.212124229188739
15.9275	-0.218264515671088
15.93	-0.223145005139969
15.9325	-0.226770151986942
15.935	-0.229181667711209
15.9375	-0.230461775087812
15.94	-0.230733462118765
15.9425	-0.230358927202318
15.945	-0.229367402212859
15.9475	-0.227918248532349
15.95	-0.226161839467249
15.9525	-0.224233269607186
15.955	-0.222247965837089
15.9575	-0.22029896137606
15.96	-0.218455295841563
15.9625	-0.217001611237069
15.965	-0.215746366643102
15.9675	-0.214628955132516
15.97	-0.21354832551301
15.9725	-0.212371157400596
15.975	-0.210942973054221
15.9775	-0.209101025596674
15.98	-0.206687468993976
15.9825	-0.203776338963481
15.985	-0.200055933776719
15.9875	-0.195401119259725
15.99	-0.189711534104921
15.9925	-0.182916280665796
15.995	-0.174977102654735
15.9975	-0.165889790842019
16	-0.155683545998948
16.0025	-0.14453429406669
16.005	-0.132410781478367
16.0075	-0.119398020760111
16.01	-0.105588240196166
16.0125	-0.0910739461156852
16.015	-0.0759419569221115
16.0175	-0.0602690102629665
16.02	-0.0441193440229697
16.0225	-0.0275930912601912
16.025	-0.0106669048692188
16.0275	0.00662787720990666
16.03	0.0242604197075511
16.0325	0.042195832639628
16.035	0.0603905222845512
16.0375	0.0787878753765085
16.04	0.097314724568696
16.0425	0.115856723736506
16.045	0.134351620267836
16.0475	0.15266203840341
16.05	0.170630155442051
16.0525	0.188085829460171
16.055	0.204856628131506
16.0575	0.220778624130092
16.06	0.235706769893639
16.0625	0.249531419357527
16.065	0.262189786641629
16.0675	0.273624573541579
16.07	0.283811437446483
16.0725	0.292760956234624
16.075	0.300518898593278
16.0775	0.307164686100447
16.08	0.312808050387397
16.0825	0.317616929645156
16.085	0.321722384624485
16.0875	0.325280570954314
16.09	0.32844843351812
16.0925	0.331377788132193
16.095	0.334210264613626
16.0975	0.337073163942216
16.1	0.340076186577597
16.1025	0.343337350011846
16.105	0.346877594913947
16.1075	0.350744543774214
16.11	0.354965678097588
16.1125	0.359546982041734
16.115	0.364472469337731
16.1175	0.369705115163885
16.12	0.375189540666189
16.1225	0.380860528088888
16.125	0.386591494569129
16.1275	0.392321719879042
16.13	0.398005225447124
16.1325	0.403610125217479
16.135	0.409114892927383
16.1375	0.414501938090079
16.14	0.419749177530395
16.1425	0.424790398813488
16.145	0.429537472398412
16.1475	0.433926714126542
16.15	0.437868449951392
16.1525	0.441235157456436
16.155	0.443852311211541
16.1575	0.445494202106967
16.16	0.445886561651057
16.1625	0.444668640808975
16.165	0.441498336874148
16.1675	0.436079679932717
16.17	0.428164265200948
16.1725	0.417573243230649
16.175	0.404215943339148
16.1775	0.388103428589296
16.18	0.369355660519809
16.1825	0.348168091817796
16.185	0.324850813923475
16.1875	0.299847185621372
16.19	0.273677921925702
16.1925	0.246907617237153
16.195	0.220107349564616
16.1975	0.193817145835957
16.2	0.168512078327696
16.2025	0.144552156322704
16.205	0.122194158205571
16.2075	0.10161465652539
16.21	0.0828858777325419
16.2125	0.0659829541089546
16.215	0.0507977147679775
16.2175	0.0371574219740817
16.22	0.0248465255634007
16.2225	0.0135770033082931
16.225	0.00314909873929402
16.2275	-0.00663530712109924
16.23	-0.0159343205479637
16.2325	-0.024859666851747
16.235	-0.0334760494034365
16.2375	-0.0418052035080282
16.24	-0.0498331443035585
16.2425	-0.0576504460862239
16.245	-0.0650628750001788
16.2475	-0.071980920053333
16.25	-0.0783076212714901
16.2525	-0.0839440365890153
16.255	-0.0887934609776745
16.2575	-0.0927645719207734
16.26	-0.0957736996243691
16.2625	-0.0979552063156748
16.265	-0.0990115784987818
16.2675	-0.0988665323102635
16.27	-0.0974562411443025
16.2725	-0.0947310595980886
16.275	-0.0906581455851604
16.2775	-0.0852248248153687
16.28	-0.0784421723284327
16.2825	-0.0705783436318961
16.285	-0.0614298865195151
16.2875	-0.0510707289287251
16.29	-0.0396038922824267
16.2925	-0.0271562724737749
16.295	-0.0138722618787802
16.2975	9.29453423986215e-05
16.3	0.0145796970382098
16.3025	0.0292191112601278
16.305	0.0441174407765646
16.3075	0.0591446204480861
16.31	0.0741763218842305
16.3125	0.0890974356201542
16.315	0.103804238442169
16.3175	0.11820485061282
16.32	0.132217938892152
16.3225	0.145602671665636
16.325	0.158520395293166
16.3275	0.170903286159892
16.33	0.182671112168692
16.3325	0.193734163781878
16.335	0.20399788486693
16.3375	0.213368311335092
16.34	0.221757492150835
16.3425	0.228975677070079
16.345	0.235154662904356
16.3475	0.240233857254672
16.35	0.244156511224761
16.3525	0.24687862333447
16.355	0.248377749684739
16.3575	0.248660127320623
16.36	0.247764789750222
16.3625	0.24570024859389
16.365	0.24272677489039
16.3675	0.238939827203766
16.37	0.234428777510281
16.3725	0.229277303017729
16.375	0.22356545498043
16.3775	0.217372569883251
16.38	0.210780191086377
16.3825	0.203859808431748
16.385	0.196802143791085
16.3875	0.189673204743987
16.39	0.182526887299727
16.3925	0.175414517718717
16.395	0.168395540304323
16.3975	0.16154744229617
16.4	0.154973073459681
16.4025	0.148849717506003
16.405	0.143336097460761
16.4075	0.138584774341845
16.41	0.134746526861359
16.4125	0.131962865769017
16.415	0.130358019014719
16.4175	0.130030847094915
16.42	0.131047160200683
16.4225	0.133517533246483
16.425	0.137356371150895
16.4275	0.142475062347003
16.43	0.148729841505707
16.4325	0.155927805124849
16.435	0.16383673401645
16.4375	0.172197838243868
16.44	0.180740211327485
16.4425	0.189302843408622
16.445	0.197530803204565
16.4475	0.205181794889342
16.45	0.212047245070956
16.4525	0.217960345000882
16.455	0.222801294025462
16.4575	0.226499461285866
16.46	0.229032330686716
16.4625	0.23055918769886
16.465	0.230998148961708
16.4675	0.230413921379691
16.47	0.228885403705133
16.4725	0.226496823814473
16.475	0.223330052593539
16.4775	0.219458533844545
16.48	0.214942959767156
16.4825	0.20998980409072
16.485	0.204471661970645
16.4875	0.198372536289804
16.49	0.191655983184686
16.4925	0.18427084121638
16.495	0.176158741134045
16.4975	0.167262557368077
16.5	0.157534777263237
16.5025	0.147108284062485
16.505	0.135838419932715
16.5075	0.123704488163248
16.51	0.110701463641311
16.5125	0.0968444526427265
16.515	0.082172538547502
16.5175	0.0667513533959276
16.52	0.0506737033641004
16.5225	0.0341835542427432
16.525	0.0173435999650797
16.5275	0.000267134310890218
16.53	-0.0169398671233164
16.5325	-0.034178749959692
16.535	-0.0513560844075066
16.5375	-0.0683801157315039
16.54	-0.0851566381572857
16.5425	-0.101519182338922
16.545	-0.117362901984561
16.5475	-0.132604229803786
16.55	-0.147165438778442
16.5525	-0.160968417499117
16.555	-0.173928782412425
16.5575	-0.185951749303956
16.56	-0.1969309798984
16.5625	-0.206732594656371
16.565	-0.215196606896547
16.5675	-0.222240032710127
16.57	-0.227812417651154
16.5725	-0.231900148920114
16.575	-0.23452843681391
16.5775	-0.235760885947065
16.58	-0.235696763238156
16.5825	-0.234474942215757
16.585	-0.232193157136324
16.5875	-0.229040703025017
16.59	-0.225225101761246
16.5925	-0.220957473619875
16.595	-0.216437657152731
16.5975	-0.211840917313297
16.6	-0.2073078816339
16.6025	-0.202969460783857
16.605	-0.198822746786124
16.6075	-0.194898631615499
16.61	-0.191205968113833
16.6125	-0.187739394818905
16.615	-0.184488004997489
16.6175	-0.181443789117261
16.62	-0.178608793709682
16.6225	-0.176065033247237
16.625	-0.173760690836507
16.6275	-0.171744689463023
16.63	-0.170081805080316
16.6325	-0.168845424460902
16.635	-0.168109044744072
16.6375	-0.167937900925083
16.64	-0.168381991806421
16.6425	-0.169582845824108
16.645	-0.171411807585285
16.6475	-0.173850403627498
16.65	-0.176867500956012
16.6525	-0.180424449599292
16.655	-0.184481423657551
16.6575	-0.189004021039737
16.66	-0.193969009875538
16.6625	-0.199492362484418
16.665	-0.205422037693741
16.6675	-0.211773755363729
16.67	-0.218575870539194
16.6725	-0.225858834817034
16.675	-0.233643046363634
16.6775	-0.241926895350696
16.68	-0.250676726495671
16.6825	-0.259924162442165
16.685	-0.269416419844814
16.6875	-0.278998392926428
16.69	-0.288487580682443
16.6925	-0.297681816260787
16.695	-0.30636951558263
16.6975	-0.314341573376235
16.7	-0.321403767446987
16.7025	-0.327462880103531
16.705	-0.332286983133766
16.7075	-0.335786205931405
16.71	-0.337920654669006
16.7125	-0.338697916035436
16.715	-0.338167029829184
16.7175	-0.336409971972488
16.72	-0.333531833891949
16.7225	-0.329661263021524
16.725	-0.324899782672326
16.7275	-0.319368673780674
16.73	-0.313182097807076
16.7325	-0.306442503027242
16.735	-0.299237876709916
16.7375	-0.291640746758735
16.74	-0.283708696243874
16.7425	-0.275385809699488
16.745	-0.266811072797153
16.7475	-0.25802371249584
16.75	-0.249058543142049
16.7525	-0.239946819742935
16.755	-0.230716002935938
16.7575	-0.22138866072981
16.76	-0.211980989744294
16.7625	-0.202294733135393
16.765	-0.19255292590065
16.7675	-0.18277486842847
16.77	-0.172975018447737
16.7725	-0.163163414715574
16.775	-0.15334568750478
16.7775	-0.143522546755391
16.78	-0.133688917248101
16.7825	-0.123563801261646
16.785	-0.11341352109765
16.7875	-0.103249301085728
16.79	-0.0930798142815956
16.7925	-0.0829104009367669
16.795	-0.0727420044027779
16.7975	-0.062570190068019
16.8	-0.0523848414516323
16.8025	-0.0418859583345858
16.805	-0.0313488234014032
16.8075	-0.0208021261294505
16.81	-0.0102881266352088
16.8125	0.000135358743121287
16.815	0.0103947346461022
16.8175	0.0204023564558451
16.82	0.0300599930698574
16.8225	0.0395278126310137
16.825	0.0484335375405297
16.8275	0.0566359074160134
16.83	0.0639975666638199
16.8325	0.0703936821520654
16.835	0.0757210316530648
16.8375	0.0799066764382373
16.84	0.0829151473291738
16.8425	0.0849791364783943
16.845	0.085916338790741
16.8475	0.0857843617522161
16.85	0.0846722080737668
16.8525	0.0826950204751033
16.855	0.0799880422648723
16.8575	0.0767003304361768
16.86	0.0729885450903927
16.8625	0.0691795940836153
16.865	0.0652381454737111
16.8675	0.0612899201940607
16.87	0.0574460660218242
16.8725	0.0537987048010892
16.875	0.0504175717042606
16.8775	0.0473479192478925
16.88	0.0446096701416192
16.8825	0.0423188932689124
16.885	0.0402840994398374
16.8875	0.0384506531613003
16.89	0.0367491043914342
16.8925	0.0350942139863611
16.895	0.0333841234982123
16.8975	0.0315003948506705
16.9	0.0293094939086592
16.9025	0.0267690914891424
16.905	0.0235637656471414
16.9075	0.0195490330885271
16.91	0.0145983549085091
16.9125	0.00860558571404502
16.915	0.00148686284740525
16.9175	-0.00681751588982538
16.92	-0.0163408684031548
16.9225	-0.0270118295128962
16.925	-0.0389456100026195
16.9275	-0.0520654902495647
16.93	-0.0662467544698725
16.9325	-0.081324356796208
16.935	-0.0971036251255763
16.9375	-0.113372838078568
16.94	-0.129916408131145
16.9425	-0.146481713779898
16.945	-0.162987051641033
16.9475	-0.179256578248353
16.95	-0.195136706036536
16.9525	-0.210505459792459
16.955	-0.225279433782601
16.9575	-0.239417176955252
16.96	-0.252918217323783
16.9625	-0.265790876635568
16.965	-0.278168063446497
16.9675	-0.290108686417248
16.97	-0.301660470661291
16.9725	-0.312850707275397
16.975	-0.323679516542861
16.9775	-0.334116184051532
16.98	-0.34409886208162
16.9825	-0.353508655612349
16.985	-0.362289789709479
16.9875	-0.370310844081458
16.99	-0.377432360112336
16.9925	-0.383520740367332
16.995	-0.388461967849114
16.9975	-0.392173442267364
17	-0.394612458957998
17.0025	-0.395749125144499
17.005	-0.395666597068707
17.0075	-0.394448309982127
17.01	-0.392204022534243
17.0125	-0.389057104205066
17.015	-0.385130219942966
17.0175	-0.380531039809578
17.02	-0.375339640498429
17.0225	-0.369589468509931
17.025	-0.363282743295413
17.0275	-0.356383383210884
17.03	-0.348820328260081
17.0325	-0.340495990519229
17.035	-0.331298154053578
17.0375	-0.3211141756442
17.04	-0.309846080364535
17.0425	-0.297445388655234
17.045	-0.283847976790975
17.0475	-0.269080414995218
17.05	-0.253227459202236
17.0525	-0.236430138185401
17.055	-0.218878788808557
17.0575	-0.200801820119764
17.06	-0.182451349415016
17.0625	-0.16411279581864
17.065	-0.145998012928613
17.0675	-0.12833510911477
17.07	-0.111317512696982
17.0725	-0.0950933157070385
17.075	-0.0797586305432434
17.0775	-0.0653555064574817
17.08	-0.0518745020220175
17.0825	-0.0392663399456484
17.085	-0.0274281572214948
17.0875	-0.0162533054728608
17.09	-0.00562940511293101
17.0925	0.00454934604308452
17.095	0.014371647271188
17.0975	0.0239012087192176
17.1	0.0331720629249591
17.1025	0.042203721620695
17.105	0.050963247200967
17.1075	0.0593945718578629
17.11	0.0674225852820095
17.1125	0.0749631983302815
17.115	0.0819339959363014
17.1175	0.0882641616647225
17.12	0.093902455049115
17.1225	0.0988515324884679
17.125	0.103082205721339
17.1275	0.106613391450836
17.13	0.109482092648704
17.1325	0.111736206272861
17.135	0.113426087405312
17.1375	0.114596013052937
17.14	0.115276671160039
17.1425	0.115545492544849
17.145	0.115305546621313
17.1475	0.114522860026004
17.15	0.113148256805873
17.1525	0.111122160060622
17.155	0.108381478683894
17.1575	0.104867926935549
17.16	0.100536867634107
17.1625	0.095519406692326
17.165	0.0896312018158287
17.1675	0.0829020141888499
17.17	0.0754009213024375
17.1725	0.0672332454561389
17.175	0.0585348761882019
17.1775	0.0494648150396355
17.18	0.040196735073774
17.1825	0.0311609560585292
17.185	0.0222400547199635
17.1875	0.0135789240092241
17.19	0.00530987735755164
17.1925	-0.00245277634124376
17.195	-0.0096157398599881
17.1975	-0.016107121004107
17.2	-0.021874548885056
17.2025	-0.0265740640973421
17.205	-0.0305365639947715
17.2075	-0.0337762221470258
17.21	-0.0363097562645493
17.2125	-0.0381552608704134
17.215	-0.0393316671672536
17.2175	-0.0398585779236136
17.22	-0.0397564422325377
17.2225	-0.0387591012464733
17.225	-0.037225133613675
17.2275	-0.0352116238912541
17.23	-0.032779952482516
17.2325	-0.0299991081574256
17.235	-0.0269480542424604
17.2375	-0.0237164671684261
17.24	-0.0204035705291076
17.2425	-0.0168832686640516
17.245	-0.0135342148719254
17.2475	-0.0104831650017751
17.25	-0.00784594254495553
17.2525	-0.00572319573461555
17.255	-0.00419647606998237
17.2575	-0.00332481120367358
17.26	-0.00314208982154967
17.2625	-0.0034595505858274
17.265	-0.00446810564113886
17.2675	-0.00614932838180959
17.27	-0.00846447275077452
17.2725	-0.0113567003483657
17.275	-0.0147530803826763
17.2775	-0.0185661508767507
17.28	-0.0226950946346327
17.2825	-0.0268471694222953
17.285	-0.0310636879382237
17.2875	-0.0352456984020363
17.29	-0.0392947614746343
17.2925	-0.0431113246052418
17.295	-0.0465929873412665
17.2975	-0.0496336632873968
17.3	-0.0521246684090836
17.3025	-0.0538159409797061
17.305	-0.0547220871826891
17.3075	-0.0547959395076562
17.31	-0.054029059415006
17.3125	-0.0524574373144061
17.315	-0.0501647884639129
17.3175	-0.047282962493141
17.32	-0.0439892575016954
17.3225	-0.0404154899268263
17.325	-0.0368606253968106
17.3275	-0.0336208285996756
17.33	-0.0310093136101706
17.3325	-0.0293367029310585
17.335	-0.0288902283509752
17.3375	-0.0299138907427367
17.34	-0.0325916769069659
17.3425	-0.0370074073545323
17.345	-0.0431923738456636
17.3475	-0.0511207423649772
17.35	-0.0607037167518827
17.3525	-0.0717971653130287
17.355	-0.0842122398221632
17.3575	-0.0977279567149279
17.36	-0.112104561372041
17.3625	-0.12710976596088
17.365	-0.142468656068159
17.3675	-0.157962372371307
17.37	-0.173396831629002
17.3725	-0.188602928228718
17.375	-0.203433401271565
17.3775	-0.217757395505495
17.38	-0.231453941313516
17.3825	-0.24443274543607
17.385	-0.256542275474736
17.3875	-0.267657029368217
17.39	-0.277647402047622
17.3925	-0.286382081610158
17.395	-0.29373305290436
17.3975	-0.299582680845415
17.4	-0.303832080419467
17.4025	-0.306451044974391
17.405	-0.307373765693554
17.4075	-0.306595820692077
17.41	-0.304156739763574
17.4125	-0.30014467781117
17.415	-0.294698946596937
17.4175	-0.288009979451902
17.42	-0.280316440035258
17.4225	-0.271969347728516
17.425	-0.263233032994635
17.4275	-0.254425718544129
17.43	-0.245869425451236
17.4325	-0.237879622702571
17.435	-0.230755165364638
17.4375	-0.224768545770102
17.44	-0.220156427273613
17.4425	-0.217215730006198
17.445	-0.215999517871261
17.4475	-0.216559741795967
17.45	-0.218874558261881
17.4525	-0.222849428108863
17.455	-0.228322254649776
17.4575	-0.235072204161544
17.46	-0.24283150859728
17.4625	-0.251396718051032
17.465	-0.260366324700882
17.4675	-0.269396206094461
17.47	-0.278147398498938
17.4725	-0.286302226940778
17.475	-0.29357905205254
17.4775	-0.299744554524417
17.48	-0.304622606202596
17.4825	-0.308148244640351
17.485	-0.310232853400539
17.4875	-0.310869775598316
17.49	-0.310098838131183
17.4925	-0.30799795959336
17.495	-0.304673332369811
17.4975	-0.300248933609624
17.5	-0.294856110451537
17.5025	-0.288623599612425
17.505	-0.281682441173671
17.5075	-0.274129422903004
17.51	-0.266037772396994
17.5125	-0.257457088080716
17.515	-0.248415961191417
17.5175	-0.238926811513138
17.52	-0.228992304064786
17.5225	-0.218585465893769
17.525	-0.207744778484809
17.5275	-0.196488471034707
17.53	-0.184850685585463
17.5325	-0.172884966375318
17.535	-0.160665317395484
17.5375	-0.148284601604666
17.54	-0.135850354832351
17.5425	-0.123434374082677
17.545	-0.111197937567138
17.5475	-0.0992551720793629
17.55	-0.087703826761748
17.5525	-0.0766170652447303
17.555	-0.0660370293202294
17.5575	-0.0559710115915375
17.56	-0.0463908548175295
17.5625	-0.0371629530090711
17.565	-0.0282888742100242
17.5675	-0.0196699222810458
17.57	-0.0111996053032241
17.5725	-0.00277579326534459
17.575	0.00568807495514097
17.5775	0.0142542139459202
17.58	0.0229552676771814
17.5825	0.0319073070735146
17.585	0.0409333496073065
17.5875	0.0499843692695464
17.59	0.059005728349191
17.5925	0.0679454355682443
17.595	0.0767621465157986
17.5975	0.0854318877648904
17.6	0.0939524883265282
17.6025	0.102494541821005
17.605	0.110900735731689
17.6075	0.119223300753419
17.61	0.127526796197064
17.6125	0.135873096163573
17.615	0.144305551492481
17.6175	0.152834668418387
17.62	0.161427366245985
17.6225	0.170125293727309
17.625	0.178625652599256
17.6275	0.186753668470458
17.63	0.194310298695072
17.6325	0.201083704330944
17.635	0.206862756423128
17.6375	0.211451434864747
17.64	0.214682786724607
17.6425	0.216497413546244
17.645	0.216711659363672
17.6475	0.215311757882922
17.65	0.2123472421073
17.6525	0.207922913243601
17.655	0.202186542609448
17.6575	0.195314133963461
17.66	0.187494703778268
17.6625	0.178961563638876
17.665	0.169795340861885
17.6675	0.160165588903381
17.67	0.150228158151964
17.6725	0.140119471584229
17.675	0.129953082154132
17.6775	0.119818628337796
17.68	0.109783017300068
17.6825	0.0999516827175984
17.685	0.0902350553190891
17.6875	0.0806697098781713
17.69	0.07129747067185
17.6925	0.0621619362225856
17.695	0.0533031601456618
17.6975	0.0447518288689691
17.7	0.0365242925116443
17.7025	0.0287034352210433
17.705	0.0211300997893932
17.7075	0.0137805306863449
17.71	0.00663180212678422
17.7125	-0.000336316174645591
17.715	-0.00713890101686852
17.7175	-0.013782840541377
17.72	-0.0202634773523506
17.7225	-0.0264718450288797
17.725	-0.0325013822802699
17.7275	-0.0382950321729075
17.73	-0.0437716092459159
17.7325	-0.0488322539159388
17.735	-0.0533693022990513
17.7375	-0.0572766015496822
17.74	-0.0604602124261246
17.7425	-0.0628007013121159
17.745	-0.0643298116445061
17.7475	-0.0650413608326572
17.75	-0.0649655907490418
17.7525	-0.0641719371696803
17.755	-0.0627688474383199
17.7575	-0.0609003117867528
17.76	-0.0587390676831101
17.7625	-0.0564932889469829
17.765	-0.0543580792815098
17.7675	-0.0525167299169884
17.77	-0.0511282296897188
17.7725	-0.0503160682603182
17.775	-0.0501593622231402
17.7775	-0.0506869052107392
17.78	-0.0518745020220175
17.7825	-0.0537077861972751
17.785	-0.0560037845233468
17.7875	-0.0585854392734593
17.79	-0.0612422503852719
17.7925	-0.0637437799012158
17.795	-0.0658548683095339
17.7975	-0.0673513896476608
17.8	-0.0680352506264848
17.8025	-0.0678490678492928
17.805	-0.0665737782599466
17.8075	-0.0641405587298623
17.81	-0.0605362000348355
17.8125	-0.0558014595126586
17.815	-0.0500259183429013
17.8175	-0.0433398678232753
17.82	-0.0359038798717205
17.8225	-0.0280506005212597
17.825	-0.0197955502446699
17.8275	-0.0112983764341309
17.83	-0.0027010408467251
17.8325	0.0058797625340794
17.835	0.0143565473477341
17.8375	0.0226710373976911
17.84	0.0307904789200903
17.8425	0.0385041764685871
17.845	0.0460267101963271
17.8475	0.053377889609679
17.85	0.0605690026653127
17.8525	0.0675939271004383
17.855	0.0744216551237451
17.8575	0.0809909714023716
17.86	0.0872080025312273
17.8625	0.09278631169809
17.865	0.0977547152644384
17.8675	0.101959700944948
17.87	0.105240018044036
17.8725	0.107439790366164
17.875	0.108421934833704
17.8775	0.108080497441421
17.88	0.106350734469522
17.8825	0.103174262772276
17.885	0.0986476331407791
17.8875	0.0928562748473031
17.89	0.085930553714297
17.8925	0.0780413357908467
17.895	0.0693935841430217
17.8975	0.0602183729638875
17.9	0.0507637632634442
17.9025	0.0413332224612602
17.905	0.0321468321428383
17.9075	0.0234312351411076
17.91	0.0153883230159133
17.9125	0.00819130195452725
17.915	0.00198305652803185
17.9175	-0.00312363696941574
17.92	-0.00704468545978016
17.9225	-0.00965346238037715
17.925	-0.0109814103295803
17.9275	-0.0110329576664124
17.93	-0.00983830506197651
17.9325	-0.0074515220428083
17.935	-0.00394860739101211
17.9375	0.000574500429810631
17.94	0.00600399328958536
17.9425	0.0122666188729822
17.945	0.0191574934525775
17.9475	0.0265167994697032
17.95	0.0341774214578543
17.9525	0.041969099189069
17.955	0.0497234912488672
17.9575	0.0572801087345283
17.96	0.0644928945856294
17.9625	0.0712457138674141
17.965	0.0774203480158197
17.9675	0.082956698590013
17.97	0.0878343610906931
17.9725	0.0920729984460279
17.975	0.095730063675909
17.9775	0.0988960445863814
17.98	0.101687633014611
17.9825	0.104216241226578
17.985	0.106632781040703
17.9875	0.10909001452483
17.99	0.111735335116271
17.9925	0.114700840416417
17.995	0.118094701191257
17.9975	0.121994636885746
18	0.126444098678668
18.0025	0.131420756012865
18.005	0.136910227322107
18.0075	0.142872540599609
18.01	0.149250406225265
18.0125	0.155972786576296
18.015	0.162957565372463
18.0175	0.170113011934244
18.02	0.177337948463386
18.0225	0.184474158346475
18.025	0.191428958841422
18.0275	0.198077130690758
18.03	0.204280579399396
18.0325	0.209883736802093
18.035	0.214709710164725
18.0375	0.218558327021025
18.04	0.22120712609929
18.0425	0.222366057494968
18.045	0.221836212467434
18.0475	0.219380735577194
18.05	0.214783746980601
18.0525	0.207867244449422
18.055	0.198508135958126
18.0575	0.186653801245108
18.06	0.172334620722065
18.0625	0.155630211511212
18.065	0.136812111017253
18.0675	0.116187083907999
18.07	0.0941408440290141
18.0725	0.0711238750042196
18.075	0.0476324105393832
18.0775	0.0241856729333528
18.08	0.00130086521274349
18.0825	-0.0205656413263526
18.085	-0.0409223124456631
18.0875	-0.0594060471412844
18.09	-0.075745373548325
18.0925	-0.0897682211402933
18.095	-0.101402698859817
18.0975	-0.110671149798369
18.1	-0.117678268475873
18.1025	-0.122624135941262
18.105	-0.125687967038491
18.1075	-0.127109202038151
18.11	-0.127131993476644
18.1125	-0.125985848536139
18.115	-0.123869716662856
18.1175	-0.120940691724415
18.12	-0.117308022223015
18.1225	-0.113052051173774
18.125	-0.108175054407612
18.1275	-0.102654718901672
18.13	-0.0964450809748484
18.1325	-0.089491745380973
18.135	-0.0817477067985133
18.1375	-0.0731881132896794
18.14	-0.0638224486682924
18.1425	-0.0537212218548688
18.145	-0.0429659851842779
18.1475	-0.0316970306860318
18.15	-0.0200929745793545
18.1525	-0.00836093279335601
18.155	0.00327637473053474
18.1575	0.0145953746741435
18.16	0.0253868849594634
18.1625	0.0354631054051477
18.165	0.0447059388890337
18.1675	0.0530212838261672
18.17	0.0603670235101941
18.1725	0.066755095872664
18.175	0.0722491642851581
18.1775	0.0769578486845622
18.18	0.0810238894429544
18.1825	0.0846051403010048
18.185	0.0878961820715481
18.1875	0.0910420694340304
18.19	0.0941543567266135
18.1925	0.0973008865011085
18.195	0.100499994974603
18.1975	0.10371958739158
18.2	0.106881087210102
18.2025	0.109850365119163
18.205	0.11252910024352
18.2075	0.114754472240043
18.21	0.11636173555278
18.2125	0.117201977766106
18.215	0.117158063433286
18.2175	0.116156814691352
18.22	0.114175939056948
18.2225	0.111179658592782
18.225	0.107341127729886
18.2275	0.102769693215035
18.23	0.0975909308762695
18.2325	0.0919333292837241
18.235	0.0859156546620924
18.2375	0.07963666932143
18.24	0.0731686648890802
18.2425	0.0663886536302146
18.245	0.0595106988052642
18.2475	0.0525536156176743
18.25	0.0455295462976074
18.2525	0.0384577141863919
18.255	0.031377322334323
18.2575	0.0243573626608441
18.26	0.0175016404391413
18.2625	0.0107685556084487
18.265	0.00451713840570008
18.2675	-0.00104843924272714
18.27	-0.0057227841653025
18.2725	-0.00931849853807319
18.275	-0.0116859216858788
18.2775	-0.0127309158867958
18.28	-0.0124282661094417
18.2825	-0.010951815736344
18.285	-0.00832221432206603
18.2875	-0.00470555422441374
18.29	-0.000312765807605103
18.2925	0.00461651375753207
18.295	0.00983197665776252
18.2975	0.0150906996139952
18.3	0.0201734174530068
18.3025	0.0248634770550935
18.305	0.0290247935299812
18.3075	0.0325869093715762
18.31	0.0355337021832395
18.3125	0.0378919446679352
18.315	0.0397153307673669
18.3175	0.0410662684804547
18.32	0.0419979330606496
18.3225	0.0425500419012074
18.325	0.0426790284128218
18.3275	0.0423469608207369
18.33	0.0414830055315735
18.3325	0.0399886304661323
18.335	0.0377480367008634
18.3375	0.0346429479077624
18.34	0.0305703324994721
18.3425	0.02546700824592
18.345	0.0192957259001634
18.3475	0.012109896975598
18.35	0.00404056176666035
18.3525	-0.00470368011277242
18.355	-0.0138451480688986
18.3575	-0.0230538200496588
18.36	-0.031971264267042
18.3625	-0.0402511034032149
18.365	-0.047552448200894
18.3675	-0.0536131648040046
18.37	-0.0582614999833804
18.3725	-0.0614345140214871
18.375	-0.0631859346868627
18.3775	-0.0636816130973405
18.38	-0.0631820227174033
18.3825	-0.0620261823059795
18.385	-0.0605350391030317
18.3875	-0.0590456131972637
18.39	-0.0578331049807573
18.3925	-0.0570674411733276
18.395	-0.0567794605348411
18.3975	-0.056841774491826
18.4	-0.0569678896626824
18.4025	-0.0567122110941769
18.405	-0.0555368683311499
18.4075	-0.0528782931732304
18.41	-0.048193964049408
18.4125	-0.0410250618470327
18.415	-0.0310537937862126
18.4175	-0.018148597959461
18.42	-0.0023915906603515
18.4225	0.0159619448065597
18.425	0.0363948402787266
18.4275	0.0582179942110259
18.43	0.080626958804161
18.4325	0.102775715487616
18.435	0.123855592334783
18.4375	0.143170062485294
18.44	0.16019654762162
18.4425	0.174702647708364
18.445	0.186566375122505
18.4475	0.195910576127726
18.45	0.203036565697054
18.4525	0.208373627467652
18.455	0.212416389571377
18.4575	0.215657748625322
18.46	0.218525342429942
18.4625	0.221413154435995
18.465	0.224409520500468
18.4675	0.227481587574336
18.47	0.230428798919394
18.4725	0.232913545510673
18.475	0.23450906321534
18.4775	0.234758149940172
18.48	0.233235125989426
18.4825	0.229690926934885
18.485	0.223846384520784
18.4875	0.21564689741784
18.49	0.205208972757528
18.4925	0.192813669583704
18.495	0.178882763971643
18.4975	0.163940962066114
18.5	0.14856881395079
18.5025	0.133416486464657
18.505	0.118974236216952
18.5075	0.105679390046037
18.51	0.0938451699387564
18.5125	0.0836447869276336
18.515	0.0751104342913044
18.5175	0.0681460884661025
18.52	0.0625516034219968
18.5225	0.0581161654142363
18.525	0.0544880586807367
18.5275	0.0513396356831184
18.53	0.0483682012199732
18.5325	0.0453244067866211
18.535	0.0420325491997734
18.5375	0.0384011107226821
18.54	0.0344228948602894
18.5425	0.0302392453849562
18.545	0.0259175197004685
18.5475	0.0215936582331084
18.55	0.0174021211867228
18.5525	0.0134521989021367
18.555	0.00980846957209597
18.5575	0.00647751719827292
18.56	0.00340226286409837
18.5625	0.000551171893979951
18.565	-0.00232666146611631
18.5675	-0.00545088655229989
18.57	-0.00905715805520522
18.5725	-0.0133711357969807
18.575	-0.0185823582744292
18.5775	-0.024821135976141
18.58	-0.032141377410247
18.5825	-0.0404386610770153
18.585	-0.0496738367495363
18.5875	-0.0596660853700752
18.59	-0.0701795009342207
18.5925	-0.0809471319598386
18.595	-0.0916977681023884
18.5975	-0.102182051964755
18.6	-0.112194621271385
18.6025	-0.121542902043838
18.605	-0.130200509129735
18.6075	-0.138156891558508
18.61	-0.14545464362921
18.6125	-0.152172022233058
18.615	-0.15840133155824
18.6175	-0.164226444957645
18.62	-0.16970287033013
18.6225	-0.174851569408477
18.625	-0.179629700363701
18.6275	-0.183951959650146
18.63	-0.187696638230791
18.6325	-0.190724056401688
18.635	-0.192899420870692
18.6375	-0.194116617954407
18.64	-0.19431924281743
18.6425	-0.193614624493301
18.645	-0.191959863073691
18.6475	-0.189495254305451
18.65	-0.186418479629354
18.6525	-0.182962927639784
18.655	-0.179371249439891
18.6575	-0.175867946488459
18.66	-0.172634820386544
18.6625	-0.169927705856771
18.665	-0.167629981201984
18.6675	-0.165711723090477
18.67	-0.164085131000654
18.6725	-0.162620544849334
18.675	-0.161168113940144
18.6775	-0.159582169295864
18.68	-0.157744917028373
18.6825	-0.155723116752731
18.685	-0.153335555716684
18.6875	-0.150629743312076
18.69	-0.147718023523227
18.6925	-0.1447631030916
18.695	-0.141957462513791
18.6975	-0.139499759492666
18.7	-0.137571499575366
18.7025	-0.136410774167565
18.705	-0.135995194369693
18.7075	-0.136351407807109
18.71	-0.13744868068707
18.7125	-0.13920425257125
18.715	-0.141493964358953
18.7175	-0.144166322398677
18.72	-0.147057808972911
18.7225	-0.150071756567723
18.725	-0.152991243221284
18.7275	-0.155682437590636
18.73	-0.158035921493107
18.7325	-0.159966332702343
18.735	-0.161409111925058
18.7375	-0.162315645320871
18.74	-0.162648178214867
18.7425	-0.162435632707415
18.745	-0.16159239805743
18.7475	-0.160086900775538
18.75	-0.157893122078784
18.7525	-0.15499589007277
18.755	-0.151397247495639
18.7575	-0.14712251275664
18.76	-0.142224594374795
18.7625	-0.136836395070102
18.765	-0.131021878616676
18.7675	-0.124898701375735
18.77	-0.118592311911019
18.7725	-0.112225598780755
18.775	-0.105908009656219
18.7775	-0.0997254685952222
18.78	-0.0937323419059101
18.7825	-0.0879787919922223
18.785	-0.0824248057976483
18.7875	-0.0770052122383999
18.79	-0.0716227925213943
18.7925	-0.0661598909928282
18.795	-0.0604924005057764
18.7975	-0.054504441970813
18.8	-0.0481019929050614
18.8025	-0.0412320606995465
18.805	-0.0338928623991936
18.8075	-0.0260936830832162
18.81	-0.0178787514416023
18.8125	-0.00932496782626493
18.815	-0.000536878536000588
18.8175	0.00836065808029948
18.82	0.01723146074111
18.8225	0.0259224873580277
18.825	0.0342776377001614
18.8275	0.0422037717204982
18.83	0.0496406223483573
18.8325	0.056559249649381
18.835	0.0629567909784873
18.8375	0.0688486344478476
18.84	0.0742593903366883
18.8425	0.0791793909103651
18.845	0.0836106175904836
18.8475	0.0875846663152249
18.85	0.091129778649635
18.8525	0.0942638644297848
18.855	0.0969890335124647
18.8575	0.0992885983417374
18.86	0.101127260307583
18.8625	0.102408715685397
18.865	0.103073653978889
18.8675	0.103091861568151
18.87	0.102456608499941
18.8725	0.101188510146
18.875	0.0993368020131714
18.8775	0.0969780606345784
18.88	0.0942126613690769
18.8825	0.0911425856641397
18.885	0.0878759863989966
18.8875	0.0845668332451892
18.89	0.0813750661363451
18.8925	0.078454176652662
18.895	0.0759388791835663
18.8975	0.0739343355324796
18.9	0.0725082256272259
18.9025	0.0717085717246505
18.905	0.0714689605907034
18.9075	0.0717449788675508
18.91	0.0724685793700243
18.9125	0.0735552571326095
18.915	0.0749121387857754
18.9175	0.0764462173641123
18.92	0.078071926075575
18.9225	0.079768410659779
18.925	0.0814033426574233
18.9275	0.082944640998918
18.93	0.0843834137327883
18.9325	0.0857283750000767
18.935	0.0869983044123356
18.9375	0.088213783536688
18.94	0.0893894534264434
18.9425	0.0905905856929131
18.945	0.0917123539798187
18.9475	0.0927266258184621
18.95	0.0935954972652877
18.9525	0.0942735428583793
18.955	0.0947119578101803
18.9575	0.0948642623039265
18.96	0.0946929808322438
18.9625	0.0942412275504298
18.965	0.0934209759835447
18.9675	0.0922589120045374
18.97	0.0908147812885956
18.9725	0.0891795965709479
18.975	0.0874710783715855
18.9775	0.0858268591765093
18.98	0.0843961323406049
18.9825	0.0834084577295925
18.985	0.082920193171748
18.9875	0.0830527893373327
18.99	0.0839058293544038
18.9925	0.0855518482652184
18.995	0.0880334686494981
18.9975	0.0913628981308249
19	0.0955235332373031
19.0025	0.100573044506787
19.005	0.106351465933193
19.0075	0.112761495723822
19.01	0.119691059851238
19.0125	0.127019959567178
19.015	0.134626391953896
19.0175	0.142392722430473
19.02	0.150209905449943
19.0225	0.158057756863219
19.025	0.165787791006113
19.0275	0.173305247828854
19.03	0.180517130351626
19.0325	0.187331243542636
19.035	0.193655520767917
19.0375	0.199397782362319
19.04	0.204465991476829
19.0425	0.208769247217462
19.045	0.212235731866196
19.0475	0.214773127905324
19.05	0.216291226327979
19.0525	0.216706536516979
19.055	0.215947461065076
19.0575	0.21395952170326
19.06	0.210710144497998
19.0625	0.20613527108149
19.065	0.200329284925767
19.0675	0.19334673636793
19.07	0.18526973753227
19.0725	0.176206963076929
19.075	0.16629113249816
19.0775	0.155675007700741
19.08	0.144526125135802
19.0825	0.132953729084541
19.085	0.121215202992821
19.0875	0.109490045209921
19.09	0.0979463289592662
19.0925	0.0867360460459814
19.095	0.0759915300728259
19.0975	0.0658230294832649
19.1	0.0563174570563107
19.1025	0.0474863459376415
19.105	0.0394320123606088
19.1075	0.0321792985802704
19.11	0.025734020070814
19.1125	0.0200859122898221
19.115	0.0152114083655855
19.1175	0.0110758754700472
19.12	0.00763507813325605
19.1225	0.00478865558906503
19.125	0.00253283194887643
19.1275	0.000798512821948909
19.13	-0.000495244450722611
19.1325	-0.00144124047582575
19.135	-0.00214360796604733
19.1375	-0.00271655026428534
19.14	-0.00328218299830666
19.1425	-0.00402123814942552
19.145	-0.00499444078953872
19.1475	-0.00632203388905763
19.15	-0.00811661072588008
19.1525	-0.0104774255053367
19.155	-0.0134853943500497
19.1575	-0.0171994109264182
19.16	-0.0216544024644379
19.1625	-0.0269156283490584
19.165	-0.0329031653438929
19.1675	-0.0395835719474485
19.17	-0.0469099458103696
19.1725	-0.0548251179907586
19.175	-0.0632642405039007
19.1775	-0.0721562942156622
19.18	-0.0814241556622601
19.1825	-0.0910216168855665
19.185	-0.100800506243071
19.1875	-0.110649971500132
19.19	-0.120441689508426
19.1925	-0.130024537256118
19.195	-0.139220668878559
19.1975	-0.147824205561954
19.2	-0.155603492755087
19.2025	-0.162350538696399
19.205	-0.16774622813339
19.2075	-0.171535389080526
19.21	-0.173487094479673
19.2125	-0.173411095689131
19.215	-0.171173513745962
19.2175	-0.166710224135168
19.22	-0.160036441133898
19.2225	-0.151328484368521
19.225	-0.140667006918174
19.2275	-0.128306436431923
19.23	-0.11456700552068
19.2325	-0.0998157265352072
19.235	-0.0844443375330603
19.2375	-0.068846377933121
19.24	-0.0533955136553791
19.2425	-0.038532241005693
19.245	-0.0244014875006521
19.2475	-0.0112209968260296
19.25	0.000851389757306671
19.2525	0.0117177832941903
19.255	0.0213358542430022
19.2575	0.0297107579898197
19.26	0.0368845321090194
19.2625	0.0428291273211266
19.265	0.0477560377179348
19.2675	0.0517507668072199
19.27	0.0548897730262872
19.2725	0.0572387042974626
19.275	0.0588536855686852
19.2775	0.0597846988758821
19.28	0.0600799595177842
19.2825	0.0597580220201225
19.285	0.0589370463960966
19.2875	0.0576752622530913
19.29	0.0560339440123337
19.2925	0.0540794355095169
19.295	0.0518842467130121
19.2975	0.049527021902229
19.3	0.0470913207013145
19.3025	0.0447034941059681
19.305	0.0424280252434688
19.3075	0.0403321382662116
19.31	0.0384700862355631
19.3125	0.036882873521393
19.315	0.0355990718157657
19.3175	0.0346362729746216
19.32	0.0340026153300184
19.3225	0.0337851142914738
19.325	0.0339027258750282
19.3275	0.0343185444692249
19.33	0.0349805564506731
19.3325	0.0358235863030932
19.335	0.0367721909204951
19.3375	0.037744355746329
19.34	0.0386557101294471
19.3425	0.0395122967030019
19.345	0.0401617522465526
19.3475	0.0405188181026846
19.35	0.0405066607756823
19.3525	0.040062507735307
19.355	0.0391432458588808
19.3575	0.0377303952972723
19.36	0.035833833283342
19.3625	0.033563274030414
19.365	0.0309243871604416
19.3675	0.0280014429610924
19.37	0.0248984833402119
19.3725	0.0217345337066036
19.375	0.0186379311972253
19.3775	0.0157400572275306
19.38	0.0131687586151572
19.3825	0.0111048479948026
19.385	0.00957667130105826
19.3875	0.00865733057747945
19.39	0.00839391995807369
19.3925	0.00880432935531412
19.395	0.00987601663865722
19.3975	0.0115670132948415
19.4	0.0138091845660463
19.4025	0.0165702956047945
19.405	0.0196622626666712
19.4075	0.0229777131814695
19.41	0.0264150453665788
19.4125	0.0298827193657263
19.415	0.0333018742223283
19.4175	0.0366072404517647
19.42	0.0397464355770551
19.4225	0.0427053359936989
19.425	0.0453888079156757
19.4275	0.047775200397873
19.43	0.0498482937971143
19.4325	0.0515892968292333
19.435	0.052969221279531
19.4375	0.0539429629816368
19.44	0.0544462124810566
19.4425	0.0543704149992601
19.445	0.0536272916897708
19.4475	0.0521230569759808
19.45	0.0497711729582722
19.4525	0.046501066492768
19.455	0.042266132098607
19.4575	0.0370500357378608
19.46	0.0308705321639514
19.4625	0.0237346099747616
19.465	0.0157751854851648
19.4675	0.00711138026212178
19.47	-0.00211743154074836
19.4725	-0.0117615776298988
19.475	-0.0216718807490285
19.4775	-0.0317100935007911
19.48	-0.0417577733290662
19.4825	-0.0517413644752344
19.485	-0.061567311171039
19.4875	-0.0712018803204703
19.49	-0.0806369654301751
19.4925	-0.0898814865569291
19.495	-0.0989506445662776
19.4975	-0.10785451566026
19.5	-0.116587543028265
19.5025	-0.125088194038984
19.505	-0.133314818681862
19.5075	-0.141191338236994
19.51	-0.148619397279482
19.5125	-0.155482517003908
19.515	-0.161652605936727
19.5175	-0.166998241625997
19.52	-0.171393995106697
19.5225	-0.174670893528764
19.525	-0.176785954976488
19.5275	-0.177701738847793
19.53	-0.177422704702415
19.5325	-0.175994357758392
19.535	-0.17349876471461
19.5375	-0.170047107578803
19.54	-0.165770254725452
19.5425	-0.160765818715161
19.545	-0.15520083832962
19.5475	-0.149218606267609
19.55	-0.142950377818697
19.5525	-0.136508037916231
19.555	-0.129978705453905
19.5575	-0.12342165473073
19.56	-0.116867729381779
19.5625	-0.110321310382179
19.565	-0.103755664498357
19.5675	-0.0971391606960706
19.57	-0.0904320704643842
19.5725	-0.0835927789769775
19.575	-0.0765835365774394
19.5775	-0.0693752865354595
19.58	-0.0619512040930383
19.5825	-0.0543504589705332
19.585	-0.0465464975956098
19.5875	-0.0385573427680942
19.59	-0.0304110838234016
19.5925	-0.0221442294735313
19.595	-0.0138000480480879
19.5975	-0.00542709925938026
19.6	0.00292194340093154
19.6025	0.0111147583538139
19.605	0.0191612502609971
19.6075	0.0270160457669038
19.61	0.0346351982360243
19.6125	0.0419739077385202
19.615	0.0489837874764239
19.6175	0.0556103074786828
19.62	0.061791097605316
19.6225	0.0673562190701738
19.625	0.0723229003266788
19.6275	0.0766289965082887
19.63	0.0802174297044267
19.6325	0.083039329884283
19.635	0.0850566103954646
19.6375	0.0862436086049163
19.64	0.0865875898913035
19.6425	0.0859934469851646
19.645	0.0845648176347817
19.6475	0.0823354184233989
19.65	0.0793463858041181
19.6525	0.0756411803069683
19.655	0.0712602456694265
19.6575	0.0662361911449195
19.66	0.0605902989473989
19.6625	0.0542640113656494
19.665	0.0473184605734594
19.6675	0.0397538282880572
19.67	0.0315699435686637
19.6725	0.0227721156087067
19.675	0.0133772712881906
19.6775	0.00341964356913747
19.68	-0.00704468545978016
19.6825	-0.0179678102263722
19.685	-0.0292252918290434
19.6875	-0.0406759324556608
19.69	-0.052154560742555
19.6925	-0.0634801734734246
19.695	-0.0744658636131063
19.6975	-0.0849293661049799
19.7	-0.0947029874877264
19.7025	-0.103641492435696
19.705	-0.111655889330249
19.7075	-0.118649554153931
19.71	-0.124550439586591
19.7125	-0.129311252307808
19.715	-0.132907981980536
19.7175	-0.135336969288899
19.72	-0.136610860649032
19.7225	-0.136710663128913
19.725	-0.135744565114025
19.7275	-0.133739450083321
19.73	-0.130715171925074
19.7325	-0.126685994543633
19.735	-0.121663818570029
19.7375	-0.115662472263439
19.74	-0.108702298507943
19.7425	-0.100730617489507
19.745	-0.0919026334109527
19.7475	-0.0822816021756426
19.75	-0.0719430309233502
19.7525	-0.0609752443320367
19.755	-0.0494786236717114
19.7575	-0.0375634924879314
19.76	-0.0253468583375329
19.7625	-0.0128426631993279
19.765	-0.000286590752353547
19.7675	0.012196953267333
19.77	0.0244929410790306
19.7725	0.0364988812972794
19.775	0.0481273233074383
19.7775	0.059307584959816
19.78	0.0699865484456
19.7825	0.0802328949919655
19.785	0.0899229191983098
19.7875	0.0990329503423618
19.79	0.107546667205676
19.7925	0.1154531583595
19.795	0.122745323756711
19.7975	0.129418627666293
19.8	0.135470101924011
19.8025	0.14097032400669
19.805	0.145855256001967
19.8075	0.150104991443024
19.81	0.153693551809775
19.8125	0.156591141254424
19.815	0.158767457974265
19.8175	0.16019572363077
19.82	0.160856986883474
19.8225	0.160788429066303
19.825	0.159975133223819
19.8275	0.158427740852339
19.83	0.156170517720638
19.8325	0.153244816474961
19.835	0.149711798286529
19.8375	0.145653808838749
19.84	0.141173895549117
19.8425	0.136436215751641
19.845	0.131558621396839
19.8475	0.126664337014934
19.85	0.121868552163807
19.8525	0.117274260910037
19.855	0.112969186551557
19.8575	0.109023781420839
19.86	0.105490162098015
19.8625	0.102467392577437
19.865	0.0999286429613954
19.8675	0.0978509375960457
19.87	0.0961878384856809
19.8725	0.094874974105398
19.875	0.0938365478545446
19.8775	0.0929919232961472
19.88	0.0922613635499617
19.8825	0.0916721256609184
19.885	0.0910678563689097
19.8875	0.0903661726617462
19.89	0.0894845514621974
19.8925	0.0883408572558885
19.895	0.0868542640250883
19.8975	0.084946716108824
19.9	0.082544901076316
19.9025	0.0797065468135711
19.905	0.0762468991397945
19.9075	0.0721028580398562
19.91	0.0672231926496504
19.9125	0.0615719392031375
19.915	0.0551318202252059
19.9175	0.0479072694347662
19.92	0.0399265553757426
19.9225	0.0313610827163491
19.925	0.0221540122341638
19.9275	0.0123893375949432
19.93	0.0021675004326174
19.9325	-0.00840011544629629
19.935	-0.0191969517183614
19.9375	-0.0301066189415417
19.94	-0.0410172808233506
19.9425	-0.0517425618352362
19.945	-0.0622832180186686
19.9475	-0.0725617573309122
19.95	-0.082508585939478
19.9525	-0.0920605736655745
19.955	-0.101158989871535
19.9575	-0.10974716643667
19.96	-0.117768328375217
19.9625	-0.125145648417077
19.965	-0.131840238997091
19.9675	-0.137791947960495
19.97	-0.142941479385654
19.9725	-0.147234236105315
19.975	-0.150625230712002
19.9775	-0.153084560459755
19.98	-0.154602827206823
19.9825	-0.155229430268231
19.985	-0.154963696830344
19.9875	-0.153879401729791
19.99	-0.152081459868136
19.9925	-0.149702165343632
19.995	-0.146895240803909
19.9975	-0.143828189468884
20	-0.140673562774985
20.0025	-0.137649580034867
20.005	-0.134837537045919
20.0075	-0.132373992273353
20.01	-0.130372276555076
20.0125	-0.128915908308672
20.015	-0.128054224120641
20.0175	-0.127800837221861
20.02	-0.128135223455234
20.0225	-0.129056397359089
20.025	-0.130412561278554
20.0275	-0.13212279263335
20.03	-0.134108280472394
20.0325	-0.136298974769373
20.035	-0.138638633198229
20.0375	-0.141087942141241
20.04	-0.143625526142364
20.0425	-0.146284346963634
20.045	-0.149008336995911
20.0475	-0.151820400027495
20.05	-0.154750942547486
20.0525	-0.157828184242303
20.055	-0.161068290734932
20.0575	-0.164466683072337
20.06	-0.167991732242598
20.0625	-0.171624018017904
20.065	-0.175211757997484
20.0675	-0.178639974096746
20.07	-0.181779849367468
20.0725	-0.184497554244493
20.075	-0.186664300356568
20.0775	-0.188166603611722
20.08	-0.188915648856803
20.0825	-0.188919564928724
20.085	-0.188081327570933
20.0875	-0.186413383587161
20.09	-0.183965028361753
20.0925	-0.180816676677796
20.095	-0.177071698525099
20.0975	-0.172846790788182
20.1	-0.16826191194063
20.1025	-0.163513347488278
20.105	-0.15861053982616
20.1075	-0.153621953367916
20.11	-0.148591439958844
20.1125	-0.143537681312998
20.115	-0.138456310365617
20.1175	-0.133324206576298
20.12	-0.128105203488786
20.1225	-0.122829296434566
20.125	-0.117381056011216
20.1275	-0.111708710971607
20.13	-0.105766557244885
20.1325	-0.0995189719606463
20.135	-0.0929436796328253
20.1375	-0.0860343251648206
20.14	-0.0788024119258078
20.1425	-0.0713306087526668
20.145	-0.0636347874483068
20.1475	-0.0557703154557846
20.15	-0.0478070631799487
20.1525	-0.0398310343764114
20.155	-0.0319454615705497
20.1575	-0.0242705672739434
20.16	-0.0169412677321134
20.1625	-0.0101402760042101
20.165	-0.00401009946131001
20.1675	0.00132845329943855
20.17	0.005780243750181
20.1725	0.00928159940994153
20.175	0.0118040255601808
20.1775	0.0133555094081126
20.18	0.0139792977092512
20.1825	0.0137247681378724
20.185	0.0126780658769125
20.1875	0.0109782764444183
20.19	0.00878315342334922
20.1925	0.006254530355676
20.195	0.00354345614043392
20.1975	0.000777026109167156
20.2	-0.00195129781911524
20.2025	-0.00461963294948734
20.205	-0.00721562593769077
20.2075	-0.00973364350542321
20.21	-0.0121809932976181
20.2125	-0.0145702481105898
20.215	-0.0169113671572719
20.2175	-0.0192045009220252
20.22	-0.0214342560438197
20.2225	-0.0236130739872454
20.225	-0.0256758124435699
20.2275	-0.0275260943115554
20.23	-0.0290437133947791
20.2325	-0.030096434133235
20.235	-0.0305541213824801
20.2375	-0.03030320756479
20.24	-0.029259460631246
20.2425	-0.0274342837257865
20.245	-0.0248103815137274
20.2475	-0.0214021867591131
20.25	-0.0172514006261614
20.2525	-0.0124242279769069
20.255	-0.00700709765252369
20.2575	-0.00110123995405303
20.26	0.00518344754000869
20.2625	0.0116669696605042
20.265	0.0182593455333536
20.2675	0.0248916926514548
20.27	0.0315197148296799
20.2725	0.0381180792596485
20.275	0.0446718063835843
20.2775	0.051166358850097
20.28	0.0575782956471236
20.2825	0.0637935836629393
20.285	0.0697727924268924
20.2875	0.0754724788421401
20.29	0.0808485829333352
20.2925	0.0858561059008209
20.295	0.0904497534402737
20.2975	0.0945858046750116
20.3	0.0982253302176165
20.3025	0.101248204933631
20.305	0.103677079995262
20.3075	0.105552520643677
20.31	0.106952939237745
20.3125	0.107989087694641
20.315	0.108794782545341
20.3175	0.109515069571324
20.32	0.110293356729683
20.3225	0.111146253614058
20.325	0.112245186355564
20.3275	0.113700259927678
20.33	0.115598037412387
20.3325	0.117992692670712
20.335	0.12089891208846
20.3375	0.124287587372338
20.34	0.128085190177821
20.3425	0.132053424737801
20.345	0.136132350882253
20.3475	0.140187941941805
20.35	0.14408963739244
20.3525	0.14771866656978
20.355	0.15097464284836
20.3575	0.153780213316797
20.36	0.156083812218254
20.3625	0.157744792702288
20.365	0.158859974110552
20.3675	0.159483177336301
20.37	0.159697775916809
20.3725	0.159608358721859
20.375	0.159330659633932
20.3775	0.158980865560703
20.38	0.158665529332776
20.3825	0.158401355090424
20.385	0.158318024776647
20.3875	0.158469047021691
20.39	0.158886106651174
20.3925	0.159580674602914
20.395	0.160547344258195
20.3975	0.161768337225883
20.4	0.163218557577378
20.4025	0.164864872430233
20.405	0.166686365405285
20.4075	0.168664635244701
20.41	0.170789371519043
20.4125	0.173058962013795
20.415	0.175479821898469
20.4175	0.178064696618432
20.42	0.180830271226828
20.4225	0.183839090185783
20.425	0.187064493234019
20.4275	0.190511433424282
20.43	0.194178041745649
20.4325	0.19805565556069
20.435	0.202129790832773
20.4375	0.206381719686579
20.44	0.210790197741859
20.4425	0.215381341547532
20.445	0.220084189921003
20.4475	0.224867637046453
20.45	0.229697931593143
20.4525	0.234538119345782
20.455	0.239347630219017
20.4575	0.244082344567381
20.46	0.248695408710108
20.4625	0.253153819016514
20.465	0.257399790045408
20.4675	0.261388132860097
20.47	0.265081107848415
20.4725	0.268452674186945
20.475	0.271492233346847
20.4775	0.274207219319485
20.48	0.276623984162163
20.4825	0.278790404903958
20.485	0.280775270034757
20.4875	0.282640024132729
20.49	0.284445596096427
20.4925	0.286246925384842
20.495	0.288087865346304
20.4975	0.28999692082998
20.5	0.291984200328019
20.5025	0.294047257032621
20.505	0.296173026386701
20.5075	0.298302596707411
20.51	0.300356645293961
20.5125	0.302242876347787
20.515	0.303864518854124
20.5175	0.305128691502322
20.52	0.305953491381787
20.5225	0.306275238317663
20.525	0.306069759295578
20.5275	0.305295413451619
20.53	0.303919048125328
20.5325	0.301914340948099
20.535	0.299259670897925
20.5375	0.295935862743974
20.54	0.291924160395123
20.5425	0.287192435786791
20.545	0.281759721742623
20.5475	0.275593773491475
20.55	0.268656727626072
20.5525	0.260910818771557
20.555	0.252325146057544
20.5575	0.242882426243971
20.56	0.232584693383054
20.5625	0.22143625776961
20.565	0.209541048262899
20.5675	0.196961586304748
20.57	0.183773218308789
20.5725	0.170062443777717
20.575	0.155924552174165
20.5775	0.141460656508899
20.58	0.126774318309595
20.5825	0.111944859702213
20.585	0.0971275342613654
20.5875	0.0824039038573406
20.59	0.0678406561669282
20.5925	0.0534933487127624
20.595	0.039411978596589
20.5975	0.025647478883039
20.6	0.0122581529662368
20.6025	-0.000713917573188359
20.605	-0.013118190044098
20.6075	-0.0248584933399049
20.61	-0.0358287766263181
20.6125	-0.0459132181647599
20.615	-0.0549883023549156
20.6175	-0.0629271739408066
20.62	-0.0696062955372596
20.6225	-0.0749466476620012
20.625	-0.0787885141989495
20.6275	-0.0810847578725689
20.63	-0.0818377143753266
20.6325	-0.0811029970905126
20.635	-0.0789900480778993
20.6375	-0.0756594781713268
20.64	-0.0713174336247914
20.6425	-0.0662503070351561
20.645	-0.060642514746737
20.6475	-0.0547901760104668
20.65	-0.048999908587018
20.6525	-0.0435711103986209
20.655	-0.0387782744003137
20.6575	-0.0348550139077522
20.66	-0.0319812709225247
20.6625	-0.0303330273079978
20.665	-0.0298542348918597
20.6675	-0.030543029582109
20.67	-0.0323479171373493
20.6725	-0.035171825611473
20.675	-0.0388781351499516
20.6775	-0.0432984966103843
20.68	-0.0482420860818184
20.6825	-0.0535880703410007
20.685	-0.0589964474579087
20.6875	-0.0642786478871507
20.69	-0.069272620780781
20.6925	-0.0738450158541613
20.695	-0.0778909814649454
20.6975	-0.0813324730250047
20.7	-0.0841159459870909
20.7025	-0.0863245554407769
20.705	-0.0877816406091679
20.7075	-0.0884989455600842
20.71	-0.088516088016916
20.7125	-0.0878962586380309
20.715	-0.0867216339256406
20.7175	-0.085088925285564
20.72	-0.083105273783344
20.7225	-0.0810361243902848
20.725	-0.0787973205374637
20.7275	-0.076501169302691
20.73	-0.0742629209961002
20.7325	-0.072193384366229
20.735	-0.0703913544106041
20.7375	-0.0689367448226872
20.74	-0.0678851507942451
20.7425	-0.0674316454545003
20.745	-0.0673636177475826
20.7475	-0.0676423609023439
20.75	-0.0682093160651868
20.7525	-0.0689883855301153
20.755	-0.0698898442203469
20.7575	-0.0708159051259607
20.76	-0.0716676665666839
20.7625	-0.0725129240206514
20.765	-0.0730827812700112
20.7675	-0.0733079092519464
20.77	-0.0731488736032667
20.7725	-0.0725984644662236
20.775	-0.0716817479917653
20.7775	-0.0704538951795411
20.78	-0.0689958895528184
20.7825	-0.0675467974433439
20.785	-0.0660710198955478
20.7875	-0.0646653812423256
20.79	-0.0634190624224286
20.7925	-0.0624061396388137
20.795	-0.0616799688538369
20.7975	-0.0612699269763125
20.8	-0.0611806916208748
20.8025	-0.0615036859401843
20.805	-0.0621047607884423
20.8075	-0.0629094545435153
20.81	-0.0638301945653467
20.8125	-0.06477651088369
20.815	-0.0656656129088251
20.8175	-0.0664319706581892
20.82	-0.0670345850782205
20.8225	-0.0675260173031369
20.825	-0.0678827584559948
20.8275	-0.0681239752366102
20.83	-0.0682785195912264
20.8325	-0.0683794512367168
20.835	-0.0684582547968168
20.8375	-0.0685393771201524
20.84	-0.0686356499554433
20.8425	-0.0687642192550474
20.845	-0.0689069786719834
20.8475	-0.0690183019085274
20.85	-0.0690337201769849
20.8525	-0.068876243834599
20.855	-0.0684641740106561
20.8575	-0.0677192896860669
20.86	-0.066574278926019
20.8625	-0.064967660195446
20.865	-0.0628852519311766
20.8675	-0.0603158497144488
20.87	-0.0572653853210739
20.8725	-0.0537531118431115
20.875	-0.0498064440800139
20.8775	-0.0454553294815621
20.88	-0.040727087814354
20.8825	-0.0355885345907149
20.885	-0.030109554217007
20.8875	-0.0243017874719396
20.89	-0.0181717327033295
20.8925	-0.0117242902043255
20.895	-0.00496710447303124
20.8975	0.0020850128378542
20.9	0.00940625615368373
20.9025	0.0170477482035638
20.905	0.0248582272649976
20.9075	0.0327575091351976
20.91	0.0406531148086243
20.9125	0.0484452592191243
20.915	0.0560334242198801
20.9175	0.0633238034459047
20.92	0.0702367148326661
20.9225	0.0768188506233166
20.925	0.0829264844600602
20.9275	0.0885378352615834
20.93	0.0936566836913256
20.9325	0.0983110723981677
20.935	0.102550430330886
20.9375	0.106441468294196
20.94	0.110063203653582
20.9425	0.113617965188688
20.945	0.117077460797098
20.9475	0.120505511550907
20.95	0.123954210434749
20.9525	0.127462604027453
20.955	0.131057240137144
20.9575	0.13475422305268
20.96	0.138562158468147
20.9625	0.142610995239033
20.965	0.14677891025443
20.9675	0.151046974767787
20.97	0.15539255824233
20.9725	0.159790472080788
20.975	0.164213543851055
20.9775	0.168632503767161
20.98	0.173015073294885
20.9825	0.177454222799549
20.985	0.181778576484953
20.9875	0.185911880111841
20.99	0.189761462972408
20.9925	0.193219000076976
20.995	0.196163290065411
20.9975	0.19846499943202
21	0.199993016476088
21.0025	0.200744168754218
21.005	0.200487470979052
21.0075	0.19911030237419
21.01	0.19652339461819
21.0125	0.192668405902063
21.015	0.18752431253981
21.0175	0.181111863647571
21.02	0.173495392758052
21.0225	0.16490475303685
21.025	0.155363069527304
21.0275	0.14502335954455
21.03	0.134054457338003
21.0325	0.122631548740614
21.035	0.11092690013757
21.0375	0.0991014896697898
21.04	0.0872980624305711
21.0425	0.075767263564788
21.045	0.064473625813071
21.0475	0.0534597984595868
21.05	0.0427378682373664
21.0525	0.0322950870062862
21.055	0.0221020119751147
21.0575	0.0121220985214837
21.06	0.00232154407197301
21.0625	-0.00718515434390354
21.065	-0.0165342376177962
21.0675	-0.0257312049109363
21.07	-0.0347630467797084
21.0725	-0.0435978510592146
21.075	-0.0521864586549671
21.0775	-0.0604660516543177
21.08	-0.068365470257412
21.0825	-0.0756791409258041
21.085	-0.0824631242304367
21.0875	-0.0886895569761266
21.09	-0.0943565513769318
21.0925	-0.0994899744065527
21.095	-0.104142071276547
21.0975	-0.108387119051228
21.1	-0.112314701137177
21.1025	-0.11591427160023
21.105	-0.119370148246933
21.1075	-0.122791790750988
21.11	-0.126278006573065
21.1125	-0.129907554211292
21.115	-0.133731207138024
21.1175	-0.137766280692864
21.12	-0.141994441298694
21.1225	-0.146298366552795
21.125	-0.15063593165531
21.1275	-0.154926957121304
21.13	-0.159089415685156
21.1325	-0.163047124354496
21.135	-0.166736367106961
21.1375	-0.170110922629186
21.14	-0.173145159816159
21.1425	-0.175816752841823
21.145	-0.178132067405076
21.1475	-0.180139674133025
21.15	-0.181907676066558
21.1525	-0.183514017214011
21.155	-0.185035622123962
21.1575	-0.186537772500554
21.16	-0.188065083140779
21.1625	-0.189646636611556
21.165	-0.191228150303946
21.1675	-0.192779463245648
21.17	-0.194252652404057
21.1725	-0.195586025878617
21.175	-0.196709807334209
21.1775	-0.197553122161093
21.18	-0.198051725312456
21.1825	-0.198203979387289
21.185	-0.197899821387824
21.1875	-0.19714370256172
21.19	-0.195976475422683
21.1925	-0.194472744229554
21.195	-0.192735022202119
21.1975	-0.190885418844008
21.2	-0.18905574203356
21.2025	-0.187467951660325
21.205	-0.186117482499022
21.2075	-0.185103259130178
21.21	-0.18450217200439
21.2125	-0.184362012778975
21.215	-0.184697246474823
21.2175	-0.185488245977232
21.22	-0.186684164684174
21.2225	-0.188307491984715
21.225	-0.190141617116754
21.2275	-0.192083648941911
21.23	-0.194039028430528
21.2325	-0.195929894404419
21.235	-0.197701489327488
21.2375	-0.199326017450368
21.24	-0.200803555570182
21.2425	-0.202214255391243
21.245	-0.203537560132168
21.2475	-0.204829112838011
21.25	-0.206149684452576
21.2525	-0.207554743755324
21.255	-0.20908467954799
21.2575	-0.210756973561237
21.26	-0.212561375762287
21.2625	-0.21445721045506
21.265	-0.216379856824965
21.2675	-0.21824438631013
21.27	-0.219954742550887
21.2725	-0.221413832810539
21.275	-0.222533640709978
21.2775	-0.223243974213732
21.28	-0.223498650204815
21.2825	-0.223234307922554
21.285	-0.222510854652998
21.2875	-0.221358921316075
21.29	-0.219821580914563
21.2925	-0.217945224177151
21.295	-0.215769883082392
21.2975	-0.213320432771692
21.3	-0.210600071287689
21.3025	-0.207526982790645
21.305	-0.204133621693349
21.3075	-0.200358873298846
21.31	-0.196129987409937
21.3125	-0.191375438426227
21.315	-0.186038874648071
21.3175	-0.180092135580839
21.32	-0.173545426035465
21.3225	-0.16640358895658
21.325	-0.15884115125022
21.3275	-0.150994013004112
21.33	-0.14302297202926
21.3325	-0.135101911753729
21.335	-0.127403781701433
21.3375	-0.120085784432665
21.34	-0.11327534006351
21.3425	-0.107030593886016
21.345	-0.101452191075679
21.3475	-0.0965131826551603
21.35	-0.0921280734526561
21.3525	-0.0881634056682385
21.355	-0.0844528992918724
21.3575	-0.0808150948377009
21.36	-0.0770712605273107
21.3625	-0.0730613394391294
21.365	-0.0687009643934295
21.3675	-0.0638832708154543
21.37	-0.0585346925809714
21.3725	-0.0526192347768548
21.375	-0.0461397262672194
21.3775	-0.0391361067844169
21.38	-0.0316810712580454
21.3825	-0.023869864809224
21.385	-0.0158696700364093
21.3875	-0.00779044844777168
21.39	0.000265015462825361
21.3925	0.0082020629871827
21.395	0.0159327839927621
21.3975	0.0233732268254642
21.4	0.0304402459781978
21.4025	0.0370739637055849
21.405	0.0431210614409383
21.4075	0.048504121675315
21.41	0.0531542214868173
21.4125	0.0570104044298028
21.415	0.0600197209274931
21.4175	0.0621380989775231
21.42	0.0633321225496429
21.4225	0.0636341834325434
21.425	0.0629517029957887
21.4275	0.0613061696985175
21.43	0.0587473207583275
21.4325	0.0553510115738783
21.435	0.0512153268908991
21.4375	0.0464553932591792
21.44	0.0411974006220382
21.4425	0.0356457318555908
21.445	0.0298203564396878
21.4475	0.023847004219067
21.45	0.0178458931414305
21.4525	0.0119249810845597
21.455	0.00617441101237516
21.4575	0.000662951360630266
21.46	-0.00456303490008487
21.4625	-0.00939013705346004
21.465	-0.0139339705613246
21.4675	-0.0181949088397033
21.47	-0.0221705802354625
21.4725	-0.0258514982855944
21.475	-0.0292177064039765
21.4775	-0.0322367421180735
21.48	-0.0348631877015257
21.4825	-0.0369425542818218
21.485	-0.0385447665762456
21.4875	-0.0396005627894987
21.49	-0.0400368589776516
21.4925	-0.0397861774683266
21.495	-0.0387958933899696
21.4975	-0.0370358225879496
21.5	-0.0345029481041505
21.5025	-0.0311307010344557
21.505	-0.0270976452876209
21.5075	-0.0224742267980843
21.51	-0.0173360999930143
21.5125	-0.0117569717023935
21.515	-0.00580169975856263
21.5175	0.000479473472562379
21.52	0.0070546921152628
21.5225	0.0139884874898304
21.525	0.02117955221489
21.5275	0.0286447279796414
21.53	0.0364097177784831
21.5325	0.0444971033575705
21.535	0.05291369024662
21.5375	0.0616390499908854
21.54	0.0706169677410065
21.5425	0.0798135295315728
21.545	0.089013082974546
21.5475	0.0980430246630916
21.55	0.106709328648688
21.5525	0.114808946136225
21.555	0.122143973082779
21.5575	0.128536004754023
21.56	0.13383901708034
21.5625	0.138000100720118
21.565	0.140902130776834
21.5675	0.142534727034906
21.57	0.14293411759566
21.5725	0.142175086275481
21.575	0.140360131095172
21.5775	0.137607417266481
21.58	0.134039150189993
21.5825	0.129810330099443
21.585	0.1249846077591
21.5875	0.11964468690757
21.59	0.11385726214944
21.5925	0.107676907259271
21.595	0.101152280882935
21.5975	0.094333331076594
21.6	0.0872780491196058
21.6025	0.0800860027829421
21.605	0.0728261010942692
21.6075	0.065589386519468
21.61	0.0584734453966808
21.6125	0.0515773007570107
21.615	0.0449949716679012
21.6175	0.0388085862377275
21.62	0.0330820030256153
21.6225	0.0278717020797853
21.625	0.0231934550839617
21.6275	0.0190258079603279
21.63	0.0153191262454776
21.6325	0.012002743194396
21.635	0.00899423760650241
21.6375	0.00620952559717847
21.64	0.00357237600730329
21.6425	0.00102523832406818
21.645	-0.0014651262241503
21.6475	-0.00392131735895331
21.65	-0.0063474193577001
21.6525	-0.00873179450753763
21.655	-0.0110515113908491
21.6575	-0.013277595385251
21.66	-0.0153802294768212
21.6625	-0.0173459233884259
21.665	-0.0191449862329258
21.6675	-0.0207620637131905
21.67	-0.0221881711849838
21.6725	-0.023419549295928
21.675	-0.0244558385275408
21.6775	-0.0252981074757718
21.68	-0.0259472576664914
21.6825	-0.0264285190098373
21.685	-0.0267277406158818
21.6875	-0.0268360967897288
21.69	-0.0267448258642713
21.6925	-0.0264502703286621
21.695	-0.0259593336039902
21.6975	-0.0252943385975358
21.7	-0.0244962926215083
21.7025	-0.0236518460138916
21.705	-0.0228249350231406
21.7075	-0.0220973872313887
21.71	-0.0215532403717358
21.7125	-0.0212717357883579
21.715	-0.0213200361133822
21.7175	-0.0217464623242958
21.72	-0.022575014768841
21.7225	-0.0238311905961135
21.725	-0.0254553972296739
21.7275	-0.0273814765651215
21.73	-0.0295186173073254
21.7325	-0.0317586592813834
21.735	-0.0339853588684348
21.7375	-0.0360847055402485
21.74	-0.0379552442456621
21.7425	-0.0395660397845296
21.745	-0.0408085022723867
21.7475	-0.0416619362141521
21.75	-0.0421418678933316
21.7525	-0.0422981962664634
21.755	-0.0422105516068157
21.7575	-0.0419814253898036
21.76	-0.0417277533626182
21.7625	-0.0416427472681534
21.765	-0.0417524405420087
21.7675	-0.0421591680807645
21.77	-0.0429477485708081
21.7725	-0.0441783171689501
21.775	-0.045881221941447
21.7775	-0.0480544425386983
21.78	-0.0506636967086178
21.7825	-0.0537136948251723
21.785	-0.057025837701653
21.7875	-0.0604907937140778
21.79	-0.0639911594803381
21.7925	-0.0674075236047425
21.795	-0.0706240631306363
21.7975	-0.0735334122954168
21.8	-0.0760405750125986
21.8025	-0.078106859885948
21.805	-0.0796134777445982
21.8075	-0.0805133439253492
21.81	-0.0807773877057545
21.8125	-0.0803915184919037
21.815	-0.0793529036624941
21.8175	-0.0776661720900006
21.82	-0.0753401091288136
21.8225	-0.0723941534377541
21.825	-0.0688241812962684
21.8275	-0.0646433072879391
21.83	-0.0598677929154519
21.8325	-0.0545184877407331
21.835	-0.0486226532181246
21.8375	-0.0422158432013367
21.84	-0.0353435071646925
21.8425	-0.0280503562197305
21.845	-0.0204130344957077
21.8475	-0.0125124279372365
21.85	-0.00443910210181403
21.8525	0.00370960997758414
21.855	0.0118331435310084
21.8575	0.0198314304453916
21.86	0.02760836247661
21.8625	0.0350895670521266
21.865	0.0421778839106946
21.8675	0.048800088649968
21.87	0.0548920896028119
21.8725	0.0603981402640297
21.875	0.0652698104905668
21.8775	0.0694651605645738
21.88	0.0729485184684621
21.8825	0.0756970883973136
21.885	0.0776795324302237
21.8875	0.0788878903381677
21.89	0.0793292859598504
21.8925	0.0790284843958382
21.895	0.0780298843030075
21.8975	0.0763984758166717
21.9	0.0742193637147577
21.9025	0.0715784873020051
21.905	0.068601731917572
21.9075	0.0654205776076584
21.91	0.0621701803598138
21.9125	0.0589804650932901
21.915	0.0559670743020514
21.9175	0.0532232646807524
21.92	0.0508137965408574
21.9225	0.0487328633335301
21.925	0.0470094596838775
21.9275	0.0456268945225389
21.93	0.0445493285000146
21.9325	0.0437277905821412
21.935	0.0431067380585477
21.9375	0.0426303849494859
21.94	0.0422480994477156
21.9425	0.0418834459157179
21.945	0.0415269129825421
21.9475	0.0411706707134717
21.95	0.0408203455297698
21.9525	0.0404894996793038
21.955	0.0401928441898355
21.9575	0.0399393489636832
21.96	0.0397264222660898
21.9625	0.0395195745140287
21.965	0.0392889078591984
21.9675	0.0389932467201921
21.97	0.0385844359821826
21.9725	0.0380119724295464
21.975	0.0372283383542346
21.9775	0.0361942700708777
21.98	0.0348832010124909
21.9825	0.0332874451010609
21.985	0.0313982453664469
21.9875	0.0292413055210235
21.99	0.0268575304841561
21.9925	0.0242972379349848
21.995	0.021613374603266
21.9975	0.0188548009846158
22	0.0160606820496408
22.0025	0.0132703775350802
22.005	0.0104658203189665
22.0075	0.00764950945918188
22.01	0.00481778680366129
22.0125	0.00196464626084784
22.015	-0.000913768747206724
22.0175	-0.00381462226779906
22.02	-0.0067244724843356
22.0225	-0.00960337440504818
22.025	-0.0124393149188707
22.0275	-0.0151738592359498
22.03	-0.0177352183261418
22.0325	-0.020044564796302
22.035	-0.0220236221984173
22.0375	-0.0236024642060966
22.04	-0.024726445697609
22.0425	-0.0253733541849392
22.045	-0.0255300605551695
22.0475	-0.0252024506231604
22.05	-0.024414284857272
22.0525	-0.023203752510893
22.055	-0.021618715470671
22.0575	-0.0197111891042016
22.06	-0.0175316604055893
22.0625	-0.0151833304598227
22.065	-0.0126416385415575
22.0675	-0.00991502059897835
22.07	-0.00699520028925968
22.0725	-0.00385945040074506
22.075	-0.000474996147068177
22.0775	0.00319501526749266
22.08	0.00718477863653715
22.0825	0.0114229503813841
22.085	0.0160187910394631
22.0875	0.0209774901468682
22.09	0.0262847465318097
22.0925	0.0319053509734194
22.095	0.0377832708070884
22.0975	0.0438431687314791
22.1	0.0499932507912808
22.1025	0.0560195937610501
22.105	0.0619214675211937
22.1075	0.0676020942187792
22.11	0.0729704799712742
22.1125	0.0779447054640721
22.115	0.0824538256904763
22.1175	0.0864383799100438
22.12	0.0898497595786449
22.1225	0.0925460918931198
22.125	0.0945957792312896
22.1275	0.0959917870963953
22.13	0.0967357023297763
22.1325	0.0968352228824918
22.135	0.0963018492667254
22.1375	0.0951491701665362
22.14	0.0933921156195003
22.1425	0.0909706592815521
22.145	0.0879806425765225
22.1475	0.084461871224822
22.15	0.0804664631456402
22.1525	0.0760610128225133
22.155	0.0713277182243098
22.1575	0.0663640543978106
22.16	0.0612807581757012
22.1625	0.0561674037177178
22.165	0.0511840684533036
22.1675	0.0464562042745533
22.17	0.0420999025657519
22.1725	0.0382149977247225
22.175	0.0348787745157989
22.1775	0.0321408786302784
22.18	0.0300199664479268
22.1825	0.028514844182024
22.185	0.0275786778687353
22.1875	0.0271337249468814
22.19	0.0270785830129564
22.1925	0.027297588060879
22.195	0.0276716945075047
22.1975	0.0280897401944474
22.2	0.0284589281926346
22.2025	0.0287572812280266
22.205	0.0289181771350197
22.2075	0.028933015036922
22.21	0.0288247307430131
22.2125	0.028645957753739
22.215	0.0284749139820493
22.2175	0.0284093479095495
22.22	0.028558994747461
22.2225	0.0291046182941741
22.225	0.0300949821838204
22.2275	0.0316102734321579
22.23	0.0337064588783345
22.2325	0.0364120497677572
22.235	0.0397274893618933
22.2375	0.0436269388858597
22.24	0.0480619662831308
22.2425	0.0530371604487619
22.245	0.0584081206927359
22.2475	0.0640766646378484
22.25	0.0699401371511441
22.2525	0.0758973935411284
22.255	0.0818542886293396
22.2575	0.0877283247462346
22.26	0.0934521555523961
22.2625	0.099033278022274
22.265	0.104386341681266
22.2675	0.109485448703024
22.27	0.114317565991825
22.2725	0.118881094894651
22.275	0.123184130255574
22.2775	0.127242444614067
22.28	0.131077180167131
22.2825	0.134753040904257
22.285	0.13826056234943
22.2875	0.14161048852013
22.29	0.144804502151721
22.2925	0.147834027336997
22.295	0.150679865652198
22.2975	0.153312590280997
22.3	0.155693552654431
22.3025	0.157792522843734
22.305	0.159554837208589
22.3075	0.16091533065468
22.31	0.161802884236983
22.3125	0.162144190869261
22.315	0.161867711237404
22.3175	0.160907406837952
22.32	0.159205888728838
22.3225	0.156715485823802
22.325	0.153424233790577
22.3275	0.149302689574794
22.33	0.144329738016668
22.3325	0.138494722455597
22.335	0.131799824510481
22.3375	0.124262419357613
22.34	0.115917097110928
22.3425	0.106822376386193
22.345	0.0970679110620035
22.3475	0.0867346269575707
22.35	0.0759155303141331
22.3525	0.0647160167245934
22.355	0.0532535508760024
22.3575	0.0416562467258836
22.36	0.0300599930698574
22.3625	0.0186352451149467
22.365	0.00750624358076872
22.3675	-0.00321265731435545
22.37	-0.0134286782550858
22.3725	-0.0230743732400168
22.375	-0.0321095723116853
22.3775	-0.0405213608964705
22.38	-0.0483221393256795
22.3825	-0.0554901224734492
22.385	-0.0621166220746784
22.3875	-0.0682779515119941
22.39	-0.0740588856426436
22.3925	-0.0795429653631018
22.395	-0.0848026937396228
22.3975	-0.0898907195623006
22.4	-0.0948330740090007
22.4025	-0.0995704519378064
22.405	-0.104107797955343
22.4075	-0.108396986955306
22.41	-0.112373119959855
22.4125	-0.115960560783838
22.415	-0.11907993565545
22.4175	-0.121655492892445
22.42	-0.123622221832563
22.4225	-0.12488744168174
22.425	-0.125456734716905
22.4275	-0.125342020105654
22.43	-0.124585621147351
22.4325	-0.123256831451778
22.435	-0.121445974696793
22.4375	-0.119256731642135
22.44	-0.116797682793401
22.4425	-0.114149518980463
22.445	-0.111416608928477
22.4475	-0.108687590859652
22.45	-0.106035524313504
22.4525	-0.103514407886592
22.455	-0.101157351830136
22.4575	-0.0989764807961466
22.46	-0.0969644916268036
22.4625	-0.0951200715130966
22.465	-0.0933661579189829
22.4675	-0.0916631906268855
22.47	-0.0899727082949182
22.4725	-0.0882603735875971
22.475	-0.0864982895743531
22.4775	-0.0846666828227748
22.48	-0.0827550408414515
22.4825	-0.0808388718198428
22.485	-0.0788321012065115
22.4875	-0.0767500842112867
22.49	-0.0746200833822056
22.4925	-0.072479290009044
22.495	-0.0703725298036614
22.4975	-0.0683498659021152
22.5	-0.0664642057157099
22.5025	-0.0648866527359347
22.505	-0.0635318066230535
22.5075	-0.0624360877404673
22.51	-0.061631117032962
22.5125	-0.0611416724539586
22.515	-0.0609843910840394
22.5175	-0.061167422312325
22.52	-0.0616910310504896
22.5225	-0.0626887827790809
22.525	-0.0639931333307306
22.5275	-0.0655749870423472
22.53	-0.0674048623134429
22.5325	-0.0694549083649287
22.535	-0.0717008541995029
22.5375	-0.074123720746063
22.54	-0.0767110209299356
22.5425	-0.0795781890451342
22.545	-0.0825952930544121
22.5475	-0.0857516526957577
22.55	-0.0890371810312095
22.5525	-0.0924397435676613
22.555	-0.0959426568987488
22.5575	-0.0995226644228437
22.56	-0.103148604715076
22.5625	-0.106838767262022
22.565	-0.110488859013293
22.5675	-0.114033968523304
22.57	-0.117401911448563
22.5725	-0.120516665047593
22.575	-0.123302575106501
22.5775	-0.125688985131634
22.58	-0.127614877370137
22.5825	-0.129026015475152
22.585	-0.129909881666517
22.5875	-0.130253100120615
22.59	-0.13006068835823
22.5925	-0.129356633231858
22.595	-0.128183123848536
22.5975	-0.126598349759973
22.6	-0.12467292065824
22.6025	-0.122434074439332
22.605	-0.120027929211592
22.6075	-0.117533058535335
22.61	-0.115016134583294
22.6125	-0.112527406137318
22.615	-0.110097138878048
22.6175	-0.10773321978616
22.62	-0.105420115509636
22.6225	-0.103039966544449
22.625	-0.100630050229053
22.6275	-0.0981192105036114
22.63	-0.0954218636612583
22.6325	-0.0924445393584098
22.635	-0.0890928418256897
22.6375	-0.0852781918090484
22.64	-0.080923822888128
22.6425	-0.075898945773414
22.645	-0.070251411215368
22.6475	-0.063968077227455
22.65	-0.0570567687187916
22.6525	-0.049546445191923
22.655	-0.0414860908386297
22.6575	-0.0329423366022828
22.66	-0.0239959598473762
22.6625	-0.0147003000212649
22.665	-0.00520539744592501
22.6675	0.00439415662128651
22.67	0.0140110510235212
22.6725	0.0235675946118424
22.675	0.0329970222974031
22.6775	0.0422439372968582
22.68	0.0512640960375763
22.6825	0.0600233342438293
22.685	0.0684782905801879
22.6875	0.0766207668958611
22.69	0.0844533718683143
22.6925	0.0919852508093611
22.695	0.0992272562118383
22.6975	0.106187104861774
22.7	0.112865067188722
22.7025	0.119221248992772
22.705	0.125241917302301
22.7075	0.130903187952174
22.71	0.136173483494374
22.7125	0.141012353843279
22.715	0.145369687338002
22.7175	0.149185609192942
22.72	0.152391356345159
22.7225	0.154875661139929
22.725	0.156575405930535
22.7275	0.15742602079218
22.73	0.157374050813719
22.7325	0.156379562978037
22.735	0.154417916185978
22.7375	0.151481009694704
22.74	0.147578155058008
22.7425	0.14269744530541
22.745	0.136900107858296
22.7475	0.13026609414373
22.75	0.122899151165324
22.7525	0.11492175970823
22.755	0.106468545090322
22.7575	0.0976788155828183
22.76	0.0886889875426584
22.7625	0.0795721811061115
22.765	0.0704609077447706
22.7675	0.0614680878093718
22.77	0.0526928138147723
22.7725	0.0442147970196448
22.775	0.0360896663545631
22.7775	0.0283458841185799
22.78	0.0209839565471008
22.7825	0.013917167413602
22.785	0.00712112885073651
22.7875	0.000560586774655114
22.79	-0.00579506851404022
22.7925	-0.011968173191234
22.795	-0.0179704348373801
22.7975	-0.0238017021435307
22.8	-0.0294495870854162
22.8025	-0.0349571429553416
22.805	-0.0402600059189691
22.8075	-0.0452849415768376
22.81	-0.0499393646581947
22.8125	-0.0541192801362911
22.815	-0.0577187902416723
22.8175	-0.0606399604762447
22.82	-0.0628017698090629
22.8225	-0.0642055116517648
22.825	-0.0647965573768077
22.8275	-0.064551339307155
22.83	-0.0634641572874472
22.8325	-0.0615475977968708
22.835	-0.0588320198843617
22.8375	-0.0553640462464941
22.84	-0.0512040561046805
22.8425	-0.0464529963779547
22.845	-0.0411810008186171
22.8475	-0.0354525845994164
22.85	-0.0293241132916739
22.8525	-0.022843624901383
22.855	-0.0160521739960487
22.8575	-0.00898630133952723
22.86	-0.0016811181210839
22.8625	0.00580998402111079
22.865	0.0134541770467591
22.8675	0.0212095361012722
22.87	0.0290286969236553
22.8725	0.0368574869887288
22.875	0.0446342717778754
22.8775	0.0522901077779697
22.88	0.059749739886857
22.8825	0.0669122487082767
22.885	0.073726097411273
22.8875	0.080110810773486
22.89	0.0859896275092136
22.8925	0.0912942956983239
22.895	0.0959699666374031
22.8975	0.0999797736499475
22.9	0.103308711202799
22.9025	0.10592306299435
22.905	0.107922314739688
22.9075	0.109367648418541
22.91	0.110341907997805
22.9125	0.110948353321004
22.915	0.111308057123018
22.9175	0.111555784041665
22.92	0.11183438167401
22.9225	0.112215676267569
22.925	0.112934654506911
22.9275	0.114115945297967
22.93	0.115858585982457
22.9325	0.118231394701531
22.935	0.121270014047353
22.9375	0.124975714498998
22.94	0.129316008802186
22.9425	0.134138807724472
22.945	0.139463019230098
22.9475	0.145181475816571
22.95	0.151169786599508
22.9525	0.157295062863847
22.955	0.163424759399145
22.9575	0.169434829078446
22.96	0.175216537501066
22.9625	0.18060254096091
22.965	0.185615852146165
22.9675	0.190224273120433
22.97	0.194418211448718
22.9725	0.198207203966984
22.975	0.201614655518705
22.9775	0.204671286042568
22.98	0.207407948188726
22.9825	0.209806590209874
22.985	0.211918803347329
22.9875	0.213744925930815
22.99	0.215266238889792
22.9925	0.216443772073156
22.995	0.217219241326027
22.9975	0.217518098744907
23	0.217254497183646
23.0025	0.21633565932189
23.005	0.214668580816438
23.0075	0.212179172651677
23.01	0.208813015628937
23.0125	0.204540834738077
23.015	0.199362141840128
23.0175	0.19330674458477
23.02	0.186433998297108
23.0225	0.178852986115361
23.025	0.170636969377457
23.0275	0.161909905087943
23.03	0.152805681165207
23.0325	0.143459509248199
23.035	0.133999655497601
23.0375	0.124540355978787
23.04	0.115176604605212
23.0425	0.106006363817204
23.045	0.097046589864679
23.0475	0.0883265519577798
23.05	0.0798603563177
23.0525	0.0716519481028639
23.055	0.0637008977451795
23.0575	0.056008327590268
23.06	0.0485823123682282
23.0625	0.0414580745806982
23.065	0.034654742524827
23.0675	0.028216632148517
23.07	0.0222004493581288
23.0725	0.0166725699807271
23.075	0.0117048489276416
23.0775	0.00736934864235451
23.08	0.00373248249502556
23.0825	0.000872901284776927
23.085	-0.00117759974681482
23.0875	-0.00241273943297256
23.09	-0.00285390064989709
23.0925	-0.00254794608773506
23.095	-0.0015625585611116
23.0975	2.02234947871524e-05
23.1	0.00211140430683752
23.1025	0.0046667058121835
23.105	0.00759100630023761
23.1075	0.0107954057804609
23.11	0.0141988206228418
23.1125	0.0177339635324294
23.115	0.0213520845914787
23.1175	0.0250257528278851
23.12	0.0287491212016312
23.1225	0.032600240136389
23.125	0.0365770380436082
23.1275	0.0406882898351153
23.13	0.0449315188957683
23.1325	0.0492898466998041
23.135	0.0537305803336669
23.1375	0.0582053812297821
23.14	0.0626516699768232
23.1425	0.0670508014643993
23.145	0.0713013704532274
23.1475	0.0752884908691908
23.15	0.0788844127007571
23.1525	0.0819577042202077
23.155	0.0843835708271266
23.1575	0.0860541733075467
23.16	0.0868877895557828
23.1625	0.0868502200719417
23.165	0.0859587901565984
23.1675	0.084220365231102
23.17	0.0816679636960712
23.1725	0.0783613234098196
23.175	0.0743860281851876
23.1775	0.0698508514363521
23.18	0.0648831541494524
23.1825	0.0596044593623335
23.185	0.054222419598116
23.1875	0.0488605846679577
23.19	0.0436200684475166
23.1925	0.0385774614506587
23.195	0.033785215931867
23.1975	0.0292740366974309
23.2	0.0250566653285362
23.2025	0.0211045299975088
23.205	0.0174828363695432
23.2075	0.0141631485457587
23.21	0.0111068094105431
23.2125	0.00827298607031886
23.215	0.00562617813509956
23.2175	0.00314203099716569
23.22	0.000810539094094023
23.2225	-0.00138021829832651
23.225	-0.0033568902557248
23.2275	-0.00511231809203124
23.23	-0.00664989575074073
23.2325	-0.00798696974843766
23.235	-0.00915714342255666
23.2375	-0.0102113252666284
23.24	-0.011217460796042
23.2425	-0.0122485188986864
23.245	-0.0133824932573513
23.2475	-0.014737337903807
23.25	-0.0164410661610016
23.2525	-0.0186222430355306
23.255	-0.021399585439102
23.2575	-0.0248718730863234
23.26	-0.0291093607990064
23.2625	-0.0341165769544168
23.265	-0.0399068731342675
23.2675	-0.0464529097404264
23.27	-0.0536983594126087
23.2725	-0.0615618217006424
23.275	-0.0699421689559589
23.2775	-0.0787248193929521
23.28	-0.0877883885492206
23.2825	-0.0969635570566843
23.285	-0.106173814590226
23.2875	-0.115323707736762
23.29	-0.124333656248474
23.2925	-0.133139421619715
23.295	-0.141689504169129
23.2975	-0.14994104363485
23.3	-0.157854990238682
23.3025	-0.165343805715854
23.305	-0.172402856667711
23.3075	-0.178990806075203
23.31	-0.185061101740098
23.3125	-0.190561241486874
23.315	-0.195433267232577
23.3175	-0.199615452214083
23.32	-0.203045046398294
23.3225	-0.205636186180726
23.325	-0.207350515854467
23.3275	-0.208153785769406
23.33	-0.208029555289544
23.3325	-0.206980837517162
23.335	-0.20503055366183
23.3375	-0.202220934506813
23.34	-0.198612098019484
23.3425	-0.194273322901639
23.345	-0.189285286549436
23.3475	-0.183756093219685
23.35	-0.177805846317378
23.3525	-0.171561870747361
23.355	-0.165153556252551
23.3575	-0.158707213975835
23.36	-0.152341323067746
23.3625	-0.146173553268046
23.365	-0.140265742821563
23.3675	-0.134698345497336
23.37	-0.129537634306554
23.3725	-0.124833635048577
23.375	-0.120618724545742
23.3775	-0.116907148259355
23.38	-0.113695619593781
23.3825	-0.110980287326665
23.385	-0.108700729161204
23.3875	-0.106817928646764
23.39	-0.105289558643178
23.3925	-0.104072545598302
23.395	-0.10312515498742
23.3975	-0.102408543613685
23.4	-0.101887766124264
23.4025	-0.101536639707863
23.405	-0.101319359276897
23.4075	-0.101215091728145
23.41	-0.101207184352829
23.4125	-0.101281544874005
23.415	-0.101424811554431
23.4175	-0.101622554922692
23.42	-0.101857746157816
23.4225	-0.102103519331636
23.425	-0.102340181062379
23.4275	-0.102540584930903
23.43	-0.102675194604907
23.4325	-0.102713559692524
23.435	-0.102626324612919
23.4375	-0.102387643882816
23.44	-0.101977826023607
23.4425	-0.101360717844683
23.445	-0.100560760548074
23.4475	-0.0995955847168324
23.45	-0.098497373364919
23.4525	-0.0973119056719472
23.455	-0.0960960989662166
23.4575	-0.0949141314480631
23.46	-0.0938324084607365
23.4625	-0.092866506347867
23.465	-0.0921169087380785
23.4675	-0.0916293006018652
23.47	-0.0914304645170287
23.4725	-0.0915239682261875
23.475	-0.0918873921554227
23.4775	-0.0924715443997955
23.48	-0.0932019891653301
23.4825	-0.0939000540066325
23.485	-0.09454642202523
23.4875	-0.0950334327849096
23.49	-0.0952560981886826
23.4925	-0.0951213235192219
23.495	-0.0945562081097757
23.4975	-0.0935145825243881
23.5	-0.0919811771964477
23.5025	-0.0898687457291138
23.505	-0.0873515266951037
23.5075	-0.084512834708802
23.51	-0.0814549045026336
23.5125	-0.0782919171766919
23.515	-0.0751417625588478
23.5175	-0.0721170555995669
23.52	-0.069316102528263
23.5225	-0.0667087890179099
23.525	-0.0644794653386646
23.5275	-0.0626448617574108
23.53	-0.0611821047848332
23.5325	-0.0600323650265909
23.535	-0.0591075196741011
23.5375	-0.0582990415940952
23.54	-0.0574882357477798
23.5425	-0.0564477940281658
23.545	-0.0552100043049647
23.5475	-0.0536923987210566
23.55	-0.0518354781463478
23.5525	-0.049609211142886
23.555	-0.0470166190345953
23.5575	-0.0440939281812138
23.56	-0.0409072076130416
23.5625	-0.037430811021061
23.565	-0.0339024073330561
23.5675	-0.0304405935602882
23.57	-0.027156040864541
23.5725	-0.0241420510199139
23.575	-0.0214668148894863
23.5775	-0.0191681670105315
23.58	-0.0172514740520753
23.5825	-0.0155725654648946
23.585	-0.0142072730472158
23.5875	-0.0131005665374776
23.59	-0.0121899485202509
23.5925	-0.0114154773941582
23.595	-0.0107289636067287
23.5975	-0.0101011908098211
23.6	-0.00952633601947544
23.6025	-0.00889915288475614
23.605	-0.0083906027751477
23.6075	-0.00807690192674342
23.61	-0.00804601933094645
23.6125	-0.00838732734370553
23.615	-0.00918035935581599
23.6175	-0.0104840895013473
23.62	-0.0123281995546153
23.6225	-0.0145877691486202
23.625	-0.0173478306107299
23.6275	-0.0205509453960897
23.63	-0.024115442642024
23.6325	-0.0279444400690914
23.635	-0.0319361704180166
23.6375	-0.035994250445471
23.64	-0.0400366285860517
23.6425	-0.0439134577550425
23.645	-0.0476877552200361
23.6475	-0.0513574208110713
23.65	-0.0549417860976811
23.6525	-0.0584755237054593
23.655	-0.0620002578899725
23.6575	-0.0655549080666178
23.66	-0.0691660026960233
23.6625	-0.0727908736534916
23.665	-0.076471607468131
23.6675	-0.0801590292628748
23.67	-0.0837730394494445
23.6725	-0.087208052907199
23.675	-0.090341542122502
23.6775	-0.0930446051366705
23.68	-0.0951933136063759
23.6825	-0.0966683028324282
23.685	-0.0974182087985421
23.6875	-0.0973860814753846
23.69	-0.0965474124097017
23.6925	-0.0949137942243129
23.695	-0.0925340787593205
23.6975	-0.0894929611939339
23.7	-0.0859071373184838
23.7025	-0.081925528163102
23.705	-0.0777258370705818
23.7075	-0.0734696573997705
23.71	-0.0693153436734431
23.7125	-0.0654128487027645
23.715	-0.0618999193481954
23.7175	-0.0588994391721455
23.72	-0.0565175901659635
23.7225	-0.0548480825716616
23.725	-0.0539712292544437
23.7275	-0.0539276726406363
23.73	-0.0547327233022139
23.7325	-0.0563776025587598
23.735	-0.0588313031703056
23.7375	-0.0620428600242467
23.74	-0.0659438596306125
23.7425	-0.0704301186707374
23.745	-0.0754376337637852
23.7475	-0.0808608314625225
23.75	-0.086585920626842
23.7525	-0.0924948890811563
23.755	-0.0984698185220511
23.7575	-0.104397369904384
23.76	-0.110173276863891
23.7625	-0.11566947397331
23.765	-0.120853668321774
23.7675	-0.125676959137297
23.77	-0.130112985636591
23.7725	-0.134158489926685
23.775	-0.137832070939162
23.7775	-0.141170968713903
23.78	-0.144225925471323
23.7825	-0.147013561502119
23.785	-0.149628998545074
23.7875	-0.152126109535725
23.79	-0.154542354126553
23.7925	-0.156890866960905
23.795	-0.159154366600477
23.7975	-0.161281812531485
23.8	-0.16318853761093
23.8025	-0.164716413827285
23.805	-0.165768933470007
23.8075	-0.166207795516404
23.81	-0.165898912777287
23.8125	-0.164724977049318
23.815	-0.162596890614421
23.8175	-0.159462746690889
23.82	-0.155313299746091
23.8225	-0.150150409127017
23.825	-0.144080594394194
23.8275	-0.13721923589528
23.83	-0.129706267819593
23.8325	-0.121692894120968
23.835	-0.113327513164428
23.8375	-0.104742559223038
23.84	-0.0960438793224005
23.8425	-0.087277425242819
23.845	-0.0785121979136009
23.8475	-0.0697544037325768
23.85	-0.0609839867246
23.8525	-0.0521652497384936
23.855	-0.0432592679286177
23.8575	-0.0342363291510627
23.86	-0.0250866852949842
23.8625	-0.0157941021019904
23.865	-0.00645285775284622
23.8675	0.00285691646903929
23.87	0.0120315646849461
23.8725	0.0209515888660809
23.875	0.0294914156373166
23.8775	0.0375298725489149
23.88	0.0449599030835117
23.8825	0.051747382934848
23.885	0.0577671777100641
23.8875	0.0629850073299525
23.89	0.0673928259681029
23.8925	0.0710020866641069
23.895	0.073835046686948
23.8975	0.0759156337750642
23.9	0.0772613869814809
23.9025	0.0779383132978376
23.905	0.0778655517433427
23.9075	0.0770156471630662
23.91	0.0753536111608403
23.9125	0.0728441979665615
23.915	0.0694610491773279
23.9175	0.06519640947087
23.92	0.0600699528623015
23.9225	0.0541935471655642
23.925	0.0475949749521675
23.9275	0.0403936912549615
23.93	0.0327397995694764
23.9325	0.0248056589407598
23.935	0.0167749211998681
23.9375	0.00883020929062724
23.94	0.00114075872502122
23.9425	-0.00609428392501794
23.945	-0.0128253800920223
23.9475	-0.0189857025720468
23.95	-0.0245490745158346
23.9525	-0.0295283135234082
23.955	-0.0339700963554778
23.9575	-0.037946994997964
23.96	-0.0415476335639307
23.9625	-0.0448248223717492
23.965	-0.0479288757378487
23.9675	-0.0509340453853879
23.97	-0.0538909837328864
23.9725	-0.0568243664669733
23.975	-0.0597332950991408
23.9775	-0.062593907286414
23.98	-0.0653634736126193
23.9825	-0.0679569285150435
23.985	-0.0703664406448311
23.9875	-0.0725143697346106
23.99	-0.074317116899056
23.9925	-0.0756918323643385
23.995	-0.0765628908479541
23.9975	-0.0768676248043179
24	-0.076560921097696
24.0025	-0.0755910853155752
24.005	-0.074017831999806
24.0075	-0.0718526188990011
24.01	-0.0691220268286648
24.0125	-0.0658694980975146
24.015	-0.0621565758408199
24.0175	-0.0580630723583857
24.02	-0.0536857066643758
24.0225	-0.0491095885077225
24.025	-0.0445121784748556
24.0275	-0.0400064265282941
24.03	-0.0356946111358437
24.0325	-0.0316650123160685
24.035	-0.0279897416690845
24.0375	-0.0247237000493333
24.04	-0.0219045688515039
24.0425	-0.0195433021064535
24.045	-0.0176779297730491
24.0475	-0.0162957995651381
24.05	-0.0153701535070781
24.0525	-0.0148654048203284
24.055	-0.014742663319257
24.0575	-0.0149647853107942
24.06	-0.0155003093426129
24.0625	-0.0163386503571912
24.065	-0.0174599457195974
24.0675	-0.018851716308038
24.07	-0.020504503601195
24.0725	-0.0224096772116102
24.075	-0.0245571428859195
24.0775	-0.0269333142857045
24.08	-0.0295196336737947
24.0825	-0.0323256988697193
24.085	-0.0352820740840449
24.0875	-0.0383506617839582
24.09	-0.0414901284887193
24.0925	-0.0446574656871055
24.095	-0.047809683102281
24.0975	-0.0509053703699079
24.1	-0.0539058530849939
24.1025	-0.0568304207140319
24.105	-0.0595818548407378
24.1075	-0.0621250358198064
24.11	-0.0644260249136646
24.1125	-0.0664497511025859
24.115	-0.0681577828791541
24.1175	-0.0695066215563549
24.12	-0.0704468545978016
24.1225	-0.0709824837492181
24.125	-0.0709895773363094
24.1275	-0.0703996617463562
24.13	-0.0691457378869559
24.1325	-0.0671669425902497
24.135	-0.0644138739295946
24.1375	-0.0608541371224132
24.14	-0.0564775635440329
24.1425	-0.0513461327032768
24.145	-0.0454664003828209
24.1475	-0.0389046211017404
24.15	-0.0317538780170065
24.1525	-0.0241324198622322
24.155	-0.0161802548585493
24.1575	-0.00805397755733833
24.16	8.00532438611381e-05
24.1625	0.00802437038786692
24.165	0.015633907258936
24.1675	0.0227751230755734
24.17	0.0293432059212272
24.1725	0.0352666458735855
24.175	0.0405090879202517
24.1775	0.0450683261181021
24.18	0.0489725719320512
24.1825	0.0522532240663104
24.185	0.0549821348035728
24.1875	0.0572469900265796
24.19	0.0591387300789438
24.1925	0.0607406768903253
24.195	0.0621188948981451
24.1975	0.0633150528636922
24.2	0.0643427947533898
24.2025	0.0651603478417234
24.205	0.0657366249799776
24.2075	0.066033162456801
24.21	0.0660124759267752
24.2125	0.0656462528842413
24.215	0.064922392084444
24.2175	0.0638499799459537
24.22	0.062461543522653
24.2225	0.0607665808687834
24.225	0.0588654132000594
24.2275	0.056859268926439
24.23	0.0548582084898015
24.2325	0.052968293072289
24.235	0.0512784211591777
24.2375	0.0498487366912878
24.24	0.0487023922340199
24.2425	0.0477537734515377
24.245	0.0470001345133022
24.2475	0.0463714174576505
24.25	0.0457830329548573
24.2525	0.0451475458503379
24.255	0.0443868275329667
24.2575	0.0434431846286532
24.26	0.0422881260696462
24.2625	0.0408549005670887
24.265	0.0392440071729637
24.2675	0.0375478066131628
24.27	0.0358894943096691
24.2725	0.0344098839676332
24.275	0.0332515812051689
24.2775	0.0325425942376611
24.28	0.0323815371418304
24.2825	0.0327573042773405
24.285	0.0337329610246245
24.2875	0.0352899419894537
24.29	0.0373724171789239
24.2925	0.0398936759927551
24.295	0.042745284198456
24.2975	0.0458079049969027
24.3	0.0489625652765686
24.3025	0.0520374995962627
24.305	0.0549858339877416
24.3075	0.0577634770337292
24.31	0.0603605453416416
24.3125	0.062796547383125
24.315	0.0651116941396319
24.3175	0.0673557676030193
24.32	0.0695762755708117
24.3225	0.0717607508660627
24.325	0.0739458405077034
24.3275	0.076135683308274
24.33	0.0783140615363276
24.3325	0.0804441108405368
24.335	0.0824708703507046
24.3375	0.0843264299423985
24.34	0.0859371572849318
24.3425	0.0872040958847066
24.345	0.088079056776477
24.3475	0.0885347337506566
24.35	0.0885751174970617
24.3525	0.0882371267569953
24.355	0.0875888193159348
24.3575	0.0867244582795303
24.36	0.0857570374862442
24.3625	0.084787518620284
24.365	0.0839565328664539
24.3675	0.0833809424572715
24.37	0.0831601664843504
24.3725	0.0833686664841505
24.375	0.0840506515672594
24.3775	0.0852174504516955
24.38	0.0868477629338522
24.3825	0.0888639591922767
24.385	0.0912256163719272
24.3875	0.0938428970841149
24.39	0.0966175392372816
24.3925	0.0994525781175673
24.395	0.10226153191401
24.3975	0.104976091127093
24.4	0.107551533127439
24.4025	0.109926472328426
24.405	0.112159865482218
24.4075	0.114284798853059
24.41	0.116350151739404
24.4125	0.118413256782801
24.415	0.120531515851768
24.4175	0.122753885443145
24.42	0.125113213499476
24.4225	0.127566673904941
24.425	0.130160217398794
24.4275	0.132859437543842
24.43	0.135606657165834
24.4325	0.13832626878934
24.435	0.140932108576978
24.4375	0.143336028006418
24.44	0.145456744095688
24.4425	0.147180130707884
24.445	0.148514162738166
24.4475	0.149446894296987
24.45	0.14999517031784
24.4525	0.150203667429161
24.455	0.150141124190968
24.4575	0.149894175102116
24.46	0.149559472843571
24.4625	0.149194964078406
24.465	0.148935250621068
24.4675	0.148860506904792
24.47	0.149029679545279
24.4725	0.14947618873794
24.475	0.150205795228078
24.4775	0.15119664877323
24.48	0.152401363000642
24.4825	0.153718163920387
24.485	0.155096777844182
24.4875	0.156444899402921
24.49	0.157665994086902
24.4925	0.158665144872421
24.495	0.159354167666638
24.4975	0.159655696917066
24.5	0.159506088393318
24.5025	0.158806567525528
24.505	0.157579487538266
24.5075	0.155814522427564
24.51	0.153515822869252
24.5125	0.150699600780199
24.515	0.147391071687107
24.5175	0.143621071228074
24.52	0.139422730839655
24.5225	0.134761489880815
24.525	0.129740881300775
24.5275	0.124395321754339
24.53	0.118755884078546
24.5325	0.112851059716508
24.535	0.106708154019088
24.5375	0.100355088706866
24.54	0.0938224018052539
24.5425	0.0870791450323606
24.545	0.0802435135130436
24.5475	0.0733714506853825
24.55	0.0665271595591942
24.5525	0.0597835253568342
24.555	0.0532215857548859
24.5575	0.0469289557894807
24.56	0.0409972675123854
24.5625	0.0354604768189295
24.565	0.030477574281275
24.5675	0.0261350711434878
24.57	0.0225071795137339
24.5725	0.0196526297953652
24.575	0.017611950008307
24.5775	0.0164052601158647
24.58	0.0160306620831929
24.5825	0.0164156138134691
24.585	0.017573379939157
24.5875	0.0194362502042391
24.59	0.0219145457977889
24.5925	0.0249003689960654
24.595	0.0282723068953441
24.5975	0.0319007790521521
24.6	0.0356537134846544
24.6025	0.0393504368692755
24.605	0.0429401197690765
24.6075	0.0463171513692118
24.61	0.0493908522613393
24.6125	0.052089675565008
24.615	0.054364141093167
24.6175	0.0561881201727697
24.62	0.0575582823361583
24.6225	0.0584340910133981
24.625	0.0589277068814954
24.6275	0.0590850561410654
24.63	0.0589548600091383
24.6325	0.0585846518519014
24.635	0.0580174475979796
24.6375	0.0572892483033688
24.64	0.0564275302666197
24.6425	0.0553942803528178
24.645	0.054282233626823
24.6475	0.0530941104259713
24.65	0.0518250602925247
24.6525	0.0504685024516647
24.655	0.0490224326198251
24.6575	0.0474952859454153
24.66	0.0459105353543627
24.6625	0.0442527956300214
24.665	0.0426647672846755
24.6675	0.0412201950768686
24.67	0.0400003542819842
24.6725	0.0390902929811927
24.675	0.0385739016533455
24.6775	0.0385280170261392
24.68	0.0390159497268222
24.6825	0.0400296522138998
24.685	0.0416660504558069
24.6875	0.0439089445201603
24.69	0.0467043272164635
24.6925	0.0499628573066665
24.695	0.053565173528286
24.6975	0.0573694846506456
24.7	0.0612207182428054
24.7025	0.0648973822629296
24.705	0.0683387470860625
24.7075	0.0714072342578404
24.71	0.0739840708159869
24.7125	0.0759774824101909
24.715	0.0773287541425837
24.7175	0.0780155137793934
24.72	0.0780519127646097
24.7225	0.077414381973667
24.725	0.0762722564756639
24.7275	0.0747239752033451
24.73	0.0728760433462553
24.7325	0.070834963829771
24.735	0.0686995500435111
24.7375	0.0665540972302547
24.74	0.0644628746191815
24.7425	0.0624081819585603
24.745	0.0604766108490291
24.7475	0.0586619915915247
24.75	0.0569344268743111
24.7525	0.0552457727377938
24.755	0.0535367386875108
24.7575	0.0517449327185088
24.76	0.0498131309925932
24.7625	0.0476771127405729
24.765	0.0453387779742944
24.7675	0.0427982805517437
24.77	0.0400817935736185
24.7725	0.0372419783112798
24.775	0.0343556993067832
24.7775	0.0315189434814647
24.78	0.028839181100975
24.7825	0.0264375090962668
24.785	0.0244078870746608
24.7875	0.0228265019029579
24.79	0.0217382270818998
24.7925	0.0211499326423688
24.795	0.0210272694568801
24.7975	0.021295499093465
24.8	0.0218445289186081
24.8025	0.0225492836042434
24.805	0.0232575653182559
24.8075	0.0238125517843995
24.81	0.0240696437951572
24.8125	0.0239117563674009
24.815	0.0232622985333438
24.8175	0.0220941817828078
24.82	0.0204335904955555
24.8225	0.0183561683003881
24.825	0.0159972005266117
24.8275	0.0135018802545958
24.83	0.0110256513133142
24.8325	0.0087172435536456
24.835	0.00670236937966204
24.8375	0.00506995933081983
24.84	0.00386256901629991
24.8425	0.00306074557185307
24.845	0.00263044884604821
24.8475	0.00247041792229045
24.85	0.00244825788127563
24.8525	0.00241773856116081
24.855	0.00223787968927663
24.8575	0.00179145905618666
24.86	0.00100066554826423
24.8625	-0.000183169006407429
24.865	-0.00170357957156374
24.8675	-0.00347920868591262
24.87	-0.00538441504442995
24.8725	-0.00726189616724625
24.875	-0.00893881283354881
24.8775	-0.010244455028944
24.88	-0.0110273343418718
24.8825	-0.0111798366331733
24.885	-0.0106105219626011
24.8875	-0.00929642410611536
24.89	-0.00726476507343614
24.8925	-0.00458661116056606
24.895	-0.00136637861926983
24.8975	0.00227111255331231
24.9	0.00619411974375556
24.9025	0.0102923797511405
24.905	0.0144544851992585
24.9075	0.018579359688922
24.91	0.0225836302408904
24.9125	0.0264017146339791
24.915	0.0299832811434532
24.9175	0.0332888031328223
24.92	0.0362841327800609
24.9225	0.0389830757916381
24.925	0.0413243438503496
24.9275	0.0432443283822348
24.93	0.0446655013997192
24.9325	0.0455026267215339
24.935	0.0456717811114839
24.9375	0.045100744298853
24.94	0.0437390911146293
24.9425	0.041648200760063
24.945	0.0387879621529638
24.9475	0.0351852597712856
24.95	0.0308929824086369
24.9525	0.0259889919173537
24.955	0.0205735102713857
24.9575	0.014765139464474
24.96	0.00869578361441613
24.9625	0.00258464027342621
24.965	-0.00348424148189928
24.9675	-0.00939757475740328
24.97	-0.0150596715805471
24.9725	-0.0203928535982755
24.975	-0.0253359262016796
24.9775	-0.0298414311926686
24.98	-0.0338725288087441
24.9825	-0.0373346220630383
24.985	-0.0402544317399531
24.9875	-0.0426324545202056
24.99	-0.0444810725223849
24.9925	-0.0458230217163414
24.995	-0.0466895694772986
24.9975	-0.0471184114120526
25	-0.0471513606342104
25.0025	-0.0467740012914834
25.005	-0.0460735790612413
25.0075	-0.0451049311187851
25.01	-0.0439223576457669
25.0125	-0.0425752012277399
25.015	-0.0411033388563862
25.0175	-0.0395332315147538
25.02	-0.037875191001801
25.0225	-0.0360558741081938
25.025	-0.0341045243891397
25.0275	-0.0320022036586601
25.03	-0.0297271015952023
25.0325	-0.0272580317538616
25.035	-0.0245781174107386
25.0375	-0.0216785521663327
25.04	-0.0185623459203014
25.0425	-0.015166384273799
25.045	-0.0115965098895681
25.0475	-0.00792937661365982
25.05	-0.00426901947852636
25.0525	-0.000743617143408157
25.055	0.00250030084818596
25.0575	0.00530580337592688
25.06	0.00751499826746434
25.0625	0.00905913427988029
25.065	0.00974032342105351
25.0675	0.00943875466139267
25.07	0.0080646782860101
25.0725	0.00556577684214065
25.075	0.00193228339847024
25.0775	-0.00280090818871413
25.08	-0.00855569043765914
25.0825	-0.0151528838655632
25.085	-0.0225035958266879
25.0875	-0.0304576889008679
25.09	-0.0388636462384334
25.0925	-0.047580161251492
25.095	-0.0564859979593934
25.0975	-0.0654870150350015
25.1	-0.0745195633792369
25.1025	-0.0835286387409613
25.105	-0.0925225393390784
25.1075	-0.10151561979392
25.11	-0.110530905970771
25.1125	-0.119587675651908
25.115	-0.128689124570878
25.1175	-0.137811723681188
25.12	-0.146897702485188
25.1225	-0.155877817694024
25.125	-0.164589925256375
25.1275	-0.172870596084215
25.13	-0.180537552970449
25.1325	-0.187403207753255
25.135	-0.193289864843603
25.1375	-0.198044883722964
25.14	-0.201554054731381
25.1425	-0.203796701045959
25.145	-0.204712410207763
25.1475	-0.204338316766391
25.15	-0.20276142065211
25.1525	-0.20011025266851
25.155	-0.196543631789296
25.1575	-0.192237967836436
25.16	-0.187374623912476
25.1625	-0.182150824067116
25.165	-0.176705850299406
25.1675	-0.171175441407682
25.17	-0.165672004298926
25.1725	-0.1602861294492
25.175	-0.155090643965685
25.1775	-0.150146139321062
25.18	-0.145506777373101
25.1825	-0.141217890195391
25.185	-0.137348028473993
25.1875	-0.133952436884113
25.19	-0.131085915413095
25.1925	-0.12879972802045
25.195	-0.127137066626141
25.1975	-0.126127836690983
25.2	-0.125783659416813
25.2025	-0.12608527737829
25.205	-0.127016342270548
25.2075	-0.128515446827265
25.21	-0.130497917020322
25.2125	-0.132861713006377
25.215	-0.135495046763074
25.2175	-0.138284689473413
25.22	-0.141123862271704
25.2225	-0.143933801864624
25.225	-0.146633812092522
25.2275	-0.149159192917689
25.23	-0.151460500735662
25.2325	-0.153502093901763
25.235	-0.155259336280339
25.2375	-0.156714939953282
25.24	-0.157854990238682
25.2425	-0.158708842973166
25.245	-0.159225889928175
25.2475	-0.159371772607138
25.25	-0.159102916002
25.2525	-0.158369507023877
25.255	-0.157120085424399
25.2575	-0.155306979638799
25.26	-0.152891689119291
25.2625	-0.149917306048126
25.265	-0.146315685769133
25.2675	-0.142081661380719
25.27	-0.137223028563297
25.2725	-0.131760029509627
25.275	-0.125724115746458
25.2775	-0.119156195676842
25.28	-0.112104561372041
25.2825	-0.104678452385965
25.285	-0.0968887031927869
25.2875	-0.0887797381066566
25.29	-0.0803919631342845
25.2925	-0.0717630653041993
25.295	-0.0629303951568858
25.2975	-0.0539340039617971
25.3	-0.0448198099067547
25.3025	-0.035666797354883
25.305	-0.0265366505323061
25.3075	-0.0174933383507545
25.31	-0.00860656088036018
25.3125	4.68950245534902e-05
25.315	0.00838244815036794
25.3175	0.0163080425301754
25.32	0.0237257801493448
25.3225	0.0305396124863976
25.325	0.0366121500841868
25.3275	0.04186433932226
25.33	0.0462372173000225
25.3325	0.049693526809688
25.335	0.0522180540291227
25.3375	0.0538169401414259
25.34	0.0545162590694351
25.3425	0.0544033610417079
25.345	0.0534541993837248
25.3475	0.0517521905578993
25.35	0.0493999686037095
25.3525	0.0465128136016738
25.355	0.0432117381463127
25.3575	0.039617148692947
25.36	0.0358438399388246
25.3625	0.0320548956519847
25.365	0.0282536871018168
25.3675	0.0245320328717691
25.37	0.0209804981304654
25.3725	0.0176875387430432
25.375	0.0147383427379111
25.3775	0.0122133933358438
25.38	0.0101867752813298
25.3825	0.00878169866635583
25.385	0.00797037432243767
25.3875	0.007796715443821
25.39	0.00829403578149673
25.3925	0.00948102756249424
25.395	0.0113581892017632
25.3975	0.0139054233562564
25.4	0.0170813609088703
25.4025	0.0208853928031119
25.405	0.0251584536230667
25.4075	0.029809998470979
25.41	0.0347474898478136
25.4125	0.0398818112889596
25.415	0.0451323734989957
25.4175	0.050431423082033
25.42	0.0557270643828348
25.4225	0.0610617054598809
25.425	0.0663182800498618
25.4275	0.0714889999803355
25.43	0.0765784400992972
25.4325	0.0815964877746717
25.435	0.0865506832670535
25.4375	0.0914390006463047
25.44	0.0962440124320533
25.4425	0.10101705897152
25.445	0.105589354417836
25.4475	0.109881204548526
25.45	0.113801708997488
25.4525	0.117253901226004
25.455	0.120141624106041
25.4575	0.122377661664908
25.46	0.123892401530594
25.4625	0.124732824236923
25.465	0.124774872694683
25.4675	0.124040000795315
25.47	0.122591919617396
25.4725	0.120533976608768
25.475	0.118003200882633
25.4775	0.115161492302426
25.48	0.112184614615902
25.4825	0.109317291906359
25.485	0.106641448099332
25.4875	0.104294895088765
25.49	0.10238264295964
25.4925	0.100967593080676
25.495	0.100064551563818
25.4975	0.099638324069692
25.5	0.0996062486742211
25.5025	0.099872771140375
25.505	0.100250502308212
25.5075	0.100567817155499
25.51	0.100652156168405
25.5125	0.100344633813385
25.515	0.0995132123869444
25.5175	0.0980631653091836
25.52	0.095943812767574
25.5225	0.0931389033539991
25.525	0.0897042098513457
25.5275	0.0857179423116481
25.53	0.0812857982986487
25.5325	0.0765291385799837
25.535	0.0715723400363115
25.5375	0.0665307901962846
25.54	0.0615009045963194
25.5425	0.0565275118283246
25.545	0.0516871682800417
25.5475	0.046994349619287
25.55	0.0424391001649495
25.5525	0.037995172718952
25.555	0.0336297313306872
25.5575	0.0293130427732292
25.56	0.0250266453620883
25.5625	0.0207531931321848
25.565	0.0165311905774551
25.5675	0.0123942268263849
25.57	0.0083865364560331
25.5725	0.00455588013006673
25.575	0.000945292202563617
25.5775	-0.00241493432800575
25.58	-0.00551366717093589
25.5825	-0.00837402722902951
25.585	-0.0110187114792164
25.5875	-0.0135007015273443
25.59	-0.0158859190296608
25.5925	-0.0182443513248557
25.595	-0.0206401745450064
25.5975	-0.023122346944414
25.6	-0.0257171045903906
25.6025	-0.0284474304806913
25.605	-0.0312602765877006
25.6075	-0.0340990661609198
25.61	-0.0368895433619706
25.6125	-0.0395499313973578
25.615	-0.0420025445310316
25.6175	-0.0441851855421828
25.62	-0.0460606351866024
25.6225	-0.0476750013030823
25.625	-0.0489974140687995
25.6275	-0.0500784257999913
25.63	-0.0509911954441215
25.6325	-0.0518210902414541
25.635	-0.0526535352176182
25.6375	-0.0535617926222443
25.64	-0.0545963123132962
25.6425	-0.0558577232690007
25.645	-0.0572402881275459
25.6475	-0.0586874705833589
25.65	-0.0601143645355875
25.6525	-0.0614162764978323
25.655	-0.0624800004241157
25.6575	-0.0631963386992444
25.66	-0.0634722157263999
25.6625	-0.0633461883207686
25.665	-0.0626653963144188
25.6675	-0.0614202706484745
25.67	-0.0596356810134954
25.6725	-0.0573655979005131
25.675	-0.0546850996044756
25.6775	-0.05168097766361
25.68	-0.0484422191914712
25.6825	-0.0451484488557077
25.685	-0.0417604773654551
25.6875	-0.0383206464772344
25.69	-0.0348535155043302
25.6925	-0.0313675869549946
25.695	-0.0278596127904398
25.6975	-0.0243207795470735
25.7	-0.0207437968155174
25.7025	-0.017199195514786
25.705	-0.0136195870234326
25.7075	-0.0100320063507572
25.71	-0.00648323824316807
25.7125	-0.00303758938901689
25.715	0.00022775238831492
25.7175	0.00322914183106984
25.72	0.00588391342379365
25.7225	0.00808038556568654
25.725	0.0098148108076901
25.7275	0.0110495439986842
25.73	0.0117698563899981
25.7325	0.0119874208667714
25.735	0.0117416242218853
25.7375	0.0110984271454633
25.74	0.0101467486593993
25.7425	0.00900144765539865
25.745	0.00778502983944753
25.7475	0.00660645484606241
25.75	0.00556365170579215
25.7525	0.00473790960695803
25.755	0.00419016084017315
25.7575	0.00395933023503427
25.76	0.00406270212595276
25.7625	0.00454656129876205
25.765	0.00535726294625909
25.7675	0.00645235204284106
25.77	0.00777924245738197
25.7725	0.00928288543735976
25.775	0.0109134136582325
25.7775	0.012632793678252
25.78	0.0144195905504875
25.7825	0.0163364499729393
25.785	0.0183418111874555
25.7875	0.0204519425349547
25.79	0.022688648420041
25.7925	0.0250743208736703
25.795	0.0276270930766539
25.7975	0.0303567765613641
25.8	0.0332621228243029
25.8025	0.0363956071802212
25.805	0.0396702350180962
25.8075	0.0430403335309506
25.81	0.0464529188074568
25.8125	0.0498542303002484
25.815	0.053196963746131
25.8175	0.0564471555528732
25.82	0.0595896333991347
25.8225	0.0626893688799623
25.825	0.0657143931102603
25.8275	0.0687035359092481
25.83	0.0717071895253838
25.8325	0.0747795626907451
25.835	0.077969932502694
25.8375	0.0813139984941753
25.84	0.0848264185263585
25.8425	0.0885502343441219
25.845	0.0923851683170799
25.8475	0.096255209285895
25.85	0.100059255838238
25.8525	0.103677838211673
25.855	0.106982023878016
25.8575	0.109843491365116
25.86	0.112144587993972
25.8625	0.113845764565973
25.865	0.114810224468465
25.8675	0.114989204491498
25.87	0.114364574299031
25.8725	0.112946812120246
25.875	0.110770736697431
25.8775	0.107889750308241
25.88	0.104369416683959
25.8825	0.100337169325616
25.885	0.0958055999173994
25.8875	0.0908348222356883
25.89	0.0854775725390184
25.8925	0.0797785364189064
25.895	0.0737751754332202
25.8975	0.067499557293622
25.9	0.060980558511222
25.9025	0.0542875882425961
25.905	0.0474076797605767
25.9075	0.0403612821761695
25.91	0.0331668288040904
25.9125	0.0258400771417755
25.915	0.0183934260228208
25.9175	0.0108356089611197
25.92	0.0031721097879976
25.9225	-0.00456582538985863
25.925	-0.0123963732927801
25.9275	-0.0203184547373052
25.93	-0.0283254520613117
25.9325	-0.0364003242416622
25.935	-0.0445111076084679
25.9375	-0.0526076476379818
25.94	-0.0606203189138469
25.9425	-0.06843638591287
25.945	-0.0759725179486123
25.9475	-0.0831249893044504
25.95	-0.08979215486919
25.9525	-0.0958822522954546
25.955	-0.101320697220247
25.9575	-0.106055952051397
25.96	-0.110063203653582
25.9625	-0.113318997962856
25.965	-0.115873583594137
25.9675	-0.117783068371624
25.97	-0.119119697704302
25.9725	-0.119962687040874
25.975	-0.120388539762128
25.9775	-0.120462156176822
25.98	-0.120229965623947
25.9825	-0.119697620450337
25.985	-0.118878906287009
25.9875	-0.117761290389894
25.99	-0.116321026499961
25.9925	-0.114530691698893
25.995	-0.112367515742188
25.9975	-0.109821340621776
26	-0.106901100521067
26.0025	-0.103634956926491
26.005	-0.100074915167661
26.0075	-0.0963036672185253
26.01	-0.0924230577060886
26.0125	-0.0885456741330391
26.015	-0.0847849313286686
26.0175	-0.081244994755767
26.02	-0.0780118861426791
26.0225	-0.0751570850646391
26.025	-0.0726911273368914
26.0275	-0.0706224791384515
26.03	-0.0689372213828395
26.0325	-0.0676036567690581
26.035	-0.0665784993692939
26.0375	-0.0658137652359867
26.04	-0.0652634070577929
26.0425	-0.0649090723744584
26.045	-0.0646859801608045
26.0475	-0.0645824662391705
26.05	-0.0646012715417559
26.0525	-0.06475459452177
26.055	-0.0650574649858243
26.0575	-0.0655206075543357
26.06	-0.0661439927402654
26.0625	-0.0669294427056026
26.065	-0.0678026793691422
26.0675	-0.0687201477729816
26.07	-0.0696290530664139
26.0725	-0.0704701781423054
26.075	-0.0711819006179357
26.0775	-0.071705019128434
26.08	-0.0719878795421285
26.0825	-0.0719947431873894
26.085	-0.0716753006501845
26.0875	-0.0710348437474625
26.09	-0.0701036141552069
26.0925	-0.0689328322826797
26.095	-0.0675885494141163
26.0975	-0.0661442210708854
26.1	-0.064673014384317
26.1025	-0.0632302841213588
26.105	-0.0618638817001042
26.1075	-0.0606188223144947
26.11	-0.0595262903117803
26.1125	-0.0586023223462914
26.115	-0.0578479651543584
26.1175	-0.0572508212350076
26.12	-0.0567877698639949
26.1225	-0.0564056232364868
26.125	-0.0560898096059515
26.1275	-0.0558131530208788
26.13	-0.0555543294793362
26.1325	-0.0552996112660264
26.135	-0.0550432713426181
26.1375	-0.0547866772517733
26.14	-0.0545362723804003
26.1425	-0.0542687274052624
26.145	-0.0540334337250003
26.1475	-0.053835534625989
26.15	-0.0536723363194878
26.1525	-0.0535321827293659
26.155	-0.0533944042999262
26.1575	-0.0532303279950201
26.16	-0.0530052540915561
26.1625	-0.0526482859994824
26.165	-0.0521754852170858
26.1675	-0.0515495384360109
26.17	-0.050736764405907
26.1725	-0.0497123424057616
26.175	-0.0484649095106434
26.1775	-0.0469997727014459
26.18	-0.0453401559918521
26.1825	-0.0435024671592839
26.185	-0.0415888253329333
26.1875	-0.0396551714730109
26.19	-0.0377547016507947
26.1925	-0.035933676177676
26.195	-0.0342279610199086
26.1975	-0.0326606163694415
26.2	-0.0312407784168092
26.2025	-0.0299422687828938
26.205	-0.028792424114121
26.2075	-0.027761041890627
26.21	-0.026809508293793
26.2125	-0.0258982374645384
26.215	-0.0249945460758681
26.2175	-0.0240798818903325
26.22	-0.0231554007868342
26.2225	-0.0222203707355647
26.225	-0.0213612064151109
26.2275	-0.0206431714652854
26.23	-0.0201435806185323
26.2325	-0.0199454433884553
26.235	-0.0201299230543798
26.2375	-0.0207683447776018
26.24	-0.0219145755069866
26.2425	-0.0235617156833324
26.245	-0.0257580606752519
26.2475	-0.0284764370508614
26.25	-0.0316582854062344
26.2525	-0.035217288226223
26.255	-0.0390452395900087
26.2575	-0.0430194980665851
26.26	-0.0470112674574534
26.2625	-0.0508443911882441
26.265	-0.0544598885416714
26.2675	-0.0577618240328995
26.27	-0.0606745427061712
26.2725	-0.063145441468581
26.275	-0.0651455540721999
26.2775	-0.066668057323405
26.28	-0.0677250443065229
26.2825	-0.0682885475842421
26.285	-0.0684579816806899
26.2875	-0.0682788483611066
26.29	-0.0677958506206563
26.2925	-0.0670493672668626
26.295	-0.0660729294083557
26.2975	-0.0648917452787543
26.3	-0.0635222490038131
26.3025	-0.0619373269018414
26.305	-0.0601833850955263
26.3075	-0.0582580888605553
26.31	-0.0561549815665096
26.3125	-0.0538664845860601
26.315	-0.0513867006065435
26.3175	-0.0487136273926257
26.32	-0.0458504954214669
26.3225	-0.0427974848872953
26.325	-0.0395889064501007
26.3275	-0.0362383227740597
26.33	-0.0327583307219021
26.3325	-0.0291598062002843
26.335	-0.02545154852101
26.3375	-0.0216403911494189
26.34	-0.0177317935152421
26.3425	-0.0137343918482694
26.345	-0.0096641721646821
26.3475	-0.00552417084309438
26.35	-0.00131908432536192
26.3525	0.0029412340995824
26.355	0.00723833639170425
26.3575	0.0115423828880485
26.36	0.0158105156625748
26.3625	0.019983673591279
26.365	0.0239847346919654
26.3675	0.0277439428679937
26.37	0.0311909270933324
26.3725	0.0342585011077709
26.375	0.0368864357745575
26.3775	0.0390248676044854
26.38	0.0406370279150102
26.3825	0.0417049499848152
26.385	0.0422083456380006
26.3875	0.0421593885135945
26.39	0.0415857426398148
26.3925	0.0405268125532389
26.395	0.0390292289229577
26.3975	0.0371421837315657
26.4	0.0349132209789389
26.4025	0.0323963027124943
26.405	0.0296103050882336
26.4075	0.0265842910601591
26.41	0.0233419382858945
26.4125	0.0199030822150347
26.415	0.0162859171578138
26.4175	0.0125094437622736
26.42	0.00859571705958971
26.4225	0.00458722226671404
26.425	0.000497270268234772
26.4275	-0.00363814616443463
26.43	-0.00777902994924169
26.4325	-0.0118836914990254
26.435	-0.0159115156754046
26.4375	-0.0198257264246398
26.44	-0.0235956936280705
26.4425	-0.0271891603260077
26.445	-0.0306040925542092
26.4475	-0.0338325108721103
26.45	-0.036870992821057
26.4525	-0.039718107323825
26.455	-0.0423713241319552
26.4575	-0.0448237768764526
26.46	-0.0470613007348666
26.4625	-0.0490500570731817
26.465	-0.0507751325118965
26.4675	-0.0521889850910168
26.47	-0.0532329793234997
26.4725	-0.0538412226043998
26.475	-0.0539456522814195
26.4775	-0.0534818310550049
26.48	-0.0523948481071149
26.4825	-0.0506380595033825
26.485	-0.0482124471885079
26.4875	-0.045114926751779
26.49	-0.0413633387340389
26.4925	-0.0369980417174896
26.495	-0.0320820967818014
26.4975	-0.0266998595689644
26.5	-0.0209539365806529
26.5025	-0.0149560247457914
26.505	-0.0088491576549303
26.5075	-0.00275393879097868
26.51	0.00321728309300938
26.5125	0.00896499895535207
26.515	0.0144059183892268
26.5175	0.0194749934104543
26.52	0.0241260463686505
26.5225	0.0283452305356872
26.525	0.0320980023090692
26.5275	0.0353873983283996
26.53	0.0382280930923452
26.5325	0.0406419304347907
26.535	0.0426535215108817
26.5375	0.0442864224214115
26.54	0.0455603024124702
26.5425	0.0465129706404122
26.545	0.0471286260429898
26.5475	0.0474075952383132
26.55	0.0473471440589358
26.5525	0.0469444618742761
26.555	0.0461998976556176
26.5575	0.0451198917745054
26.56	0.0437190778036641
26.5625	0.0420341670977153
26.565	0.0400899168180967
26.5675	0.0379206194551073
26.57	0.0355624126152069
26.5725	0.0330504491665215
26.575	0.0304161921346981
26.5775	0.0276853050667314
26.58	0.0248765455298487
26.5825	0.0219864848178002
26.585	0.0190446454812271
26.5875	0.0160549263014916
26.59	0.0130212191730545
26.5925	0.00995203321352731
26.595	0.00686488523527481
26.5975	0.00378969102052821
26.6	0.000770512472163454
26.6025	-0.00217210243717709
26.605	-0.00492895621172619
26.6075	-0.00741937655146367
26.61	-0.00956199323242612
26.6125	-0.0112822310527659
26.615	-0.0125199731808758
26.6175	-0.0132363862970037
26.62	-0.0134189250022233
26.6225	-0.0131273360794901
26.625	-0.0123664566596451
26.6275	-0.0111957200554877
26.63	-0.00969007193740106
26.6325	-0.00793269354075674
26.635	-0.00600705681380678
26.6375	-0.00398922868859038
26.64	-0.0019412911636326
26.6425	4.81984917433259e-05
26.645	0.00199005388841694
26.6475	0.00389507135220542
26.65	0.00579579977131279
26.6525	0.00773916597410674
26.655	0.00977709602987584
26.6575	0.0119564287703742
26.66	0.0143095173401784
26.6625	0.0167908624548821
26.665	0.0194211944676619
26.6675	0.0221737215987091
26.67	0.0250018372071294
26.6725	0.0278408881464849
26.675	0.0306114752987621
26.6775	0.0332239442490586
26.68	0.0355836668962759
26.6825	0.03753126091725
26.685	0.0390225101671381
26.6875	0.0400000602529266
26.69	0.0404277952063704
26.6925	0.0402894890015577
26.695	0.0395853602803249
26.6975	0.0383273744017578
26.7	0.0365342991671269
26.7025	0.0341441897979568
26.705	0.0312444602153915
26.7075	0.0278755906483958
26.71	0.0240837190666259
26.7125	0.0199195449431837
26.715	0.0154375224381499
26.7175	0.0106953558843341
26.72	0.0057538269025193
26.7225	0.000584045373184945
26.725	-0.00466128995356426
26.7275	-0.00989208247182914
26.73	-0.0150096258075205
26.7325	-0.0199092506490988
26.735	-0.024484200738718
26.7375	-0.0286303811176305
26.74	-0.032251450620556
26.7425	-0.0353569585084526
26.745	-0.0377894668447276
26.7475	-0.0394851684587163
26.75	-0.0403983065514106
26.7525	-0.040503240706216
26.755	-0.0397957163513214
26.7575	-0.0382931783917448
26.76	-0.0360339663929948
26.7625	-0.0331659204644331
26.765	-0.0296742699110038
26.7675	-0.0256275267721584
26.77	-0.0210979791070228
26.7725	-0.0161587373139927
26.775	-0.0108816696927383
26.7775	-0.00533632172114779
26.78	0.000410272874788333
26.7825	0.00621711431300843
26.785	0.0120911940415675
26.7875	0.0179835701123842
26.79	0.0238482049153321
26.7925	0.0296399794175419
26.795	0.0353129847137795
26.7975	0.0408195823645785
26.8	0.0461106684640156
26.8025	0.0510800248602454
26.805	0.0557315210395
26.8075	0.0600403542442188
26.81	0.0639979240302535
26.8125	0.0676147342411771
26.815	0.0709219012698276
26.8175	0.0739708646918266
26.82	0.0768311007957273
26.8225	0.0795457540399321
26.825	0.0822370258515352
26.8275	0.0850067306129188
26.83	0.087952399595857
26.8325	0.0911577592300285
26.835	0.094683823594706
26.8375	0.0985617356481155
26.84	0.102788365117701
26.8425	0.107300039014884
26.845	0.112047293161212
26.8475	0.116939388585855
26.85	0.12187068266519
26.8525	0.126730976783127
26.855	0.131416225152877
26.8575	0.135838357979966
26.86	0.139933070269269
26.8625	0.14364635575154
26.865	0.146991468699497
26.8675	0.149993024324125
26.87	0.152698016623863
26.8725	0.155167379899832
26.875	0.157465918979711
26.8775	0.159651893063353
26.88	0.161767592532395
26.8825	0.163809067880338
26.885	0.165796192912696
26.8875	0.16769484721902
26.89	0.16944604082537
26.8925	0.170972718606949
26.895	0.172188984462518
26.8975	0.173010575260912
26.9	0.173365306236777
26.9025	0.173181772427914
26.905	0.172463278485917
26.9075	0.171220175551496
26.91	0.169494703365729
26.9125	0.167358533486094
26.915	0.164907394218812
26.9175	0.16225341970009
26.92	0.1595160950488
26.9225	0.15680145910221
26.925	0.154226839150778
26.9275	0.151881909696213
26.93	0.149832592443283
26.9325	0.148117690053266
26.935	0.146747932987113
26.9375	0.145707317189537
26.94	0.144956411321556
26.9425	0.144447219627013
26.945	0.144092729145691
26.9475	0.143816265404434
26.95	0.143541642879587
26.9525	0.143198096744136
26.955	0.142724272083134
26.9575	0.14207115561142
26.96	0.141203915515565
26.9625	0.140112904236209
26.965	0.138775791866655
26.9675	0.137202180304958
26.97	0.135414580940895
26.9725	0.133445180870522
26.975	0.131332118146819
26.9775	0.129115621702158
26.98	0.126834358242491
26.9825	0.124521286128429
26.985	0.122204165359035
26.9875	0.119901270553068
26.99	0.117621483834146
26.9925	0.115364359301554
26.995	0.113120825833037
26.9975	0.110874332624001
27	0.108602231953117
27.0025	0.10626785995208
27.005	0.103859443962091
27.0075	0.101342136175576
27.01	0.0986785914846974
27.0125	0.0958313178163534
27.015	0.0927653284626107
27.0175	0.0894510118949703
27.02	0.0858671106965533
27.0225	0.0819903311809378
27.025	0.0778541104439921
27.0275	0.073474415204841
27.03	0.0688818633843187
27.0325	0.064123927012923
27.035	0.0592659219710755
27.0375	0.0543901790412028
27.04	0.0495929845719751
27.0425	0.0449650308145402
27.045	0.0406484097936403
27.0475	0.0367346105012118
27.05	0.0332936039418479
27.0525	0.0303677290273014
27.055	0.0279677501847775
27.0575	0.0260716359028837
27.06	0.0246263791427826
27.0625	0.02352564204568
27.065	0.0227279449393557
27.0675	0.0221198484090953
27.07	0.0215847558638227
27.0725	0.0210170565493103
27.075	0.0203353024738614
27.0775	0.0194925461015782
27.08	0.0184822926764403
27.0825	0.0173022860467943
27.085	0.0160923774624946
27.0875	0.0149417128789094
27.09	0.0139452401266822
27.0925	0.0131911011466348
27.095	0.0127483802725937
27.0975	0.0126566453674557
27.1	0.0129185922280912
27.1025	0.0134446373460793
27.105	0.0142438606022491
27.1075	0.0152027393676481
27.11	0.0161798436902653
27.1125	0.0170225250877302
27.115	0.0175854300187801
27.1175	0.0177484197539811
27.12	0.0174315938507628
27.1225	0.0165590737396013
27.125	0.0152331646144271
27.1275	0.0135266711464815
27.13	0.0115510623873465
27.1325	0.00944610504878525
27.135	0.00736634772333797
27.1375	0.00546582632440121
27.14	0.0038825823272652
27.1425	0.00268415772947602
27.145	0.00200596239985375
27.1475	0.00186197802860495
27.15	0.00221101837822744
27.1525	0.00296253103547174
27.155	0.00398733530608239
27.1575	0.00513185796161744
27.16	0.00623414636568613
27.1625	0.00708463294609407
27.165	0.00763115347229573
27.1675	0.00777325298021966
27.17	0.00744689167447246
27.1725	0.00662932777413202
27.175	0.00533958763362219
27.1775	0.00363453608984562
27.18	0.00160106487722276
27.1825	-0.000727544065962602
27.185	-0.00314631538637738
27.1875	-0.00554407110932863
27.19	-0.00782937870872134
27.1925	-0.00993867712888318
27.195	-0.0118411515354276
27.1975	-0.0135399973155134
27.2	-0.0150700231568593
27.2025	-0.0165796394344079
27.205	-0.0180464139743238
27.2075	-0.0195462129507527
27.21	-0.0211513243936247
27.2125	-0.0229199222811291
27.215	-0.0248875385583239
27.2175	-0.0270615876836229
27.22	-0.0294195671189683
27.2225	-0.0320059385347588
27.225	-0.0346468734634696
27.2275	-0.0372429725187073
27.23	-0.0396900941288523
27.2325	-0.041891010111045
27.235	-0.0437666838666175
27.2375	-0.0452657443119086
27.24	-0.0463708415065643
27.2425	-0.0471944838180315
27.245	-0.0476979764975923
27.2475	-0.0479453965776963
27.25	-0.0480147516170086
27.2525	-0.0479870525178426
27.255	-0.0479351526102007
27.2575	-0.0479137653860792
27.26	-0.0479518930728217
27.2625	-0.0481383196139871
27.265	-0.0483594331105873
27.2675	-0.048539975789722
27.27	-0.0485816452078975
27.2725	-0.0483758515073233
27.275	-0.0478187667909565
27.2775	-0.0468267596373352
27.28	-0.0453501626473347
27.2825	-0.0434688838392906
27.285	-0.0411495319727683
27.2875	-0.0384677042938523
27.29	-0.0355375417085996
27.2925	-0.0325027976277173
27.295	-0.0295247160845187
27.2975	-0.0267679909697559
27.3	-0.0243862194111992
27.3025	-0.022582770185409
27.305	-0.0213837150388572
27.3075	-0.020822318871796
27.31	-0.020879955074862
27.3125	-0.0214886481717214
27.315	-0.0225382950953029
27.3175	-0.023887538924753
27.32	-0.0253768783039808
27.3225	-0.0269058063457665
27.325	-0.0282607130723235
27.3275	-0.0292931179742165
27.33	-0.0298788237646031
27.3325	-0.0299239939532666
27.335	-0.0293682251976601
27.3375	-0.0281846746656913
27.34	-0.026377543852245
27.3425	-0.0240245208508574
27.345	-0.0211352885085834
27.3475	-0.0177639753127637
27.35	-0.0139686614031327
27.3525	-0.00980669180170572
27.355	-0.00533149641675861
27.3575	-0.000590951111441629
27.36	0.00437290844591467
27.3625	0.0094873285994259
27.365	0.0147512161500369
27.3675	0.0201409271872035
27.37	0.0256352491973519
27.3725	0.0312131529401834
27.375	0.0368517728975555
27.3775	0.0425248801281733
27.38	0.0482020594598878
27.3825	0.0538299331997402
27.385	0.0593870673137232
27.3875	0.064838014892547
27.39	0.0701490454097299
27.3925	0.0752901908208844
27.395	0.0802371928104405
27.3975	0.0849731284251906
27.4	0.0894895199812698
27.4025	0.0937931113404656
27.405	0.097883982438879
27.4075	0.101778732405277
27.41	0.10550017763417
27.4125	0.109074854680657
27.415	0.112530166078352
27.4175	0.115891451080982
27.42	0.119179266798269
27.4225	0.122441088709055
27.425	0.125646019976296
27.4275	0.128785148358194
27.43	0.131840247842103
27.4325	0.13478540081747
27.435	0.137589575395515
27.4375	0.140219851475936
27.44	0.142644873905066
27.4425	0.144903990060361
27.445	0.146910831195473
27.4475	0.14864504427836
27.45	0.150094425894843
27.4525	0.151255368886139
27.455	0.152132655524848
27.4575	0.152738634848253
27.46	0.153091822228944
27.4625	0.153310650521612
27.465	0.153326960843602
27.4675	0.153148576261524
27.47	0.152777695225803
27.4725	0.152211106151514
27.475	0.151441587822498
27.4775	0.1504602372672
27.48	0.149259273179092
27.4825	0.147951463053717
27.485	0.146428709559165
27.4875	0.144679214020237
27.49	0.142694716541493
27.4925	0.140472781158864
27.495	0.138018984591144
27.4975	0.135348701236897
27.5	0.132488118590184
27.5025	0.129588743308059
27.505	0.126593297739453
27.5075	0.123531910785447
27.51	0.120432686222375
27.5125	0.117320929718582
27.515	0.11421902072909
27.5175	0.111146762486345
27.52	0.10812191248995
27.5225	0.105261583981647
27.525	0.102487960072212
27.5275	0.0997933662358189
27.53	0.0971625460463681
27.5325	0.0945743482819545
27.535	0.092004094495998
27.5375	0.0894263538975093
27.54	0.0868177429674043
27.5425	0.0842471684533914
27.545	0.0816206767373684
27.5475	0.0789155629461695
27.55	0.0761122318043265
27.5525	0.0731955133800342
27.555	0.0701558581975885
27.5575	0.0669902163575226
27.56	0.0637023688025007
27.5625	0.0603696179892555
27.565	0.0569510541194194
27.5675	0.0534500271553262
27.57	0.0498665640215973
27.5725	0.0461972172955809
27.575	0.0424356279622712
27.5775	0.0385736794083177
27.58	0.034603014658977
27.5825	0.0305644880770161
27.585	0.0264243247743523
27.5875	0.0221670592951617
27.59	0.0177765563294437
27.5925	0.0132391979016874
27.595	0.00854704595290834
27.5975	0.00370039077307107
27.6	-0.00129085855726085
27.6025	-0.00637193860116834
27.605	-0.0115250755888879
27.6075	-0.0167351633805841
27.61	-0.0219935213272304
27.6125	-0.0272986647416332
27.615	-0.0326561492131457
27.6175	-0.0380775812249992
27.62	-0.0435789846269071
27.6225	-0.0491563243818286
27.625	-0.0548194040278285
27.6275	-0.0606009784474934
27.63	-0.0665369216733165
27.6325	-0.0726601155939638
27.635	-0.0789941531732598
27.6375	-0.0855478408748942
27.64	-0.0923113968273749
27.6425	-0.0992635323620911
27.645	-0.106314885723678
27.6475	-0.113413313099183
27.65	-0.120503912170309
27.6525	-0.127531971830196
27.655	-0.134445622004119
27.6575	-0.141197936369521
27.66	-0.147748268201213
27.6625	-0.154104391741611
27.665	-0.160166954745835
27.6675	-0.165918003195795
27.67	-0.17134720169755
27.6725	-0.176446094785816
27.675	-0.181202130505703
27.6775	-0.185593549126994
27.68	-0.18958609477414
27.6825	-0.193184720777388
27.685	-0.196250768657429
27.6875	-0.198721266116036
27.69	-0.200537777553458
27.6925	-0.201651818371013
27.695	-0.202030299288545
27.6975	-0.201660417835896
27.7	-0.200553389183116
27.7025	-0.198802460233933
27.705	-0.196392003766339
27.7075	-0.193409080980379
27.71	-0.189963325207486
27.7125	-0.186178687864902
27.715	-0.182183902375553
27.7175	-0.178102824567879
27.72	-0.174045758809597
27.7225	-0.170154616301739
27.725	-0.166425188107406
27.7275	-0.162895845257352
27.73	-0.159582974457175
27.7325	-0.156483464880716
27.735	-0.153578949876469
27.7375	-0.150841284823867
27.74	-0.148238594319863
27.7425	-0.145792279647022
27.745	-0.143415877866719
27.7475	-0.141094822467661
27.75	-0.138828970131513
27.7525	-0.136632060184485
27.755	-0.134529529988748
27.7575	-0.132555145233476
27.76	-0.130746960536204
27.7625	-0.129194934174051
27.765	-0.127874242894541
27.7675	-0.126806846782053
27.77	-0.126005714953255
27.7725	-0.12547361425011
27.775	-0.125203106643949
27.7775	-0.125177632055748
27.78	-0.125373386542025
27.7825	-0.125804453743342
27.785	-0.126394634562567
27.7875	-0.127105373053485
27.79	-0.127897651445777
27.7925	-0.128732733103546
27.795	-0.129572180497771
27.7975	-0.130377168607965
27.8	-0.131107200133579
27.8025	-0.13175349515499
27.805	-0.132237418483765
27.8075	-0.132495496832183
27.81	-0.132454777949886
27.8125	-0.132034394291105
27.815	-0.1311487461364
27.8175	-0.129712187902914
27.82	-0.127644897336585
27.8225	-0.124905521365014
27.825	-0.121433623971778
27.8275	-0.117196158138434
27.83	-0.112186625347199
27.8325	-0.106430567696756
27.835	-0.099989207247678
27.8375	-0.092960470502531
27.84	-0.0854768511327302
27.8425	-0.0777010700966147
27.845	-0.0698355941711558
27.8475	-0.062062237321554
27.85	-0.0545541200419411
27.8525	-0.0474650568470532
27.855	-0.0409202290610455
27.8575	-0.0350089014897087
27.86	-0.0297798067163434
27.8625	-0.0252017290406535
27.865	-0.0213080025452796
27.8675	-0.0180239254560129
27.87	-0.0152417852854763
27.8725	-0.0128336159734129
27.875	-0.0106653872525816
27.8775	-0.00861097651163404
27.88	-0.00656436599661333
27.8825	-0.00436994347559206
27.885	-0.00209710375561461
27.8875	0.000261792509639663
27.89	0.00268747773182405
27.8925	0.00513793208743724
27.895	0.0075550383795272
27.8975	0.00987306044371877
27.9	0.012027999890136
27.9025	0.0140723866574703
27.905	0.0158346530589799
27.9075	0.017300565293242
27.91	0.0184872081846648
27.9125	0.0194405260864262
27.915	0.0202298645847945
27.9175	0.0209403963085815
27.92	0.0216644091199205
27.9225	0.0225974142807219
27.925	0.0236895391466376
27.9275	0.0249979737165716
27.93	0.0265611287845619
27.9325	0.0283945988366886
27.935	0.0304895132281517
27.9375	0.0328134166722387
27.94	0.0353134871982446
27.9425	0.038019408576865
27.945	0.0407359083085564
27.9475	0.0433763696341746
27.95	0.0458607496599503
27.9525	0.0481207085267198
27.955	0.0501037448886422
27.9575	0.0517762412343282
27.96	0.0531253339573478
27.9625	0.0542417310034504
27.965	0.0550538329429045
27.9675	0.0556039185931236
27.97	0.0559518484625106
27.9725	0.0561700145103063
27.975	0.0563376476244856
27.9775	0.0565349952709868
27.98	0.0568378031414081
27.9825	0.0573761012023578
27.985	0.0581191257759784
27.9875	0.0591013349350737
27.99	0.0603416201841952
27.9925	0.0618410994446407
27.995	0.0635819961310638
27.9975	0.0655278277864131
28	0.0676249777516964
28.0025	0.069858859909079
28.005	0.0720750144436284
28.0075	0.0741901785763366
28.01	0.0761238631520897
28.0125	0.0778011799460293
28.015	0.0791550766607211
28.0175	0.0801280827582387
28.02	0.080673656501062
28.0225	0.0807928395094543
28.025	0.0804032146767208
28.0275	0.0794997199140348
28.03	0.0780941201706677
28.0325	0.0762115978464798
28.035	0.0738865187080899
28.0375	0.0711579230700753
28.04	0.0680652705929327
28.0425	0.0646498303793832
28.045	0.060917955263053
28.0475	0.056900116052601
28.05	0.0526233309947468
28.0525	0.0481095239739809
28.055	0.0433744477494724
28.0575	0.0384274298221088
28.06	0.0332721294797855
28.0625	0.0278890342585771
28.065	0.022286475539711
28.0675	0.0164728070500304
28.07	0.0104652138421399
28.0725	0.00429168638481381
28.075	-0.00200799689176002
28.0775	-0.00838241834617347
28.08	-0.01476982349238
28.0825	-0.0211145295603837
28.085	-0.0273316221732655
28.0875	-0.0333420481373037
28.09	-0.0390689190389868
28.0925	-0.0444423362271256
28.095	-0.0494039676834425
28.0975	-0.0539109247504227
28.1	-0.0579385352444987
28.1025	-0.061479990284117
28.105	-0.0645481587434968
28.1075	-0.067176215813591
28.11	-0.0694120467274085
28.1125	-0.0713131574912327
28.115	-0.0729406875706754
28.1175	-0.0743531146496877
28.12	-0.0756002821713623
28.1225	-0.0767018449371423
28.125	-0.077685646949121
28.1275	-0.0785569785203181
28.13	-0.0793039152225021
28.1325	-0.0798979573215023
28.135	-0.080296156580991
28.1375	-0.0804446486601728
28.14	-0.0802833969372389
28.1425	-0.0797348126259451
28.145	-0.0787501552727016
28.1475	-0.077293108590645
28.15	-0.0753470275422815
28.1525	-0.0729174133200685
28.155	-0.0700324331265245
28.1575	-0.0667414839029979
28.16	-0.0631119761290248
28.1625	-0.0592178273832611
28.165	-0.0551408159765765
28.1675	-0.0509772596383965
28.17	-0.0468216238802397
28.1725	-0.0427588929383792
28.175	-0.0388576414171622
28.1775	-0.0351645646193178
28.18	-0.0317010845690107
28.1825	-0.0284663332513226
28.185	-0.0254143437770869
28.1875	-0.022499840280152
28.19	-0.0196656651366724
28.1925	-0.0168484684235527
28.195	-0.0139846675431037
28.1975	-0.0110161534369555
28.2	-0.00789525117580475
28.2025	-0.00460962366920151
28.205	-0.00110857492164547
28.2075	0.00260558227300013
28.21	0.00651170030359342
28.2125	0.0105731307272347
28.215	0.0147421489655362
28.2175	0.0189647879880668
28.22	0.0231854207532821
28.2225	0.0273123906782435
28.225	0.0313483500027755
28.2275	0.0352511189327792
28.23	0.038982341209766
28.2325	0.0425072045056664
28.235	0.0457934206946937
28.2375	0.0488097277588949
28.24	0.051524269080125
28.2425	0.0538726469786717
28.245	0.0558604448360787
28.2475	0.057448923612099
28.25	0.0585962360384711
28.2525	0.059260376482102
28.255	0.0594028350258447
28.2575	0.0589924050104729
28.26	0.0580085818328772
28.2625	0.0564385449783939
28.265	0.0543019877536418
28.2675	0.051618540504467
28.27	0.0484194609428548
28.2725	0.0447459602713886
28.275	0.0406469330715313
28.2775	0.0361763852192327
28.28	0.0313908782490488
28.2825	0.0263700792218456
28.285	0.0211465864949335
28.2875	0.0157699799581631
28.29	0.010286779685206
28.2925	0.00474129608889652
28.295	-0.000822943633375273
28.2975	-0.00636155569577103
28.3	-0.0118278667804832
28.3025	-0.0171232722237999
28.305	-0.0222501632120188
28.3075	-0.0271589256063573
28.31	-0.0317997623242049
28.3125	-0.0361253355381298
28.315	-0.0400935894094871
28.3175	-0.0436703224511243
28.32	-0.0468311476587658
28.3225	-0.049509311502495
28.325	-0.0517655738233874
28.3275	-0.0536122262946273
28.33	-0.0550692384971363
28.3325	-0.0561622767150506
28.335	-0.056920300758002
28.3375	-0.057372986417507
28.34	-0.0575482756806757
28.3425	-0.0574053271567632
28.345	-0.0570375352301557
28.3475	-0.0564649543562741
28.35	-0.0557017311416342
28.3525	-0.0547569822715534
28.355	-0.0536359588627882
28.3575	-0.0523412468637433
28.36	-0.0508738364737533
28.3625	-0.0491588936765774
28.365	-0.0472754385381886
28.3675	-0.0452343877651506
28.37	-0.0430481100480963
28.3725	-0.0407295835189391
28.375	-0.0382911353334652
28.3775	-0.0357429988423587
28.38	-0.033092009681098
28.3825	-0.0302708464294933
28.385	-0.0273449584554851
28.3875	-0.0243215566824276
28.39	-0.0212083986280412
28.3925	-0.0180146732216412
28.395	-0.0147520087642481
28.3975	-0.0114355892293968
28.4	-0.00808537762997495
28.4025	-0.00467328680955388
28.405	-0.00128079474180084
28.4075	0.00203910467824374
28.41	0.00522180234492366
28.4125	0.00819302850294242
28.415	0.0108722405643271
28.4175	0.013177285277024
28.42	0.0150299965349287
28.4225	0.0163844603631081
28.425	0.0171749499829237
28.4275	0.0173633097058346
28.43	0.016933947772892
28.4325	0.0158973507439125
28.435	0.0142916644697498
28.4375	0.0121818831230325
28.44	0.00965642254074979
28.4425	0.00680883398137735
28.445	0.00377691580323048
28.4475	0.000673506923311699
28.45	-0.00240064976831344
28.4525	-0.00536518968613971
28.455	-0.00816654254618312
28.4575	-0.0107817016753869
28.46	-0.0132187918925704
28.4625	-0.0155537062080348
28.465	-0.0177976363895728
28.4675	-0.0200191629783333
28.47	-0.0222901853009648
28.4725	-0.0246744009164938
28.475	-0.0272166044027709
28.4775	-0.0299341691414059
28.48	-0.032811823327584
28.4825	-0.035845114190229
28.485	-0.0389086623173163
28.4875	-0.0418920963663887
28.49	-0.0446709693470305
28.4925	-0.0471201443483007
28.495	-0.0491282059037766
28.4975	-0.0506112315771159
28.5	-0.051524269080125
28.5025	-0.0519037829358291
28.505	-0.0517744646115725
28.5075	-0.0512267533930702
28.51	-0.0503891278076502
28.5125	-0.0494184050470726
28.515	-0.0484873418080091
28.5175	-0.0477707612030711
28.52	-0.0474315469877243
28.5225	-0.0476373847375286
28.525	-0.0484769548245593
28.5275	-0.0499999602953658
28.53	-0.0522066029873309
28.5325	-0.0550508982978749
28.535	-0.0584481691865684
28.5375	-0.0622855674341484
28.54	-0.066434185749262
28.5425	-0.0707966393679348
28.545	-0.0752304751564892
28.5475	-0.0796123710549619
28.55	-0.083835404909856
28.5525	-0.0878144603883852
28.555	-0.0914890754778633
28.5575	-0.0948236345988462
28.56	-0.0978050506873455
28.5625	-0.100484221475594
28.565	-0.102851015497332
28.5675	-0.104913108882657
28.57	-0.106671965105517
28.5725	-0.108120347384813
28.575	-0.109241897318311
28.5775	-0.11001256579499
28.58	-0.110403429939992
28.5825	-0.110441710720184
28.585	-0.110058433229602
28.5875	-0.109216059150067
28.59	-0.107880854453631
28.5925	-0.106027753382206
28.595	-0.103644748466578
28.5975	-0.100736224904346
28.6	-0.0973247312241787
28.6025	-0.0935080614616927
28.605	-0.0892956890692827
28.6075	-0.0847425697608307
28.61	-0.0799065431012638
28.6125	-0.074844479059574
28.615	-0.0696088374715161
28.6175	-0.0642449342512128
28.62	-0.0587891009605233
28.6225	-0.0533166549632309
28.625	-0.0477991550413586
28.6275	-0.0422354187366883
28.63	-0.0366155728307464
28.6325	-0.0309249646223512
28.635	-0.0251488146594485
28.6375	-0.0192770699983436
28.64	-0.0133088517919142
28.6425	-0.00728435959075295
28.645	-0.00120341158926218
28.6475	0.00489810862075062
28.65	0.0109721425325116
28.6525	0.0169609359980977
28.655	0.0228006135188515
28.6575	0.0284254601293384
28.66	0.0337724622539176
28.6625	0.0387767046272811
28.665	0.0433975278892752
28.6675	0.0476064998864278
28.67	0.0513915169778815
28.6725	0.0547564894673193
28.675	0.0577197748989733
28.6775	0.0603117034242525
28.68	0.0625716167329621
28.6825	0.0645489341514891
28.685	0.0662810813751787
28.6875	0.0678199645568691
28.69	0.0692184588299923
28.6925	0.070528636882644
28.695	0.0718003320922644
28.6975	0.0730799610141131
28.7	0.0744094901689279
28.7025	0.0758449477044843
28.705	0.0773876124631452
28.7075	0.0790604899143837
28.71	0.0808794154437156
28.7125	0.0828513620811443
28.715	0.0849731055842847
28.7175	0.0872306328191176
28.72	0.0895995931915788
28.7225	0.0920787708772517
28.725	0.0945909735101469
28.7275	0.0970926914168879
28.73	0.0995432523614411
28.7325	0.101908935466695
28.735	0.104166584925256
28.7375	0.106306202145603
28.74	0.108332052255085
28.7425	0.110316232803943
28.745	0.112225671373507
28.7475	0.114090257509075
28.75	0.115941355971958
28.7525	0.117805676868566
28.755	0.119699482824356
28.7575	0.12162393145885
28.76	0.123562181899667
28.7625	0.125558327577552
28.765	0.127468657367899
28.7675	0.129218631012212
28.77	0.130726080759518
28.7725	0.13190776890556
28.775	0.132686559412968
28.7775	0.132998409404386
28.78	0.132798324910146
28.7825	0.132165486578067
28.785	0.130990970499605
28.7875	0.129290333407646
28.79	0.127099883146961
28.7925	0.124471762171381
28.795	0.121468063013186
28.7975	0.118154769427599
28.8	0.114596218587219
28.8025	0.110953347892959
28.805	0.107164677459539
28.8075	0.103255239450127
28.81	0.0992387556964641
28.8125	0.0951200793804134
28.815	0.0908991338896847
28.8175	0.0865757511815198
28.82	0.082154641512493
28.8225	0.0777357059432946
28.825	0.0732577132989789
28.8275	0.0687465020223574
28.83	0.0642383640043411
28.8325	0.0597786395737727
28.835	0.0554192197844652
28.8375	0.0512152571993874
28.84	0.0472214072225889
28.8425	0.0435480493943535
28.845	0.0401828723941409
28.8475	0.0371447397873323
28.85	0.0344361278318621
28.8525	0.0320435545159225
28.855	0.02993956207433
28.8575	0.0280859225806894
28.86	0.0264375837851409
28.8625	0.0249820138214336
28.865	0.0236504460853203
28.8675	0.0223895166633968
28.87	0.0211484877291989
28.8725	0.0198824932001814
28.875	0.0185550842535768
28.8775	0.017139775515558
28.88	0.0156203892084046
28.8825	0.0140099302281209
28.885	0.0123067030511103
28.8875	0.0105054064919484
28.89	0.00859765585821001
28.8925	0.006571383286218
28.895	0.00441122743053081
28.8975	0.00209981812439256
28.9	-0.000380252908340406
28.9025	-0.00303538149459758
28.905	-0.00586582022395633
28.9075	-0.00888374992938234
28.91	-0.0120967224769936
28.9125	-0.0155040726991227
28.915	-0.0190938939397701
28.9175	-0.0228411996694253
28.92	-0.0267077634831722
28.9225	-0.0306514052256677
28.925	-0.0345873246109648
28.9275	-0.0384625489621808
28.93	-0.0422320917845473
28.9325	-0.0458631105108378
28.935	-0.0493381316147432
28.9375	-0.0526569799006349
28.94	-0.0558371375931438
28.9425	-0.0589326284245652
28.945	-0.0619477916203908
28.9475	-0.0649440565777207
28.95	-0.0679899690265837
28.9525	-0.0711522822783076
28.955	-0.0744868201086961
28.9575	-0.0780303265284659
28.96	-0.0817944019151179
28.9625	-0.0857999529455609
28.965	-0.0899411657650889
28.9675	-0.0941522144602765
28.97	-0.0983533481119881
28.9725	-0.102457171456277
28.975	-0.106375757672547
28.9775	-0.110027854627876
28.98	-0.113345386651889
28.9825	-0.11632577410729
28.985	-0.118868910574438
28.9875	-0.120970172334986
28.99	-0.122648940261179
28.9925	-0.123942418140872
28.995	-0.124897775482638
28.9975	-0.125563870816029
29	-0.125983792526466
29.0025	-0.126226681147263
29.005	-0.126251037444356
29.0075	-0.1260621696226
29.01	-0.125656883104701
29.0125	-0.125026039777091
29.015	-0.124158268408024
29.0175	-0.123044253030005
29.02	-0.12168093066893
29.0225	-0.120101814772741
29.025	-0.118283185995353
29.0275	-0.116257720511301
29.03	-0.114071765782103
29.0325	-0.111781038264905
29.035	-0.109445070869949
29.0375	-0.107121306755525
29.04	-0.104859742802608
29.0425	-0.102721740327836
29.045	-0.100701564801481
29.0475	-0.0988096787917606
29.05	-0.0970455811422098
29.0525	-0.095400482436384
29.055	-0.0938607901504289
29.0575	-0.092411747969844
29.06	-0.0910405515810793
29.0625	-0.089766884993813
29.065	-0.0885558862505141
29.0675	-0.0874029951510764
29.07	-0.0863045849250051
29.0725	-0.0852550327029981
29.075	-0.0842437026465408
29.0775	-0.0832525178003517
29.08	-0.0822547080673194
29.0825	-0.0812450707233389
29.085	-0.0801529594430396
29.0875	-0.0789292390072287
29.09	-0.0775262187599312
29.0925	-0.0759038238366054
29.095	-0.0740357743435975
29.0975	-0.0719148368342876
29.1	-0.0695562622598464
29.1025	-0.0670202901188092
29.105	-0.0643487314221158
29.1075	-0.061613615032858
29.11	-0.0588951864421158
29.1125	-0.0562738182580041
29.115	-0.0538214645181377
29.1175	-0.0515936577367588
29.12	-0.049623004538423
29.1225	-0.0479176007919108
29.125	-0.0464584176812179
29.1275	-0.0451924673786495
29.13	-0.0440430522877417
29.1325	-0.0429177294817158
29.135	-0.041718122031752
29.1375	-0.0403504716285231
29.14	-0.0387357633733082
29.1425	-0.0367996754116522
29.145	-0.0345450820585679
29.1475	-0.0319773662898727
29.15	-0.0291327625115309
29.1525	-0.0260760669876489
29.155	-0.022895674413379
29.1575	-0.0196964334450128
29.16	-0.0165910347902209
29.1625	-0.0136505471014952
29.165	-0.0110294305390763
29.1675	-0.00881149193889899
29.17	-0.00705433328871856
29.1725	-0.0057864415835268
29.175	-0.00500676242736797
29.1775	-0.00468655512035426
29.18	-0.00477317466522036
29.1825	-0.00512890503632067
29.185	-0.00575318896975706
29.1875	-0.00656006602131713
29.19	-0.00746184514790649
29.1925	-0.0083755616845496
29.195	-0.00922819826039986
29.1975	-0.00996019050250297
29.2	-0.0105270015677397
29.2025	-0.0108180216171197
29.205	-0.0109147179005383
29.2075	-0.0108155692392174
29.21	-0.0105231530100071
29.2125	-0.0100410797546426
29.215	-0.00937123448575995
29.2175	-0.00851160331996023
29.22	-0.00745495833456849
29.2225	-0.00611796459178239
29.225	-0.00457230233401446
29.2275	-0.00280247884896884
29.23	-0.000791609141683839
29.2325	0.0014738209946302
29.235	0.00399913710584422
29.2375	0.00677737092943387
29.24	0.00978650906202414
29.2425	0.0130412125822514
29.245	0.0164189039964598
29.2475	0.0198527797236929
29.25	0.0232706508841018
29.2525	0.0265991829180915
29.255	0.0297684906058588
29.2575	0.0327166370709137
29.26	0.0353935404421057
29.2625	0.0377896395978468
29.265	0.0398422536712038
29.2675	0.0415508379054229
29.27	0.0429318239381253
29.2725	0.044013469815928
29.275	0.0448295840964671
29.2775	0.0454130975542301
29.28	0.045790455488571
29.2825	0.0459891686207184
29.285	0.0459839039929242
29.2875	0.0457720630721397
29.29	0.0453456697538593
29.2925	0.0446937895186579
29.295	0.0438056293302521
29.2975	0.0426738362595604
29.3	0.0412974671768646
29.3025	0.0396754754445885
29.305	0.0378160353004747
29.3075	0.0357536539603353
29.31	0.0335337383085357
29.3125	0.0312070197564089
29.315	0.0288229402205396
29.3175	0.0264231136220372
29.32	0.0240359864693067
29.3225	0.0216428254154807
29.325	0.0192534728160794
29.3275	0.0168599134015366
29.33	0.0144482620516211
29.3325	0.0120023103618453
29.335	0.00950713400966025
29.3375	0.00695212121196926
29.34	0.0043328818239841
29.3425	0.00161484582046696
29.345	-0.00117184829438242
29.3475	-0.0040047746245157
29.35	-0.00685826011124171
29.3525	-0.00970986633013424
29.355	-0.0125468334856155
29.3575	-0.0153711578841542
29.36	-0.0182021063229263
29.3625	-0.0211302684897611
29.365	-0.0241601559727988
29.3675	-0.0273297074891482
29.37	-0.0306669928045901
29.3725	-0.0341818649092261
29.375	-0.0378590050268335
29.3775	-0.0416535593667875
29.38	-0.0454902558240917
29.3825	-0.0493311634544031
29.385	-0.0529990437613423
29.3875	-0.0563458789520066
29.39	-0.0592220693951668
29.3925	-0.0614922461880197
29.395	-0.0630507589478422
29.3975	-0.0638346922172822
29.4	-0.063832455323775
29.4025	-0.0631573090551789
29.405	-0.0618439395510481
29.4075	-0.0600085735933376
29.41	-0.0577878559333851
29.4125	-0.055323250864639
29.415	-0.0527451173676498
29.4175	-0.0501584031031603
29.42	-0.0476316800973772
29.4225	-0.0452577597460818
29.425	-0.0429634952895603
29.4275	-0.0406766923131475
29.43	-0.0382916181993342
29.4325	-0.0356850755542341
29.435	-0.0327352007511404
29.4375	-0.0293405457049529
29.44	-0.0254369182368766
29.4425	-0.0210731531462992
29.445	-0.0162339904870813
29.4475	-0.0110025575422713
29.45	-0.00550614581087845
29.4525	9.55336800036902e-05
29.455	0.00562600321315474
29.4575	0.0109098099092526
29.46	0.0157905023516095
29.4625	0.0200924116732617
29.465	0.0237970910949555
29.4675	0.0268958578203155
29.47	0.0294394677724757
29.4725	0.0315335020024536
29.475	0.0333278871391114
29.4775	0.0350016390475026
29.48	0.0367444389322624
29.4825	0.0387044031055267
29.485	0.041072974684025
29.4875	0.043962033619823
29.49	0.0474275076980121
29.4925	0.0514634924656691
29.495	0.0560024642872262
29.4975	0.0609215101646402
29.5	0.0660539328409216
29.5025	0.0711971662594351
29.505	0.0761636189178516
29.5075	0.0807571693521066
29.51	0.0848086804369174
29.5125	0.0881927038359734
29.515	0.0908399475539895
29.5175	0.0927441419825161
29.52	0.0939624949820109
29.5225	0.0946135054966466
29.525	0.0948593520957425
29.5275	0.0948852727766085
29.53	0.0948838389406591
29.5325	0.0950353215836629
29.535	0.0954897134158216
29.5375	0.0963523850245301
29.54	0.0976749641660712
29.5425	0.0994636548386673
29.545	0.101651906321995
29.5475	0.104135561256038
29.55	0.106780913968914
29.5525	0.109442896329757
29.555	0.11198423684839
29.5575	0.114293159530252
29.56	0.116297350019268
29.5625	0.117990175407113
29.565	0.119377436805248
29.5675	0.120526840263123
29.57	0.121539456476494
29.5725	0.122534015583861
29.575	0.123628797480166
29.5775	0.124923585170878
29.58	0.126484125300598
29.5825	0.128357375416847
29.585	0.130481236330621
29.5875	0.132777144095149
29.59	0.135127568359838
29.5925	0.137389146919594
29.595	0.139409281802997
29.5975	0.141043981382934
29.6	0.142174561097381
29.6025	0.14275625506875
29.605	0.142710840187087
29.6075	0.142052474333594
29.61	0.140841438312292
29.6125	0.13917385473466
29.615	0.137167350209814
29.6175	0.134944768334969
29.62	0.132618205111458
29.6225	0.130314690320089
29.625	0.128043734893532
29.6275	0.125817445866707
29.63	0.123611369392806
29.6325	0.121370577858273
29.635	0.119019600891866
29.6375	0.116474557720991
29.64	0.113655592971851
29.6425	0.110536977641101
29.645	0.10703709215629
29.6475	0.103134150490354
29.65	0.0988316755816188
29.6525	0.0941549649235332
29.655	0.0891449489531289
29.6575	0.0838507164322087
29.66	0.078322092462641
29.6625	0.0726194333925352
29.665	0.0667681899805024
29.6675	0.0607885884933623
29.67	0.0546909974913636
29.6725	0.0484812850314343
29.675	0.0421678624676168
29.6775	0.0357690703756104
29.68	0.0293195005641418
29.6825	0.0228721287611081
29.685	0.01651316925727
29.6875	0.0103340074980206
29.69	0.00443675812389483
29.6925	-0.00107332400758392
29.695	-0.00609680781309497
29.6975	-0.0105492787987089
29.7	-0.0143695572730743
29.7025	-0.0175576601693191
29.705	-0.020071864797234
29.7075	-0.0219450384167167
29.71	-0.0232410103915986
29.7125	-0.0240476501269469
29.715	-0.024467857774653
29.7175	-0.0246096250818525
29.72	-0.0245763458653694
29.7225	-0.0245159704594974
29.725	-0.0244285362030703
29.7275	-0.0243586247172129
29.73	-0.0243286749402589
29.7325	-0.0243401385949992
29.735	-0.0243769074442116
29.7375	-0.0244104929009622
29.74	-0.0244062327221645
29.7425	-0.0243872583380975
29.745	-0.0242531738085166
29.7475	-0.0239828160781108
29.75	-0.0235701510421482
29.7525	-0.0230243757759194
29.755	-0.0223682080616421
29.7575	-0.0216348102512464
29.76	-0.0208638766813091
29.7625	-0.0201612631315469
29.765	-0.0194855961377982
29.7675	-0.0188692648217674
29.77	-0.0183396381772857
29.7725	-0.0179168159260421
29.775	-0.0176126877985806
29.7775	-0.0174314583505539
29.78	-0.017371553917867
29.7825	-0.0174938834523182
29.785	-0.0177094967875512
29.7875	-0.01801683521829
29.79	-0.0184244687919865
29.7925	-0.0189516566652974
29.795	-0.0196274242442333
29.7975	-0.0204882244253745
29.8	-0.0215743492205767
29.8025	-0.0230015159503296
29.805	-0.0247050303358715
29.8075	-0.0267039981609775
29.81	-0.0290041868580341
29.8125	-0.0315925570493335
29.815	-0.0344332954895478
29.8175	-0.0374660786332623
29.82	-0.0406070079485623
29.8225	-0.0438330117022354
29.825	-0.0469267278877881
29.8275	-0.0497601790123263
29.83	-0.0522115511897303
29.8325	-0.0541738669445195
29.835	-0.055563016621074
29.8375	-0.0563244102136823
29.84	-0.0564375369221024
29.8425	-0.0559933581042393
29.845	-0.0549509950882209
29.8475	-0.0533853233218728
29.85	-0.051396043714439
29.8525	-0.0490976442968139
29.855	-0.0466080964258898
29.8575	-0.0440374667634302
29.86	-0.0414775869755522
29.8625	-0.0390547913373892
29.865	-0.0367319988142766
29.8675	-0.0345024942191131
29.87	-0.0323273843061975
29.8725	-0.0301402205125057
29.875	-0.0278546672078184
29.8775	-0.0253745121232577
29.88	-0.0226050347352889
29.8825	-0.0195085797969688
29.885	-0.0159827073607484
29.8875	-0.0119946970555801
29.89	-0.0075486185166155
29.8925	-0.00268813729555818
29.895	0.00250421170144358
29.8975	0.00791129520841394
29.9	0.0133889050357754
29.9025	0.0187548794819379
29.905	0.0238578627829598
29.9075	0.0285457497856164
29.91	0.0326885562929529
29.9125	0.0361880168243559
29.915	0.0389843770718779
29.9175	0.0410598126769905
29.92	0.0424382259018859
29.9225	0.043171448198903
29.925	0.0433553250183195
29.9275	0.0431092264125016
29.93	0.0425652803569458
29.9325	0.0418559454781629
29.935	0.0411020289830279
29.9375	0.0404024023686557
29.94	0.0398264888209162
29.9425	0.0394025107914272
29.945	0.0391338842776313
29.9475	0.0389973359139016
29.95	0.0389484270635778
29.9525	0.038929867238751
29.955	0.0388808637310112
29.9575	0.0387464288548992
29.96	0.0384855969862422
29.9625	0.0380741031267633
29.965	0.037513206006474
29.9675	0.0368332175663126
29.97	0.0360877712762733
29.9725	0.035348123440578
29.975	0.0346954234856518
29.9775	0.0342119756363504
29.98	0.0339725953635705
29.9825	0.0340362645047665
29.985	0.0344388928791984
29.9875	0.0351979866410338
29.99	0.0363080083011058
29.9925	0.037741967032326
29.995	0.03945495998595
29.9975	0.0413890713723089
30	0.0434789180720806
30.0025	0.0456580972976026
30.005	0.0478560911922869
30.0075	0.050016430721253
30.01	0.0520921547729093
30.0125	0.0540459466031505
30.015	0.0558490157781134
30.0175	0.0574792444112898
30.02	0.0589191874817977
30.0225	0.0601499838219572
30.025	0.061153873062666
30.0275	0.0619261056876864
30.03	0.062467877416022
30.0325	0.0627868312646364
30.035	0.0628976662215901
30.0375	0.0628226272686239
30.04	0.0625916300439274
30.0425	0.0622289266407784
30.045	0.0617753457396478
30.0475	0.0612859611767711
30.05	0.0608202375672042
30.0525	0.0604362289339435
30.055	0.0601841048730204
30.0575	0.0600998535811172
30.06	0.0602000393835759
30.0625	0.060448862247452
30.065	0.0608316205115715
30.0675	0.0613061403589648
30.07	0.0618155137011846
30.0725	0.0622917992802453
30.075	0.0626607724591145
30.0775	0.0628474119543478
30.08	0.0627817564980976
30.0825	0.0623726366059246
30.085	0.0615992454745092
30.0875	0.0604484030248895
30.09	0.058933283313799
30.0925	0.0570927054267795
30.095	0.0549880893213032
30.0975	0.0526983828206422
30.1	0.0503134637667253
30.1025	0.0478879362658547
30.105	0.0455470829438936
30.1075	0.0433758045085311
30.11	0.0414429488331945
30.1125	0.0397958023486385
30.115	0.0384563267283355
30.1175	0.0374195514305114
30.12	0.0366543790329186
30.1225	0.0360617642846172
30.125	0.0356188209909721
30.1275	0.0352500196319673
30.13	0.0348784013930901
30.1325	0.0344336268466324
30.135	0.0338590412953423
30.1375	0.0331169357948356
30.14	0.0321914106876602
30.1425	0.0310494629645504
30.145	0.0297593766753675
30.1475	0.0283662830061749
30.15	0.0269238105881766
30.1525	0.0254866643536018
30.155	0.024103272037701
30.1575	0.0228095051631394
30.16	0.0216243824979899
30.1625	0.0205167981730701
30.165	0.0195061139109513
30.1675	0.0185659717574267
30.17	0.0176633230607908
30.1725	0.0167663151951419
30.175	0.0158523513981066
30.1775	0.0149150907267346
30.18	0.0139692910537686
30.1825	0.0130266910544015
30.185	0.0121766895669539
30.1875	0.0114977647393518
30.19	0.0110773697839738
30.1925	0.0110026855344318
30.195	0.0113507316819263
30.1975	0.0121791574706557
30.2	0.0135189915570497
30.2025	0.0153465866190079
30.205	0.0176611778478829
30.2075	0.020404374779657
30.21	0.0234953487149697
30.2125	0.0268404224181604
30.215	0.0303439132313562
30.2175	0.0339186872800172
30.22	0.0374949380934606
30.2225	0.0410018795955024
30.225	0.044452317314563
30.2275	0.0478475416141386
30.23	0.051204751889838
30.2325	0.0545495358379755
30.235	0.0579068979943835
30.2375	0.0612921509115224
30.24	0.0647030343507649
30.2425	0.0680887753164689
30.245	0.071435440581721
30.2475	0.0746688902782717
30.25	0.0776951455191843
30.2525	0.0804096586442486
30.255	0.0827085819179736
30.2575	0.0845004945650168
30.26	0.0857170108643136
30.2625	0.086296702363143
30.265	0.0862727390817035
30.2675	0.0856793327062715
30.27	0.0845816476511357
30.2725	0.0830696677722624
30.275	0.081249605294068
30.2775	0.079233936668157
30.28	0.0771313004602066
30.2825	0.0750120280496398
30.285	0.0729885146568967
30.2875	0.0711124128774824
30.29	0.0694086063772032
30.2925	0.0678779859692126
30.295	0.0665026619146378
30.2975	0.0652526067600373
30.3	0.0640926283663237
30.3025	0.0629591051364702
30.305	0.0618608132759644
30.3075	0.0607798173913957
30.31	0.0597063997155765
30.3125	0.0586380254388116
30.315	0.0575768063480921
30.3175	0.0565260871700873
30.32	0.0554869046512514
30.3225	0.054434988366616
30.325	0.0533849438861062
30.3275	0.0523195687473812
30.33	0.0512155079181976
30.3325	0.05004664891608
30.335	0.0487884624313653
30.3375	0.0474225410490567
30.34	0.0459405553208106
30.3425	0.0443483700338558
30.345	0.0426704541320665
30.3475	0.0409342980146417
30.35	0.0391755678566049
30.3525	0.0374347984949728
30.355	0.0357533221727256
30.3575	0.0341689251592357
30.36	0.0327117567727576
30.3625	0.0314301884733757
30.365	0.0303103613780303
30.3675	0.029335920145692
30.37	0.028474739106108
30.3725	0.0276829184419975
30.375	0.0269102512130704
30.3775	0.0261063809748585
30.38	0.0252267784717412
30.3825	0.024285336422616
30.385	0.0232251281002248
30.3875	0.0220304223487613
30.39	0.0206972442738006
30.3925	0.0192333458121078
30.395	0.0176573908091475
30.3975	0.0159975261737338
30.4	0.0142895040292132
30.4025	0.012621912793849
30.405	0.0110017073552744
30.4075	0.0094621692681361
30.41	0.00803171151739585
30.4125	0.00673388733460748
30.415	0.00558799797516784
30.4175	0.00460989328738576
30.42	0.0038125357388867
30.4225	0.00324274980045292
30.425	0.00288429995689299
30.4275	0.00272677742618354
30.43	0.00274883495318747
30.4325	0.00291878428024543
30.435	0.00319612938248508
30.4375	0.00353403071549677
30.44	0.0038825823272652
30.4425	0.0042208266308568
30.445	0.00449577923339565
30.4475	0.00466016119000255
30.45	0.0046748551290874
30.4525	0.0045149250825563
30.455	0.00417499083615007
30.4575	0.00367305904493002
30.46	0.00305202992220589
30.4625	0.00239807326395201
30.465	0.00180009342527734
30.4675	0.00134342027447245
30.47	0.00111098151723014
30.4725	0.00117629412262054
30.475	0.00159691735420094
30.4775	0.00240886584883309
30.48	0.0036224092847165
30.4825	0.00525417745641058
30.485	0.00724604051100556
30.4875	0.00950928927454419
30.49	0.0119260083680657
30.4925	0.0143581960214927
30.495	0.0166588887969564
30.4975	0.0186840012561455
30.5	0.0203035039742812
30.5025	0.0214464126729724
30.505	0.0220201751257329
30.5075	0.0219664106785393
30.51	0.0212536102623066
30.5125	0.0198766933167653
30.515	0.0178546956150956
30.5175	0.0152269222098174
30.52	0.0120480132011013
30.5225	0.0084027348194034
30.525	0.0043555612763389
30.5275	-3.50854708875228e-05
30.53	-0.00471934257181475
30.5325	-0.0096562261214878
30.535	-0.0148121685765723
30.5375	-0.0201582923177274
30.54	-0.0256670713129774
30.5425	-0.0313093896155549
30.545	-0.0370401707415515
30.5475	-0.0428234887016792
30.55	-0.0486191172860121
30.5525	-0.0543819425999434
30.555	-0.0600621340952153
30.5575	-0.0656059774900437
30.56	-0.0709571940274163
30.5625	-0.0760743553219307
30.565	-0.0808797868753935
30.5675	-0.085319008152051
30.57	-0.0893423033158508
30.5725	-0.0929058919669317
30.575	-0.0959731458479214
30.5775	-0.0985160271473971
30.58	-0.100516854323142
30.5825	-0.101998326745087
30.585	-0.102940135548642
30.5875	-0.103364828528333
30.59	-0.103313145461526
30.5925	-0.102844951755698
30.595	-0.102038853966929
30.5975	-0.100990083036116
30.6	-0.099806381783874
30.6025	-0.0986342745235829
30.605	-0.0975554298949889
30.6075	-0.0966663800567236
30.61	-0.0960431146507429
30.6125	-0.0957336874230651
30.615	-0.0957530759744149
30.6175	-0.0960811506791139
30.62	-0.0966642919623243
30.6225	-0.0974507559728136
30.625	-0.0983130893344256
30.6275	-0.0991363645156636
30.63	-0.0998095005817815
30.6325	-0.10023938338209
30.635	-0.100363735529785
30.6375	-0.100161066784367
30.64	-0.0996562819516343
30.6425	-0.0989618608550968
30.645	-0.0981549793213442
30.6475	-0.0973708148475423
30.65	-0.0967585418194593
30.6525	-0.0964654061475103
30.655	-0.09662049473222
30.6575	-0.0973199990100368
30.66	-0.0986155897814395
30.6625	-0.100555822107747
30.665	-0.103044445252852
30.6675	-0.10596643143038
30.67	-0.109161828228153
30.6725	-0.112439768747296
30.675	-0.115595537924778
30.6775	-0.118428717147909
30.68	-0.120760318364527
30.6825	-0.122495003854667
30.685	-0.123492990364579
30.6875	-0.123696026922447
30.69	-0.123092290853732
30.6925	-0.121712064777938
30.695	-0.11961984785215
30.6975	-0.116904052215109
30.7	-0.113665599627333
30.7025	-0.110054158824163
30.705	-0.106118331809417
30.7075	-0.101927687175988
30.71	-0.0975300561230071
30.7125	-0.0929515339055855
30.715	-0.0881997959580986
30.7175	-0.0832699674846843
30.72	-0.0781519793194361
30.7225	-0.072875796968435
30.725	-0.0674080931284947
30.7275	-0.0617575033161422
30.73	-0.0559478645240755
30.7325	-0.0500190520373239
30.735	-0.0440254802535764
30.7375	-0.0380325260600025
30.74	-0.032111357443799
30.7425	-0.0263451305042368
30.745	-0.0207935161117358
30.7475	-0.0155030960042337
30.75	-0.0105014720280869
30.7525	-0.00579568924600584
30.755	-0.00137295937335027
30.7575	0.00279644563375606
30.76	0.00675449245078353
30.7625	0.0105671365573063
30.765	0.0142505856588222
30.7675	0.017848887208255
30.77	0.0213962719336517
30.7725	0.0249114693645446
30.775	0.0283937941892718
30.7775	0.0318215944079016
30.78	0.0351533807105223
30.7825	0.0383774883732458
30.785	0.0413638741004511
30.7875	0.0440427357776164
30.79	0.0463537149740889
30.7925	0.048253374813162
30.795	0.0497215562877652
30.7975	0.0507659354436599
30.8	0.0514242025252986
30.8025	0.0518181639781921
30.805	0.0519707500440786
30.8075	0.0519920593770613
30.81	0.0520052964181839
30.8125	0.0521358359056396
30.815	0.0524998561286724
30.8175	0.0531938386595985
30.82	0.0542861059933343
30.8225	0.05587453990408
30.825	0.057881463179637
30.8275	0.0602670170803146
30.83	0.0629635509071516
30.8325	0.0658826710639833
30.835	0.0689240694121014
30.8375	0.0719850885410064
30.84	0.0749698628759559
30.8425	0.0778772913688465
30.845	0.0805535731848365
30.8475	0.0829505812291062
30.85	0.0850420172913306
30.8525	0.0868201627189863
30.855	0.0882909943159676
30.8575	0.0894686385271083
30.86	0.0903701056637423
30.8625	0.0911085583940208
30.865	0.09158949624268
30.8675	0.0918081027437428
30.87	0.0917557106934626
30.8725	0.091423089102684
30.875	0.0908049502637469
30.8775	0.0899047887427095
30.88	0.0887390208200716
30.8825	0.0874590319544009
30.885	0.0859817416864363
30.8875	0.0843525759830275
30.89	0.0826243709406635
30.8925	0.0808514028764463
30.895	0.0790830458625763
30.8975	0.0773580594385548
30.9	0.0757003487261887
30.9025	0.0742387408237354
30.905	0.0728324404673876
30.9075	0.0714409076602071
30.91	0.0700124339059173
30.9125	0.0684909114620465
30.915	0.0668235865780586
30.9175	0.0649687011016798
30.92	0.0629018363638893
30.9225	0.0607147632937832
30.925	0.0583272730689582
30.9275	0.0557647443655514
30.93	0.0530653930536703
30.9325	0.0502735849216784
30.935	0.0474324273192305
30.9375	0.0445767840333344
30.94	0.0417277533626182
30.9425	0.0389482262460962
30.945	0.03616698571021
30.9475	0.0333454172592591
30.95	0.0304328227035742
30.9525	0.0273743007720768
30.955	0.0241198804000402
30.9575	0.0206336073734874
30.96	0.0169012411101828
30.9625	0.0129566324988089
30.965	0.00882436077687584
30.9675	0.00456674656360557
30.97	0.00026542817349466
30.9725	-0.00398623469072347
30.975	-0.00809240610413833
30.9775	-0.0119645207526174
30.98	-0.0155303293090608
30.9825	-0.0187522903368881
30.985	-0.0215921535403545
30.9875	-0.0240599844518593
30.99	-0.026195004514005
30.9925	-0.0280604587296925
30.995	-0.029736302269469
30.9975	-0.0313107583540947
31	-0.0328718632604798
31.0025	-0.0345261130031558
31.005	-0.0363063218066088
31.0075	-0.0382621536774394
31.01	-0.0404268519966012
31.0125	-0.0428179136611045
31.015	-0.0454394327221636
31.0175	-0.0482855270736281
31.02	-0.0513441492814375
31.0225	-0.0546283925448373
31.025	-0.0580870713818903
31.0275	-0.0617058814826238
31.03	-0.0654732026402871
31.0325	-0.0693784957806864
31.035	-0.0734099795645885
31.0375	-0.0775522388612653
31.04	-0.0817843952596352
31.0425	-0.0861103486558694
31.045	-0.0904532661770066
31.0475	-0.0947768687517929
31.05	-0.0990461139505534
31.0525	-0.103229690716512
31.055	-0.107302454448698
31.0575	-0.111247368440283
31.06	-0.115056524739421
31.0625	-0.118762400911711
31.065	-0.122325140993383
31.0675	-0.125758748610968
31.07	-0.129079978381914
31.0725	-0.13230200049366
31.075	-0.135427998485453
31.0775	-0.138445733778343
31.08	-0.141323995381357
31.0825	-0.144033809517825
31.085	-0.146466113914377
31.0875	-0.148541609417323
31.09	-0.150177563673369
31.0925	-0.151294342869768
31.095	-0.151822264908783
31.0975	-0.151708079204172
31.1	-0.150920377989211
31.1025	-0.149465621854719
31.105	-0.147336880022031
31.1075	-0.144586235234492
31.11	-0.141291931199774
31.1125	-0.137551173762139
31.115	-0.133471106537303
31.1175	-0.129159024905662
31.12	-0.124712947280171
31.1225	-0.120220430147141
31.125	-0.115718442463983
31.1275	-0.111242754903293
31.13	-0.106805487698907
31.1325	-0.102396101873599
31.135	-0.0979845721692399
31.1375	-0.0935264282188213
31.14	-0.0889691738961724
31.1425	-0.0842592214441381
31.145	-0.0793400389968673
31.1475	-0.0741816393032206
31.15	-0.0687743936134002
31.1525	-0.0631312740652355
31.155	-0.0572878189509231
31.1575	-0.0512999653473382
31.16	-0.0452400894370257
31.1625	-0.0391850458986063
31.165	-0.0332252879201437
31.1675	-0.0274515580629495
31.17	-0.0219489850724962
31.1725	-0.0167913994260233
31.175	-0.0120367747992852
31.1775	-0.0077241922730548
31.18	-0.00387257567178256
31.1825	-0.000460082150120537
31.185	0.00250950916642904
31.1875	0.00506455140426194
31.19	0.00724194483551097
31.1925	0.00908240447290628
31.195	0.0106260052637697
31.1975	0.0119084798949969
31.2	0.0129586188500217
31.2025	0.0138357903522837
31.205	0.0145115005818423
31.2075	0.014985765391413
31.21	0.0152534520674052
31.2125	0.0153076343850243
31.215	0.0151433171523114
31.2175	0.0147609858572464
31.22	0.0141694241634214
31.2225	0.013445466469411
31.225	0.0125561230270504
31.2275	0.0115306466806393
31.23	0.0104031813750103
31.2325	0.00920936830680396
31.235	0.00798267616718071
31.2375	0.00675095976677972
31.24	0.00553368048190117
31.2425	0.00441672247849947
31.245	0.00331401921115984
31.2475	0.00220489261777521
31.25	0.00106034075936114
31.2525	-0.000153630264231754
31.255	-0.00147168112636722
31.2575	-0.00292429288648438
31.26	-0.00453301493363695
31.2625	-0.00622237351862103
31.265	-0.00808414279369637
31.2675	-0.010102403545437
31.27	-0.0122445925240521
31.2725	-0.0144646211701267
31.275	-0.0167072574071053
31.2775	-0.0189131623460748
31.28	-0.0210239831690314
31.2825	-0.0229026068819778
31.285	-0.0246107730903879
31.2875	-0.0261221353021325
31.29	-0.027421101923454
31.2925	-0.0285038809798468
31.295	-0.029378239239323
31.2975	-0.0300619786077952
31.3	-0.0305803391549548
31.3025	-0.0308967567151924
31.305	-0.0311328930471532
31.3075	-0.0313162838375167
31.31	-0.0314652920081703
31.3125	-0.0315894808569583
31.315	-0.0316910760723151
31.3175	-0.0317670249303997
31.32	-0.0318111577793198
31.3225	-0.031781266388934
31.325	-0.0317288584364877
31.3275	-0.0316430415397723
31.33	-0.0315094011684016
31.3325	-0.0313121981870517
31.335	-0.031036699802551
31.3375	-0.0306714212449662
31.34	-0.030210092902097
31.3425	-0.0296295759416016
31.345	-0.0289792249695969
31.3475	-0.0282724753799538
31.35	-0.0275279238352677
31.3525	-0.0267705056900932
31.355	-0.026032274218503
31.3575	-0.0253524466874262
31.36	-0.0247764789750223
31.3625	-0.0243422722005805
31.365	-0.0241215164913631
31.3675	-0.0241611747906871
31.37	-0.0245002974457947
31.3725	-0.0251671769333903
31.375	-0.0261772678508405
31.3775	-0.0275321148599851
31.38	-0.0292194340093154
31.3825	-0.0312175860919826
31.385	-0.0334896348458104
31.3875	-0.0359923226203372
31.39	-0.0386785823884581
31.3925	-0.0415014927542208
31.395	-0.0444179077150524
31.3975	-0.0473913091200882
31.4	-0.0503935170105865
31.4025	-0.0534197649654865
31.405	-0.056442578512818
31.4075	-0.0594534179912208
31.41	-0.0624457039754524
31.4125	-0.0654113255810396
31.415	-0.0683373077358188
31.4175	-0.0712031432092243
31.42	-0.0739792039831743
31.4225	-0.0766470608270102
31.425	-0.0791387332133174
31.4275	-0.081398422163995
31.43	-0.0833681511527262
31.4325	-0.084992614372187
31.435	-0.0862243769356985
31.4375	-0.0870288087382166
31.44	-0.0873881223299149
31.4425	-0.0873346502158772
31.445	-0.0868626946199015
31.4475	-0.0860066873229186
31.45	-0.0848151737523548
31.4525	-0.0833467103375674
31.455	-0.0816646676586042
31.4575	-0.0798313382802531
31.46	-0.07790181293237
31.4625	-0.0759557997661731
31.465	-0.0739861965354357
31.4675	-0.07198660105853
31.47	-0.069924865953636
31.4725	-0.067745120257954
31.475	-0.0653725382125649
31.4775	-0.0627205235611787
31.48	-0.0596997066094438
31.4825	-0.0562588017407513
31.485	-0.0523115411157369
31.4875	-0.047810792941868
31.49	-0.0427405698891348
31.4925	-0.0371226470297381
31.495	-0.0310203601815909
31.4975	-0.0245389176504996
31.5	-0.0178218534145859
31.5025	-0.0110656966513512
31.505	-0.00445334932749472
31.5075	0.00182160640482366
31.51	0.00757630094999846
31.5125	0.0126515054569784
31.515	0.0169227395652191
31.5175	0.0203085405696615
31.52	0.0227751478784938
31.5225	0.0243222961954387
31.525	0.0250150118725669
31.5275	0.0249575258361286
31.53	0.0242848665332635
31.5325	0.0231497031957221
31.535	0.0217083198554131
31.5375	0.0201072863076474
31.54	0.0184722860209576
31.5425	0.016885651070961
31.545	0.0154171717070725
31.5475	0.0141051453373119
31.55	0.0129622390290118
31.5525	0.0119812588902388
31.555	0.0111424903945538
31.5575	0.0104215278617824
31.56	0.00979651571750678
31.5625	0.00923710010585183
31.565	0.00874994796009533
31.5675	0.00835190623501533
31.57	0.00807296011031982
31.5725	0.00795099873328463
31.575	0.00802486078345529
31.5775	0.00832683981420178
31.58	0.00887590341310369
31.5825	0.00966251819564541
31.585	0.0106688048133416
31.5875	0.0118603954045553
31.59	0.0131892993262838
31.5925	0.014599187999765
31.595	0.0160321880542774
31.5975	0.0174363033192567
31.6	0.0187724856854369
31.6025	0.0200235796193189
31.605	0.0211771228557625
31.6075	0.02226265736185
31.61	0.023333645855464
31.6125	0.0244615533988777
31.615	0.0257275566988725
31.6175	0.0272129281781328
31.62	0.0289892809332146
31.6225	0.031128387184832
31.625	0.03362521434881
31.6275	0.0364817651599374
31.63	0.0396727611128336
31.6325	0.0431462987063872
31.635	0.0468270651881447
31.6375	0.0506217693350261
31.64	0.0544261991700913
31.6425	0.0581637655368256
31.645	0.0616856450148914
31.6475	0.0649033953353894
31.65	0.067749275782584
31.6525	0.0701786788123434
31.655	0.0721703211047769
31.6575	0.0737244901667547
31.66	0.0748597896656468
31.6625	0.075647109017899
31.665	0.0760776558701146
31.6675	0.0761972392557927
31.67	0.0760539911518894
31.6725	0.0756939880155989
31.675	0.0751577898536123
31.6775	0.0744781528239611
31.68	0.073679004318695
31.6825	0.0728192135165953
31.685	0.0718554012417913
31.6875	0.0707860076644015
31.69	0.0696070674450934
31.6925	0.0683147248654037
31.695	0.0669077817056655
31.6975	0.0653900694392759
31.7	0.0637724153908792
31.7025	0.0621037684220037
31.705	0.0603825009879494
31.7075	0.0586401254687603
31.71	0.0569143567329857
31.7125	0.0552473345936104
31.715	0.0536832573279383
31.7175	0.0522655764411238
31.72	0.0510339429614756
31.7225	0.0500355247933395
31.725	0.0492864383795056
31.7275	0.048792405122335
31.73	0.0485436441868577
31.7325	0.0485155108068255
31.735	0.0486704165098443
31.7375	0.0489608000875643
31.74	0.0493328115294264
31.7425	0.049744888019677
31.745	0.0501344198710735
31.7475	0.050447109466997
31.75	0.0506349053645638
31.7525	0.0506590538865121
31.755	0.0504923948168012
31.7575	0.0501207020518681
31.76	0.0495429512945619
31.7625	0.048786749792761
31.765	0.0478624306180104
31.7675	0.0467953505580349
31.77	0.0456142849755514
31.7725	0.0443489786130326
31.775	0.0430279746600693
31.7775	0.0416768365670334
31.78	0.0403168149395657
31.7825	0.0389831946014367
31.785	0.0376720554399933
31.7875	0.0363830806090116
31.79	0.0351091453727773
31.7925	0.0338380160153252
31.795	0.0325545423113249
31.7975	0.0312430839966854
31.8	0.0298898799266525
31.8025	0.0284971402376381
31.805	0.0270544468269294
31.8075	0.0255588840295312
31.81	0.0240118129498256
31.8125	0.0224189070187157
31.815	0.0207896292669758
31.8175	0.0191361313922451
31.82	0.0174716204726934
31.8225	0.0158067077014614
31.825	0.0141585304934025
31.8275	0.012528219220531
31.83	0.0109082397153694
31.8325	0.00928198670133167
31.835	0.00762437004623151
31.8375	0.00590340385523533
31.84	0.00408271543691804
31.8425	0.0021123949947986
31.845	-1.910192459858e-05
31.8475	-0.0023425493987486
31.85	-0.00488046671284463
31.8525	-0.00764276739094142
31.855	-0.0106232152004374
31.8575	-0.0137972222817122
31.86	-0.0171213875308009
31.8625	-0.0205606213927298
31.865	-0.0240008292235685
31.8675	-0.0273599338620089
31.87	-0.0305555639086894
31.8725	-0.0335105999571248
31.875	-0.0361585125149546
31.8775	-0.0384480480620132
31.88	-0.0403468349060136
31.8825	-0.0418788588296605
31.885	-0.0430069016454395
31.8875	-0.0437605929624909
31.89	-0.0441885207877033
31.8925	-0.0443529357979005
31.895	-0.0443234614009388
31.8975	-0.0441705289615046
31.9	-0.0439592375352475
31.9025	-0.0437822383457357
31.905	-0.0436327265556776
31.9075	-0.0435330007937625
31.91	-0.0434903819542264
31.9125	-0.0434982748573421
31.915	-0.0435386264207099
31.9175	-0.0435854554354041
31.92	-0.043609004593355
31.9225	-0.0436088391538127
31.925	-0.0435234908428739
31.9275	-0.0433340302568339
31.93	-0.0430319773325067
31.9325	-0.0426196899626141
31.935	-0.0421096510459457
31.9375	-0.0415229371012697
31.94	-0.0408871943020763
31.9425	-0.0402542988826703
31.945	-0.0396299613075143
31.9475	-0.0390490137726748
31.95	-0.0385462879186172
31.9525	-0.0381544405386667
31.955	-0.0379018696068222
31.9575	-0.0378107504597191
31.96	-0.0378952043127663
31.9625	-0.0381778777753868
31.965	-0.0386247700200616
31.9675	-0.0392174165149189
31.97	-0.0399258257745554
31.9725	-0.0407077224555712
31.975	-0.0415086638458691
31.9775	-0.0422633766802999
31.98	-0.0428985320540874
31.9825	-0.0433550263803883
31.985	-0.0435325718258448
31.9875	-0.0433636574857752
31.99	-0.0427964895878886
31.9925	-0.041800604212657
31.995	-0.040371227143434
31.9975	-0.038531793202969
32	-0.0363341660574741
32.0025	-0.0338776604572092
32.005	-0.0312362291561759
32.0075	-0.028521322557103
32.01	-0.0258500756166883
32.0125	-0.0233356041511245
32.015	-0.0210774433773192
32.0175	-0.0191531180826858
32.02	-0.0176117136494504
32.0225	-0.0164902641304513
32.025	-0.0157513428144968
32.0275	-0.0153453558849388
32.03	-0.0151968064829989
32.0325	-0.0152117320182445
32.035	-0.0152866034883999
32.0375	-0.0153177224446954
32.04	-0.0152101163336162
32.0425	-0.0149024326661613
32.045	-0.0143216685103871
32.0475	-0.0134316154501962
32.05	-0.0122199207947708
32.0525	-0.0106963877100908
32.055	-0.00888945355001075
32.0575	-0.00684141642226507
32.06	-0.00460306152201544
32.0625	-0.00224405479320602
32.065	0.000192550676068705
32.0675	0.00266442263481681
32.07	0.00513813781846725
32.0725	0.00758872978771385
32.075	0.00999766839126997
32.0775	0.0123497783038885
32.08	0.014629730315623
32.0825	0.0168030749346267
32.085	0.0188490742529971
32.0875	0.0207431350850609
32.09	0.0224565070691054
32.0925	0.0239560704617098
32.095	0.0252050908572697
32.0975	0.0261649595867827
32.1	0.026797823382516
32.1025	0.0270462626213693
32.105	0.0268940475378949
32.1075	0.0263356813469425
32.11	0.0253834244013058
32.1125	0.0240671698525392
32.115	0.0224327059427501
32.1175	0.0205386227308584
32.12	0.0184522727099923
32.1225	0.0162187707641927
32.125	0.0139219273824159
32.1275	0.0116388316169733
32.13	0.00944262539937046
32.1325	0.0073978352234204
32.135	0.00555635790230698
32.1375	0.00395454470937418
32.14	0.00261173708096963
32.1425	0.00150993818991896
32.145	0.0006446386506516
32.1475	1.00932424158679e-07
32.15	-0.000443555275496553
32.1525	-0.000707440830821186
32.155	-0.000811346182964364
32.1575	-0.000771735123059432
32.16	-0.000600399328958536
32.1625	-0.000313393035244661
32.165	8.72969980450848e-05
32.1675	0.000610530305707861
32.17	0.00127065896502238
32.1725	0.00208420979312545
32.175	0.00306606667556302
32.1775	0.00422566363456574
32.18	0.0055637004483491
32.1825	0.00706973922339738
32.185	0.00871137068933994
32.1875	0.0104585667596889
32.19	0.0122735781223966
32.1925	0.0141126754521458
32.195	0.0159286119497262
32.1975	0.0176736391198272
32.2	0.0193028384260169
32.2025	0.0207853140875752
32.205	0.0220764011965547
32.2075	0.0231601035617301
32.21	0.0240351832250084
32.2125	0.0247149533706189
32.215	0.0252258649087408
32.2175	0.0256050694127649
32.22	0.0258972243890782
32.2225	0.0261654243064795
32.225	0.0264417923176886
32.2275	0.0267701532124434
32.23	0.0271881489039282
32.2325	0.0277250939403439
32.235	0.0284007954958819
32.2375	0.0292253843376589
32.24	0.0302000862466144
32.2425	0.0313380993051355
32.245	0.0326079331581434
32.2475	0.0339924205174477
32.25	0.0354734804577535
32.2525	0.0370344478497396
32.255	0.0386620181256921
32.2575	0.0403476090790267
32.26	0.0420879929599934
32.2625	0.0438990198966291
32.265	0.0457739250785469
32.2675	0.0477188520973554
32.27	0.0497398698837796
32.2725	0.0518409998036474
32.275	0.0540223926424929
32.2775	0.0562788675078912
32.28	0.0585989745063531
32.2825	0.0609746529440791
32.285	0.063376531592438
32.2875	0.0657714485017208
32.29	0.0681211114280532
32.2925	0.0703846867681613
32.295	0.0725216392660421
32.2975	0.0744944337253917
32.3	0.0762707280886993
32.3025	0.0778376928024207
32.305	0.0791718394663153
32.3075	0.0802555674868326
32.31	0.0810744271542547
32.3125	0.0816165761240047
32.315	0.0818722794003799
32.3175	0.0818335756133594
32.32	0.0814942022506386
32.3225	0.0808712991932696
32.325	0.0799490582882086
32.3275	0.0787226199439171
32.33	0.0771895736582965
32.3325	0.0753525608502641
32.335	0.0732220437255917
32.3375	0.0708187560268779
32.34	0.0681753438032418
32.3425	0.0653683935992061
32.345	0.0624277787625893
32.3475	0.0594112575895825
32.35	0.0563795103877866
32.3525	0.053392513625342
32.355	0.0505057103839914
32.3575	0.04776631520464
32.36	0.0452100694705778
32.3625	0.0428853932581431
32.365	0.04077553725161
32.3675	0.0388647827837087
32.37	0.0371205422704887
32.3725	0.0354960999422303
32.375	0.0339345538955452
32.3775	0.0323735667751527
32.38	0.0307504522981597
32.3825	0.0290270632453211
32.385	0.0271384911499865
32.3875	0.0250429878677261
32.39	0.0227120371148654
32.3925	0.0201323057214787
32.395	0.0173065852733963
32.3975	0.0142536876512069
32.4	0.0110073210309065
32.4025	0.0076158393601261
32.405	0.00413878959146055
32.4075	0.000637129552293491
32.41	-0.00282633157810591
32.4125	-0.00619002659956109
32.415	-0.00939638882166949
32.4175	-0.0123941474286396
32.42	-0.0151400697452377
32.4225	-0.0176132292061809
32.425	-0.0197720443396962
32.4275	-0.0216015426608279
32.43	-0.023096700352513
32.4325	-0.024261495309634
32.435	-0.0251078531384159
32.4375	-0.0256546961817425
32.44	-0.0259272443555261
32.4425	-0.02598334933742
32.445	-0.0258300858917469
32.4475	-0.0255073119104034
32.45	-0.025060890341495
32.4525	-0.0245425707571517
32.455	-0.0240094323179736
32.4575	-0.0235226494491511
32.46	-0.0231453941313516
32.4625	-0.022981269834312
32.465	-0.0230422628791957
32.4675	-0.0233712172032728
32.47	-0.0239970691451189
32.4725	-0.0249312230142423
32.475	-0.0261652556148145
32.4775	-0.0276704642437874
32.48	-0.029399553808003
32.4825	-0.0313315371783416
32.485	-0.03334656736914
32.4875	-0.035368136404135
32.49	-0.0373260251785732
32.4925	-0.039163309019124
32.495	-0.0408421595849293
32.4975	-0.0423476656265975
32.5	-0.0436890578372161
32.5025	-0.0449356465442241
32.505	-0.0460868592857231
32.5075	-0.0472017070787468
32.51	-0.0483426292304007
32.5125	-0.0495650129327338
32.515	-0.0509072765164986
32.5175	-0.0523829441446125
32.52	-0.0539758996733724
32.5225	-0.0556712252256276
32.525	-0.0573492638751063
32.5275	-0.0589175150881151
32.53	-0.0602764288961187
32.5325	-0.0613302371339064
32.535	-0.0619979392146276
32.5375	-0.0622231032019182
32.54	-0.0619812240594862
32.5425	-0.0613180718721984
32.545	-0.0602352935891718
32.5475	-0.0588101765894524
32.55	-0.0571448094563381
32.5525	-0.0553543747721787
32.555	-0.0535538462281677
32.5575	-0.0518447301538928
32.56	-0.0503034571112427
32.5625	-0.0490035477019285
32.565	-0.0479126996801276
32.5675	-0.0469946857841549
32.57	-0.0461799316020041
32.5725	-0.0453735729287224
32.575	-0.0444664480832471
32.5775	-0.0433477512315784
32.58	-0.0419178798167884
32.5825	-0.0401281364892363
32.585	-0.0379021999787554
32.5875	-0.0352288515466726
32.59	-0.0321352759673976
32.5925	-0.0286842518891504
32.595	-0.0249676202824401
32.5975	-0.0210968053781166
32.6	-0.0171914341191794
32.6025	-0.0133902867727527
32.605	-0.00977149216070678
32.6075	-0.00640623325599212
32.61	-0.00333276027680454
32.6125	-0.000553310855488103
32.615	0.00196502713102803
32.6175	0.00428562634903545
32.62	0.00649431940823483
32.6225	0.00867505187932746
32.625	0.0109341351128409
32.6275	0.0133622503426023
32.63	0.0160289010163042
32.6325	0.0189727742492467
32.635	0.022195081511806
32.6375	0.0256566889332573
32.64	0.0292794739422113
32.6425	0.0329438051737283
32.645	0.0365148875407565
32.6475	0.0398493611670779
32.65	0.0428073271444918
32.6525	0.045265022001833
32.655	0.0471258701174492
32.6575	0.0483287357246875
32.66	0.0488524920662595
32.6625	0.0487133923104304
32.665	0.0479645379916468
32.6675	0.0466938812375819
32.67	0.0450095655631872
32.6725	0.0430272782513379
32.675	0.0408573948425168
32.6775	0.0385935566640162
32.68	0.0363041460910261
32.6825	0.0340373199167846
32.685	0.0317868323452772
32.6875	0.029536926750189
32.69	0.0272559035415371
32.6925	0.0249066078787017
32.695	0.0224579408381909
32.6975	0.019895745419009
32.7	0.01723146074111
32.7025	0.0145235928338382
32.705	0.0118213415965695
32.7075	0.00922587973329385
32.71	0.00685839732449053
32.7125	0.00484755892233453
32.715	0.00331502282410303
32.7175	0.00236093958313509
32.72	0.00205136437394166
32.7225	0.00243247898056192
32.725	0.0034475518738335
32.7275	0.00502630711785556
32.73	0.00706036227202328
32.7325	0.0094134233730487
32.735	0.0119345209773468
32.7375	0.0144726800981592
32.74	0.0168912344547001
32.7425	0.0191141241551119
32.745	0.0210229004249387
32.7475	0.0225806912962563
32.75	0.023790991650962
32.7525	0.0246922084629188
32.755	0.0253486832620978
32.7575	0.0258396137256813
32.76	0.0262474573309707
32.7625	0.0266890174988864
32.765	0.0271764096413803
32.7675	0.0277439062925031
32.77	0.0284035033641832
32.7725	0.0291466329794149
32.775	0.029948729661197
32.7775	0.0307756870299329
32.78	0.0315910113587016
32.7825	0.0324019588616192
32.785	0.0331420418280491
32.7875	0.0337957322302724
32.79	0.0343598157506599
32.7925	0.0348415375018175
32.795	0.0352551209330368
32.7975	0.0356174675771467
32.8	0.035943906493651
32.8025	0.0362652250158998
32.805	0.0365632609255248
32.8075	0.0368311221017313
32.81	0.0370555775257359
32.8125	0.037219849943759
32.815	0.0373071771893359
32.8175	0.0373043899695871
32.82	0.0372047450844639
32.8225	0.0370073338408935
32.825	0.0367241593671724
32.8275	0.0363692719363902
32.83	0.0359583709666825
32.8325	0.0355043784901387
32.835	0.0350129122432656
32.8375	0.03447852782658
32.84	0.0338825354642267
32.8425	0.0331741823744035
32.845	0.0323336063181548
32.8475	0.0313133061977769
32.85	0.0300658269259372
32.8525	0.0285514524763408
32.855	0.0267457718629385
32.8575	0.0246459673727783
32.86	0.0222748151043617
32.8625	0.0196534160788731
32.865	0.0168909652224432
32.8675	0.0140813931693557
32.87	0.0113283334162086
32.8725	0.00873571591903917
32.875	0.00639784723108223
32.8775	0.00439016798089951
32.88	0.00276183691320927
32.8825	0.00150370497337165
32.885	0.000633667924117208
32.8875	0.000110332365576829
32.89	-0.000132550479671959
32.8925	-0.000178110656826865
32.895	-0.00011703714259303
32.8975	-3.81433185669928e-05
32.9	-2.00133109652845e-05
32.9025	-0.000144086268916698
32.905	-0.000431809229160979
32.9075	-0.000901979295985804
32.91	-0.0015548830635733
32.9125	-0.00237708114272502
32.915	-0.00334771413605611
32.9175	-0.00444527590146304
32.92	-0.00565376034769288
32.9225	-0.00698160297438748
32.925	-0.00842238543400893
32.9275	-0.00999141600274695
32.93	-0.0117123042089042
32.9325	-0.0136123939599781
32.935	-0.0157169589703108
32.9375	-0.0180430216823278
32.94	-0.0205936969832778
32.9425	-0.023364466845925
32.945	-0.0263066612352541
32.9475	-0.0293633009805486
32.95	-0.032459455639518
32.9525	-0.0355066362046978
32.955	-0.0384088318824569
32.9575	-0.0410695195696959
32.96	-0.0433988648282195
32.9625	-0.045328890108113
32.965	-0.0467881796463945
32.9675	-0.0477414412401983
32.97	-0.0481776015371866
32.9725	-0.0481084722094165
32.975	-0.047565387644485
32.9775	-0.0465943181412358
32.98	-0.0452500960925083
32.9825	-0.0436022304166724
32.985	-0.0416883718359794
32.9875	-0.0395569615865051
32.99	-0.0372472876940229
32.9925	-0.0347876757936919
32.995	-0.0321954012672631
32.9975	-0.0294782823433171
33	-0.0266377168947937
33.0025	-0.0236821186119305
33.005	-0.0205963351499462
33.0075	-0.0173896430565709
33.01	-0.0140829798856874
33.0125	-0.0107106630399471
33.015	-0.00732036334179103
33.0175	-0.00397125865473904
33.02	-0.000730485850232885
33.0225	0.0023226444033114
33.025	0.0051373740162469
33.0275	0.0076539580966811
33.03	0.00982622860839954
33.0325	0.0116272143604121
33.035	0.0130531916653889
33.0375	0.0141255266310052
33.04	0.0148899033581717
33.0425	0.0154009212505235
33.045	0.0157580506185293
33.0475	0.0160490022289537
33.05	0.0163583866054916
33.0525	0.0167591928983769
33.055	0.0173052979843193
33.0575	0.0180258985814192
33.06	0.0189225855176765
33.0625	0.0199604694167965
33.065	0.0211025197427776
33.0675	0.0222807678027052
33.07	0.0234172000116064
33.0725	0.0244337921615047
33.075	0.0252626432098642
33.0775	0.0258549165869714
33.08	0.0261874173980748
33.0825	0.0262687806944815
33.085	0.0261315037099632
33.0875	0.02583333603999
33.09	0.0254485909367052
33.0925	0.0250584601830867
33.095	0.0247401896302275
33.0975	0.024556462417923
33.1	0.0245463258989215
33.1025	0.0247310202446202
33.105	0.025076337984967
33.1075	0.02552412110348
33.11	0.0259888894560299
33.1125	0.0263666957921611
33.115	0.0265464883520682
33.1175	0.026422649438985
33.12	0.0259072310445608
33.1225	0.0249561453191508
33.125	0.0235306003417105
33.1275	0.0216430903451293
33.13	0.0193446047046023
33.1325	0.0167206012283538
33.135	0.0138836121915444
33.1375	0.0109633472800211
33.14	0.00809538428545759
33.1425	0.00543780733355695
33.145	0.00307538728029748
33.1475	0.00109260064461912
33.15	-0.000457524780013531
33.1525	-0.00155588849511433
33.155	-0.00221651388795959
33.1575	-0.00248281793532104
33.16	-0.00242161062679943
33.1625	-0.00208466679523553
33.165	-0.00159940959842511
33.1675	-0.00105968749512794
33.17	-0.000552570569501004
33.1725	-0.000153229928279415
33.175	7.86440462016245e-05
33.1775	0.000100940739182884
33.18	-0.000110073210309065
33.1825	-0.000536594588432441
33.185	-0.00119778283839923
33.1875	-0.00206766830328907
33.19	-0.00310602740946332
33.1925	-0.0042613417548476
33.195	-0.00547409368016641
33.1975	-0.00668029815698665
33.2	-0.00781519793194361
33.2025	-0.00881070514452115
33.205	-0.00962348888248554
33.2075	-0.0102077563634254
33.21	-0.0105301797841181
33.2125	-0.0105728522812435
33.215	-0.0103352569868097
33.2175	-0.00983486018917421
33.22	-0.00910605648920446
33.2225	-0.00821178550251407
33.225	-0.00719825685629432
33.2275	-0.0061248596646293
33.23	-0.00504841088551252
33.2325	-0.0040179119543562
33.235	-0.00307043908910959
33.2375	-0.0022287529919929
33.24	-0.00150099832239634
33.2425	-0.000913905832492248
33.245	-0.00042377467386399
33.2475	-8.1055224006479e-06
33.25	0.000354089754529531
33.2525	0.000675706086497559
33.255	0.000955915436584512
33.2575	0.00117648821585366
33.26	0.00130086521274349
33.2625	0.00123091256225114
33.265	0.000946675595867227
33.2675	0.000390563437825071
33.27	-0.000486296217173759
33.2725	-0.00171515926231579
33.275	-0.00330221231436813
33.2775	-0.00522376098800233
33.28	-0.00742493836812056
33.2825	-0.00987279977801574
33.285	-0.0124128221272008
33.2875	-0.0149189691000946
33.29	-0.0172637314558297
33.2925	-0.0193321565063452
33.295	-0.0210354057405638
33.2975	-0.0223220417471449
33.3	-0.0231854207532821
33.3025	-0.0237065846664477
33.305	-0.0239292749702857
33.3075	-0.0239658601400319
33.31	-0.0239489971739135
33.3125	-0.0240158227713712
33.315	-0.0242912874369104
33.3175	-0.0248726696827598
33.32	-0.025817171145217
33.3225	-0.0271601443329263
33.325	-0.0288325100746072
33.3275	-0.0307437084203547
33.33	-0.0327655366846707
33.3325	-0.0347456476714876
33.335	-0.0365238374842938
33.3375	-0.0379491673243633
33.34	-0.0388958698610305
33.3425	-0.0392737735886719
33.345	-0.0390414455643356
33.3475	-0.0382075915738394
33.35	-0.0368275594334256
33.3525	-0.0349949957930185
33.355	-0.0328294707640949
33.3575	-0.0304617503748638
33.36	-0.0280186353513983
33.3625	-0.0255912197057901
33.365	-0.0232763061993281
33.3675	-0.0211237335411526
33.37	-0.0191477791489358
33.3725	-0.017329473109588
33.375	-0.0156227010818282
33.3775	-0.013963059813676
33.38	-0.0122781662772021
33.3825	-0.0104734931411658
33.385	-0.0085115918569914
33.3875	-0.00635785030746332
33.39	-0.00400136103008733
33.3925	-0.00145473357584275
33.395	0.00124929894141933
33.3975	0.00406373755220051
33.4	0.00693461224947109
33.4025	0.00983752399995075
33.405	0.0127000324999991
33.4075	0.0154832946536616
33.41	0.0181630198021154
33.4125	0.0207310887133748
33.415	0.023195225691947
33.4175	0.0255769974872842
33.42	0.0279085621410893
33.4225	0.0302614074887397
33.425	0.0326465354493224
33.4275	0.0350970035509985
33.43	0.0376393224192327
33.4325	0.0402916377904391
33.435	0.0430629213850249
33.4375	0.0459529252061545
33.44	0.048952558621086
33.4425	0.0520777923053751
33.445	0.055274182276767
33.4475	0.0585009931080914
33.45	0.0617076817138667
33.4525	0.0648351457954981
33.455	0.06781765048104
33.4575	0.0705855227770252
33.46	0.0730685983342538
33.4625	0.0752325159455332
33.465	0.0769914185546303
33.4675	0.0782917892143569
33.47	0.0790944741163592
33.4725	0.0793788132900204
33.475	0.0791455828239139
33.4775	0.0784181473093513
33.48	0.0772413736705156
33.4825	0.0757231992695119
33.485	0.073898461424348
33.4875	0.0718376971104868
33.49	0.0696055438448726
33.4925	0.0672538275717359
33.495	0.0648161538318706
33.4975	0.0623047099808478
33.5	0.0597097132649264
33.5025	0.057061220593202
33.505	0.0542583716089106
33.5075	0.0512375487147897
33.51	0.0479329655058495
33.5125	0.0442867027647898
33.515	0.0402585005889643
33.5175	0.0358340507876021
33.52	0.0310306386516737
33.5225	0.0259684844523402
33.525	0.0206653479030513
33.5275	0.0152176055258715
33.53	0.009736440839394
33.5325	0.00433852423252152
33.535	-0.000863767389828639
33.5375	-0.0057715139249275
33.54	-0.0103068551471215
33.5425	-0.014343925536817
33.545	-0.0179328054576195
33.5475	-0.0210921995953599
33.55	-0.0238683913718529
33.5525	-0.026328105007356
33.555	-0.0285492260477891
33.5575	-0.0306105241268237
33.56	-0.0325816702514832
33.5625	-0.0344422736690382
33.565	-0.0362895795798305
33.5675	-0.0381396326978547
33.57	-0.0399859445782163
33.5725	-0.0418017754147964
33.575	-0.0435446393529892
33.5775	-0.0451624987256653
33.58	-0.046600994582665
33.5825	-0.0477417659646893
33.585	-0.0486099335273348
33.5875	-0.0492008255168176
33.59	-0.0495350555433511
33.5925	-0.0496578830658384
33.595	-0.0496354382265694
33.5975	-0.0495482570440571
33.6	-0.049482911361666
33.6025	-0.0494610280080517
33.605	-0.0496046810006524
33.6075	-0.0499788703976123
33.61	-0.0506262613132795
33.6125	-0.0515615173079196
33.615	-0.0527681676991522
33.6175	-0.0541985498096005
33.62	-0.055777097660248
33.6225	-0.057361981546526
33.625	-0.0588761147936894
33.6275	-0.0602224053610646
33.63	-0.0613189630569757
33.6325	-0.0621080584883087
33.635	-0.0625626922314039
33.6375	-0.0626900680792126
33.64	-0.0625315901110315
33.6425	-0.0621340505419363
33.645	-0.0616037402423813
33.6475	-0.061061880333809
33.65	-0.0606376578007043
33.6525	-0.0604546260862582
33.655	-0.0606174783725903
33.6575	-0.0612008241531989
33.66	-0.0622413971020349
33.6625	-0.0637323289231648
33.665	-0.0656144207110634
33.6675	-0.0678176617107675
33.67	-0.0702526979203293
33.6725	-0.0728213682150028
33.675	-0.0754278636431946
33.6775	-0.0779891670866085
33.68	-0.0804435034249612
33.6825	-0.0827639437231955
33.685	-0.0849187064852346
33.6875	-0.086932863400659
33.69	-0.0888554220169916
33.6925	-0.0907488347050029
33.695	-0.0926767110460714
33.6975	-0.0946915637502644
33.7	-0.0968243984500466
33.7025	-0.0990863695078454
33.705	-0.101427342322287
33.7075	-0.103793289396218
33.71	-0.106110226260666
33.7125	-0.108292850841744
33.715	-0.110255088339324
33.7175	-0.111921109355706
33.72	-0.11323531344158
33.7225	-0.114179704721647
33.725	-0.114742803141589
33.7275	-0.114961633591751
33.73	-0.114902451647413
33.7325	-0.114652871597436
33.735	-0.114311529402438
33.7375	-0.113976733111398
33.74	-0.113735646215712
33.7425	-0.113660143774534
33.745	-0.113789925058416
33.7475	-0.114136300310058
33.75	-0.114683401513206
33.7525	-0.115393539727302
33.755	-0.116215011083898
33.7575	-0.117091042374021
33.76	-0.11796846148487
33.7625	-0.118806462828638
33.765	-0.119584001238663
33.7675	-0.120287020812424
33.77	-0.120914691097054
33.7725	-0.121476067409823
33.775	-0.121985081402042
33.7775	-0.122454769416069
33.78	-0.12289173598233
33.7825	-0.123286974809476
33.785	-0.123638044315067
33.7875	-0.123910698986418
33.79	-0.124057429664385
33.7925	-0.124022937284378
33.795	-0.123751141811211
33.7975	-0.123192623757519
33.8	-0.122311349964336
33.8025	-0.121076809014222
33.805	-0.11951481886868
33.8075	-0.117647372215336
33.81	-0.11551226743815
33.8125	-0.113158794789227
33.815	-0.110642024724856
33.8175	-0.108016479555632
33.82	-0.105330055610293
33.8225	-0.102605249225333
33.825	-0.0998882869269372
33.8275	-0.0971823632938087
33.83	-0.0944739151893218
33.8325	-0.0917370644933534
33.835	-0.0889397383244363
33.8375	-0.0860505214481366
33.84	-0.0830452338504482
33.8425	-0.0799040975600756
33.845	-0.0766533100146357
33.8475	-0.0733105575777701
33.85	-0.0699069288111222
33.8525	-0.0664851444894183
33.855	-0.0630963326290122
33.8575	-0.0597957127293994
33.86	-0.0566376700317552
33.8625	-0.0536707723186286
33.865	-0.0509477926606649
33.8675	-0.0484871073579423
33.87	-0.0462877966919434
33.8725	-0.044330739744556
33.875	-0.0425814514932963
33.8775	-0.0409941296787581
33.88	-0.0395162825009543
33.8825	-0.0380937784312203
33.885	-0.0366924214575725
33.8875	-0.0352569401595152
33.89	-0.0337352503676192
33.8925	-0.0320819934890215
33.895	-0.0302615312253442
33.8975	-0.0282501519130144
33.9	-0.0260373175658352
33.9025	-0.0236215352732879
33.905	-0.021044627905957
33.9075	-0.0183247284318783
33.91	-0.0154839528870764
33.9125	-0.0125483514015787
33.915	-0.00954799424962118
33.9175	-0.00651687193367662
33.92	-0.00349232276344215
33.9225	-0.000497138330162569
33.925	0.00238824570019686
33.9275	0.00513343512510278
33.93	0.00771765476096041
33.9325	0.0101295120643939
33.935	0.0123659198893371
33.9375	0.0144303806262368
33.94	0.0163308617476722
33.9425	0.0181042940891727
33.945	0.0197111782662305
33.9475	0.0211642704385722
33.95	0.02247667940125
33.9525	0.0236582698762357
33.955	0.0247124452416802
33.9575	0.0256338699401493
33.96	0.0264075638186929
33.9625	0.02703347473372
33.965	0.0274330164449784
33.9675	0.0275785671134672
33.97	0.0274486686378049
33.9725	0.0270303292923134
33.975	0.026320831363224
33.9775	0.0253290135703564
33.98	0.0240760130912373
33.9825	0.0226121356045226
33.985	0.0209400150008149
33.9875	0.0191242720662949
33.99	0.0172439157054747
33.9925	0.0153867811606376
33.995	0.0136429855553453
33.9975	0.0120981589676611
34	0.0108272012322189
34.0025	0.00989798149098176
34.005	0.00931419169709884
34.0075	0.00910446566674305
34.01	0.00928243629560928
34.0125	0.00984532400628789
34.015	0.0107734935037684
34.0175	0.0120312495838981
34.02	0.0135690248344629
34.0225	0.0153273004051402
34.025	0.0172155991287272
34.0275	0.0191781288460594
34.03	0.0211696818284288
34.0325	0.0231575535245997
34.035	0.0251219670435203
34.0375	0.0270551413633176
34.04	0.0289592609667667
34.0425	0.0308347160095408
34.045	0.0326829989401696
34.0475	0.0345278838720733
34.05	0.0363953334404642
34.0525	0.0383080932393692
34.055	0.040280636489089
34.0575	0.0423151999532881
34.06	0.0443995303764837
34.0625	0.0464908334157604
34.065	0.0485498993521899
34.0675	0.0505373982107882
34.07	0.0524143257864111
34.0725	0.0541456037660289
34.075	0.0557030533303215
34.0775	0.0570673535858677
34.08	0.0582287282534953
34.0825	0.0591728014578446
34.085	0.0599078096729844
34.0875	0.0604503655626265
34.09	0.0608200915103741
34.0925	0.0610342284298573
34.095	0.0611024855146561
34.0975	0.0610230336326789
34.1	0.0607804254015691
34.1025	0.0603311668444436
34.105	0.0596428729218864
34.1075	0.0586775040595201
34.11	0.0574014842050226
34.1125	0.0557924205615007
34.115	0.0538453766916292
34.1175	0.0515778355472423
34.12	0.0490326118649471
34.1225	0.0462670193960109
34.125	0.0433814966379155
34.1275	0.0404886309928511
34.13	0.0377124964250432
34.1325	0.0351792199766721
34.135	0.0330068539532337
34.1375	0.0312956787725822
34.14	0.0301200330027532
34.1425	0.0295100444151435
34.145	0.0294886429649883
34.1475	0.0300318479981382
34.15	0.0310858899534638
34.1525	0.0325738276796491
34.155	0.034403986834309
34.1575	0.0364791946463682
34.16	0.0387057434068603
34.1625	0.0409854258521868
34.165	0.0432721392700736
34.1675	0.0455211596795214
34.17	0.0477077671313777
34.1725	0.0498253685773999
34.175	0.0518815213246179
34.1775	0.0538924947895392
34.18	0.0558771642150744
34.1825	0.0578259095764952
34.185	0.0597730940424424
34.1875	0.0617174704256277
34.19	0.0636447858929953
34.1925	0.0655282076357628
34.195	0.067330624845371
34.1975	0.0690085140572981
34.2	0.0705169011861801
34.2025	0.0717826080616482
34.205	0.0728041308587685
34.2075	0.0735699210538454
34.21	0.0740868183963822
34.2125	0.0743805396432637
34.215	0.0744938466905089
34.2175	0.0744825143097622
34.22	0.0744094901689279
34.2225	0.0742991608661537
34.225	0.0742435152210976
34.2275	0.0742911471262271
34.23	0.0744718460771701
34.2325	0.0747916219884733
34.235	0.0752299597266359
34.2375	0.0757398273986116
34.24	0.0762507147777341
34.2425	0.0766329610795563
34.245	0.076832106972016
34.2475	0.0767592132520228
34.25	0.0763387156647729
34.2525	0.0755181892425112
34.255	0.0742759942580298
34.2575	0.072625755294416
34.26	0.0706169677410065
34.2625	0.0682964883645542
34.265	0.0658113244181082
34.2675	0.0632859548569682
34.27	0.0608461028784984
34.2725	0.0586053769660659
34.275	0.0566527052404572
34.2775	0.0550420591819668
34.28	0.0537857732192022
34.2825	0.0528260180442349
34.285	0.0521265353746978
34.2875	0.051581810087611
34.29	0.0510631189525669
34.2925	0.0504336267220305
34.295	0.049564540574557
34.2975	0.0483503217732038
34.3	0.0467210744484567
34.3025	0.0446374913210111
34.305	0.0421452828585501
34.3075	0.039305573981893
34.31	0.0362130732126079
34.3125	0.0329855831634208
34.315	0.0297512194798977
34.3175	0.026634907313538
34.32	0.0237457934603101
34.3225	0.0211614464299652
34.325	0.0189488196777132
34.3275	0.0171203396311566
34.33	0.0156536087333063
34.3325	0.0144987972661345
34.335	0.013589231288165
34.3375	0.0128536102855218
34.34	0.0122281329997888
34.3425	0.0116674832385359
34.345	0.0111575396636774
34.3475	0.0107032840874049
34.35	0.0103359831912638
34.3525	0.0101093278322553
34.355	0.0100924984549331
34.3575	0.0103611213372226
34.36	0.0109873077199412
34.3625	0.0120195021458663
34.365	0.0135134941932084
34.3675	0.0154787412852424
34.37	0.0178937962810226
34.3725	0.0207076846707885
34.375	0.0238444072382446
34.3775	0.0272098832678231
34.38	0.0307004190207465
34.3825	0.0341918173242241
34.385	0.0376176276427327
34.3875	0.0408953563226274
34.39	0.0439608147615011
34.3925	0.0467716732533831
34.395	0.0493085076436284
34.3975	0.0515732998988198
34.4	0.0535856401095493
34.4025	0.0553503983062846
34.405	0.0569438140431475
34.4075	0.0584002498328918
34.41	0.0597437733823569
34.4125	0.0609840098217795
34.415	0.0621139172212241
34.4175	0.0631096548050315
34.42	0.0639325218786014
34.4225	0.0645054298627119
34.425	0.0648135853970598
34.4275	0.0648007898384572
34.43	0.0644155058530794
34.4325	0.0636180816044625
34.435	0.0623868791056813
34.4375	0.0607224341519189
34.44	0.0586490077837663
34.4425	0.0561756209587745
34.445	0.0534169594466454
34.4475	0.0504502393433064
34.45	0.0473540998034477
34.4525	0.0442005958720913
34.455	0.0410477642549441
34.4575	0.0379337276194462
34.46	0.0348731943570083
34.4625	0.0318063770855328
34.465	0.0287626455560282
34.4675	0.0257006925959125
34.47	0.0225712986908446
34.4725	0.0193271404708681
34.475	0.0159325837953388
34.4775	0.0123720532464204
34.48	0.00865575699248556
34.4825	0.00477350443779157
34.485	0.000843723132056034
34.4875	-0.00304271033899548
34.49	-0.00678269804229098
34.4925	-0.0102717146903861
34.495	-0.0134153765268121
34.4975	-0.0161402301177722
34.5	-0.0184022394325791
34.5025	-0.0202347159064097
34.505	-0.0216152434008827
34.5075	-0.0225950395483915
34.51	-0.0232482939241246
34.5125	-0.0236613856767882
34.515	-0.0239207681395888
34.5175	-0.0241012254336942
34.52	-0.0242561328899249
34.5225	-0.0244334340675553
34.525	-0.0246039872969578
34.5275	-0.0247328484893942
34.53	-0.0247635225514272
34.5325	-0.0246275300910767
34.535	-0.0242558354283486
34.5375	-0.0235905171889711
34.54	-0.0225950280798062
34.5425	-0.0212618703895665
34.545	-0.0196124138217568
34.5475	-0.0177035532881536
34.55	-0.0156188925038118
34.5525	-0.0134596251924925
34.555	-0.0113330434867251
34.5575	-0.00934028679157525
34.56	-0.00756503154487755
34.5625	-0.00604967025088232
34.565	-0.00483032167952941
34.5675	-0.00390477640446075
34.57	-0.00324305900551932
34.5725	-0.00279350237203181
34.575	-0.00249124916510798
34.5775	-0.0022679572511616
34.58	-0.00206137102942431
34.5825	-0.00181371088156388
34.585	-0.00149807728904155
34.5875	-0.00111397645820356
34.59	-0.000684616317173125
34.5925	-0.000251540600195744
34.595	0.000133521860272944
34.5975	0.000418390863230262
34.6	0.000560372707027967
34.6025	0.000525726665802708
34.605	0.000335250416492657
34.6075	1.42388886005972e-05
34.61	-0.000386367385141329
34.6125	-0.000792429239993228
34.615	-0.00111191923067548
34.6175	-0.00124252542480882
34.62	-0.00108071879212536
34.6225	-0.000555695633564296
34.625	0.000446192666476976
34.6275	0.00197717746103298
34.63	0.00405735713325369
34.6325	0.00667300482833697
34.635	0.00977778764583677
34.6375	0.013296585664541
34.64	0.0171313941862836
34.6425	0.0211476495272949
34.645	0.0252560064053639
34.6475	0.0293351370657751
34.65	0.0332701009951316
34.6525	0.0369597095890195
34.655	0.0403224121592601
34.6575	0.0433002349995217
34.66	0.0458605020769495
34.6625	0.0479868032582251
34.665	0.049708702293123
34.6675	0.0510565833806591
34.67	0.0520715749532576
34.6725	0.052799990236604
34.675	0.0532878431413009
34.6775	0.053575905899465
34.68	0.0536957133198584
34.6825	0.0536774364304087
34.685	0.0535203621854304
34.6875	0.0532146635969987
34.69	0.0527382022017507
34.6925	0.0520600853264367
34.695	0.0511451783818497
34.6975	0.0499589815978013
34.7	0.0484722391579191
34.7025	0.0466881585950671
34.705	0.0445736043856386
34.7075	0.04212874567078
34.71	0.039365104973753
34.7125	0.0363038829012632
34.715	0.0329734468338402
34.7175	0.0294064487014251
34.72	0.0256370513465295
34.7225	0.0217203087296877
34.725	0.0176633888800292
34.7275	0.0134926355265482
34.73	0.00923249471324381
34.7325	0.00490698398757975
34.735	0.00054170316283474
34.7375	-0.00383403827787471
34.74	-0.00818544418480137
34.7425	-0.0124577352526247
34.745	-0.0166200307732274
34.7475	-0.0206203217352905
34.75	-0.0244034557719714
34.7525	-0.0279144972017748
34.755	-0.0311024177926007
34.7575	-0.0339235384995441
34.76	-0.0363441727129567
34.7625	-0.0383487535264078
34.765	-0.0399224700474886
34.7675	-0.0410622825951619
34.77	-0.0417719087784506
34.7725	-0.0420591714976506
34.775	-0.0419334136492773
34.7775	-0.0414035105350922
34.78	-0.040476921427288
34.7825	-0.0391723459892402
34.785	-0.0374868641659266
34.7875	-0.0354282711982535
34.79	-0.0330108677409411
34.7925	-0.030259832731257
34.795	-0.0272151725982528
34.7975	-0.023934453355436
34.8	-0.0204936304284514
34.8025	-0.0169947050893708
34.805	-0.013535351683867
34.8075	-0.0102257911708008
34.81	-0.00717432064949984
34.8125	-0.00447883408184108
34.815	-0.00221863916970104
34.8175	-0.000447592852762117
34.82	0.000810539094094023
34.8225	0.00156533663454224
34.825	0.00185374199880925
34.8275	0.00173981274850335
34.83	0.00130612602766356
34.8325	0.000644663432628654
34.835	-0.000153139643732337
34.8375	-0.00100604106399327
34.84	-0.00185123126428882
34.8425	-0.00264464912480506
34.845	-0.00337578080943087
34.8475	-0.00406300755658765
34.85	-0.00474901553012084
34.8525	-0.00549365330104938
34.855	-0.00636469171695264
34.8575	-0.00742763301325517
34.86	-0.0087358102363467
34.8625	-0.010331411076334
34.865	-0.0122017817383821
34.8675	-0.0143259156881367
34.87	-0.0166556816607645
34.8725	-0.0191186370622386
34.875	-0.0216235480820991
34.8775	-0.0240680350653035
34.88	-0.0263475238857971
34.8825	-0.0283797129909326
34.885	-0.0300573320129445
34.8875	-0.0313231972350316
34.89	-0.0321495130553619
34.8925	-0.0325387835414757
34.895	-0.0325216804939412
34.8975	-0.0321522326533699
34.9	-0.0315009514593579
34.9025	-0.030658824979544
34.905	-0.0296827296326571
34.9075	-0.0286448209554572
34.91	-0.0276037020670053
34.9125	-0.026598312351365
34.915	-0.0256439678834045
34.9175	-0.0247309589629174
34.92	-0.0238258467041712
34.9225	-0.0228771375788303
34.925	-0.0218101330051593
34.9275	-0.0205534675658064
34.93	-0.0190390827662128
34.9325	-0.0172098708213078
34.935	-0.0150263852990663
34.9375	-0.0124720394114301
34.94	-0.00955635598592336
34.9425	-0.00629805359849641
34.945	-0.00277691272239329
34.9475	0.000918968872680535
34.95	0.00468394529317648
34.9525	0.00840216843334007
34.955	0.0119559710114982
34.9575	0.0152345386239532
34.96	0.0181420663900304
34.9625	0.0206408319122006
34.965	0.0226442751728188
34.9675	0.0241300572372922
34.97	0.025104839392902
34.9725	0.0256018100175559
34.975	0.0256760329118317
34.9775	0.0253980783834705
34.98	0.0248465255634007
34.9825	0.024147392523455
34.985	0.0233217709638383
34.9875	0.0224198228912104
34.99	0.021471804780592
34.9925	0.0204857401728788
34.995	0.0194477637116295
34.9975	0.0183251027239927
35	0.0170713542533877
35.0025	0.0156805080495546
35.005	0.014055784105601
35.0075	0.0121462208232025
35.01	0.00991578608084353
35.0125	0.00735027553585636
35.015	0.00446241597707743
35.0175	0.00129456781845003
35.02	-0.00208138434038959
35.0225	-0.00553239404089034
35.025	-0.00896900455731951
35.0275	-0.0122676806461978
35.03	-0.0153043484161888
35.0325	-0.0179636250504776
35.035	-0.0201474595349965
35.0375	-0.0217824419040703
35.04	-0.022825181155907
35.0425	-0.0232402232900524
35.045	-0.0230726189728554
35.0475	-0.022382308862991
35.05	-0.0212574887910579
35.0525	-0.0198073156653257
35.055	-0.0181530243785662
35.0575	-0.0164182964499909
35.06	-0.0147197902149668
35.0625	-0.0131441574528442
35.065	-0.0117849949536145
35.0675	-0.0106974216946079
35.07	-0.00990888841698847
35.0725	-0.0094198825578501
35.075	-0.0092069406297536
35.0775	-0.00922753718163235
35.08	-0.00942626946464901
35.0825	-0.00972362809227983
35.085	-0.0100804171926459
35.0875	-0.0104440927657445
35.09	-0.0107734055796022
35.0925	-0.0110417995670464
35.095	-0.0112390192550046
35.0975	-0.011370913201387
35.1	-0.0114576205276254
35.1025	-0.0115025754039142
35.105	-0.0115756119526612
35.1075	-0.0117215024398793
35.11	-0.0119837819335324
35.1125	-0.0124009211524572
35.115	-0.0130031597514915
35.1175	-0.0138101965044329
35.12	-0.0148298634252758
35.1225	-0.0160273530873535
35.125	-0.0174185074276045
35.1275	-0.0189821777444704
35.13	-0.0206902292752301
35.1325	-0.0225099909635864
35.135	-0.0244068441021621
35.1375	-0.0263467832460548
35.14	-0.0282988217049123
35.1425	-0.0302137150667274
35.145	-0.0320948333743282
35.1475	-0.0339358251815182
35.15	-0.0357401623176139
35.1525	-0.0375205971935099
35.155	-0.0392976937795672
35.1575	-0.0410975057688609
35.16	-0.0429485653315006
35.1625	-0.0448777520905833
35.165	-0.046904376987653
35.1675	-0.0490453282374967
35.17	-0.0513076202817175
35.1725	-0.053685819025061
35.175	-0.0561604731016463
35.1775	-0.0586977990986659
35.18	-0.0612507382092533
35.1825	-0.0637780695011869
35.185	-0.0661944361540633
35.1875	-0.0684303300274715
35.19	-0.0704184652586562
35.1925	-0.0720984417631012
35.195	-0.0734209208023532
35.1975	-0.0743509063806467
35.2	-0.0748697963211294
35.2025	-0.0750009932265151
35.205	-0.0747336220285831
35.2075	-0.0740920460163524
35.21	-0.0731104051915741
35.2125	-0.071828817820771
35.215	-0.0702894244326988
35.2175	-0.0685326863514888
35.22	-0.0665942922369843
35.2225	-0.0645207389385935
35.225	-0.0623178594362614
35.2275	-0.0599938796501386
35.23	-0.0575487721892223
35.2325	-0.0549769705396358
35.235	-0.0522709649517798
35.2375	-0.0494253556538752
35.24	-0.0464408880949428
35.2425	-0.0433339796409601
35.245	-0.0401276433412998
35.2475	-0.036854941450867
35.25	-0.0335612697045143
35.2525	-0.0303038510983817
35.255	-0.0271500064009202
35.2575	-0.024174236757089
35.26	-0.021454269354785
35.2625	-0.0190720642462855
35.265	-0.0170957871096077
35.2675	-0.0155807074354929
35.27	-0.0145648268470831
35.2725	-0.0140659998266779
35.275	-0.0140805426397526
35.2775	-0.0145834679742693
35.28	-0.0155303293090608
35.2825	-0.0168620860247925
35.285	-0.018507219735256
35.2875	-0.0203854931285023
35.29	-0.022414862398358
35.2925	-0.024516914264403
35.295	-0.0266215990793319
35.2975	-0.028670794766714
35.3	-0.0306203657768853
35.3025	-0.0324380459965979
35.305	-0.0341120235758314
35.3075	-0.0356355802173662
35.31	-0.037008313609567
35.3125	-0.0382321614212988
35.315	-0.0393074938316435
35.3175	-0.0402297799456638
35.32	-0.0409872608569027
35.3225	-0.0415546965112872
35.325	-0.0419122251135593
35.3275	-0.0420258154972923
35.33	-0.0418580254038582
35.3325	-0.04137204324079
35.335	-0.0405360362063024
35.3375	-0.0393272189485454
35.34	-0.037735097825044
35.3425	-0.035743534771831
35.345	-0.0333946832249393
35.3475	-0.0307223404121622
35.35	-0.0277709654775245
35.3525	-0.024592049497421
35.355	-0.0212397990333167
35.3575	-0.0177666859559647
35.36	-0.0142194574408347
35.3625	-0.0106079661723783
35.365	-0.00699410129040431
35.3675	-0.00339753254266704
35.37	0.000171221497698108
35.3725	0.00370756306303551
35.375	0.00720876606446662
35.3775	0.0106697553033106
35.38	0.0140793642640777
35.3825	0.0174533173613663
35.385	0.0207168274331362
35.3875	0.0238282967815436
35.39	0.0267397256507223
35.3925	0.0293997082023038
35.395	0.0317574493266507
35.3975	0.0337673433485313
35.4	0.0353935404421057
35.4025	0.0366564549934789
35.405	0.0374965787891384
35.4075	0.0379237941457307
35.41	0.0379666988843207
35.4125	0.037669831277385
35.415	0.0370895400488666
35.4175	0.0362890746783245
35.42	0.0353335005092098
35.4225	0.0343304940664497
35.425	0.0332810168487245
35.4275	0.032227266469555
35.43	0.0312012156957244
35.4325	0.0302239766436301
35.435	0.0293062487311602
35.4375	0.0284496206300482
35.44	0.0276483890985406
35.4425	0.0269315482464687
35.445	0.0262394849616245
35.4475	0.0255511215852372
35.45	0.0248443398317526
35.4525	0.0240966807654007
35.455	0.0232860069859613
35.4575	0.0223913658843558
35.46	0.0213942294218892
35.4625	0.0203095217098299
35.465	0.0190988996099307
35.4675	0.0177580692227158
35.47	0.0162926410846789
35.4725	0.0147200844423547
35.475	0.0130708480137382
35.4775	0.0113882032370845
35.48	0.00972646912912828
35.4825	0.00817898519311318
35.485	0.00677935130597686
35.4875	0.00558214491323059
35.49	0.00462985958085616
35.4925	0.00394686467519807
35.495	0.00353472712437496
35.4975	0.00336961234403746
35.5	0.00340226286409837
35.5025	0.00360406356765131
35.505	0.00384173923443609
35.5075	0.00401000749597273
35.51	0.00400239271897343
35.5125	0.00372168746744919
35.515	0.00309013531210818
35.5175	0.00205814111842052
35.52	0.000610405984441178
35.5225	-0.00117666533655905
35.525	-0.0033018079670508
35.5275	-0.00568472752024351
35.53	-0.00822353378568646
35.5325	-0.0108046146658982
35.535	-0.0133133850708619
35.5375	-0.0156446944691835
35.54	-0.0177117802042768
35.5425	-0.0193994120534208
35.545	-0.0207289870937208
35.5475	-0.0217047733967193
35.55	-0.0223587630481467
35.5525	-0.0227447366502675
35.555	-0.0229302536727108
35.5575	-0.0229876567254663
35.56	-0.0229852876436293
35.5625	-0.0229346946112858
35.565	-0.022918201246427
35.5675	-0.0229656583803136
35.57	-0.0230901839758101
35.5725	-0.0232900713173379
35.575	-0.0235524320777439
35.5775	-0.0238579554820394
35.58	-0.0241860863015464
35.5825	-0.0244828420463039
35.585	-0.0247673241882712
35.5875	-0.0250499623994631
35.59	-0.0253549683104421
35.5925	-0.0257175439282487
35.595	-0.0261790726197362
35.5975	-0.0267810048838013
35.6	-0.0275583291991968
35.6025	-0.0285033774542931
35.605	-0.0296389908131605
35.6075	-0.0309606546110234
35.61	-0.0324469941675768
35.6125	-0.0340595194550513
35.615	-0.0357441241768724
35.6175	-0.0374343147732688
35.62	-0.0390559763487528
35.6225	-0.0405006924292722
35.625	-0.0417171342367351
35.6275	-0.0426563881481984
35.63	-0.0432904383811285
35.6325	-0.0436144082891473
35.635	-0.0436465260025762
35.6375	-0.043425922551532
35.64	-0.0430086052643965
35.6425	-0.0424292189246595
35.645	-0.0417824046346741
35.6475	-0.0411503628724272
35.65	-0.0406121062476269
35.6525	-0.0402366591626096
35.655	-0.0400772259462587
35.6575	-0.0401669757607747
35.66	-0.0405169480492185
35.6625	-0.0410949845288884
35.665	-0.0418844268282701
35.6675	-0.0428477971219118
35.67	-0.0439418914527328
35.6725	-0.0451234347535987
35.675	-0.0463543599683086
35.6775	-0.0476061128557573
35.68	-0.0488624987217422
35.6825	-0.050108968584389
35.685	-0.0513631538805271
35.6875	-0.0526484121896098
35.69	-0.0539951428789599
35.6925	-0.0554349912739522
35.695	-0.0569945842073691
35.6975	-0.0586896373639641
35.7	-0.0605202523590204
35.7025	-0.0624673025143205
35.705	-0.0644933887155942
35.7075	-0.0665448013707018
35.71	-0.0685554517737525
35.7125	-0.070452943205959
35.715	-0.0721657607558516
35.7175	-0.0736307179629214
35.72	-0.0747997497327509
35.7225	-0.0756564556608095
35.725	-0.0761870403757506
35.7275	-0.0764092707049004
35.73	-0.0763626324542537
35.7325	-0.0761044862129636
35.735	-0.0757045237467143
35.7375	-0.0752381786179265
35.74	-0.0747797364217857
35.7425	-0.0744079671956926
35.745	-0.0741704848341561
35.7475	-0.0741001044799423
35.75	-0.0742096773541961
35.7525	-0.0744932518967079
35.755	-0.0749291828591789
35.7575	-0.0754846138223454
35.76	-0.0761206282564597
35.7625	-0.0768077922476393
35.765	-0.0775061436748209
35.7675	-0.0781815089186031
35.77	-0.0788066280035364
35.7725	-0.0793627578348353
35.775	-0.0798402524534048
35.7775	-0.0802382384778084
35.78	-0.0805635832907529
35.7825	-0.0808374740975367
35.785	-0.0810762956184638
35.7875	-0.0812963606383186
35.79	-0.0815134715295203
35.7925	-0.0817425134315899
35.795	-0.0819973817311566
35.7975	-0.0822909737612366
35.8	-0.0826349609756598
35.8025	-0.0830475521243627
35.805	-0.0835346478415832
35.8075	-0.0840935761170014
35.81	-0.0847129339732428
35.8125	-0.0853716964394804
35.815	-0.0860388859633196
35.8175	-0.0866739595010793
35.82	-0.0872280158421926
35.8225	-0.0876575177398915
35.825	-0.0879030006258589
35.8275	-0.0878996012861484
35.83	-0.0875838455593771
35.8325	-0.0868992745385619
35.835	-0.0858020320239259
35.8375	-0.0842657012426015
35.84	-0.0822847280337674
35.8425	-0.0798920832598525
35.845	-0.0771225311390844
35.8475	-0.0740257576666148
35.85	-0.0706625224566069
35.8525	-0.0671004929827967
35.855	-0.0634097142762262
35.8575	-0.0596580840001719
35.86	-0.0559071841815223
35.8625	-0.0522229640881051
35.865	-0.0486421631855617
35.8675	-0.0451832888689696
35.87	-0.0418478348567114
35.8725	-0.0386228500877535
35.875	-0.0354847812801583
35.8775	-0.0324040177919261
35.88	-0.0293495205305898
35.8825	-0.0262987725844124
35.885	-0.023235844208673
35.8875	-0.0201403288749147
35.89	-0.0169977077895528
35.8925	-0.0138005942664331
35.895	-0.0105492972549002
35.8975	-0.00725171262237811
35.9	-0.00392260894919577
35.9025	-0.000580905695948487
35.905	0.00273333426595077
35.9075	0.00599844239506621
35.91	0.00919482369687915
35.9125	0.0123046328362519
35.915	0.0153109438611678
35.9175	0.0181967230830968
35.92	0.0209439299251703
35.9225	0.0235353766039134
35.925	0.0259305698923101
35.9275	0.0281144087863591
35.93	0.0300759352285678
35.9325	0.0318078120804125
35.935	0.033305683091868
35.9375	0.0345675997655777
35.94	0.0355936735517585
35.9425	0.0363884158237388
35.945	0.0369367955838587
35.9475	0.0372528283328176
35.95	0.037357795767075
35.9525	0.0372787820820068
35.955	0.0370467387947875
35.9575	0.0366943672057044
35.96	0.0362541128136129
35.9625	0.0357546726507584
35.965	0.0352073207596436
35.9675	0.0346436531256054
35.97	0.0340956365079322
35.9725	0.0335937490549802
35.975	0.0331651517102458
35.9775	0.0328322157820354
35.98	0.0326116902179311
35.9825	0.0325073168708168
35.985	0.0325128178031155
35.9875	0.0326404584614162
35.99	0.0329055599481629
35.9925	0.0333257634154423
35.995	0.0339195607625821
35.9975	0.034704275491032
36	0.035693740106585
36.0025	0.0368867209634786
36.005	0.0382717339549703
36.0075	0.0398489511568868
36.01	0.0416123876343939
36.0125	0.0435467305983972
36.015	0.0456246287354184
36.0175	0.0478050583247077
36.02	0.0500332774132113
36.0225	0.0522442663819307
36.025	0.0543415016168538
36.0275	0.0562554308388104
36.03	0.0579244448244007
36.0325	0.0592990168350027
36.035	0.0603449269741815
36.0375	0.0610452442083579
36.04	0.0614008380414929
36.0425	0.0614433729025147
36.045	0.0611733914521476
36.0475	0.0606377882107282
36.05	0.059892466859769
36.0525	0.0589953705609022
36.055	0.0579995891634595
36.0575	0.0569475506487897
36.06	0.0558671575595918
36.0625	0.0547840887567876
36.065	0.0536711712456791
36.0675	0.0525177227401618
36.07	0.051310393055053
36.0725	0.0500388740398511
36.075	0.0487014559601739
36.0775	0.0473095663099431
36.08	0.0458905220433974
36.0825	0.0444976462731983
36.085	0.0431735005482252
36.0875	0.0419858938084355
36.09	0.0410063088338324
36.0925	0.0403014691555598
36.095	0.0399246576206735
36.0975	0.0399079919770959
36.1	0.0402567750066698
36.1025	0.0409473235338168
36.105	0.0419252621520053
36.1075	0.043113286300562
36.11	0.0444169980958818
36.1125	0.045734354868339
36.115	0.0469662242605897
36.1175	0.0480267808917829
36.12	0.0488524920662595
36.1225	0.0494005332432453
36.125	0.0496800110695698
36.1275	0.0497197074852229
36.13	0.0495756465208052
36.1325	0.049324599800638
36.135	0.0490555179903598
36.1375	0.0488599326150079
36.14	0.0488224720998116
36.1425	0.0489973421687184
36.145	0.0494539946312392
36.1475	0.0502156957743037
36.15	0.0512794443617596
36.1525	0.0526187395243812
36.155	0.054188664531337
36.1575	0.055932433633172
36.16	0.0577884354122591
36.1625	0.0596809522464176
36.165	0.0615792945883526
36.1675	0.0634414018082169
36.17	0.0652363118818315
36.1725	0.0669439869830589
36.175	0.0685533748082245
36.1775	0.0700591225813848
36.18	0.0714575268015484
36.1825	0.0727235986815622
36.185	0.0738686892865451
36.1875	0.0748728686153383
36.19	0.0757059071873991
36.1925	0.0763281275664457
36.195	0.0766928306143982
36.1975	0.076749998528587
36.2	0.0764508478873869
36.2025	0.0757280034121409
36.205	0.0745791291557543
36.2075	0.0729893288071992
36.21	0.0709610337058336
36.2125	0.0685155886094336
36.215	0.065693151504485
36.2175	0.0625508517021247
36.22	0.0591593472133811
36.2225	0.0555628364761208
36.225	0.0518858470742003
36.2275	0.048211466696399
36.23	0.0446140122771054
36.2325	0.0411544318074544
36.235	0.0378769050818534
36.2375	0.0348069518934702
36.24	0.0319512509560768
36.2425	0.0292593492422715
36.245	0.0267551026966858
36.2475	0.0244074720782332
36.25	0.0221806207381527
36.2525	0.020040019764058
36.255	0.0179580787219014
36.2575	0.0159185673964038
36.26	0.0139192577763554
36.2625	0.0119334500347651
36.265	0.0100327082782919
36.2675	0.00825475493069215
36.27	0.00664085227052407
36.2725	0.00523014107380791
36.275	0.00405389624655078
36.2775	0.00313046733942584
36.28	0.00246163724873
36.2825	0.00199545542543039
36.285	0.00173907909494565
36.2875	0.0016475830188915
36.29	0.00166632807344722
36.2925	0.00173748853614326
36.295	0.00180702365035959
36.2975	0.0018311165864799
36.3	0.00178118467591032
36.3025	0.00161197722841759
36.305	0.00137065523386589
36.3075	0.00108535370011312
36.31	0.000795918150388533
36.3125	0.000547710785212049
36.315	0.000384541409060429
36.3175	0.000341725254578931
36.32	0.00044029284123626
36.3225	0.000648216408742067
36.325	0.000990701102309026
36.3275	0.00143729196362422
36.33	0.00194405735789437
36.3325	0.00246020118191329
36.335	0.00293570002994985
36.3375	0.00332881947698478
36.34	0.00361240262923386
36.3425	0.00375055975519044
36.345	0.00378990930653538
36.3475	0.00376228305558393
36.35	0.00371314666664766
36.3525	0.0036958726980972
36.355	0.0037648634014525
36.3575	0.00396849409597237
36.36	0.00434288847946674
36.3625	0.0048776302583391
36.365	0.00561219673845948
36.3675	0.00652981921221781
36.37	0.00759721675939034
36.3725	0.0087703378655901
36.375	0.0100013374655343
36.3775	0.0112456809535456
36.38	0.0124682927313723
36.3825	0.0136072344624039
36.385	0.0147081934864513
36.3875	0.0157823676267629
36.39	0.0168511081458361
36.3925	0.0179413511469704
36.395	0.0190799441787502
36.3975	0.0202877334327061
36.4	0.0215743492205767
36.4025	0.0228830527547608
36.405	0.0242541267754382
36.4075	0.0256547133514716
36.41	0.0270390507224385
36.4125	0.0283542103653311
36.415	0.029546928342425
36.4175	0.0305705167388854
36.42	0.0313908782490488
36.4225	0.031940787887408
36.425	0.0322785689915654
36.4275	0.0324298824318187
36.43	0.0324359149298169
36.4325	0.0323485557187079
36.435	0.0322241538669524
36.4375	0.0321166944157471
36.44	0.0320713308218685
36.4425	0.0320813086115049
36.445	0.0322002327019703
36.4475	0.0324290019081788
36.45	0.032752386908043
36.4525	0.033142333276714
36.455	0.0335627088855522
36.4575	0.0339748040461904
36.46	0.0343428416164283
36.4625	0.034611132739828
36.465	0.0347898283913709
36.4675	0.0348801279666669
36.47	0.0348972462724397
36.4725	0.0348680302758389
36.475	0.0348269039100334
36.4775	0.0348107133395899
36.48	0.034853181046043
36.4825	0.0349658284185673
36.485	0.035173991579336
36.4875	0.0354782518965546
36.49	0.0358638637972477
36.4925	0.0363013632758097
36.495	0.0367487756943867
36.4975	0.0371551368809661
36.5	0.0374649181270126
36.5025	0.0376191951917288
36.505	0.0375713644671375
36.5075	0.0372812595470751
36.51	0.0367215972244914
36.5125	0.0358801861671613
36.515	0.0347608713298713
36.5175	0.033383229002045
36.52	0.0317811378128718
36.5225	0.0300009060192804
36.525	0.0280970300064863
36.5275	0.0261297471942301
36.53	0.0241613618919701
36.5325	0.0222529487220975
36.535	0.0204614079146531
36.5375	0.0188370187229973
36.54	0.0174215871952802
36.5425	0.0162415743745489
36.545	0.0153245472573548
36.5475	0.0146831211728875
36.55	0.0143205064544851
36.5525	0.0142315350577725
36.555	0.0144040563535186
36.5575	0.0148206111572914
36.56	0.0154602827206823
36.5625	0.0162972500812878
36.565	0.0173132332569847
36.5675	0.0184883152340097
36.57	0.0198057261874064
36.5725	0.0212525966473218
36.575	0.0228200796657204
36.5775	0.0245027784760772
36.58	0.0262974906083839
36.5825	0.0281954868633976
36.585	0.0301999663412662
36.5875	0.0323020256216253
36.59	0.0344859862537944
36.5925	0.0367278585990464
36.595	0.0389946330794215
36.5975	0.0412446106425505
36.6	0.0434288847946674
36.6025	0.0454867383369802
36.605	0.0473748874128636
36.6075	0.0490416154919698
36.61	0.0504422451860259
36.6125	0.0515437004618347
36.615	0.0523282665108204
36.6175	0.0527959807948906
36.62	0.0529652274696255
36.6225	0.0528552956190946
36.625	0.0525360377566308
36.6275	0.0520652315588424
36.63	0.0515021181652742
36.6325	0.0509010431140665
36.635	0.0503054685464763
36.6375	0.0497430945162911
36.64	0.0492227383191173
36.6425	0.0487039389318942
36.645	0.048190124141332
36.6475	0.0476409323750465
36.65	0.0470070557185342
36.6525	0.0462367801710633
36.655	0.0452826579551164
36.6575	0.0441074235377983
36.66	0.0426883922889519
36.6625	0.0409889678473801
36.665	0.0390547683460819
36.6675	0.0369154177884587
36.67	0.0346114547606532
36.6725	0.0321891419477907
36.675	0.0296948419948404
36.6775	0.0271698336239361
36.68	0.0246463924537479
36.6825	0.0221137728137541
36.685	0.0196179196232154
36.6875	0.0171646474812513
36.69	0.0147556467707695
36.6925	0.012393640123245
36.695	0.0100875703611937
36.6975	0.00785684736117851
36.7	0.00573381359155402
36.7025	0.00373503473675501
36.705	0.00194981485588457
36.7075	0.000442483086375847
36.71	-0.000724121423532501
36.7125	-0.00149648072477052
36.715	-0.00183831280140752
36.7175	-0.0017374739247074
36.72	-0.00121080531339971
36.7225	-0.000328867130194444
36.725	0.00085794449023809
36.7275	0.00224971249209728
36.73	0.00372952611149955
36.7325	0.00517381875543008
36.735	0.00646380730931502
36.7375	0.00749671150075828
36.74	0.00819545084028402
36.7425	0.00850698840661632
36.745	0.00843486944094732
36.7475	0.00800749651033566
36.75	0.0072849519774585
36.7525	0.00635183859109558
36.755	0.00530765293654817
36.7575	0.00425576086034789
36.76	0.00329218965378931
36.7625	0.00249422148029232
36.765	0.0019195247213101
36.7675	0.00158933349265632
36.77	0.00149211439037748
36.7725	0.00158615063876524
36.775	0.00180559794558944
36.7775	0.00206931957058248
36.78	0.00229152410552508
36.7825	0.00238915469589724
36.785	0.00230989452551832
36.7875	0.00201666981217646
36.79	0.00150399723304275
36.7925	0.000801540129370003
36.795	-2.60600741776116e-05
36.7975	-0.00088322418287996
36.8	-0.00165109815463597
36.8025	-0.00221287859611283
36.805	-0.0024144194858681
36.8075	-0.00213865168911364
36.81	-0.0012962102140349
36.8125	0.000164407079821066
36.815	0.00224990706797047
36.8175	0.00491928782705578
36.82	0.00808537762997495
36.8225	0.0116002750043367
36.825	0.015336449721762
36.8275	0.0191189123385554
36.83	0.022769210261353
36.8325	0.0261216753390684
36.835	0.02903849219719
36.8375	0.0314218938232756
36.84	0.0332220962023723
36.8425	0.0344293062046989
36.845	0.0351132607124214
36.8475	0.0353609120843865
36.85	0.0352856052313727
36.8525	0.0350134651876948
36.855	0.0346689466236272
36.8575	0.0343611899404504
36.86	0.0341727284732233
36.8625	0.0341533815468859
36.865	0.0343225085051636
36.8675	0.0346503455032285
36.87	0.0350747062962916
36.8725	0.0355117361115277
36.875	0.035869082160255
36.8775	0.0360596345659963
36.88	0.0360139530820295
36.8825	0.0357024678932025
36.885	0.035110147998142
36.8875	0.0342548428345721
36.89	0.0331812086328407
36.8925	0.0319538018767979
36.895	0.0306476670289795
36.8975	0.0293377626482219
36.9	0.0280886819397768
36.9025	0.0269631333394177
36.905	0.0259686824145937
36.9075	0.0250947220969455
36.91	0.0243037098358867
36.9125	0.0235368445481041
36.915	0.0227226155359732
36.9175	0.0217869814520434
36.92	0.0206637435716563
36.9225	0.0193188808768297
36.925	0.0177136571110738
36.9275	0.0158465757697911
36.93	0.0137424994338694
36.9325	0.0114496938870912
36.935	0.00903419884051029
36.9375	0.00657238680061515
36.94	0.0041427553698139
36.9425	0.00183045223362018
36.945	-0.000312841057938305
36.9475	-0.00224718908950212
36.95	-0.0039527500045117
36.9525	-0.00542859435119471
36.955	-0.00668911538647867
36.9575	-0.00775872982317364
36.96	-0.0086657636479682
36.9625	-0.00943380376569747
36.965	-0.0100835695536435
36.9675	-0.0106248154951279
36.97	-0.0110559903231185
36.9725	-0.0113648900691158
36.975	-0.0115311498912536
36.9775	-0.0115301240226652
36.98	-0.0113375406618337
36.9825	-0.010939954912187
36.985	-0.0103221595405912
36.9875	-0.00948581159887004
36.99	-0.00844662954676684
36.9925	-0.00723478046443076
36.995	-0.00589385519524402
36.9975	-0.0044786435653358
37	-0.00305202992220589
37.0025	-0.00168449721028141
37.005	-0.000441866825673554
37.0075	0.000611451962990795
37.01	0.00141730755263218
37.0125	0.00192624135296815
37.015	0.00209928063788852
37.0175	0.00190913609463084
37.02	0.00134089183467406
37.0225	0.000389722635386286
37.025	-0.000929987388456256
37.0275	-0.002595962122259
37.03	-0.00457476606761258
37.0325	-0.0068228216363424
37.035	-0.00928789850460586
37.0375	-0.0119111526608654
37.04	-0.014629730315623
37.0425	-0.0173901576605956
37.045	-0.0201145735584264
37.0475	-0.0227484910077482
37.05	-0.0252475404342421
37.0525	-0.0275792814023303
37.055	-0.029723939215901
37.0575	-0.0316739405618754
37.06	-0.0334322359675078
37.0625	-0.0350190752818746
37.065	-0.0364331745854556
37.0675	-0.0376906826578744
37.07	-0.0388051028557137
37.0725	-0.0397832637945236
37.075	-0.0406223546319334
37.0775	-0.0413085823547241
37.08	-0.041817813261962
37.0825	-0.0421289276916292
37.085	-0.0421896315067895
37.0875	-0.0419691563480723
37.09	-0.0414474541534503
37.0925	-0.0406207961814477
37.095	-0.0395060769161069
37.0975	-0.0381431036806685
37.1	-0.0365943391000228
37.1025	-0.0349529153384707
37.105	-0.0332986509815639
37.1075	-0.0317333406504206
37.11	-0.0303556501867453
37.1125	-0.0292505279662928
37.115	-0.0284792205159937
37.1175	-0.0280711366139925
37.12	-0.0280186353513983
37.1225	-0.0282873741083018
37.125	-0.0287801038357029
37.1275	-0.029384273457529
37.13	-0.029967841090328
37.1325	-0.0303911942327922
37.135	-0.0305201413115788
37.1375	-0.030238596374704
37.14	-0.0294595937408988
37.1425	-0.0281429240019017
37.145	-0.0262715986746845
37.1475	-0.0238780961597837
37.15	-0.021032973531827
37.1525	-0.0178378577689912
37.155	-0.0144158705418044
37.1575	-0.0109006129256154
37.16	-0.00742493836812056
37.1625	-0.00411466927063594
37.165	-0.00107098693507941
37.1675	0.00163018971804433
37.17	0.0039411491252337
37.1725	0.00584163949889992
37.175	0.00733548052582979
37.1775	0.00844527497411799
37.18	0.00920612304403088
37.1825	0.00965695871767363
37.185	0.00983889607506773
37.1875	0.00979165636373217
37.19	0.00954951846390727
37.1925	0.00914020967273558
37.195	0.00858531819012539
37.1975	0.00790188855684301
37.2	0.00710472539267601
37.2025	0.00620582117977154
37.205	0.00522451502532774
37.2075	0.0041830376207758
37.21	0.00310820071093813
37.2125	0.00203056217642467
37.215	0.000982587700620703
37.2175	-3.90131106170224e-06
37.22	-0.000900598993437804
37.2225	-0.00168979333493101
37.225	-0.00235394878788448
37.2275	-0.0028885983572252
37.23	-0.00329932222497542
37.2325	-0.00360108758355948
37.235	-0.00381658626410223
37.2375	-0.00397375214403269
37.24	-0.00410272874788333
37.2425	-0.00422385239246246
37.245	-0.00437291827110209
37.2475	-0.00456842514296904
37.25	-0.00481965383939798
37.2525	-0.00512562640848353
37.255	-0.00547505463380019
37.2575	-0.00584728028563135
37.26	-0.00621413305472085
37.2625	-0.00651693637046552
37.265	-0.00675060966519553
37.2675	-0.00688450706739296
37.27	-0.00689271291965163
37.2725	-0.0067569570521431
37.275	-0.0064686924616287
37.2775	-0.00603006318905337
37.28	-0.00545362723804003
37.2825	-0.00471903899158089
37.285	-0.00389958093111741
37.2875	-0.00303121703281718
37.29	-0.00214929473799922
37.2925	-0.00128450794333467
37.295	-0.000459219156014034
37.2975	0.000315362564638349
37.3	0.0010406921701948
37.3025	0.00177231880072987
37.305	0.00249080447150515
37.3075	0.00322219579028165
37.31	0.00399437081974035
37.3125	0.00483203281341523
37.315	0.00575197256725318
37.3175	0.0067592995784313
37.32	0.00784521789839154
37.3225	0.00902664569652781
37.325	0.0102274479629624
37.3275	0.0113971722850045
37.33	0.0124808080154014
37.3325	0.0134253392234987
37.335	0.0141865134042654
37.3375	0.0147348584544727
37.34	0.0150600165013766
37.3425	0.0152189364907464
37.345	0.0151959907422993
37.3475	0.0150309899349335
37.35	0.0147729972562696
37.3525	0.0144735587978122
37.355	0.0141797210274239
37.3575	0.0139278496815399
37.36	0.0137391379776678
37.3625	0.0136439164189689
37.365	0.0136048185937897
37.3675	0.0135898428046202
37.37	0.0135571500479329
37.3725	0.0134622811154993
37.375	0.0132659238421864
37.3775	0.0129410492029423
37.38	0.0124782993868549
37.3825	0.0118977351188319
37.385	0.0112249784460627
37.3875	0.0105048532600036
37.39	0.00979150407597042
37.3925	0.00914087238116991
37.395	0.00860254775047685
37.3975	0.00821214623564344
37.4	0.00798531107514853
37.4025	0.0079163665322082
37.405	0.00797338786781301
37.4075	0.0081022515088392
37.41	0.0082326707936559
37.4125	0.0082861333068555
37.415	0.00818497124603097
37.4175	0.00786133211002665
37.42	0.00726483188039828
37.4225	0.00637921252866624
37.425	0.00519201259435849
37.4275	0.00372228656142373
37.43	0.00200841129222223
37.4325	0.000101882643213766
37.435	-0.0019403340942636
37.4375	-0.00406384005107501
37.44	-0.00622413971020349
37.4425	-0.00837658396850378
37.445	-0.0105254535473296
37.4475	-0.0126829463391533
37.45	-0.0148786746603639
37.4525	-0.0171541365426754
37.455	-0.0195551346012688
37.4575	-0.0221231155812344
37.46	-0.0248865521853313
37.4625	-0.0278433269188972
37.465	-0.0309859282498643
37.4675	-0.034270283231015
37.47	-0.0376254535879311
37.4725	-0.0409577526606397
37.475	-0.0441578163124974
37.4775	-0.0471099798682944
37.48	-0.0497030577822841
37.4825	-0.0518374024409244
37.485	-0.0534480658505936
37.4875	-0.0545000680207062
37.49	-0.0549983136022741
37.4925	-0.0549896807679428
37.495	-0.0545611913956982
37.4975	-0.0538342371402891
37.5	-0.0529552208141429
37.5025	-0.0520819308567052
37.505	-0.05137328745082
37.5075	-0.0509718470030339
37.51	-0.0509907526742796
37.5125	-0.0515021417539441
37.515	-0.0525289806230719
37.5175	-0.0540412770199971
37.52	-0.0559572174589355
37.5225	-0.0581431937801448
37.525	-0.0604400199265155
37.5275	-0.0626663994477185
37.53	-0.0646373524237605
37.5325	-0.0661807164525364
37.535	-0.0671523727114482
37.5375	-0.0674486404356549
37.54	-0.0670145717672553
37.5425	-0.065831217031445
37.545	-0.0639561458734561
37.5475	-0.0614850343092864
37.55	-0.0585475493510195
37.5525	-0.0552924571443583
37.555	-0.051871346135775
37.5575	-0.048422949035474
37.56	-0.0450599696383381
37.5625	-0.041837537642991
37.565	-0.0388100699238601
37.5675	-0.0359846056985071
37.57	-0.0333389480986638
37.5725	-0.0308309346358411
37.575	-0.028409933509643
37.5775	-0.0260289557330155
37.58	-0.0236557335609663
37.5825	-0.0212636275642503
37.585	-0.0188840107787636
37.5875	-0.0165699987634454
37.59	-0.0144013992329463
37.5925	-0.0124760868442745
37.595	-0.0108983369970342
37.5975	-0.00976568906335279
37.6	-0.00915608976661767
37.6025	-0.00910346571621299
37.605	-0.00962695592181461
37.6075	-0.0106984725371632
37.61	-0.0122511543489381
37.6125	-0.0141843276812634
37.615	-0.0163718815611103
37.6175	-0.0186729952534122
37.62	-0.0209439299251703
37.6225	-0.0230417797946656
37.625	-0.0248549308087894
37.6275	-0.0262953728604634
37.63	-0.0273064720094862
37.6325	-0.0278636429973531
37.635	-0.0279718745513207
37.6375	-0.027660762317374
37.64	-0.0269779431812035
37.6425	-0.0259769090325897
37.645	-0.0247259229990011
37.6475	-0.0232863036740729
37.65	-0.0217134859328272
37.6525	-0.0200547176900945
37.655	-0.0183484921469807
37.6575	-0.0166253980617838
37.66	-0.014909916669137
37.6625	-0.0132125404577311
37.665	-0.0115665271045178
37.6675	-0.00999041031617884
37.67	-0.00850281135938568
37.6725	-0.00712292520513237
37.675	-0.00587032644735463
37.6775	-0.00476424339226949
37.68	-0.00382254239436935
37.6825	-0.00303541177240743
37.685	-0.00244838571666771
37.6875	-0.00207106792412988
37.69	-0.00190856377550647
37.6925	-0.00196262580882351
37.695	-0.00223312886292953
37.6975	-0.00271956604676315
37.7	-0.00342227617506365
37.7025	-0.00431701213110324
37.705	-0.0054421237033195
37.7075	-0.00680308235781756
37.71	-0.00840415117393607
37.7125	-0.0102474075526284
37.715	-0.0123315124713508
37.7175	-0.0146503163323138
37.72	-0.0171914341191794
37.7225	-0.0199222992467717
37.725	-0.0228383985038522
37.7275	-0.0258997642617295
37.73	-0.0290554152456956
37.7325	-0.0322453483506254
37.735	-0.0354033395760251
37.7375	-0.0384602487462834
37.74	-0.0413475004542778
37.7425	-0.0439951355585624
37.745	-0.0463656286914625
37.7475	-0.0484054079127341
37.75	-0.0500690636107659
37.7525	-0.0513223676877738
37.755	-0.052144881194693
37.7575	-0.0525318218130814
37.76	-0.0524949146619413
37.7625	-0.0520707797011917
37.765	-0.0513049895323547
37.7675	-0.0502456950687305
37.77	-0.0489465698259331
37.7725	-0.0474642845379313
37.775	-0.04585601077247
37.7775	-0.0441769975038218
37.78	-0.0424782525238164
37.7825	-0.0408179372963641
37.785	-0.0392262399883369
37.7875	-0.0377241813717791
37.79	-0.036319715380417
37.7925	-0.0350083924815384
37.795	-0.0337749397779517
37.7975	-0.0325955876085205
37.8	-0.031440911526462
37.8025	-0.0302961359073944
37.805	-0.029117260402612
37.8075	-0.0278715674941138
37.81	-0.0265307466876292
37.8125	-0.0250736603284781
37.815	-0.0234886063620346
37.8175	-0.0217748525940934
37.82	-0.019943264376906
37.8225	-0.018038065961594
37.825	-0.016077234760918
37.8275	-0.0140935949759902
37.83	-0.0121226664161279
37.8325	-0.0102011140487604
37.835	-0.00836553056890148
37.8375	-0.00665157156696703
37.84	-0.00509338764066491
37.8425	-0.003741221127628
37.845	-0.00261609730248176
37.8475	-0.0017389556488977
37.85	-0.00112521368973664
37.8525	-0.000785401123686345
37.855	-0.000725733658741623
37.8575	-0.000948345886517453
37.86	-0.00145096504498313
37.8625	-0.00224450984274768
37.865	-0.00330194187413227
37.8675	-0.00459411243700225
37.87	-0.00607906793702625
37.8725	-0.00770150827249447
37.875	-0.00939325090371734
37.8775	-0.0110748530485184
37.88	-0.0126584191855425
37.8825	-0.0140667182386394
37.885	-0.0151953554752746
37.8875	-0.0159537723961462
37.89	-0.0162612026987395
37.8925	-0.0160524126579286
37.895	-0.0152828074040238
37.8975	-0.0139323711143103
37.9	-0.0120079865791707
37.9025	-0.00955553467763221
37.905	-0.00662556518062119
37.9075	-0.00329683422829345
37.91	0.000336224086157786
37.9125	0.00416964076706582
37.915	0.00809664555723903
37.9175	0.0120144489375898
37.92	0.0158305289735401
37.9225	0.0194605475252673
37.925	0.022849221376131
37.9275	0.0259637798393866
37.93	0.0287944341654339
37.9325	0.0313518376312827
37.935	0.0336626419323234
37.9375	0.0357636329494869
37.94	0.0376950712031134
37.9425	0.0395014322524891
37.945	0.0411942428540283
37.9475	0.0427891910259161
37.95	0.0442864744084432
37.9525	0.0456691291155184
37.955	0.0469036652608861
37.9575	0.0479431266519915
37.96	0.0487324122004678
37.9625	0.0492301428981496
37.965	0.0493625548626501
37.9675	0.0490981581826473
37.97	0.0484305590159131
37.9725	0.0473832684210284
37.975	0.046011775068683
37.9775	0.0444024793754458
37.98	0.0426683789779866
37.9825	0.040957928108563
37.985	0.0393889888782999
37.9875	0.0381015794463312
37.99	0.037222745140393
37.9925	0.0368543759779165
37.995	0.037062772362114
37.9975	0.0378711652285346
38	0.0392561094584056
38.0025	0.0411680723390664
38.005	0.0434727695632091
38.0075	0.0460273645153464
38.01	0.0486703717499647
38.0125	0.0512356454060018
38.015	0.0535668034193273
38.0175	0.0555306107702558
38.02	0.0570279295955783
38.0225	0.05802616647563
38.025	0.058486113231832
38.0275	0.058434035792231
38.03	0.0579329988885538
38.0325	0.0570737907209505
38.035	0.0559635146160868
38.0375	0.0547131613581491
38.04	0.0534255336218271
38.0425	0.0522072850323886
38.045	0.0510958210604922
38.0475	0.0501137809889845
38.05	0.0492515751234589
38.0525	0.0484711990472401
38.055	0.0477133918672798
38.0575	0.046907178131115
38.06	0.0459805819427412
38.0625	0.0448946698113084
38.065	0.0435854626508306
38.0675	0.042029938709729
38.07	0.0402331673326485
38.0725	0.0382293963279564
38.075	0.0360799154773051
38.0775	0.033867944367696
38.08	0.031691077913528
38.0825	0.0296818892845051
38.085	0.0279098631828367
38.0875	0.0264530528906265
38.09	0.025365569030113
38.0925	0.0246720223130515
38.095	0.0243649328458266
38.0975	0.0244053331004239
38.1	0.024726445697609
38.1025	0.0252695214011748
38.105	0.0259050584533499
38.1075	0.0265223861210075
38.11	0.0270155187493187
38.1125	0.0272926770482036
38.115	0.0272843883915668
38.1175	0.0269493538856602
38.12	0.0262774772974186
38.1225	0.0253073506812398
38.125	0.0240764192847341
38.1275	0.0226498406070936
38.13	0.0211046160765705
38.1325	0.0195213826661589
38.135	0.0179762561619256
38.1375	0.0165335572602266
38.14	0.0152401363000642
38.1425	0.0141216297419745
38.145	0.0131907037258758
38.1475	0.0124266269130974
38.15	0.0117893818232728
38.1525	0.0112259066469026
38.155	0.0106774580078711
38.1575	0.010087088110846
38.16	0.00940625615368373
38.1625	0.00858975383822941
38.165	0.00763833155251283
38.1675	0.00654658728295815
38.17	0.00532133319136827
38.1725	0.00397866733447803
38.175	0.00253996075665855
38.1775	0.00102738204568735
38.18	-0.000540359396062682
38.1825	-0.002165271358503
38.185	-0.00382253093220828
38.1875	-0.00551933358769927
38.19	-0.00727199617758744
38.1925	-0.00910220829505651
38.195	-0.0110321086268714
38.1975	-0.0130789469560069
38.2	-0.0152501429555468
38.2025	-0.017559168738375
38.205	-0.0199581349713321
38.2075	-0.02240888054963
38.21	-0.0248606295622832
38.2125	-0.0272536574190953
38.215	-0.0295244227449153
38.2175	-0.0316115935574841
38.22	-0.0334622559339557
38.2225	-0.0350604199194614
38.225	-0.0363527409040819
38.2275	-0.0373400679994783
38.23	-0.0380461190672564
38.2325	-0.0385147436636379
38.235	-0.0388051113757905
38.2375	-0.0389854415913538
38.24	-0.0391260229371313
38.2425	-0.0393108891667818
38.245	-0.0395661793372342
38.2475	-0.0399317711068875
38.25	-0.0404307053949198
38.2525	-0.0410674558861338
38.255	-0.0418281619985271
38.2575	-0.0426827923948001
38.26	-0.0435889912823897
38.2625	-0.0445098328414249
38.265	-0.0453726932055545
38.2675	-0.0461324495422271
38.27	-0.0467551155021834
38.2725	-0.0472209537542866
38.275	-0.0475259054740434
38.2775	-0.0476812697577273
38.28	-0.0477117333412383
38.2825	-0.0476544699928644
38.285	-0.0475402443190461
38.2875	-0.0474123996919046
38.29	-0.0473111816664752
38.2925	-0.0472681446404379
38.295	-0.0473013197038331
38.2975	-0.0474117214984143
38.3	-0.047581646819964
38.3025	-0.0477742297303049
38.305	-0.0479324236174303
38.3075	-0.0479953238707297
38.31	-0.0478977447311607
38.3125	-0.0475763151142367
38.315	-0.0469757184878747
38.3175	-0.0460544882676434
38.32	-0.0447897899403068
38.3225	-0.0431829475221841
38.325	-0.0412482472465855
38.3275	-0.0390326412174264
38.33	-0.0366040448388096
38.3325	-0.0340458989188943
38.335	-0.0314501153849
38.3375	-0.0289090985717717
38.34	-0.0265076303735194
38.3425	-0.0243068828104138
38.345	-0.0223591355863676
38.3475	-0.0206910164822731
38.35	-0.0193033527999699
38.3525	-0.0181711133668774
38.355	-0.0172456437465955
38.3575	-0.016459058229583
38.36	-0.0157304624187136
38.3625	-0.0149549014514024
38.365	-0.0140624784497586
38.3675	-0.0129855377589657
38.37	-0.0116761924088443
38.3725	-0.0101111395699317
38.375	-0.00829416953116046
38.3775	-0.00625617289393926
38.38	-0.00405269547047012
38.3825	-0.00173726387001448
38.385	0.000581888539040032
38.3875	0.00280444711471553
38.39	0.00483056795176644
38.3925	0.00656932255292497
38.395	0.00794638633267433
38.3975	0.00891023939494915
38.4	0.00943627612013166
38.4025	0.00955298953581396
38.405	0.00926726140028807
38.4075	0.00863054705504264
38.41	0.00771205561849905
38.4125	0.00659208601802468
38.415	0.00535477003081356
38.4175	0.00408095418180256
38.42	0.0028418901570704
38.4225	0.00171581779463456
38.425	0.000715415695660492
38.4275	-0.000141099393598797
38.43	-0.000853631574389091
38.4325	-0.00143822947810751
38.435	-0.00192378255620492
38.4375	-0.00234780914388558
38.44	-0.00275183025772662
38.4425	-0.0031629694231084
38.445	-0.00363871557940698
38.4475	-0.0042073171889895
38.45	-0.00488632229450058
38.4525	-0.00568247942654464
38.455	-0.00659276207668986
38.4575	-0.00760615494501452
38.46	-0.00870579026989877
38.4625	-0.00986795118773699
38.465	-0.0110828550796764
38.4675	-0.0123236232694943
38.47	-0.0135612150378755
38.4725	-0.0147657481187042
38.475	-0.0159076281552622
38.4775	-0.0169584780953878
38.48	-0.0178919000029644
38.4825	-0.0186842384093418
38.485	-0.01932611295252
38.4875	-0.0197965294283581
38.49	-0.0200770090964686
38.4925	-0.0201540736330863
38.495	-0.0200220418840336
38.4975	-0.0196857456749784
38.5	-0.0191627452492599
38.5025	-0.0184842009511223
38.505	-0.0177074819540659
38.5075	-0.0168870364063853
38.51	-0.0160854468849946
38.5125	-0.0153710626663967
38.515	-0.0148148289261808
38.5175	-0.0144863857523682
38.52	-0.0144496105169354
38.5225	-0.0147603982601974
38.525	-0.0154653550194126
38.5275	-0.0165787569400047
38.53	-0.0180902917817364
38.5325	-0.0199649292837898
38.535	-0.0221447727793527
38.5375	-0.0245527739834711
38.54	-0.0270980230469953
38.5425	-0.0296950243721869
38.545	-0.032240319015483
38.5475	-0.0346365845651018
38.55	-0.0367977083796516
38.5525	-0.0386554371599839
38.555	-0.0401645833778949
38.5575	-0.0413061599613305
38.56	-0.0420879929599934
38.5625	-0.042561257777515
38.565	-0.0427662874937991
38.5675	-0.0427632480477431
38.57	-0.0426154511937357
38.5725	-0.0423818113341062
38.575	-0.0421100584133509
38.5775	-0.0418314605234399
38.58	-0.0415576402194133
38.5825	-0.0413028739966717
38.585	-0.0410210631075041
38.5875	-0.0406648554447453
38.59	-0.0401768012397307
38.5925	-0.0394973346280204
38.595	-0.0385731829608822
38.5975	-0.0373650964160232
38.6	-0.0358538465943072
38.6025	-0.0340695233772772
38.605	-0.0320158377836616
38.6075	-0.029736989688286
38.61	-0.0272915823609814
38.6125	-0.0247456074836136
38.615	-0.0221645504395745
38.6175	-0.0196056586831392
38.62	-0.0171113808753183
38.6225	-0.0147193184902629
38.625	-0.0124182320545704
38.6275	-0.0101865880407425
38.63	-0.00798535984845127
38.6325	-0.0057642994331017
38.635	-0.00346978838479845
38.6375	-0.00105324405288559
38.64	0.00152101163336162
38.6425	0.0042613046675177
38.645	0.00716718964848225
38.6475	0.0102096333926616
38.65	0.0133376439049068
38.6525	0.0164823629044117
38.655	0.019563183297262
38.6575	0.0224951470339331
38.66	0.0251967585052932
38.6625	0.0275879407600108
38.665	0.0296209106147119
38.6675	0.0312659513279099
38.67	0.0325174762355108
38.6725	0.0333931280152695
38.675	0.0339306460223144
38.6775	0.0341830377775972
38.68	0.0342127550951539
38.6825	0.0340767293439071
38.685	0.0338419962677639
38.6875	0.0335690675964142
38.69	0.033309922252726
38.6925	0.0331055494226404
38.695	0.0329848535729512
38.6975	0.0329648543133689
38.7	0.0330519830591674
38.7025	0.0332288278704787
38.705	0.0334959874341675
38.7075	0.0338472702890161
38.71	0.0342772410365068
38.7125	0.0347818559664286
38.715	0.0353582199285907
38.7175	0.0360036599054031
38.72	0.0367144189658145
38.7225	0.0374645258514315
38.725	0.0382578321267736
38.7275	0.0390863767753922
38.73	0.0399400940047881
38.7325	0.0408064013770475
38.735	0.0416701370470837
38.7375	0.0425139010313529
38.74	0.0433188115843584
38.7425	0.0440551913211344
38.745	0.0447074372074541
38.7475	0.0452648360556186
38.75	0.0457226827820493
38.7525	0.0460823227531496
38.755	0.0463505910188094
38.7575	0.0465387455846353
38.76	0.0466610345155609
38.7625	0.046732630564866
38.765	0.0467592684944052
38.7675	0.046758251776324
38.77	0.0467454979526747
38.7725	0.0467329990373955
38.775	0.0467264186279297
38.7775	0.0467231421142436
38.78	0.0467110677929741
38.7825	0.0466800260265415
38.785	0.0465796006299732
38.7875	0.0463735028629112
38.79	0.0460228690261649
38.7925	0.0454891520035513
38.795	0.0447373910567982
38.7975	0.0437396375053372
38.8	0.0424782525238164
38.8025	0.0409648028917015
38.805	0.0391879568514924
38.8075	0.0371746394659785
38.81	0.0349687691723205
38.8125	0.0326292574555309
38.815	0.0302267165401721
38.8175	0.0278391504729377
38.82	0.0255469914471857
38.8225	0.0234384659230858
38.825	0.0215703991563749
38.8275	0.0199997242285448
38.83	0.018767927008129
38.8325	0.0178986259985638
38.835	0.0173965146651813
38.8375	0.0172477305372317
38.84	0.0174215871952802
38.8425	0.0178816345009553
38.845	0.0185666157519672
38.8475	0.0194143065728072
38.85	0.0203610152782545
38.8525	0.0213465145991983
38.855	0.022318609010982
38.8575	0.0232369811606683
38.86	0.0240760130912373
38.8625	0.0248207267853642
38.865	0.0254889172197293
38.8675	0.0261017160677992
38.87	0.026691910568156
38.8725	0.0273007369911802
38.875	0.0279738479949543
38.8775	0.0287567078055348
38.88	0.0296897468169996
38.8825	0.0307926148502787
38.885	0.0320996169853259
38.8875	0.0336098132988375
38.89	0.0353024023838326
38.8925	0.037137161695201
38.895	0.0390566660874802
38.8975	0.0409901212888372
38.9	0.0428585054321568
38.9025	0.0445700946282086
38.905	0.0460645474005141
38.9075	0.0472743660279883
38.91	0.0481467930074814
38.9125	0.0486485824689231
38.915	0.0487691389761323
38.9175	0.048521631118112
38.92	0.0479418864173391
38.9225	0.0470800430715785
38.925	0.0460183961037018
38.9275	0.044831499894588
38.93	0.0435924898147805
38.9325	0.0423665159025861
38.935	0.0412049495607472
38.9375	0.0401408491136621
38.94	0.0391860628700271
38.9425	0.0383271573292367
38.945	0.0375452703392344
38.9475	0.0367870112000344
38.95	0.0359833072236901
38.9525	0.0350566161871113
38.955	0.0339291869627357
38.9575	0.0325315620015062
38.96	0.0308104922310555
38.9625	0.0287227765678087
38.965	0.026287027439419
38.9675	0.0235278407495786
38.97	0.0204969694322591
38.9725	0.017270940803055
38.975	0.0139463061327974
38.9775	0.0106328052351091
38.98	0.00744495167908585
38.9825	0.00447080823134789
38.985	0.00183614234457701
38.9875	-0.000384963715119748
38.99	-0.0021488170198631
38.9925	-0.0034459657212817
38.995	-0.00430208903083257
38.9975	-0.00477577403362599
39	-0.00495329446390792
39.0025	-0.00496814439239541
39.005	-0.0049032164775947
39.0075	-0.00487193460358139
39.01	-0.00497660465645943
39.0125	-0.00529822058032763
39.015	-0.00588832406184147
39.0175	-0.00676380983188398
39.02	-0.00790525783128739
39.0225	-0.00928097316890297
39.025	-0.0107838734313855
39.0275	-0.0123091022870293
39.03	-0.0137423502828375
39.0325	-0.0149714311322419
39.035	-0.0158976329335325
39.0375	-0.0164456476534918
39.04	-0.0165710214792556
39.0425	-0.016282319299213
39.045	-0.0155861996832837
39.0475	-0.0145387498444667
39.05	-0.0132217163923471
39.0525	-0.0117336328267709
39.055	-0.0101795724584278
39.0575	-0.00866070692848457
39.06	-0.00726483188039828
39.0625	-0.00607948435455384
39.065	-0.00512272752271038
39.0675	-0.0044063989219496
39.07	-0.00391681198630156
39.0725	-0.00361932322520964
39.075	-0.00346521986921268
39.0775	-0.00340003580270367
39.08	-0.00337224289765044
39.0825	-0.00336544791474264
39.085	-0.00332866029362242
39.0875	-0.00325714277018373
39.09	-0.00316848634780534
39.0925	-0.00310073037144208
39.095	-0.00310788160806172
39.0975	-0.00325339798011188
39.1	-0.00360239597375122
39.1025	-0.00424583666388731
39.105	-0.00519033512146296
39.1075	-0.00645645175370213
39.11	-0.00803994985120701
39.1125	-0.00990967114286234
39.115	-0.012008109958676
39.1175	-0.0142546347799298
39.12	-0.0165510081682903
39.1225	-0.0188275376680658
39.125	-0.020928953629696
39.1275	-0.0227465856815994
39.13	-0.0241858542210507
39.1325	-0.0251726463506385
39.135	-0.0256579485404679
39.1375	-0.0256204094276885
39.14	-0.0250666719840189
39.1425	-0.0240627488363308
39.145	-0.0226260731772363
39.1475	-0.0208248174434953
39.15	-0.0187374904128651
39.1525	-0.0164460121896101
39.155	-0.0140291291706572
39.1575	-0.0115568001094228
39.16	-0.00908604317823918
39.1625	-0.00668278112243168
39.165	-0.00434496417276687
39.1675	-0.00208147302373702
39.17	0.000110411612248467
39.1725	0.00224119099800799
39.175	0.00432471180725187
39.1775	0.00637366523426363
39.18	0.00839558394993686
39.1825	0.0103833434015483
39.185	0.0123338121142057
39.1875	0.0142274427515832
39.19	0.0160363327578754
39.1925	0.0177270594617232
39.195	0.01926444175129
39.1975	0.0206157039013273
39.2	0.0217544690192643
39.2025	0.0226738180862169
39.205	0.023359377924805
39.2075	0.0238171772809314
39.21	0.0240648156812106
39.2125	0.0241296473954325
39.215	0.0240460173352876
39.2175	0.0238519435224902
39.22	0.0235856869725878
39.2225	0.0233041794138027
39.225	0.0230172633816915
39.2275	0.0227442402595822
39.23	0.0224963671046967
39.2325	0.0222779614745254
39.235	0.0220884377794787
39.2375	0.021924856123068
39.24	0.0217844889857122
39.2425	0.0216946372254643
39.245	0.0216309416305262
39.2475	0.0215958973929985
39.25	0.0215943463293363
39.2525	0.0216323909525609
39.255	0.0217159780623954
39.2575	0.0218494889828534
39.26	0.0220346553727783
39.2625	0.0222880508361639
39.265	0.0225882144898734
39.2675	0.0229254517658804
39.27	0.0232889129480348
39.2725	0.0236688983035058
39.275	0.0240592860774627
39.2775	0.0244596371159023
39.28	0.0248765455298487
39.2825	0.0253403792369764
39.285	0.025856454050549
39.2875	0.026445688909727
39.29	0.0271290512804062
39.2925	0.027924197514017
39.295	0.0288421267903319
39.2975	0.029884302794064
39.3	0.0310406453071563
39.3025	0.0323000417190124
39.305	0.033617589476486
39.3075	0.0349466751661933
39.31	0.0362331146405678
39.3125	0.0374192959447398
39.315	0.0384488536438002
39.3175	0.0392713587216644
39.32	0.0398465021318815
39.3225	0.040157255479293
39.325	0.040179513540052
39.3275	0.0399165609611453
39.33	0.0393864851246124
39.3325	0.0386195775902712
39.335	0.0376546902926866
39.3375	0.0365349761645074
39.34	0.0353034805427619
39.3425	0.0340095256594068
39.345	0.0326694845249724
39.3475	0.0313045774567612
39.35	0.029925394401583
39.3525	0.0285315163746053
39.355	0.0271122960092573
39.3575	0.02564870407807
39.36	0.0241160397131679
39.3625	0.0224866235850972
39.365	0.0207328387841754
39.3675	0.0188341095582208
39.37	0.0167775500859478
39.3725	0.0145595977848292
39.375	0.0121865370715792
39.3775	0.00967387784175314
39.38	0.00704468545978016
39.3825	0.00431437282078894
39.385	0.00152591375431425
39.3875	-0.00128965726602768
39.39	-0.00410503969406698
39.3925	-0.00689913307941443
39.395	-0.00965859427541083
39.3975	-0.0123782203295036
39.4	-0.0150600165013766
39.4025	-0.0177313584329685
39.405	-0.020378396540741
39.4075	-0.0230050073037685
39.41	-0.0256084609510647
39.4125	-0.0281757376484952
39.415	-0.0306809501562209
39.4175	-0.0330843866459253
39.42	-0.0353335005092098
39.4225	-0.0373825672681589
39.425	-0.0391445683627873
39.4275	-0.0405521608457624
39.43	-0.0415467076299454
39.4325	-0.0420852455640577
39.435	-0.0421466219567042
39.4375	-0.0417360170528412
39.44	-0.0408871943020763
39.4425	-0.0396749964210821
39.445	-0.038169926840186
39.4475	-0.0364766357836584
39.45	-0.0347106819793431
39.4525	-0.0329887075335904
39.455	-0.0314181715113444
39.4575	-0.0300877343289979
39.46	-0.0290593275215931
39.4625	-0.0283729511176483
39.465	-0.0280101757604321
39.4675	-0.0279329873714852
39.47	-0.0280749403505759
39.4725	-0.028347956363162
39.475	-0.0286511121511607
39.4775	-0.0288805137374663
39.48	-0.0289392476558014
39.4825	-0.0287494379297575
39.485	-0.0282449699819844
39.4875	-0.0273977599855797
39.49	-0.0262105408610319
39.4925	-0.0247150860513775
39.495	-0.0229676437638539
39.4975	-0.021042234054337
39.5	-0.0190226520725029
39.5025	-0.0169961299713755
39.505	-0.0150324270381911
39.5075	-0.013199791846577
39.51	-0.0115501605377484
39.5125	-0.0101157074022458
39.515	-0.00890749256512859
39.5175	-0.00791619825931839
39.52	-0.00711473204815865
39.5225	-0.00646696521619484
39.525	-0.00591009318000798
39.5275	-0.00539406306559947
39.53	-0.00487238695448651
39.5325	-0.00430555491869212
39.535	-0.0036632350943198
39.5375	-0.00292524127619598
39.54	-0.00208138434038959
39.5425	-0.0011349701828642
39.545	-7.9869525108645e-05
39.5475	0.00107030915916906
39.55	0.00229731056357514
39.5525	0.00358106222811162
39.555	0.00490225891536229
39.5575	0.00624439850575334
39.56	0.00759505151132548
39.5625	0.0089443888239579
39.565	0.0102956688386472
39.5675	0.0116457752844907
39.57	0.0129914378698235
39.5725	0.0143277989724036
39.575	0.0156470608192288
39.5775	0.0169373718934344
39.58	0.018182093011961
39.5825	0.0193650627874263
39.585	0.0204568840563147
39.5875	0.0214256183415222
39.59	0.0222365511422857
39.5925	0.022854751609871
39.595	0.023248118844458
39.5975	0.0233906325748236
39.6	0.0232654739971433
39.6025	0.0228845883537829
39.605	0.0222387084637695
39.6075	0.0213487153814443
39.61	0.0202493313309158
39.6125	0.0189875767843418
39.615	0.0176200908152138
39.6175	0.0162094685465094
39.62	0.0148198567697932
39.6225	0.0135411960154799
39.625	0.0123931367889129
39.6275	0.0114128003812183
39.63	0.0106212633090295
39.6325	0.0100211782633394
39.635	0.00959600484476596
39.6375	0.0093110179068279
39.64	0.0091160631446871
39.6425	0.00897948890602046
39.645	0.00879934788641386
39.6475	0.00850623169454156
39.65	0.00803749406340071
39.6525	0.00734266279138772
39.655	0.00638786222053421
39.6575	0.00515885733078942
39.66	0.00366243590664707
39.6625	0.0019467595036229
39.665	3.30609852095188e-05
39.6675	-0.00202010259767244
39.67	-0.00414431601425701
39.6725	-0.00626720187375491
39.675	-0.00831846700080665
39.6775	-0.0102354959695996
39.68	-0.0119679599572402
39.6825	-0.013464959879893
39.685	-0.0147292514886056
39.6875	-0.0157608222085198
39.69	-0.0165743079591128
39.6925	-0.0171961878410438
39.695	-0.017661017588951
39.6975	-0.0180071135945648
39.7	-0.0182721529113048
39.7025	-0.018485110182051
39.705	-0.0186790563794525
39.7075	-0.0188682931086231
39.71	-0.0190556908544238
39.7125	-0.0192336961510844
39.715	-0.0193865999192176
39.7175	-0.0194937114876979
39.72	-0.0195329915021177
39.7225	-0.019484445070387
39.725	-0.0193355648989885
39.7275	-0.0190790921258977
39.73	-0.0187164037844301
39.7325	-0.0182578077458656
39.735	-0.0177217617594977
39.7375	-0.0171331665811863
39.74	-0.0165209882018424
39.7425	-0.0159150983477038
39.745	-0.0153452675760677
39.7475	-0.0148365047129146
39.75	-0.01440810646778
39.7525	-0.014072626831551
39.755	-0.0138356710532105
39.7575	-0.0136964671229442
39.76	-0.0136490780783241
39.7625	-0.0136921856213937
39.765	-0.0138059771698797
39.7675	-0.0139785015763515
39.77	-0.0141995837048153
39.7725	-0.0144621635272348
39.775	-0.0147631931747119
39.7775	-0.0151040297529055
39.78	-0.0154903026871302
39.7825	-0.0159429193363128
39.785	-0.0164594764758915
39.7875	-0.0170520155274804
39.79	-0.0177322098394225
39.7925	-0.0185094234915332
39.795	-0.0193888216064159
39.7975	-0.0203697102524953
39.8	-0.0214442626993024
39.8025	-0.0226054804246689
39.805	-0.0238166962188436
39.8075	-0.0250468757015354
39.81	-0.0262592750658137
39.8125	-0.027412859589778
39.815	-0.0284642476078262
39.8175	-0.0293701255149828
39.82	-0.0300900130363053
39.8225	-0.030594745935705
39.825	-0.0308499921926818
39.8275	-0.0308408956865207
39.83	-0.0305659267727948
39.8325	-0.0300375408579662
39.835	-0.0292817074668033
39.8375	-0.0283362597323342
39.84	-0.0272481228792349
39.8425	-0.0260730124850202
39.845	-0.0248591622170384
39.8475	-0.0236562850759517
39.85	-0.0225061407335904
39.8525	-0.0214384534280319
39.855	-0.020467845893601
39.8575	-0.0195921713552474
39.86	-0.0187924989964022
39.8625	-0.0180362181496854
39.865	-0.0172756489756275
39.8675	-0.0164582917765853
39.87	-0.0155305815070573
39.8725	-0.0144439542881266
39.875	-0.0131606995540046
39.8775	-0.0116589979032328
39.88	-0.00993660889426377
39.8825	-0.00800830899985832
39.885	-0.00592141550868409
39.8875	-0.00373574551681074
39.89	-0.00152601422700183
39.8925	0.000623554866841668
39.895	0.00262565161397385
39.8975	0.00439676321903311
39.9	0.00586390011282837
39.9025	0.00697740532636228
39.905	0.00769178593490292
39.9075	0.0079960021415072
39.91	0.00790466080421812
39.9125	0.00745674717183236
39.915	0.00671248676294397
39.9175	0.00574869676928708
39.92	0.00465309479942865
39.9225	0.00352540817219744
39.925	0.00244568440179971
39.9275	0.00149775723516235
39.93	0.000753836026836897
39.9325	0.000270389746244934
39.935	8.52705875114905e-05
39.9375	0.000216176407419576
39.94	0.00066043926185439
39.9425	0.00140222742921486
39.945	0.00239305619806
39.9475	0.0035793917941403
39.95	0.00489727034948045
39.9525	0.00627592169375493
39.955	0.00764156705401537
39.9575	0.00892126479123541
39.96	0.0100466821045728
39.9625	0.0109627793349736
39.965	0.0116132278243561
39.9675	0.0119635319045446
39.97	0.0119957108751788
39.9725	0.0117092452905799
39.975	0.0111210173297632
39.9775	0.0102641998046523
39.98	0.0091861097330656
39.9825	0.00795092368997232
39.985	0.00661561176389929
39.9875	0.00524872085708131
39.99	0.00391745296883088
39.9925	0.00268297272358912
39.995	0.00159622068058089
39.9975	0.000694622094632577
