time_sec	Acc_m_s2
0	-0.0231547301161621
0.005	-0.0184079909495999
0.01	-0.00799594833221362
0.015	0.00586417012029003
0.02	0.0200627631300367
0.025	0.0316446607435336
0.03	0.0389019071422733
0.035	0.0416173757372518
0.04	0.0408159654899849
0.045	0.0379638536409415
0.05	0.0345125208829489
0.055	0.0311986616729689
0.06	0.0279978110911934
0.065	0.0242321003014449
0.07	0.0195942856769798
0.075	0.0141930535292723
0.08	0.00876557631018062
0.085	0.00424860388337367
0.09	0.00228445437322209
0.095	0.00425776274586562
0.1	0.0110170085816311
0.105	0.0222898962525922
0.11	0.0375935823386653
0.115	0.0557308030289839
0.12	0.0751377996725414
0.125	0.093874687535281
0.13	0.110634935866287
0.135	0.124428065430039
0.14	0.134725707123598
0.145	0.141248098713545
0.15	0.144133740980504
0.155	0.143574323467099
0.16	0.139778921777298
0.165	0.132929697393016
0.17	0.12339630830303
0.175	0.111730828501996
0.18	0.0987228035116918
0.185	0.0852916351346703
0.19	0.0725618121007755
0.195	0.0615825624745707
0.2	0.0531938398001372
0.205	0.0478483995523181
0.21	0.045725022234472
0.215	0.0466964074136048
0.22	0.0504120701491895
0.225	0.0563238001256676
0.23	0.0641495389592822
0.235	0.0737487190665964
0.24	0.0852142098829888
0.245	0.0986576564444201
0.25	0.114447854998458
0.255	0.132645784074601
0.26	0.152927286242569
0.265	0.174417080438705
0.27	0.196099902669802
0.275	0.216735925865124
0.28	0.23513958643029
0.285	0.250235435074334
0.29	0.261326258888479
0.295	0.26781988357065
0.3	0.269141216912019
0.305	0.264578854777456
0.31	0.253668431125959
0.315	0.236221630806485
0.32	0.212665289178389
0.325	0.184112436528459
0.33	0.152813640878209
0.335	0.121469011533591
0.34	0.0928990987028732
0.345	0.0694030883201462
0.35	0.0526289469030417
0.355	0.0428519061477187
0.36	0.039244966082795
0.365	0.040284046511341
0.37	0.0441302696531499
0.375	0.0488698674525948
0.38	0.0530437443153738
0.385	0.0560925994293055
0.39	0.0579201125685194
0.395	0.0589026498044048
0.4	0.05973800293582
0.405	0.0615014472443953
0.41	0.0646405981520139
0.415	0.0691832528355845
0.42	0.0746574941212987
0.425	0.0805027487395449
0.43	0.0855691544792885
0.435	0.0888154400811922
0.44	0.0895669789411264
0.445	0.0877434547056161
0.45	0.0839626934506801
0.455	0.0791337580003468
0.46	0.0742372267639612
0.465	0.0697200640231156
0.47	0.0664296143344045
0.475	0.0645997401829463
0.48	0.064240867478721
0.485	0.0647810816401361
0.49	0.0666555110455283
0.495	0.0697447654348794
0.5	0.0736568575562095
0.505	0.0772808970044548
0.51	0.0798455453083798
0.515	0.0798653292148232
0.52	0.0759082898276601
0.525	0.0669915724337239
0.53	0.0528314703554655
0.535	0.0334142368161067
0.54	0.00917583730186716
0.545	-0.0187587099027106
0.55	-0.0492726452261957
0.555	-0.0809591651534551
0.56	-0.112111320752584
0.565	-0.140682975727224
0.57	-0.165108674981482
0.575	-0.184618451911032
0.58	-0.19964700746658
0.585	-0.212116976015559
0.59	-0.22368124769645
0.595	-0.235625957354588
0.6	-0.247807645344319
0.605	-0.258982616822598
0.61	-0.264875365920284
0.615	-0.260773935101906
0.62	-0.242664373399761
0.625	-0.209540608215185
0.63	-0.161447997296469
0.635	-0.101376427510827
0.64	-0.0341217068695387
0.645	0.0338083356832851
0.65	0.0981950189249654
0.655	0.15568871989583
0.66	0.204289961128593
0.665	0.241805425864476
0.67	0.268027717039132
0.675	0.282029479700511
0.68	0.282369632302497
0.685	0.266678163077704
0.69	0.23452339837645
0.695	0.186908591587443
0.7	0.127170901057175
0.705	0.0609084532552568
0.71	-0.00596655968705016
0.715	-0.0683684150503659
0.72	-0.123158348431168
0.725	-0.16820131773593
0.73	-0.204807216689687
0.735	-0.233949463553872
0.74	-0.254682018546481
0.745	-0.261707274357129
0.75	-0.249796865247556
0.755	-0.213322057296318
0.76	-0.149355013705201
0.765	-0.058944401026471
0.77	0.0506386018814316
0.775	0.168710517111911
0.78	0.283530370718
0.785	0.385091228614256
0.79	0.468232365390845
0.795	0.533012509104337
0.8	0.583261047424793
0.805	0.623245823390671
0.81	0.657530193778623
0.815	0.688399215924806
0.82	0.715645264986082
0.825	0.736723981380728
0.83	0.750388976405211
0.835	0.757258668527384
0.84	0.760123560304293
0.845	0.762583677779232
0.85	0.767250081245172
0.855	0.7733330578664
0.86	0.775373261556251
0.865	0.763931467935349
0.87	0.726776199556001
0.875	0.652564856319661
0.88	0.53461009763016
0.885	0.373940146271411
0.89	0.178347230589964
0.895	-0.0391212253160581
0.9	-0.263167416618437
0.905	-0.478698935177071
0.91	-0.674681924171331
0.915	-0.843487132856057
0.92	-0.979733267244401
0.925	-1.07785500730347
0.93	-1.13275664145916
0.935	-1.13879747096982
0.94	-1.09189461982524
0.945	-0.991714896156234
0.95	-0.843335441977045
0.955	-0.656793227429044
0.96	-0.445963704328916
0.965	-0.226719831184892
0.97	-0.0125300629789867
0.975	0.186537524308934
0.98	0.364291747886342
0.985	0.516578326947706
0.99	0.64251924196661
0.995	0.740649079061432
1	0.80870446553937
1.005	0.84291581909943
1.01	0.840877544782689
1.015	0.800142741365483
1.02	0.720488345961113
1.025	0.60458835869071
1.03	0.460290703924225
1.035	0.297565940645424
1.04	0.128331639472679
1.045	-0.0357343478481045
1.05	-0.182696259301247
1.055	-0.304960984931215
1.06	-0.399113900351443
1.065	-0.466685525244869
1.07	-0.510623573924671
1.075	-0.537379880394943
1.08	-0.554072478821143
1.085	-0.567279828654251
1.09	-0.579222273354754
1.095	-0.589390631826461
1.1	-0.593637648604767
1.105	-0.585264871768179
1.11	-0.55646962606258
1.115	-0.500566676776927
1.12	-0.414513697088165
1.125	-0.300096613045079
1.13	-0.164851667866646
1.135	-0.0179441181443047
1.14	0.130663122669336
1.145	0.272191077779211
1.15	0.398061484291021
1.155	0.503215143366767
1.16	0.5839114611921
1.165	0.636946705803432
1.17	0.658520068048093
1.175	0.646661427673997
1.18	0.602103033945421
1.185	0.52919283755393
1.19	0.436975268190088
1.195	0.336845207852892
1.2	0.240983303970411
1.205	0.159430699585921
1.21	0.100366340223974
1.215	0.0662662067593702
1.22	0.0555353293624457
1.225	0.0634397207511532
1.23	0.0859240415446527
1.235	0.11793891412864
1.24	0.155028623029256
1.245	0.193294493331488
1.25	0.229616428666308
1.255	0.26091077447284
1.26	0.284490981820485
1.265	0.299113976623813
1.27	0.303781696368392
1.275	0.30009810575019
1.28	0.29150544414176
1.285	0.283089577624741
1.29	0.278455975579279
1.295	0.280724673162078
1.3	0.290524820307973
1.305	0.305509098153022
1.31	0.320229682115984
1.315	0.328935847365941
1.32	0.326467685725974
1.325	0.309331712229463
1.33	0.277062335481643
1.335	0.232688326947429
1.34	0.181465441078911
1.345	0.128968838820521
1.35	0.080994000091062
1.355	0.0416340458038641
1.36	0.0133384854126379
1.365	-0.00341817776943671
1.37	-0.00815199415608075
1.375	-0.00241314794105666
1.38	0.0113272059168088
1.385	0.0296259334804842
1.39	0.0505056444964084
1.395	0.0715870066951531
1.4	0.0913881374895886
1.405	0.108981540596737
1.41	0.124850771718329
1.415	0.138417117876327
1.42	0.147453804231532
1.425	0.147486931454686
1.43	0.133426550757045
1.435	0.100650450528826
1.44	0.0473501222600168
1.445	-0.0240110092353973
1.45	-0.105328268151135
1.455	-0.184805219208473
1.46	-0.249088460147633
1.465	-0.286584543834844
1.47	-0.288995377622444
1.475	-0.254180193539738
1.48	-0.185828216502699
1.485	-0.0928564786029066
1.49	0.0144224470171736
1.495	0.124391980965088
1.5	0.226253933732299
1.505	0.310126441284402
1.51	0.3709224828058
1.515	0.405917369895533
1.52	0.415314206340236
1.525	0.400591980604373
1.53	0.367528898210901
1.535	0.322246545869945
1.54	0.271102464579593
1.545	0.218914371220487
1.55	0.171581668443484
1.555	0.133493466466582
1.56	0.107958679007464
1.565	0.0964268615488104
1.57	0.0996134104008451
1.575	0.116165047616153
1.58	0.142760818741264
1.585	0.174080567049096
1.59	0.204632937502431
1.595	0.229210037705891
1.6	0.24411529641914
1.605	0.24749754605091
1.61	0.240516564657884
1.615	0.225941009342327
1.62	0.207411947211671
1.625	0.18815051865091
1.63	0.170680119692094
1.635	0.155830417821873
1.64	0.143371207045968
1.645	0.13304039837886
1.65	0.125658878543038
1.655	0.123936727609263
1.66	0.132554325777355
1.665	0.157362481243313
1.67	0.202646462351187
1.675	0.269958015700489
1.68	0.356236623537375
1.685	0.45384725526211
1.69	0.552018702584354
1.695	0.640390418936512
1.7	0.711742782382235
1.705	0.763517708939196
1.71	0.797999468147855
1.715	0.819363667185876
1.72	0.831038673672159
1.725	0.833304704652773
1.73	0.823372725794079
1.735	0.79582515011331
1.74	0.746284756609111
1.745	0.67461023750364
1.75	0.586860790101753
1.755	0.493764348198783
1.76	0.408099616705944
1.765	0.340794479740635
1.77	0.297753624477021
1.775	0.278027738528096
1.78	0.274744781676518
1.785	0.27752567544173
1.79	0.27675317495965
1.795	0.265529718790346
1.8	0.241303507671239
1.805	0.205174108692319
1.81	0.161870984795461
1.815	0.116426010399534
1.82	0.0730264565202034
1.825	0.0339779703458972
1.83	0.000551243358775405
1.835	-0.027288839952873
1.84	-0.0496515863597217
1.845	-0.0654904589299939
1.85	-0.073970672550013
1.855	-0.0740367697481171
1.86	-0.0650213639994905
1.865	-0.0458782968388076
1.87	-0.0199409853321036
1.875	0.00760821742246456
1.88	0.0303393006535019
1.885	0.0438820017941957
1.89	0.0436481101832273
1.895	0.0283676926453508
1.9	0.000590375573402576
1.905	-0.0326170795416121
1.91	-0.0641026732244257
1.915	-0.088322804833134
1.92	-0.10251521609338
1.925	-0.106009156987377
1.93	-0.101550343255305
1.935	-0.0936674301614196
1.94	-0.085844610918995
1.945	-0.0776270179855861
1.95	-0.0668284310302549
1.955	-0.0503055264545172
1.96	-0.0251560032463403
1.965	0.0114744834715336
1.97	0.0571827896056591
1.975	0.106801931883154
1.98	0.153897903710705
1.985	0.195060078835147
1.99	0.225492626361918
1.995	0.242830627156477
2	0.24613658228062
2.005	0.237085795996397
2.01	0.212251203163506
2.015	0.166405054026735
2.02	0.092919111434175
2.025	-0.0114770941762604
2.03	-0.151078461604706
2.035	-0.32440914210637
2.04	-0.52372317180199
2.045	-0.732679235707748
2.05	-0.935612000745649
2.055	-1.11582300473347
2.06	-1.25980143544719
2.065	-1.35713552144491
2.07	-1.40857567758395
2.075	-1.42049274308598
2.08	-1.40349284619399
2.085	-1.36730602999535
2.09	-1.32350152878601
2.095	-1.28019571837521
2.1	-1.24219023190162
2.105	-1.21032437563135
2.11	-1.18531374422589
2.115	-1.16703262282638
2.12	-1.15573523267792
2.125	-1.15246177767448
2.13	-1.15883433210334
2.135	-1.17692653366184
2.14	-1.20916922525368
2.145	-1.25902188651134
2.15	-1.3265979576022
2.155	-1.4098643946087
2.16	-1.50395675732894
2.165	-1.60382554708276
2.17	-1.69960175895424
2.175	-1.78275713313496
2.18	-1.84777548109355
2.185	-1.89663084782093
2.19	-1.93037943776327
2.195	-1.95353410034955
2.2	-1.97085377859952
2.205	-1.9888803420916
2.21	-2.00601477234601
2.215	-2.01977054690639
2.22	-2.02718961721403
2.225	-2.02996042130563
2.23	-2.02678125916674
2.235	-2.01922835396503
2.24	-2.00947835001196
2.245	-2.00113900939919
2.25	-1.99192530772778
2.255	-1.97632217008338
2.26	-1.94643824641134
2.265	-1.89576050488722
2.27	-1.81797155751623
2.275	-1.70872393126492
2.28	-1.56769730652511
2.285	-1.39956751146321
2.29	-1.2116228422982
2.295	-1.00959280793397
2.3	-0.797247176869099
2.305	-0.575792320820237
2.31	-0.346983688475295
2.315	-0.111104260332599
2.32	0.129672492469898
2.325	0.371830047313407
2.33	0.606087463089208
2.335	0.825651105808381
2.34	1.02715343406397
2.345	1.21448909328275
2.35	1.38981739202305
2.355	1.5584200356985
2.36	1.72299610142694
2.365	1.88445203762948
2.37	2.03251098952175
2.375	2.15827531584193
2.38	2.25573500868039
2.385	2.32811166276118
2.39	2.37733388365597
2.395	2.41173540419926
2.4	2.43805099083962
2.405	2.46028194776665
2.41	2.46922501661251
2.415	2.4556443633681
2.42	2.41223456746032
2.425	2.33990249647788
2.43	2.24427334841131
2.435	2.14097398186489
2.44	2.04670203023327
2.445	1.97150859306042
2.45	1.91414067685142
2.455	1.86523063028243
2.46	1.80835040042904
2.465	1.7236059601076
2.47	1.59714907086944
2.475	1.42610786140605
2.48	1.21677406314836
2.485	0.978395077917934
2.49	0.724502778469663
2.495	0.467772716615199
2.5	0.216327619006615
2.505	-0.03063647188855
2.51	-0.272338688541488
2.515	-0.508505490342304
2.52	-0.737188970232451
2.525	-0.956724806069769
2.53	-1.15999079429616
2.535	-1.34008210018113
2.54	-1.49084841832627
2.545	-1.60760673420149
2.55	-1.69095838549258
2.555	-1.74676546932613
2.56	-1.78323442264531
2.565	-1.80494751979011
2.57	-1.81660088070838
2.575	-1.81978955844408
2.58	-1.81085199184177
2.585	-1.77892331589231
2.59	-1.71131996015261
2.595	-1.59814489873548
2.6	-1.43251130658157
2.605	-1.21182286905963
2.61	-0.934053487929505
2.615	-0.604990289361409
2.62	-0.234939459117273
2.625	0.160500987869996
2.63	0.567477854101671
2.635	0.966392868297967
2.64	1.33755089655462
2.645	1.66320518443425
2.65	1.93534628863838
2.655	2.15030321585165
2.66	2.31227097460792
2.665	2.43240872824461
2.67	2.5296768465392
2.675	2.62189885433566
2.68	2.72333247554653
2.685	2.84015853495174
2.69	2.9632918007065
2.695	3.06417165665634
2.7	3.0980708691724
2.705	3.01481242346914
2.71	2.76775554479766
2.715	2.33196268276784
2.72	1.71519113621925
2.725	0.963088665475923
2.73	0.142611368633221
2.735	-0.668164195965538
2.74	-1.40089119112476
2.745	-2.0078445647883
2.75	-2.47459253460933
2.755	-2.80374986162311
2.76	-3.00451135033657
2.765	-3.07865555636816
2.77	-3.02377470902274
2.775	-2.83049339569495
2.78	-2.49778899377544
2.785	-2.0437316831252
2.79	-1.51685993733749
2.795	-0.982133151876335
2.8	-0.507943133170535
2.805	-0.146376806950882
2.81	0.0774261929441299
2.815	0.174483848058866
2.82	0.181915727533201
2.825	0.146195977122849
2.83	0.105751078557117
2.835	0.0788352374895576
2.84	0.0603684039718261
2.845	0.0278653645842506
2.85	-0.044631528234205
2.855	-0.177086300637039
2.86	-0.372376891332262
2.865	-0.613403929672316
2.87	-0.867314550965686
2.875	-1.10035015282287
2.88	-1.28591804979602
2.885	-1.4113703212158
2.89	-1.48027434599323
2.895	-1.51409311284339
2.9	-1.54037992829818
2.905	-1.58114905776397
2.91	-1.64316015786187
2.915	-1.72110305176886
2.92	-1.79634276164797
2.925	-1.8419864791124
2.93	-1.83456118122573
2.935	-1.7636145386771
2.94	-1.6338393834775
2.945	-1.45986180191685
2.95	-1.27038982524584
2.955	-1.09141126071586
2.96	-0.942129345128352
2.965	-0.826796731540921
2.97	-0.746426780986298
2.975	-0.686493591348337
2.98	-0.626638642521406
2.985	-0.544356377719715
2.99	-0.431544483343366
2.995	-0.287082189650673
3	-0.122207743694333
3.005	0.0424774751974778
3.01	0.178129752990955
3.015	0.258412151543865
3.02	0.265218721576869
3.025	0.19284546170307
3.03	0.0487036642700722
3.035	-0.150413176204599
3.04	-0.383333861719988
3.045	-0.630509613424105
3.05	-0.874183586580073
3.055	-1.10130767967019
3.06	-1.30232848946348
3.065	-1.47166874549408
3.07	-1.60286178658078
3.075	-1.69197297568342
3.08	-1.73960666840742
3.085	-1.75389999919569
3.09	-1.74771632766993
3.095	-1.73532762428119
3.1	-1.72970036641304
3.105	-1.73992670095019
3.11	-1.76840986823989
3.115	-1.80911374150531
3.12	-1.85207821832344
3.125	-1.88814467644312
3.13	-1.91159357815496
3.135	-1.91795470924159
3.14	-1.90541214724269
3.145	-1.87484438370512
3.15	-1.82757663573798
3.155	-1.76325340801419
3.16	-1.68257038419734
3.165	-1.59034086680068
3.17	-1.49135316957194
3.175	-1.38962324486251
3.18	-1.2868186227046
3.185	-1.18320850325316
3.19	-1.07257576982336
3.195	-0.946862418519676
3.2	-0.799598672797059
3.205	-0.631394684514724
3.21	-0.444180420603693
3.215	-0.243890570410277
3.22	-0.03694350198309
3.225	0.169625108410684
3.23	0.376631030635548
3.235	0.585816845174391
3.24	0.797907597002058
3.245	1.00670701864878
3.25	1.20457220336015
3.255	1.37915588910885
3.26	1.51666484170557
3.265	1.6032729833445
3.27	1.63451526121262
3.275	1.61561189806343
3.28	1.55959215034789
3.285	1.48134208247649
3.29	1.39824822576583
3.295	1.32625260912505
3.3	1.27571155683211
3.305	1.24767619683098
3.31	1.2401298518417
3.315	1.25003461878112
3.32	1.27421060198448
3.325	1.30829515787372
3.33	1.35068040251188
3.335	1.40268684661293
3.34	1.465432249573
3.345	1.53733975742265
3.35	1.61328075463012
3.355	1.68897490052658
3.36	1.76021978164826
3.365	1.82403895983108
3.37	1.87675401540591
3.375	1.91839455035397
3.38	1.94954021976312
3.385	1.97043105098846
3.39	1.97886799301173
3.395	1.9751562879756
3.4	1.96204817682673
3.405	1.94574959128841
3.41	1.93414374691688
3.415	1.93717102871078
3.42	1.96274862242229
3.425	2.01406031958535
3.43	2.08736185277976
3.435	2.17373569644738
3.44	2.26193895538394
3.445	2.3423806797612
3.45	2.40880494737156
3.455	2.45834555215609
3.46	2.49188523804142
3.465	2.51390917143816
3.47	2.52951068029883
3.475	2.54198230529642
3.48	2.55432495970298
3.485	2.5713584362212
3.49	2.59396118861943
3.495	2.61737167402331
3.5	2.63127391155833
3.505	2.62393316880297
3.51	2.57713442234725
3.515	2.47394644673178
3.52	2.30496632768277
3.525	2.07670953517341
3.53	1.8032217729156
3.535	1.50700962243644
3.54	1.21397228076611
3.545	0.9513292514182
3.55	0.734490109808727
3.555	0.568255173489229
3.56	0.448895569464627
3.565	0.37118262535016
3.57	0.324532938776032
3.575	0.297154684543688
3.58	0.278447136967347
3.585	0.262794336488526
3.59	0.242804682913854
3.595	0.210323353145448
3.6	0.158831041976595
3.605	0.0883621411664913
3.61	-0.000839913503337585
3.615	-0.10743201344064
3.62	-0.228385289615939
3.625	-0.356579495123453
3.63	-0.488979504535604
3.635	-0.626543132273377
3.64	-0.7725514664427
3.645	-0.928428911721424
3.65	-1.09657271134459
3.655	-1.27994870025855
3.66	-1.47894084320171
3.665	-1.68947517615414
3.67	-1.90426687505477
3.675	-2.11877391764422
3.68	-2.32988217815349
3.685	-2.53614850416055
3.69	-2.73329966048181
3.695	-2.91981172173438
3.7	-3.09206704978187
3.705	-3.24408238307964
3.71	-3.36452464311419
3.715	-3.44719451003956
3.72	-3.49042046634384
3.725	-3.49855534294383
3.73	-3.47824169883218
3.735	-3.44224060919082
3.74	-3.40266463958553
3.745	-3.36727689788599
3.75	-3.33659115393368
3.755	-3.30856344276055
3.76	-3.28028678767513
3.765	-3.25136049290423
3.77	-3.22402812061639
3.775	-3.20444087975085
3.78	-3.19943535321593
3.785	-3.21448290617795
3.79	-3.24667260618859
3.795	-3.28784951638492
3.8	-3.3260158786997
3.805	-3.35202486865124
3.81	-3.35433029277229
3.815	-3.32748536113312
3.82	-3.27128105858933
3.825	-3.19371135054984
3.83	-3.09443731996574
3.835	-2.97077592430606
3.84	-2.8161915487868
3.845	-2.62832745898227
3.85	-2.39835384113227
3.855	-2.12416365353643
3.86	-1.813453646911
3.865	-1.4894986052791
3.87	-1.17871613465479
3.875	-0.908858699703754
3.88	-0.70248689415516
3.885	-0.573657709390071
3.89	-0.521213405571559
3.895	-0.528164665917048
3.9	-0.568921925447066
3.905	-0.618059497459588
3.91	-0.656414026293217
3.915	-0.669653941051653
3.92	-0.652645186848072
3.925	-0.609147208076828
3.93	-0.548346536902534
3.935	-0.47439799192384
3.94	-0.388206961791972
3.945	-0.289340731043558
3.95	-0.176025635643139
3.955	-0.0412802703938705
3.96	0.121347196248357
3.965	0.313483596894256
3.97	0.533840299970127
3.975	0.782822710904726
3.98	1.05967412242937
3.985	1.36029199487077
3.99	1.68105006152442
3.995	2.02290289816078
4	2.38711858967659
4.005	2.77023935108794
4.01	3.16407763129139
4.015	3.55762998209993
4.02	3.9324016371437
4.025	4.26042875177476
4.03	4.51125118733615
4.035	4.66142556646582
4.04	4.69678790921528
4.045	4.61342867191733
4.05	4.42195482200969
4.055	4.14851725538055
4.06	3.82713467049633
4.065	3.49195494930394
4.07	3.17105619076347
4.075	2.88635845272658
4.08	2.65068626092106
4.085	2.46934880478991
4.09	2.33888705560743
4.095	2.25333858216181
4.1	2.20550305311291
4.105	2.19074848893633
4.11	2.20093374683779
4.115	2.23075380697473
4.12	2.27674837654726
4.125	2.34033264758201
4.13	2.41785100695817
4.135	2.50680236516424
4.14	2.60305596042282
4.145	2.70393520554922
4.15	2.7994385104834
4.155	2.8814288536493
4.16	2.94447315643122
4.165	2.99114303101568
4.17	3.02144101466722
4.175	3.03813126907697
4.18	3.0441365583141
4.185	3.04550358318342
4.19	3.04310296363565
4.195	3.03827067628537
4.2	3.03463051094575
4.205	3.0412114907658
4.21	3.06373031062768
4.215	3.09977500386073
4.22	3.13719575886739
4.225	3.15531070763252
4.23	3.12822361575813
4.235	3.02472785343038
4.24	2.8217951135513
4.245	2.51248548476431
4.25	2.11487245278829
4.255	1.65636355982508
4.26	1.17204560868888
4.265	0.695012757254806
4.27	0.25503651750148
4.275	-0.137387558993813
4.28	-0.485048568561296
4.285	-0.799286988992856
4.29	-1.08648477688768
4.295	-1.35154682790985
4.3	-1.59211283871329
4.305	-1.80181423489901
4.31	-1.96865661756038
4.315	-2.08966340916335
4.32	-2.1716815372129
4.325	-2.23305782256303
4.33	-2.29193784152772
4.335	-2.36857250742816
4.34	-2.4748744164349
4.345	-2.61187642695971
4.35	-2.76275015019691
4.355	-2.90807610419134
4.36	-3.02972739177681
4.365	-3.11892711100796
4.37	-3.1730004308503
4.375	-3.20361197911524
4.38	-3.22645254047333
4.385	-3.25372593496415
4.39	-3.28268147516107
4.395	-3.30300174217534
4.4	-3.29579665443401
4.405	-3.23978836898582
4.41	-3.11641952541407
4.415	-2.9229862298112
4.42	-2.67029873759681
4.425	-2.37876260478756
4.43	-2.07048604131707
4.435	-1.7699466690895
4.44	-1.49495102824313
4.445	-1.25366043796358
4.45	-1.04126442685423
4.455	-0.850702326629509
4.46	-0.673208268260653
4.465	-0.502043067144911
4.47	-0.332245681823166
4.475	-0.165529778263078
4.48	-0.00778495247639329
4.485	0.13312120216323
4.49	0.251556831116085
4.495	0.346354340340368
4.5	0.42052752284435
4.505	0.47887307641026
4.51	0.525170177689548
4.515	0.561967752369148
4.52	0.586903364521717
4.525	0.592073987437398
4.53	0.567139107861832
4.535	0.507244678367158
4.54	0.41378323239565
4.545	0.29389575742992
4.55	0.158903026906978
4.555	0.0242683920441459
4.56	-0.0985326825643249
4.565	-0.207760827021209
4.57	-0.312094701390697
4.575	-0.422792813805562
4.58	-0.552171269347474
4.585	-0.70963791848386
4.59	-0.896805430509772
4.595	-1.09984501438716
4.6	-1.29522396985135
4.605	-1.45584712213796
4.61	-1.56113643366761
4.615	-1.59461730635364
4.62	-1.55128686685765
4.625	-1.43643608886696
4.63	-1.27045572521476
4.635	-1.07313864727552
4.64	-0.861988362630365
4.645	-0.647080873788557
4.65	-0.436968654337342
4.655	-0.233183993448934
4.66	-0.035752744470634
4.665	0.154520861421646
4.67	0.333225333808295
4.675	0.496288953183986
4.68	0.641438057319074
4.685	0.770039418272778
4.69	0.887037458409658
4.695	0.999049569569453
4.7	1.11120690553146
4.705	1.22421248341272
4.71	1.33506902049205
4.715	1.43738265585109
4.72	1.52557050713486
4.725	1.597532715309
4.73	1.65875482526385
4.735	1.71793217150856
4.74	1.7843351228669
4.745	1.86301070078904
4.75	1.95492156830327
4.755	2.05400480030129
4.76	2.14966753278094
4.765	2.22901170810386
4.77	2.27943830397109
4.775	2.2888112558796
4.78	2.24492813377742
4.785	2.13572027450539
4.79	1.94853314514626
4.795	1.67583597823106
4.8	1.31913918375698
4.805	0.894924053441551
4.81	0.430807670442917
4.815	-0.0303428960514204
4.82	-0.439059312029801
4.825	-0.747169997309203
4.83	-0.925262033825289
4.835	-0.963207872568498
4.84	-0.875827166325547
4.845	-0.698036152085217
4.85	-0.481470648815532
4.855	-0.276180788390557
4.86	-0.119756184109865
4.865	-0.0276157464375498
4.87	0.00376258557274105
4.875	-0.00526533531927189
4.88	-0.0275175055399506
4.885	-0.0375073165082588
4.89	-0.0214027250014883
4.895	0.0222739903266814
4.9	0.0862148464480779
4.905	0.160943203857655
4.91	0.238174910367197
4.915	0.311809441318577
4.92	0.378280647066288
4.925	0.435057639882071
4.93	0.479170584666602
4.935	0.504393048607929
4.94	0.505021274400475
4.945	0.47891969088436
4.95	0.429484098406237
4.955	0.360712607446598
4.96	0.276806093000601
4.965	0.180272153464602
4.97	0.0723994319011646
4.975	-0.050070454225319
4.98	-0.188970215317079
4.985	-0.340721549928351
4.99	-0.493859259533685
4.995	-0.635933041486792
5	-0.754830192874972
5.005	-0.842101889449239
5.01	-0.896105806405194
5.015	-0.924406324189759
5.02	-0.939687791909534
5.025	-0.953771825865795
5.03	-0.977618231786773
5.035	-1.01552556677502
5.04	-1.06617826010245
5.045	-1.12287844492764
5.05	-1.18085410597816
5.055	-1.23422719881906
5.06	-1.27861340287087
5.065	-1.31028596578425
5.07	-1.3287611663275
5.075	-1.33376313924148
5.08	-1.32514300314751
5.085	-1.30202172438087
5.09	-1.26532373085484
5.095	-1.21702992803103
5.1	-1.16093854281639
5.105	-1.10251794846339
5.11	-1.04769388838036
5.115	-1.00192817346674
5.12	-0.968916385975787
5.125	-0.950820964272254
5.13	-0.945693608076908
5.135	-0.951040629919307
5.14	-0.964373495970283
5.145	-0.985221015230476
5.15	-1.01163570293533
5.155	-1.04272323018219
5.16	-1.07648481672287
5.165	-1.11017706906997
5.17	-1.13685288270778
5.175	-1.14988113060729
5.18	-1.14452810314893
5.185	-1.12129231997467
5.19	-1.08302023078607
5.195	-1.03610677198591
5.2	-0.988238678047658
5.205	-0.947104766764786
5.21	-0.91624256957454
5.215	-0.894767695666259
5.22	-0.87911926062469
5.225	-0.865908944232248
5.23	-0.853111057831277
5.235	-0.839737410924143
5.24	-0.826535809129258
5.245	-0.814923444147119
5.25	-0.806677582998369
5.255	-0.799806712277665
5.26	-0.789422198930102
5.265	-0.76801142294898
5.27	-0.729293314088949
5.275	-0.665975390205128
5.28	-0.573334732699109
5.285	-0.450405118085196
5.29	-0.303041419535009
5.295	-0.139401454759218
5.3	0.0295187786701288
5.305	0.191619582069675
5.31	0.334581634492254
5.315	0.450843750259205
5.32	0.537391867281108
5.325	0.595582047328983
5.33	0.630569283829715
5.335	0.651866344976401
5.34	0.6703664604158
5.345	0.695653789226777
5.35	0.734037331313958
5.355	0.788886697064025
5.36	0.858956433838145
5.365	0.938484975827791
5.37	1.01817931612186
5.375	1.08966320682438
5.38	1.14612912165307
5.385	1.18314060434788
5.39	1.19786947874026
5.395	1.19079728944468
5.4	1.16293981594657
5.405	1.1143249924795
5.41	1.04387407107166
5.415	0.952361040528079
5.42	0.842696089655447
5.425	0.720131686977548
5.43	0.592763441838423
5.435	0.471194027837191
5.44	0.365202327160573
5.445	0.28087008693374
5.45	0.219494886970745
5.455	0.179493190337086
5.46	0.157250036203754
5.465	0.14940568404365
5.47	0.152740920052908
5.475	0.167238870164596
5.48	0.1942635827464
5.485	0.235456230969379
5.49	0.289370340285267
5.495	0.353216060507772
5.5	0.422288643198907
5.505	0.49114224388504
5.51	0.553896245897515
5.515	0.605821270279329
5.52	0.643939648731796
5.525	0.667092038516738
5.53	0.676557872694283
5.535	0.674087612918253
5.54	0.662181253313371
5.545	0.643249785015233
5.55	0.621490406515532
5.555	0.599815671688922
5.56	0.580579341430354
5.565	0.564286065565552
5.57	0.5538743721991
5.575	0.550210665285871
5.58	0.55358216690425
5.585	0.561595773314773
5.59	0.57727026362698
5.595	0.601585827595517
5.6	0.635053996033805
5.605	0.673419274342466
5.61	0.716724504537016
5.615	0.759055654146954
5.62	0.790783064658624
5.625	0.796390859972307
5.63	0.76808828490967
5.635	0.700559862919187
5.64	0.59580902995101
5.645	0.46098285699333
5.65	0.31409187488241
5.655	0.173727033528197
5.66	0.0552051192959663
5.665	-0.0346077057348844
5.67	-0.0961189544943671
5.675	-0.137140108753272
5.68	-0.167976860181509
5.685	-0.195944146618675
5.69	-0.223960016407081
5.695	-0.249023850127958
5.7	-0.264128027720922
5.705	-0.260224530257113
5.71	-0.23358518240588
5.715	-0.18572240224778
5.72	-0.12261800468602
5.725	-0.0503531718900489
5.73	0.0245628131178966
5.735	0.0991354011069652
5.74	0.175311526203612
5.745	0.26091468447508
5.75	0.363878386374779
5.755	0.490602148961466
5.76	0.644049718753956
5.765	0.823914049031262
5.77	1.02460563747726
5.775	1.2368683962741
5.78	1.45002244647063
5.785	1.65454424646671
5.79	1.84329435918151
5.795	2.01153305692508
5.8	2.1570722433626
5.805	2.27904590098697
5.81	2.3758784146253
5.815	2.44212473675449
5.82	2.46857040607484
5.825	2.44370172493871
5.83	2.35705415285036
5.835	2.20125086692743
5.84	1.97615715239449
5.845	1.69076460697159
5.85	1.36095018666277
5.855	1.00542215651089
5.86	0.642198541108541
5.865	0.286600101262444
5.87	-0.0519345728878998
5.875	-0.367160529237417
5.88	-0.653885976188782
5.885	-0.905159602233073
5.89	-1.11449665882714
5.895	-1.27574364270661
5.9	-1.38648202458747
5.905	-1.44966505739838
5.91	-1.47626408167332
5.915	-1.48085370905858
5.92	-1.4777400793236
5.925	-1.47578621231886
5.93	-1.47626123758958
5.935	-1.47174706706206
5.94	-1.44952212818809
5.945	-1.3972714494314
5.95	-1.30694770178394
5.955	-1.17977004923157
5.96	-1.02645298846841
5.965	-0.865603257647741
5.97	-0.715340192339936
5.975	-0.591390188439392
5.98	-0.501919301048699
5.985	-0.447335271300926
5.99	-0.41795259672748
5.995	-0.403533405498306
6	-0.395581653276679
6.005	-0.390964686457425
6.01	-0.389207229840525
6.015	-0.396897789966334
6.02	-0.420897758373433
6.025	-0.464335388061194
6.03	-0.521224231921521
6.035	-0.583760419778334
6.04	-0.641858324676411
6.045	-0.686354057283017
6.05	-0.7096402068794
6.055	-0.711930939418262
6.06	-0.697783902299241
6.065	-0.672709189918037
6.07	-0.642120536306704
6.075	-0.610488543386872
6.08	-0.580659392355561
6.085	-0.552924978514651
6.09	-0.528442222741558
6.095	-0.505399867538466
6.1	-0.479715175669371
6.105	-0.444244535130759
6.11	-0.393206668177432
6.115	-0.319474746972998
6.12	-0.219349541433184
6.125	-0.0942828467157051
6.13	0.0455540049539591
6.135	0.187838066633634
6.14	0.319092994241267
6.145	0.428250577008058
6.15	0.50538661388761
6.155	0.546931067679562
6.16	0.552441441220048
6.165	0.523156418225121
6.17	0.458130327606393
6.175	0.358142385320485
6.18	0.225673564524547
6.185	0.0668853889119925
6.19	-0.108714120800035
6.195	-0.286722628167552
6.2	-0.450656689819183
6.205	-0.585208260979012
6.21	-0.680577424128309
6.215	-0.733788588746414
6.22	-0.749967099168639
6.225	-0.740809508124636
6.23	-0.722165482325426
6.235	-0.708450242284504
6.24	-0.709241190969512
6.245	-0.726374326474823
6.25	-0.755072823455745
6.255	-0.783404899982961
6.26	-0.7966968267583
6.265	-0.781433322993403
6.27	-0.730816730628678
6.275	-0.64439399517435
6.28	-0.529146621984773
6.285	-0.397200625506575
6.29	-0.264576937394262
6.295	-0.145137388805626
6.3	-0.0485308734068219
6.305	0.0220590521183459
6.31	0.0665374605866984
6.315	0.0893021947630305
6.32	0.0962512311959217
6.325	0.0940723165485091
6.33	0.0851582103766418
6.335	0.0705359703238591
6.34	0.050091866448361
6.345	0.0252210241293411
6.35	-0.00342603695879997
6.355	-0.0336275751793169
6.36	-0.0616592251407911
6.365	-0.0817976352572174
6.37	-0.0901487464710927
6.375	-0.0851335710680286
6.38	-0.06782314638174
6.385	-0.0408514798567367
6.39	-0.00940548178024169
6.395	0.0207570205465138
6.4	0.0445283271464655
6.405	0.0590709544258781
6.41	0.0624678323155961
6.415	0.0557049961674011
6.42	0.0413362965038312
6.425	0.0231016755694003
6.43	0.00335870163207437
6.435	-0.0148111862541458
6.44	-0.0291185240440932
6.445	-0.0382119791835474
6.45	-0.0434863224259289
6.455	-0.0467979068245992
6.46	-0.0513626748860241
6.465	-0.0611435926786181
6.47	-0.0820563843268314
6.475	-0.118343232073904
6.48	-0.172729883865683
6.485	-0.245491928103034
6.49	-0.335509943518562
6.495	-0.438530036694339
6.5	-0.548659035004011
6.505	-0.659516891936385
6.51	-0.765718892870756
6.515	-0.863374679981729
6.52	-0.950344571327734
6.525	-1.02564175313338
6.53	-1.08905072150416
6.535	-1.14002352386916
6.54	-1.1768486642013
6.545	-1.19581912343739
6.55	-1.19340034963848
6.555	-1.16620783767233
6.56	-1.11230760575306
6.565	-1.03094427917391
6.57	-0.926553726943226
6.575	-0.805940733149189
6.58	-0.677621075512696
6.585	-0.548458461375958
6.59	-0.427327905074893
6.595	-0.320426039693722
6.6	-0.231267122923396
6.605	-0.158587356363959
6.61	-0.102131095362362
6.615	-0.0598192317561493
6.62	-0.0289784349249807
6.625	-0.00483671174245375
6.63	0.0135541502910444
6.635	0.0267101082267557
6.64	0.0343218341825565
6.645	0.0376808856620296
6.65	0.0353427300610467
6.655	0.0271171945465255
6.66	0.0138488100608333
6.665	-0.00150897575754913
6.67	-0.016601927661851
6.675	-0.0287634520633562
6.68	-0.0363531264096875
6.685	-0.0396300210871654
6.69	-0.040524374446795
6.695	-0.0423306118432474
6.7	-0.0491812871741299
6.705	-0.0660465130086466
6.71	-0.095535839646751
6.715	-0.137997603111844
6.72	-0.192262309616222
6.725	-0.258048477779986
6.73	-0.333738011787361
6.735	-0.417521854301848
6.74	-0.508613559669145
6.745	-0.608963480802752
6.75	-0.719312243088005
6.755	-0.838222704323653
6.76	-0.962362216474454
6.765	-1.08806832396466
6.77	-1.20911284286235
6.775	-1.31757533909437
6.78	-1.40639469223275
6.785	-1.47256949491564
6.79	-1.5159212040043
6.795	-1.53975720426402
6.8	-1.55038629394907
6.805	-1.55657076575053
6.81	-1.56367825045112
6.815	-1.57304544751274
6.82	-1.58060551821476
6.825	-1.57905525791394
6.83	-1.55559712205912
6.835	-1.4982443609231
6.84	-1.39888991799458
6.845	-1.25799109675164
6.85	-1.07901658557213
6.855	-0.871180902261555
6.86	-0.646091017346738
6.865	-0.41774803091992
6.87	-0.192393989997038
6.875	0.0267747228972433
6.88	0.239492355488428
6.885	0.442810765606232
6.89	0.639018630612122
6.895	0.827814902722244
6.9	1.00694057544917
6.905	1.16852033106387
6.91	1.31104764754014
6.915	1.43302148224196
6.92	1.53427604525114
6.925	1.61131347005911
6.93	1.66679602736048
6.935	1.7018687220986
6.94	1.71649196375386
6.945	1.70618302024407
6.95	1.6709605350813
6.955	1.61222737035334
6.96	1.53417598159463
6.965	1.44186892630243
6.97	1.34455855111465
6.975	1.2529801616633
6.98	1.17664853688829
6.985	1.12116397355247
6.99	1.0878413296543
6.995	1.07656776125898
7	1.08559060946518
7.005	1.11281356919353
7.01	1.15489490134486
7.015	1.21162569485883
7.02	1.2834164583833
7.025	1.37071265303818
7.03	1.47032093667614
7.035	1.58058431979327
7.04	1.69988139677338
7.045	1.82776258951147
7.05	1.961701495776
7.055	2.10164146820369
7.06	2.24712953422062
7.065	2.39654315179118
7.07	2.54486858482126
7.075	2.68661954614771
7.08	2.81609148513029
7.085	2.92831405299511
7.09	3.02060968274561
7.095	3.09167818654741
7.1	3.14129836878425
7.105	3.16863476893348
7.11	3.17410716028787
7.115	3.15542173620748
7.12	3.10957818967093
7.125	3.03321800468966
7.13	2.92728193879292
7.135	2.79240037852877
7.14	2.63127391155833
7.145	2.44788653331324
7.15	2.25037857568567
7.155	2.0446025216716
7.16	1.83586790596899
7.165	1.62856189920607
7.17	1.42855542285472
7.175	1.23878576326534
7.18	1.06147526824653
7.185	0.898643428910885
7.19	0.752914602156344
7.195	0.624498691050391
7.2	0.512405972250833
7.205	0.41499654786374
7.21	0.330368286109602
7.215	0.254891129205618
7.22	0.185337904585805
7.225	0.120408736238165
7.23	0.0611098206713547
7.235	0.00844613692234334
7.24	-0.0355025853293617
7.245	-0.0674311408687282
7.25	-0.0837848440038597
7.255	-0.0844958874646672
7.26	-0.0712353170686939
7.265	-0.0461136537322701
7.27	-0.0114641588159081
7.275	0.026644760370249
7.28	0.0618393397225071
7.285	0.0896821722048954
7.29	0.108686068689256
7.295	0.115468551439215
7.3	0.108458997290009
7.305	0.089400226254673
7.31	0.0637334698191261
7.315	0.0334451252947794
7.32	0
7.325	-0.0347484159573305
7.33	-0.0678980658795897
7.335	-0.101745864297224
7.34	-0.139488737173422
7.345	-0.182571273199278
7.35	-0.230045411840806
7.355	-0.28277578807093
7.36	-0.340306489421156
7.365	-0.399002067401279
7.37	-0.454931182860872
7.375	-0.506599347829007
7.38	-0.553762281485966
7.385	-0.595234938465194
7.39	-0.632705043466458
7.395	-0.669285963440363
7.4	-0.70799039526315
7.405	-0.748729664666955
7.41	-0.793067041070666
7.415	-0.842061765280248
7.42	-0.896710451438957
7.425	-0.95651427855286
7.43	-1.02314542527936
7.435	-1.09785763949117
7.44	-1.18115140143119
7.445	-1.27132002198468
7.45	-1.3662807267368
7.455	-1.46238104280594
7.46	-1.55538947677452
7.465	-1.64109819362608
7.47	-1.71641182028112
7.475	-1.77925754191516
7.48	-1.82876338635686
7.485	-1.86534612409473
7.49	-1.88942195184077
7.495	-1.90192315183493
7.5	-1.90411131970807
7.505	-1.89818677198692
7.51	-1.88627705763345
7.515	-1.87155060116258
7.52	-1.85768178308794
7.525	-1.84846425630347
7.53	-1.84617395786383
7.535	-1.85129723555043
7.54	-1.86218464763084
7.545	-1.87564226210847
7.55	-1.88804736984719
7.555	-1.89660973656341
7.56	-1.90060909173026
7.565	-1.90147087189723
7.57	-1.90210713657784
7.575	-1.90404143554322
7.58	-1.90591246552523
7.585	-1.90243218257344
7.59	-1.88574187643052
7.595	-1.84603026527543
7.6	-1.7753293937811
7.605	-1.67031347782741
7.61	-1.53447961543015
7.615	-1.37566046498322
7.62	-1.20466636071078
7.625	-1.03260930607443
7.63	-0.868282596012492
7.635	-0.715159266491075
7.64	-0.57290445897612
7.645	-0.440061443003646
7.65	-0.314947236565123
7.655	-0.195934506077976
7.66	-0.0835331404536391
7.665	0.0182156864507725
7.67	0.105132555492033
7.675	0.175336467815384
7.68	0.228365276884637
7.685	0.263324128716032
7.69	0.281193993399112
7.695	0.285896904765228
7.7	0.281699205803887
7.705	0.270651599056387
7.71	0.253879377832175
7.715	0.233748477433841
7.72	0.211994862679779
7.725	0.188408269751341
7.73	0.162757638315658
7.735	0.137640366581747
7.74	0.11644407707942
7.745	0.1010879471551
7.75	0.0926726664702917
7.755	0.0929460561496539
7.76	0.101724713206959
7.765	0.115358456365977
7.77	0.129041564431702
7.775	0.140870741208586
7.78	0.151126140425409
7.785	0.161267347923578
7.79	0.174807460613865
7.795	0.198655929053651
7.8	0.239202170884552
7.805	0.299426807000924
7.81	0.378324755297561
7.815	0.474519872567597
7.82	0.585572517890149
7.825	0.708948215417176
7.83	0.841328493810105
7.835	0.981842291135201
7.84	1.12981874564212
7.845	1.28389000654869
7.85	1.43876743518596
7.855	1.58764636528534
7.86	1.72219559217487
7.865	1.83500246441463
7.87	1.9181382776155
7.875	1.96691753473151
7.88	1.98055995328088
7.885	1.96409007483871
7.89	1.92374992504023
7.895	1.86834368048812
7.9	1.80775001848999
7.905	1.75339947966476
7.91	1.71190126983317
7.915	1.68665985441827
7.92	1.67726701040237
7.925	1.68141635889592
7.93	1.69305509290188
7.935	1.7056561614939
7.94	1.71369018137161
7.945	1.71426605554709
7.95	1.70761174593473
7.955	1.69673050732755
7.96	1.68607261217515
7.965	1.67879049792125
7.97	1.67595415670207
7.975	1.67331504518249
7.98	1.66115676170444
7.985	1.62575810028203
7.99	1.553549700176
7.995	1.43524203964274
8	1.27010799206761
8.005	1.06824291717063
8.01	0.846163202894061
8.015	0.622837055173133
8.02	0.413833264223904
8.025	0.22812916981055
8.03	0.0645307721864304
8.035	-0.0850805035054025
8.04	-0.230406575477419
8.045	-0.376703748601403
8.05	-0.524732531512469
8.055	-0.672190683649794
8.06	-0.815508794181976
8.065	-0.951430195903664
8.07	-1.07951628137687
8.075	-1.20279295694342
8.08	-1.32234122076526
8.085	-1.43274723406235
8.09	-1.52108771971203
8.095	-1.57281898092652
8.1	-1.57420144419819
8.105	-1.51658501035263
8.11	-1.39860490193837
8.115	-1.2302171526884
8.12	-1.0274536250335
8.125	-0.807299682916933
8.13	-0.582177576475727
8.135	-0.362281289222092
8.14	-0.154448253821504
8.145	0.0353346473475944
8.15	0.200855893787206
8.155	0.329821293038143
8.16	0.407189037431712
8.165	0.41909298801563
8.17	0.359211851385503
8.175	0.228661555226499
8.18	0.0399454116783574
8.185	-0.18402550859805
8.19	-0.413519469046496
8.195	-0.622489810426848
8.2	-0.792924426907914
8.205	-0.918371291044493
8.21	-1.0030008239505
8.215	-1.06133305646314
8.22	-1.11090671456193
8.225	-1.16620715196836
8.23	-1.23320000620936
8.235	-1.3101607256342
8.24	-1.38938387062623
8.245	-1.46158925796811
8.25	-1.51771659573823
8.255	-1.55165884212573
8.26	-1.56059278691298
8.265	-1.54498342377698
8.27	-1.50559143971017
8.275	-1.44301145343105
8.28	-1.35926471001705
8.285	-1.26009413290291
8.29	-1.15377584640836
8.295	-1.04873751548782
8.3	-0.952966239128267
8.305	-0.873105603389959
8.31	-0.811897790046112
8.315	-0.766175272836597
8.32	-0.730294584298987
8.325	-0.700323342046642
8.33	-0.673856711192131
8.335	-0.650626260402163
8.34	-0.632922640150165
8.345	-0.625738633269493
8.35	-0.631848657861187
8.355	-0.652129871714999
8.36	-0.684435410520953
8.365	-0.724761641646168
8.37	-0.764356195964947
8.375	-0.793900994050673
8.38	-0.8039914673178
8.385	-0.787725427247763
8.39	-0.73888200515066
8.395	-0.655408592877729
8.4	-0.539673318649511
8.405	-0.399105977855459
8.41	-0.243069018856214
8.415	-0.0807301139254559
8.42	0.0800709379384308
8.425	0.233166614819539
8.43	0.375705871610584
8.435	0.508895106149791
8.44	0.635424231562888
8.445	0.756894480139558
8.45	0.872648591358547
8.455	0.98163665152539
8.46	1.08118780857879
8.465	1.16781371139493
8.47	1.23687820333593
8.475	1.28793388359605
8.48	1.32334185733035
8.485	1.34808076337937
8.49	1.36559780614679
8.495	1.38054590748147
8.5	1.39528762636026
8.505	1.40905573807899
8.51	1.41571911366391
8.515	1.40823764424396
8.52	1.37947756863185
8.525	1.32489831443111
8.53	1.24305579696557
8.535	1.13927336456309
8.54	1.02435165168172
8.545	0.912917252356789
8.55	0.819033476302052
8.555	0.755006127882849
8.56	0.727712941961057
8.565	0.737396800771129
8.57	0.776404403427469
8.575	0.833578689868478
8.58	0.896370235006827
8.585	0.954526606024356
8.59	0.999807083495472
8.595	1.03016868255452
8.6	1.04796667461783
8.605	1.05882778778886
8.61	1.06653169551626
8.615	1.07387732815436
8.62	1.08058742663973
8.625	1.08371997476442
8.63	1.07676938971376
8.635	1.05231325915151
8.64	1.00393866575391
8.645	0.928600925005312
8.65	0.827146477517306
8.655	0.704088527489571
8.66	0.567841237956769
8.665	0.429930526751773
8.67	0.302818799853204
8.675	0.195796596431545
8.68	0.114472823046194
8.685	0.0606017559065856
8.69	0.0321449595099073
8.695	0.0221083689742254
8.7	0.0220640362602149
8.705	0.0251276978554788
8.71	0.0275133504819966
8.715	0.026722864203705
8.72	0.0228945646092389
8.725	0.0178521693673311
8.73	0.0160224039816534
8.735	0.0187945566866935
8.74	0.0252060350745947
8.745	0.030806254891455
8.75	0.0326873941156065
8.755	0.0259299227359426
8.76	0.00660420132958814
8.765	-0.0285044569154691
8.77	-0.0766493720098708
8.775	-0.134271796185048
8.78	-0.196805199621727
8.785	-0.261636982282199
8.79	-0.32318057083666
8.795	-0.378676983014744
8.8	-0.426411265847074
8.805	-0.467340234189019
8.81	-0.499178251518237
8.815	-0.522828765874437
8.82	-0.540844063430665
8.825	-0.558578745638501
8.83	-0.578365368055766
8.835	-0.603365820415723
8.84	-0.634453614094752
8.845	-0.670322751767218
8.85	-0.706166123997444
8.855	-0.739222819122896
8.86	-0.76929939760616
8.865	-0.799137308391632
8.87	-0.833033326452171
8.875	-0.875058301674508
8.88	-0.924908389843168
8.885	-0.975122713562316
8.89	-1.01163284817881
8.895	-1.01670886865655
8.9	-0.974019632457742
8.905	-0.873987753704296
8.91	-0.716918853438076
8.915	-0.513702031659125
8.92	-0.283070077898059
8.925	-0.0468849162218845
8.93	0.175033260539851
8.935	0.368742045855407
8.94	0.527925845375365
8.945	0.653607849681902
8.95	0.750846032535604
8.955	0.826468867920083
8.96	0.886614028497208
8.965	0.936204277777462
8.97	0.976675982109111
8.975	1.00814228743025
8.98	1.03015534375924
8.985	1.04341530223308
8.99	1.04642599422232
8.995	1.03728478931211
9	1.01244407655716
9.005	0.967912709510958
9.01	0.897112420625057
9.015	0.796030896593301
9.02	0.664602793800887
9.025	0.509055923308585
9.03	0.338582927153034
9.035	0.166562601067633
9.04	0.00666423952349349
9.045	-0.129038335247949
9.05	-0.234861402053156
9.055	-0.308066878771702
9.06	-0.348611772911396
9.065	-0.356576047683755
9.07	-0.335126295844893
9.075	-0.287014455438688
9.08	-0.217128128258686
9.085	-0.132447562867021
9.09	-0.0461497470999954
9.095	0.0287023510985784
9.1	0.0805412371240227
9.105	0.103284936905336
9.11	0.0938415630228825
9.115	0.056464047220958
9.12	-0.000920585639881983
9.125	-0.0690308633536421
9.13	-0.142318678831951
9.135	-0.217824815882975
9.14	-0.295167773969986
9.145	-0.374398133038097
9.15	-0.455132125223903
9.155	-0.53564318384891
9.16	-0.612079380499359
9.165	-0.678637668037371
9.17	-0.729381407797886
9.175	-0.760973464865301
9.18	-0.772531453711398
9.185	-0.765177074637622
9.19	-0.741578982813528
9.195	-0.706993734879091
9.2	-0.667074366116657
9.205	-0.62647004654923
9.21	-0.587958473464747
9.215	-0.554326548258647
9.22	-0.52730545070501
9.225	-0.507397486385391
9.23	-0.494147173094314
9.235	-0.487702369848234
9.24	-0.488150541913072
9.245	-0.494769438781379
9.25	-0.506846998788894
9.255	-0.522777670112506
9.26	-0.540263694222913
9.265	-0.55585807514997
9.27	-0.567820804018269
9.275	-0.57434845758733
9.28	-0.57458552840547
9.285	-0.567774641285305
9.29	-0.556232784447743
9.295	-0.542489379058096
9.3	-0.529326736566489
9.305	-0.518197916591149
9.31	-0.51186238423394
9.315	-0.512327420829447
9.32	-0.520881363957137
9.325	-0.537052044315159
9.33	-0.560451004829257
9.335	-0.589436496621614
9.34	-0.621545402405102
9.345	-0.653494640873592
9.35	-0.682503645083764
9.355	-0.705672146525099
9.36	-0.720978657878007
9.365	-0.72764836697643
9.37	-0.726617937377774
9.375	-0.71877107290294
9.38	-0.705258657440457
9.385	-0.687278224083417
9.39	-0.665951927701534
9.395	-0.640611220890166
9.4	-0.610048088272228
9.405	-0.573610255529795
9.41	-0.531887501036982
9.415	-0.48609086548545
9.42	-0.438989267470244
9.425	-0.39494465923884
9.43	-0.359166720713234
9.435	-0.335705410618705
9.44	-0.327178137687187
9.445	-0.334553300543595
9.45	-0.357742164326108
9.455	-0.395101181944117
9.46	-0.444742927719507
9.465	-0.505036185265476
9.47	-0.574659475661181
9.475	-0.650576186147317
9.48	-0.727833018348867
9.485	-0.799423674676033
9.49	-0.856910594105389
9.495	-0.890695497395404
9.5	-0.892747930641204
9.505	-0.858884721957674
9.51	-0.790035245227376
9.515	-0.691185102057834
9.52	-0.570783109458131
9.525	-0.439011093169392
9.53	-0.306022890826097
9.535	-0.179249733055684
9.54	-0.063320281838839
9.545	0.0396307954357845
9.55	0.128912171192845
9.555	0.205779353936013
9.56	0.27185294200341
9.565	0.328306556015448
9.57	0.375353507004985
9.575	0.41376021479274
9.58	0.444002456661341
9.585	0.465957987869163
9.59	0.478622473801902
9.595	0.481681081125706
9.6	0.474842075597387
9.605	0.457891345965857
9.61	0.430745948676684
9.615	0.395257233675166
9.62	0.354695643227138
9.625	0.313323842139332
9.63	0.275652569002117
9.635	0.246404588796155
9.64	0.229005684286294
9.645	0.224526011599694
9.65	0.231817601334073
9.655	0.248305882889652
9.66	0.270462057177936
9.665	0.294391374346811
9.67	0.316715728207334
9.675	0.335476615006094
9.68	0.349472320357372
9.685	0.357713626163007
9.69	0.358939062179045
9.695	0.35325481211885
9.7	0.341517259664914
9.705	0.325362145915554
9.71	0.306683844070219
9.715	0.289375844563953
9.72	0.277506538596164
9.725	0.273929857012926
9.73	0.279660785914695
9.735	0.294490711925648
9.74	0.316511351903337
9.745	0.342042437605206
9.75	0.367543039731285
9.755	0.389710824001206
9.76	0.406128362672718
9.765	0.414882866228032
9.77	0.416232695193424
9.775	0.410606653871125
9.78	0.398813709381917
9.785	0.381272053509202
9.79	0.360057556598451
9.795	0.33679766273877
9.8	0.313519448573721
9.805	0.292171710273529
9.81	0.275984243868746
9.815	0.266911926774947
9.82	0.265839116247224
9.825	0.272263286331696
9.83	0.284798609218993
9.835	0.300688732346097
9.84	0.317061702014136
9.845	0.332139086644287
9.85	0.344944308085779
9.855	0.355438640958772
9.86	0.364361792445898
9.865	0.373322568033814
9.87	0.38295958052627
9.875	0.393136112681777
9.88	0.403246529365261
9.885	0.413367197451429
9.89	0.422795559777608
9.895	0.430738602798711
9.9	0.436557720617078
9.905	0.440727234849223
9.91	0.442565054309506
9.915	0.441125294310988
9.92	0.435577096783291
9.925	0.426682828858314
9.93	0.414384331849551
9.935	0.399145735088998
9.94	0.381922964163212
9.945	0.36518175071791
9.95	0.349936721589436
9.955	0.336729316036689
9.96	0.325547100086092
9.965	0.316874451647339
9.97	0.309397547929681
9.975	0.300887202594898
9.98	0.288633617199954
9.985	0.270536686232532
9.99	0.244394057291026
9.995	0.208307425412427
10	0.161292607926714
10.005	0.103823088478727
10.01	0.0376666806104738
10.015	-0.0346471577146275
10.02	-0.109839875749832
10.025	-0.184006797005046
10.03	-0.254006916613106
10.035	-0.318047971578648
10.04	-0.375749036556613
10.045	-0.427272980425587
10.05	-0.474548340229507
10.055	-0.519927658134106
10.06	-0.56514952559668
10.065	-0.609676129564497
10.07	-0.653148884864741
10.075	-0.694814129993975
10.08	-0.733936901395911
10.085	-0.768975272821254
10.09	-0.800404104911344
10.095	-0.829322743633971
10.1	-0.856725014297996
10.105	-0.881796517488744
10.11	-0.904292546175077
10.115	-0.923954966995156
10.12	-0.940748466668529
10.125	-0.954161125086389
10.13	-0.964955880211138
10.135	-0.974137811870654
10.14	-0.981784572202833
10.145	-0.985539291542424
10.15	-0.981525495268109
10.155	-0.964850051222655
10.16	-0.930622024629827
10.165	-0.875082455285915
10.17	-0.797959662006719
10.175	-0.703295761749199
10.18	-0.59895102876539
10.185	-0.49495902605353
10.19	-0.402173646221498
10.195	-0.330377832535811
10.2	-0.286352165831551
10.205	-0.272758114318022
10.21	-0.288269123154988
10.215	-0.328630919091784
10.22	-0.38784673262854
10.225	-0.459573929797692
10.23	-0.537989950040609
10.235	-0.618265090687888
10.24	-0.696793272099803
10.245	-0.771147836081932
10.25	-0.839533022816797
10.255	-0.899971900104485
10.26	-0.950764838685071
10.265	-0.991013156175173
10.27	-1.02074240887427
10.275	-1.04001530700124
10.28	-1.04946762946546
10.285	-1.05034841637957
10.29	-1.04403573689787
10.295	-1.03033974834028
10.3	-1.0083414666403
10.305	-0.97722333899016
10.31	-0.936911852379407
10.315	-0.887210644382018
10.32	-0.829347597877158
10.325	-0.766628354563253
10.33	-0.703949220446042
10.335	-0.645208734409097
10.34	-0.593417508560447
10.345	-0.550563624218721
10.35	-0.517150857761529
10.355	-0.490744431411586
10.36	-0.467807600544811
10.365	-0.445304574859856
10.37	-0.420952423052517
10.375	-0.392143185365759
10.38	-0.357007113692493
10.385	-0.315251620427079
10.39	-0.266691609862101
10.395	-0.211094742294579
10.4	-0.148904727250911
10.405	-0.0825932336620654
10.41	-0.014350301632709
10.415	0.0531334121519409
10.42	0.11711450357803
10.425	0.174320883164089
10.43	0.223668248144796
10.435	0.265563845584864
10.44	0.301421752501793
10.445	0.332299608252617
10.45	0.359604771027866
10.455	0.385117340028913
10.46	0.410090883470471
10.465	0.434678427017981
10.47	0.458132184440488
10.475	0.480709887701874
10.48	0.502709803935119
10.485	0.524056077479062
10.49	0.543924654581447
10.495	0.562890207538905
10.5	0.581579977995443
10.505	0.600030303055974
10.51	0.617517199842093
10.515	0.634511630408715
10.52	0.651494454798219
10.525	0.668249663058744
10.53	0.684183382998641
10.535	0.699573559681208
10.54	0.71461460932404
10.545	0.728661460519021
10.55	0.741132962597843
10.555	0.752183392892389
10.56	0.762264922553584
10.565	0.771442477659938
10.57	0.780434498201887
10.575	0.790490257931821
10.58	0.802660620686231
10.585	0.816755094144657
10.59	0.832545016138051
10.595	0.849558645596882
10.6	0.866951519993207
10.605	0.882859401930941
10.61	0.896015134285166
10.615	0.904946341442342
10.62	0.907997631893162
10.625	0.902736576216014
10.63	0.888147552440602
10.635	0.863670815694162
10.64	0.830058049838371
10.645	0.788955539733119
10.65	0.744715758784936
10.655	0.701827040748199
10.66	0.664572774703934
10.665	0.63552589870862
10.67	0.617070110864234
10.675	0.609087332713927
10.68	0.609988050078323
10.685	0.616696299057754
10.69	0.627496212829149
10.695	0.640005642199596
10.7	0.652194900393782
10.705	0.661868946300415
10.71	0.668826269741187
10.715	0.672325421668909
10.72	0.672097561673404
10.725	0.668003685025909
10.73	0.662009701735058
10.735	0.655404432116682
10.74	0.649433143474136
10.745	0.644619216194028
10.75	0.642276928592086
10.755	0.64189710459086
10.76	0.642318617496352
10.765	0.641842033675682
10.77	0.640048255061951
10.775	0.635586410855684
10.78	0.627379113579572
10.785	0.614666805444438
10.79	0.598289279061973
10.795	0.578358993251349
10.8	0.555323274527505
10.805	0.529953922647398
10.81	0.504291864766313
10.815	0.479082425112734
10.82	0.454739287004747
10.825	0.431346751774652
10.83	0.410014200898841
10.835	0.390514670933036
10.84	0.372657069570487
10.845	0.356471716059644
10.85	0.343218553742316
10.855	0.332896798556214
10.86	0.325066794534849
10.865	0.318952858797095
10.87	0.313891279351034
10.875	0.308038128246385
10.88	0.299560568490728
10.885	0.287357819633253
10.89	0.271504798392262
10.895	0.252081371379518
10.9	0.229726142613158
10.905	0.205479927837402
10.91	0.180985846008996
10.915	0.156589026531969
10.92	0.132044001129159
10.925	0.106664773833484
10.93	0.0806818793884558
10.935	0.0536437947239378
10.94	0.0255262387754233
10.945	-0.00322454218346537
10.95	-0.0311343115294796
10.955	-0.0578534097285955
10.96	-0.0836131913788462
10.965	-0.109002378318712
10.97	-0.134432457606577
10.975	-0.160930622964882
10.98	-0.188740068907108
10.985	-0.216515504662643
10.99	-0.241583680127555
10.995	-0.261577314983335
11	-0.274574673460452
11.005	-0.279437948076457
11.01	-0.276508510655572
11.015	-0.268373515828212
11.02	-0.258664552075536
11.025	-0.250737141958267
11.03	-0.2471792587978
11.035	-0.249856707681564
11.04	-0.25927494038024
11.045	-0.274403005043307
11.05	-0.293309283694162
11.055	-0.314075334065532
11.06	-0.334692918291006
11.065	-0.353045981454679
11.07	-0.366718928053828
11.075	-0.373817323503651
11.08	-0.372767139592647
11.085	-0.362621483537001
11.09	-0.342910566030472
11.095	-0.314823917982035
11.1	-0.280898696551816
11.105	-0.244759230912441
11.11	-0.210406953566194
11.115	-0.182122356145775
11.12	-0.163473995638608
11.125	-0.156558609189364
11.13	-0.1621146523913
11.135	-0.179603425038183
11.14	-0.207391934480369
11.145	-0.242675515004276
11.15	-0.282963099552351
11.155	-0.325524441021702
11.16	-0.367533810357231
11.165	-0.405459026131061
11.17	-0.437057975413835
11.175	-0.460338047659035
11.18	-0.474251700023985
11.185	-0.478297671040765
11.19	-0.474546552050273
11.195	-0.465598719328651
11.2	-0.454369051475664
11.205	-0.442721100703199
11.21	-0.432552350080672
11.215	-0.423747181338105
11.22	-0.414803881692041
11.225	-0.402944425456005
11.23	-0.386175605338186
11.235	-0.362602322231672
11.24	-0.331420836723165
11.245	-0.292844306896424
11.25	-0.24937657537604
11.255	-0.20413402263237
11.26	-0.160742257815915
11.265	-0.122257455449143
11.27	-0.0920924548588189
11.275	-0.0718664455964625
11.28	-0.0617692951629509
11.285	-0.0603626089710629
11.29	-0.0664329324867136
11.295	-0.0779917095639902
11.3	-0.0934794679106249
11.305	-0.112197571616629
11.31	-0.134481567753424
11.315	-0.160737720919047
11.32	-0.191331717610689
11.325	-0.226688999671648
11.33	-0.265786593993507
11.335	-0.306694296692888
11.34	-0.346940709847697
11.345	-0.384658389063702
11.35	-0.41744001242667
11.355	-0.443286471720873
11.36	-0.460803144589187
11.365	-0.469825539180416
11.37	-0.470138899839007
11.375	-0.461573095033129
11.38	-0.444372692190424
11.385	-0.419547037353389
11.39	-0.389244651716091
11.395	-0.355561518978327
11.4	-0.320794076401918
11.405	-0.286613624869688
11.41	-0.255943413816686
11.415	-0.230463139569532
11.42	-0.21121436615901
11.425	-0.197714608709797
11.43	-0.190836838099568
11.435	-0.190063776713052
11.44	-0.194233563649448
11.445	-0.20095751815931
11.45	-0.208717414905452
11.455	-0.215143436931523
11.46	-0.217858592951202
11.465	-0.214562354645817
11.47	-0.203161153308826
11.475	-0.181209851711212
11.48	-0.146233027622123
11.485	-0.0964790899651893
11.49	-0.0311610404674375
11.495	0.0483540746389731
11.5	0.138017801422741
11.505	0.231092029092905
11.51	0.320019448056372
11.515	0.39800565057113
11.52	0.460793138223536
11.525	0.507431094788934
11.53	0.540513436186498
11.535	0.564681831142528
11.54	0.584151613967722
11.545	0.600322756067801
11.55	0.610724333988066
11.555	0.609856796461881
11.56	0.590445617962132
11.565	0.545750921089747
11.57	0.471535382157426
11.575	0.368666343385369
11.58	0.242724411593666
11.585	0.102894252130561
11.59	-0.0406150834134786
11.595	-0.177297415098588
11.6	-0.298449861903479
11.605	-0.397867291541714
11.61	-0.472199417165482
11.615	-0.51930673264364
11.62	-0.53797223648886
11.625	-0.527657928763966
11.63	-0.489163419639788
11.635	-0.424773815057503
11.64	-0.339245814662162
11.645	-0.239850153982377
11.65	-0.136268516056014
11.655	-0.038195320723209
11.66	0.0463694984262295
11.665	0.113046351101356
11.67	0.160689172630331
11.675	0.191970405500573
11.68	0.211534569859838
11.685	0.224508365694065
11.69	0.234051643184675
11.695	0.241863457623967
11.7	0.248307963626863
11.705	0.253454905978027
11.71	0.257434464614017
11.715	0.26071290786026
11.72	0.263917894042253
11.725	0.267172674441706
11.73	0.270388919920374
11.735	0.271901735726877
11.74	0.269591503366309
11.745	0.261333100887092
11.75	0.247319875605838
11.755	0.22803147385701
11.76	0.204830304873741
11.765	0.179005450602061
11.77	0.153417516679481
11.775	0.129703776466981
11.78	0.109119417422968
11.785	0.09223005812658
11.79	0.0802554495349279
11.795	0.073373327691297
11.8	0.0707850306144038
11.805	0.0703890411542926
11.81	0.0693086634302248
11.815	0.0647822900225112
11.82	0.0545446991630075
11.825	0.0373141427995899
11.83	0.0128900370381136
11.835	-0.0167638635611197
11.84	-0.048710987988538
11.845	-0.0799822140785595
11.85	-0.108625077706885
11.855	-0.133274719112304
11.86	-0.153577700009877
11.865	-0.170053765778703
11.87	-0.183482171045189
11.875	-0.194640432419895
11.88	-0.203839674674303
11.885	-0.21086901758308
11.89	-0.214447296711988
11.895	-0.213196566453808
11.9	-0.205630814125813
11.905	-0.190686282945266
11.91	-0.167214832001897
11.915	-0.135309209431976
11.92	-0.0960811229798565
11.925	-0.0519322714825066
11.93	-0.00503819733152595
11.935	0.0417031089215945
11.94	0.0855344135838173
11.945	0.123814418000949
11.95	0.15569832668552
11.955	0.180750512334514
11.96	0.199356822862704
11.965	0.212264007254693
11.97	0.221524486178138
11.975	0.229086681126204
11.98	0.236840668590942
11.985	0.246019324341381
11.99	0.257618723230731
11.995	0.271320782102876
12	0.28555165657948
12.005	0.297434645125813
12.01	0.303865401999792
12.015	0.301717365685522
12.02	0.28881373178167
12.025	0.264438908480678
12.03	0.230156214675856
12.035	0.189181949924974
12.04	0.14586279209304
12.045	0.104622258708736
12.05	0.0693570734937125
12.055	0.0425794533534968
12.06	0.025085958686784
12.065	0.0160202542065182
12.07	0.0135448321018551
12.075	0.0157914751863339
12.08	0.0213535842990017
12.085	0.0295951641968819
12.09	0.0405549742262562
12.095	0.0550505932387874
12.1	0.0738669912348783
12.105	0.097174913014041
12.11	0.123794214678953
12.115	0.151772027611471
12.12	0.178443518652341
12.125	0.201066689528614
12.13	0.217146752195979
12.135	0.225412108367309
12.14	0.225953742762772
12.145	0.220158074676977
12.15	0.210232822565992
12.155	0.198496351413388
12.16	0.186908903992995
12.165	0.176696633754556
12.17	0.168369685748662
12.175	0.161383703641887
12.18	0.154758451156682
12.185	0.147569259399035
12.19	0.139592489375168
12.195	0.130908692804585
12.2	0.122187730963031
12.205	0.11450663035837
12.21	0.109258969760821
12.215	0.107092281296063
12.22	0.108048736298322
12.225	0.111677867720825
12.23	0.117218777908818
12.235	0.123325122135423
12.24	0.128731894098714
12.245	0.132785768692784
12.25	0.135134398704982
12.255	0.135641513142201
12.26	0.134305439766261
12.265	0.131321616537842
12.27	0.126409715434879
12.275	0.119151393535331
12.28	0.109079391960364
12.285	0.0960057122035664
12.29	0.0799709559238238
12.295	0.0614746206041008
12.3	0.0414263537946892
12.305	0.0209433427801372
12.31	0.0013242001661372
12.315	-0.0164629014537154
12.32	-0.0318402555011356
12.325	-0.0448039489085893
12.33	-0.0553170534226955
12.335	-0.0638482840225083
12.34	-0.0709051070022145
12.345	-0.0769104530705229
12.35	-0.0817469707281839
12.355	-0.0854456613275387
12.36	-0.0879659604369839
12.365	-0.0891416964948859
12.37	-0.0891514758092411
12.375	-0.0887660109017122
12.38	-0.0891166924868363
12.385	-0.0910722584080263
12.39	-0.0958989565301426
12.395	-0.104577452669341
12.4	-0.117424700913207
12.405	-0.133367930216492
12.41	-0.151308858744503
12.415	-0.169705990074168
12.42	-0.186898897627344
12.425	-0.200882692913636
12.43	-0.210712786500179
12.435	-0.215979048266513
12.44	-0.216737879998302
12.445	-0.212919706260647
12.45	-0.204944550651421
12.455	-0.193232717403112
12.46	-0.178083289488909
12.465	-0.159403632889237
12.47	-0.137452287606008
12.475	-0.112847859372237
12.48	-0.0865850819771609
12.485	-0.0598205913976604
12.49	-0.0339799159918891
12.495	-0.0105802967753417
12.5	0.00904575454840557
12.505	0.0238994980175746
12.51	0.0333725838641154
12.515	0.0370231095227159
12.52	0.0344719296673199
12.525	0.0252364049587852
12.53	0.00901744820623602
12.535	-0.0142687040239082
12.54	-0.0443382061990986
12.545	-0.0805274930967881
12.55	-0.121580566409922
12.555	-0.165770304122056
12.56	-0.211184347062057
12.565	-0.256046808204919
12.57	-0.298885995259645
12.575	-0.33846189649219
12.58	-0.373797795254689
12.585	-0.404122323794929
12.59	-0.428570771715314
12.595	-0.4460738456438
12.6	-0.455589828085073
12.605	-0.456608966824627
12.61	-0.449124884847196
12.615	-0.433982273710776
12.62	-0.413052767703135
12.625	-0.389288368194548
12.63	-0.365552321266983
12.635	-0.343975866855666
12.64	-0.325537093720441
12.645	-0.310256009832521
12.65	-0.296498352389623
12.655	-0.281764180227437
12.66	-0.263667734900981
12.665	-0.241244540552733
12.67	-0.21412755555621
12.675	-0.182962138030321
12.68	-0.149064829101325
12.685	-0.114454698572206
12.69	-0.0801478716820474
12.695	-0.0467017420329458
12.7	-0.0143291156120761
12.705	0.0162593490648629
12.71	0.0446431453610846
12.715	0.0697483939776169
12.72	0.0901373417832272
12.725	0.104015125377748
12.73	0.110735180572392
12.735	0.1104395091076
12.74	0.104356387373144
12.745	0.0943599946336757
12.75	0.0832533992925174
12.755	0.073838724297887
12.76	0.0684235283207935
12.765	0.0683169287237509
12.77	0.0738937924934379
12.775	0.0849827681657643
12.78	0.100884178492284
12.785	0.120602731507507
12.79	0.142761833809608
12.795	0.166661247625303
12.8	0.191822029527583
12.805	0.217947992466585
12.81	0.24415501608093
12.815	0.270283664273739
12.82	0.296308499654188
12.825	0.322351698881472
12.83	0.347919957518959
12.835	0.373018266585601
12.84	0.397412818190792
12.845	0.420416765382422
12.85	0.440390624660296
12.855	0.455765113130073
12.86	0.464925767237354
12.865	0.466514388185349
12.87	0.459700929368315
12.875	0.445011956025838
12.88	0.424019744456511
12.885	0.398910320880109
12.89	0.372210603037361
12.895	0.346456631738634
12.9	0.323605865149819
12.905	0.304638388254603
12.91	0.28959275140953
12.915	0.277680577317227
12.92	0.267660274795687
12.925	0.258347135833235
12.93	0.248802963488762
12.935	0.238534604704778
12.94	0.227644818557773
12.945	0.216960605837151
12.95	0.207095053765533
12.955	0.198355455644997
12.96	0.190601252918174
12.965	0.183649531586528
12.97	0.176483569620976
12.975	0.168090912580149
12.98	0.157780373583251
12.985	0.145855739895529
12.99	0.13271725587011
12.995	0.1192158334553
13	0.106427705062878
13.005	0.0958009436843234
13.01	0.0880347180695769
13.015	0.0832467031903891
13.02	0.0812016572569815
13.025	0.0819377971335495
13.03	0.0852677272024305
13.035	0.0908292098581772
13.04	0.0983625743482597
13.045	0.107933096790259
13.05	0.119424696031236
13.055	0.131829623306087
13.06	0.143611359821589
13.065	0.15306814073976
13.07	0.158598508886436
13.075	0.158180258464526
13.08	0.150275599345083
13.085	0.134410778242257
13.09	0.111166554813965
13.095	0.0813794376064545
13.1	0.0463895111575312
13.105	0.0081041027561328
13.11	-0.0316573339389162
13.115	-0.0717157239145208
13.12	-0.111260779672258
13.125	-0.149407827071491
13.13	-0.185474268750178
13.135	-0.218981163605172
13.14	-0.249298593826301
13.145	-0.275365108285548
13.15	-0.296359273732398
13.155	-0.312090650410723
13.16	-0.323025495942067
13.165	-0.330002396458774
13.17	-0.334644820684083
13.175	-0.338931290928899
13.18	-0.344549188457134
13.185	-0.352038217572269
13.19	-0.361494328606296
13.195	-0.372309289996536
13.2	-0.383333861719988
13.205	-0.392654762766396
13.21	-0.399170110851364
13.215	-0.402104557385567
13.22	-0.401065141653367
13.225	-0.395442241175135
13.23	-0.385747052480685
13.235	-0.372889617043043
13.24	-0.358247903033204
13.245	-0.343241148725977
13.25	-0.329699680158241
13.255	-0.319275300796983
13.26	-0.313049149388129
13.265	-0.311350897192741
13.27	-0.313221903596578
13.275	-0.317254772857471
13.28	-0.321834738429611
13.285	-0.3259870843284
13.29	-0.328453634515962
13.295	-0.328931183152131
13.3	-0.32765844323843
13.305	-0.325594797175836
13.31	-0.322804140802155
13.315	-0.319267523064392
13.32	-0.314740225183129
13.325	-0.309326848281415
13.33	-0.302993572136969
13.335	-0.296147995667123
13.34	-0.289764336518505
13.345	-0.285354240513827
13.35	-0.284650892995104
13.355	-0.288667259954
13.36	-0.297629339920106
13.365	-0.310803820164603
13.37	-0.327387328094668
13.375	-0.345871747635899
13.38	-0.36494216165365
13.385	-0.383579844322964
13.39	-0.401943883188901
13.395	-0.41968476729475
13.4	-0.435897300484119
13.405	-0.448484367456385
13.41	-0.455293783888942
13.415	-0.453044831371667
13.42	-0.438659057403765
13.425	-0.409902977384854
13.43	-0.367013753554808
13.435	-0.311393554297594
13.44	-0.245876416773697
13.445	-0.174101821957915
13.45	-0.10028128223451
13.455	-0.0276286181985916
13.46	0.041446366525991
13.465	0.105155784628442
13.47	0.162163182723546
13.475	0.211943919280253
13.48	0.254231732092191
13.485	0.288652193365065
13.49	0.314830883099954
13.495	0.33283488531356
13.5	0.342768055371275
13.505	0.344519372807905
13.51	0.337810401447965
13.515	0.322880430282072
13.52	0.300271020451941
13.525	0.270852871786829
13.53	0.235740871587191
13.535	0.196981580293606
13.54	0.157009883428133
13.545	0.118271033682392
13.55	0.0825901310374871
13.555	0.0515503426145012
13.56	0.0259064806701571
13.565	0.00549632572710522
13.57	-0.0109434683433665
13.575	-0.0246416409460028
13.58	-0.0367233619387704
13.585	-0.0477382100545728
13.59	-0.0580055205218463
13.595	-0.0664477028516589
13.6	-0.0712953552625992
13.605	-0.0703894110607676
13.61	-0.0627469778514851
13.615	-0.0475482638196708
13.62	-0.0250159141272278
13.625	0.00382346614410354
13.63	0.0362535721101418
13.635	0.0700271062065775
13.64	0.103255687151545
13.645	0.134895842229307
13.65	0.163894768108094
13.655	0.190051362867936
13.66	0.213305696580046
13.665	0.23343011795188
13.67	0.249759208354172
13.675	0.261301614435291
13.68	0.267099918319237
13.685	0.266551376908403
13.69	0.260059995294691
13.695	0.248378881999131
13.7	0.232828115964935
13.705	0.215030114507148
13.71	0.196964200540753
13.715	0.179796183320611
13.72	0.164214466696774
13.725	0.150573499614983
13.73	0.139256079119244
13.735	0.130086119793596
13.74	0.122768100170783
13.745	0.11698649187764
13.75	0.112446472652794
13.755	0.10844539186631
13.76	0.104046190037966
13.765	0.0982053719820395
13.77	0.0901671671126548
13.775	0.0795643788420348
13.78	0.0665923634066804
13.785	0.0518082045113192
13.79	0.0363177711653361
13.795	0.0211682761495861
13.8	0.00696443049302022
13.805	-0.00663344439679652
13.81	-0.0199930673365656
13.815	-0.0335386591829154
13.82	-0.0473100967974132
13.825	-0.0611454826366054
13.83	-0.073442060798646
13.835	-0.0823165513997853
13.84	-0.0861448018885217
13.845	-0.0848612714434236
13.85	-0.0786234048775327
13.855	-0.0691709613211659
13.86	-0.059097595534163
13.865	-0.051875502381805
13.87	-0.0491146362752386
13.875	-0.0518683789338067
13.88	-0.0600181811740449
13.885	-0.0731278439644477
13.89	-0.0887357031502757
13.895	-0.104718786839406
13.9	-0.11913578943951
13.905	-0.130950785586957
13.91	-0.138585074013557
13.915	-0.141370182085483
13.92	-0.13901843798783
13.925	-0.131731836736062
13.93	-0.119469418093301
13.935	-0.102709978882161
13.94	-0.0821522619938161
13.945	-0.0586405346407503
13.95	-0.0328833664712084
13.955	-0.00563126747932407
13.96	0.0226243927366648
13.965	0.0517336183873316
13.97	0.0818965452042489
13.975	0.113202507674053
13.98	0.14552257566091
13.985	0.178311680856958
13.99	0.210946599937024
13.995	0.24257387767669
14	0.272453323942464
14.005	0.3000215638153
14.01	0.325293212668765
14.015	0.348442615795911
14.02	0.369595121681315
14.025	0.388505862156507
14.03	0.404802714837334
14.035	0.418060573993811
14.04	0.42804230344817
14.045	0.4347998896106
14.05	0.438865795825294
14.055	0.441047448759087
14.06	0.441921132605956
14.065	0.441242900556291
14.07	0.438086388062578
14.075	0.430827319117908
14.08	0.417525613149083
14.085	0.396359218302415
14.09	0.366462512030648
14.095	0.328199739810567
14.1	0.283160135188917
14.105	0.233869470897003
14.11	0.183075615395015
14.115	0.133560057049145
14.12	0.0875757121765991
14.125	0.0468381236723495
14.13	0.0119841298983734
14.135	-0.0164604785558545
14.14	-0.0380041767420845
14.145	-0.0517991711621296
14.15	-0.0575405697804834
14.155	-0.0550390845771342
14.16	-0.0447184480938324
14.165	-0.027562955074706
14.17	-0.00577515385364556
14.175	0.017993565979909
14.18	0.0411261628251625
14.185	0.0617615296359201
14.19	0.0787258097276433
14.195	0.0915424077355363
14.2	0.100353841112787
14.205	0.105753912304881
14.21	0.108548004049603
14.215	0.109191895138028
14.22	0.108218844514387
14.225	0.106457520173854
14.23	0.105393670633924
14.235	0.106081087687322
14.24	0.109269512907731
14.245	0.115026314670338
14.25	0.123195305935185
14.255	0.132162178720529
14.26	0.139718883583393
14.265	0.143420349913052
14.27	0.142112082708392
14.275	0.134756820976764
14.28	0.12115707530099
14.285	0.101623963465567
14.29	0.0779632056198822
14.295	0.0515416787186123
14.3	0.023615022936103
14.305	-0.00503274053831089
14.31	-0.0331971759241577
14.315	-0.0604148488023002
14.32	-0.0864549992236993
14.325	-0.111247440142781
14.33	-0.134390495585569
14.335	-0.155494968585659
14.34	-0.174060730497251
14.345	-0.189563589154101
14.35	-0.201551884077609
14.355	-0.209734384759701
14.36	-0.21413622492907
14.365	-0.215203088167658
14.37	-0.213607773410363
14.375	-0.210125798029477
14.38	-0.205520744103653
14.385	-0.200623306647919
14.39	-0.195630863111401
14.395	-0.19057249973421
14.4	-0.185247847294947
14.405	-0.179604397832674
14.41	-0.17299077610243
14.415	-0.164993220066797
14.42	-0.155268775804878
14.425	-0.143810790885998
14.43	-0.130180554015986
14.435	-0.114264677560715
14.44	-0.0961011357111583
14.445	-0.0759696138656055
14.45	-0.0541956160581196
14.455	-0.0314544806040431
14.46	-0.00852542353455924
14.465	0.014008014112055
14.47	0.0352377491348931
14.475	0.0540129000375264
14.48	0.069113967550705
14.485	0.0797952790043486
14.49	0.0852441415764169
14.495	0.0851786104542028
14.5	0.0801009570353834
14.505	0.071708478205273
14.51	0.0616508696601178
14.515	0.0516886729083987
14.52	0.0431574550522934
14.525	0.0371043147559605
14.53	0.03336557389111
14.535	0.0317481251914488
14.54	0.0322305037615203
14.545	0.0354852101319805
14.55	0.0420151062879188
14.555	0.0526466989197118
14.56	0.0676830572626276
14.565	0.086513256779012
14.57	0.107245159084344
14.575	0.12766302919044
14.58	0.145562601123513
14.585	0.159178542480002
14.59	0.167941266308445
14.595	0.172562613097938
14.6	0.174280870541571
14.605	0.173623671092804
14.61	0.170482596910114
14.615	0.163521320115459
14.62	0.150235573882479
14.625	0.127192932929482
14.63	0.0922528781834889
14.635	0.0451776734303477
14.64	-0.0118275241993533
14.645	-0.0748540481983542
14.65	-0.137812041450013
14.655	-0.194593104033739
14.66	-0.240502998419168
14.665	-0.273948512052464
14.67	-0.295005816669677
14.675	-0.305912861325966
14.68	-0.309757055088986
14.685	-0.309877312740114
14.69	-0.307546145991961
14.695	-0.302983280247818
14.7	-0.295528003133418
14.705	-0.284636246816483
14.71	-0.269763943608034
14.715	-0.251205893980159
14.72	-0.229646091687951
14.725	-0.205702149094616
14.73	-0.179352217424576
14.735	-0.150055976759926
14.74	-0.116984420824568
14.745	-0.0795647691988435
14.75	-0.0377202748545145
14.755	0.00778240160775221
14.76	0.0555453357280966
14.765	0.103752618269377
14.77	0.151006639728273
14.775	0.196074126270586
14.78	0.238011413372096
14.785	0.275899719233124
14.79	0.309355062924173
14.795	0.337951771883721
14.8	0.361630054623205
14.805	0.380749819651694
14.81	0.39642250811309
14.815	0.409669643473027
14.82	0.421348044827723
14.825	0.431949863878374
14.83	0.441772874684119
14.835	0.450722943846579
14.84	0.458741833265104
14.845	0.46604076872819
14.85	0.472440790034789
14.855	0.477196518735386
14.86	0.478524418156915
14.865	0.473970386172559
14.87	0.459720325355992
14.875	0.432946229457857
14.88	0.39255973085011
14.885	0.340552431629776
14.89	0.280121330979935
14.895	0.216767696150458
14.9	0.156439520586032
14.905	0.104890742694946
14.91	0.0644187022500867
14.915	0.0358290780166441
14.92	0.0183616809693852
14.925	0.0113587569408083
14.93	0.0123750424794911
14.935	0.0197001987033404
14.94	0.0317602045759284
14.945	0.0477313010401436
14.95	0.0647009951395717
14.955	0.0797429404699717
14.96	0.0899872462984639
14.965	0.0941909155447409
14.97	0.0909663060312835
14.975	0.0805426057181528
14.98	0.0644610075230406
14.985	0.0458814026679636
14.99	0.0271116473166526
14.995	0.00974506912013733
15	-0.00559355839884814
15.005	-0.0186464305270045
15.01	-0.0301276400232875
15.015	-0.0412948131689713
15.02	-0.0532038461657881
15.025	-0.0661961272867837
15.03	-0.0799161258300135
15.035	-0.0943785729710716
15.04	-0.109849882115483
15.045	-0.127064455440111
15.05	-0.146458666538774
15.055	-0.169191699549162
15.06	-0.196094747660513
15.065	-0.227475664377862
15.07	-0.261792088590171
15.075	-0.297643566768827
15.08	-0.33361223080071
15.085	-0.369024869057346
15.09	-0.402883122095017
15.095	-0.435403870801617
15.1	-0.467067129486645
15.105	-0.498453065542453
15.11	-0.528854616703977
15.115	-0.55744386627878
15.12	-0.583391130178254
15.125	-0.606744685796782
15.13	-0.627319246296765
15.135	-0.645502695342234
15.14	-0.661760985956033
15.145	-0.676946989755578
15.15	-0.690165273554891
15.155	-0.700213896924338
15.16	-0.705708943894747
15.165	-0.70637351719918
15.17	-0.700832662384298
15.175	-0.688389179947168
15.18	-0.668495270039083
15.185	-0.641523693258072
15.19	-0.60651466180392
15.195	-0.563266660932556
15.2	-0.512466010444738
15.205	-0.456584164260759
15.21	-0.398166575904199
15.215	-0.340263188544404
15.22	-0.285421573826018
15.225	-0.235200530264976
15.23	-0.189727486850981
15.235	-0.148125630517934
15.24	-0.109219481079477
15.245	-0.0720885510229472
15.25	-0.0369880806452262
15.255	-0.00464179156423976
15.26	0.0241053348529967
15.265	0.0492321821256081
15.27	0.0708551034163004
15.275	0.0903345195775245
15.28	0.109559697511607
15.285	0.130808236289566
15.29	0.154792692284761
15.295	0.182065042819292
15.3	0.212555219156229
15.305	0.246266387270618
15.31	0.281992026126518
15.315	0.319474441363185
15.32	0.35864815765924
15.325	0.399795494324065
15.33	0.441491483366689
15.335	0.482716668636355
15.34	0.522022089641339
15.345	0.558180918689755
15.35	0.588668899360329
15.355	0.612589430079847
15.36	0.62983067316404
15.365	0.641157785283001
15.37	0.645759409504111
15.375	0.643172268288766
15.38	0.631841952659869
15.385	0.609383648014004
15.39	0.57214170204147
15.395	0.518531233634147
15.4	0.449305830456313
15.405	0.367973094443204
15.41	0.280033426175834
15.415	0.192917615789114
15.42	0.113542231040662
15.425	0.046292708876516
15.43	-0.00758005585174002
15.435	-0.0494559650949945
15.44	-0.0825024847915973
15.445	-0.110468787736592
15.45	-0.13571180634072
15.455	-0.158745523633324
15.46	-0.178463531383643
15.465	-0.193242385561453
15.47	-0.201343094354684
15.475	-0.202172658467089
15.48	-0.196434964092644
15.485	-0.185994567519757
15.49	-0.172900880156857
15.495	-0.159223829360731
15.5	-0.146433154935141
15.505	-0.135297824630526
15.51	-0.125801609458433
15.515	-0.118013355744374
15.52	-0.112031269827377
15.525	-0.108040246110673
15.53	-0.105609786011386
15.535	-0.104393651439468
15.54	-0.103365757173705
15.545	-0.10088391930159
15.55	-0.0938859476916607
15.555	-0.0801437300513932
15.56	-0.0582270417225354
15.565	-0.0283037694791342
15.57	0.00921614850484276
15.575	0.051690219632508
15.58	0.0957409065477263
15.585	0.137720417028331
15.59	0.176033037385208
15.595	0.209088003490423
15.6	0.236130216629729
15.605	0.256721549807864
15.61	0.271729506384367
15.615	0.281336173998364
15.62	0.285621701139036
15.625	0.2845535024736
15.63	0.278716033418791
15.635	0.268672459883525
15.64	0.255002222247309
15.645	0.238010838926235
15.65	0.217887060312123
15.655	0.194694465645185
15.66	0.16843715300145
15.665	0.139190876112682
15.67	0.107275508672193
15.675	0.0736970091011113
15.68	0.039885373484452
15.685	0.00753380671510575
15.69	-0.0220445196787814
15.695	-0.0475084624875619
15.7	-0.0678931909412963
15.705	-0.0825025637791644
15.71	-0.0915556619887635
15.715	-0.0953191406450996
15.72	-0.0941899198718381
15.725	-0.0883072160425305
15.73	-0.0784953699403186
15.735	-0.0654463273785923
15.74	-0.049991802791852
15.745	-0.0327637271067607
15.75	-0.015182766983886
15.755	0.00159766224640679
15.76	0.0166505924430828
15.765	0.0297434192923221
15.77	0.0404924759498911
15.775	0.0490329896389027
15.78	0.0557254503098127
15.785	0.0612246933020046
15.79	0.0658825516993786
15.795	0.0699190132769074
15.8	0.0735768066310024
15.805	0.0773281372194345
15.81	0.0818997038301606
15.815	0.0877177301964078
15.82	0.0949904291239094
15.825	0.103479502034751
15.83	0.112906703954245
15.835	0.122073384169253
15.84	0.129402320597324
15.845	0.133031155969395
15.85	0.132086414269069
15.855	0.12579288914419
15.86	0.113942485666697
15.865	0.0964987613163161
15.87	0.0746785003314972
15.875	0.0495756884503724
15.88	0.022244150841931
15.885	-0.00686708792620448
15.89	-0.036763840276962
15.895	-0.0667580073681712
15.9	-0.096221212098969
15.905	-0.124906265609066
15.91	-0.151849105465757
15.915	-0.175971616559711
15.92	-0.196194811317022
15.925	-0.21211808524415
15.93	-0.223138541990747
15.935	-0.229175029716706
15.94	-0.230726779178248
15.945	-0.229360758838761
15.95	-0.226155288938745
15.955	-0.222241528669622
15.96	-0.218448968524604
15.965	-0.215740117787292
15.97	-0.21354214032104
15.975	-0.210936863323415
15.98	-0.206681482519156
15.985	-0.20005013937701
15.99	-0.189706039319352
15.995	-0.174972034635739
16	-0.155679036796564
16.005	-0.132406946345966
16.01	-0.105585181949121
16.015	-0.075939757346999
16.02	-0.044118066154779
16.025	-0.0106665959140716
16.03	0.0242597170312234
16.035	0.0603887731396089
16.04	0.0973119059549162
16.045	0.134347728921177
16.05	0.170625213327592
16.055	0.204850694684974
16.06	0.23569994290674
16.065	0.262182192603329
16.07	0.283803217160889
16.075	0.300510194394479
16.08	0.312798990246856
16.085	0.321713066290075
16.09	0.328438920371114
16.095	0.334200584581531
16.1	0.340066336645535
16.105	0.346867547986585
16.11	0.354955396907809
16.115	0.364461912794217
16.12	0.375178673714512
16.125	0.386580297372419
16.13	0.397993697664274
16.135	0.409103043365255
16.14	0.41973701995793
16.145	0.42952503131877
16.15	0.437855767574164
16.155	0.443839455518365
16.16	0.445873647038058
16.165	0.441485549361245
16.17	0.42815186389474
16.175	0.404204235669697
16.18	0.369344962540042
16.185	0.324841404977557
16.19	0.273669995146221
16.195	0.220100974397741
16.2	0.168507197561006
16.205	0.122190618986407
16.21	0.0828834770344135
16.215	0.0507962434681361
16.22	0.0248458059111627
16.225	0.00314900752911857
16.23	-0.0159338590279248
16.235	-0.0334750798065481
16.24	-0.0498317009414378
16.245	-0.0650609905256879
16.25	-0.078305353177516
16.255	-0.0887908891729062
16.26	-0.0957709256446789
16.265	-0.0990087107374974
16.27	-0.0974534184316509
16.275	-0.0906555197718569
16.28	-0.0784399003373355
16.285	-0.0614281072705329
16.29	-0.0396027451993206
16.295	-0.0138718600839987
16.3	0.0145792747533484
16.305	0.0441161629634993
16.31	0.0741741734487915
16.315	0.103801231866769
16.32	0.132214109345224
16.325	0.158515803924567
16.33	0.182665821301187
16.335	0.203991976292951
16.34	0.221751069189398
16.345	0.235147851908628
16.35	0.244149439500415
16.355	0.248370555696871
16.36	0.247757613516064
16.365	0.242719744576782
16.37	0.234421987539024
16.375	0.223558979653342
16.38	0.210774086070371
16.385	0.196796443633819
16.39	0.182521600609537
16.395	0.168390662913029
16.4	0.154968584835351
16.405	0.14333194588862
16.41	0.134742624076666
16.415	0.130354243338321
16.42	0.13104336456407
16.425	0.137352392774938
16.43	0.148725533709712
16.435	0.163831988665957
16.44	0.180734976386395
16.445	0.197525081942482
16.45	0.212041103356127
16.455	0.222794840831453
16.46	0.229025697017596
16.465	0.230991458354827
16.47	0.228878774291591
16.475	0.223323584084621
16.48	0.214936734181141
16.485	0.204465739674234
16.49	0.191650432080291
16.495	0.176153638890193
16.5	0.157530214441979
16.505	0.135834485522543
16.51	0.110698257295382
16.515	0.0821701585104572
16.52	0.0506722356561126
16.525	0.0173430976268152
16.53	-0.0169393764787288
16.535	-0.0513545969351037
16.54	-0.0851541716890834
16.545	-0.11735950269741
16.55	-0.147161176293648
16.555	-0.17392374475687
16.56	-0.196925276009537
16.565	-0.215190373963923
16.57	-0.227805819315471
16.575	-0.234521643956131
16.58	-0.235689936541089
16.585	-0.232186431917348
16.59	-0.225218578364317
16.595	-0.216431388274454
16.6	-0.207301877189511
16.605	-0.198816988104318
16.61	-0.191200430043629
16.615	-0.184482661505685
16.62	-0.178603620502756
16.625	-0.173755658049539
16.63	-0.170076878848221
16.635	-0.168104175650807
16.64	-0.168377114807545
16.645	-0.171406842831133
16.65	-0.176862378183712
16.655	-0.184476080356369
16.66	-0.193963391776874
16.665	-0.205416087870745
16.67	-0.218569539729921
16.675	-0.233636279150215
16.68	-0.250669465920474
16.685	-0.269408616495045
16.69	-0.288479224957512
16.695	-0.306360641927156
16.7	-0.321394458340972
16.705	-0.3322773588074
16.71	-0.33791086716955
16.715	-0.338157235193743
16.72	-0.333522173509852
16.725	-0.324890372308082
16.73	-0.313173026832664
16.735	-0.299229209614505
16.74	-0.283700478934065
16.745	-0.26680334490839
16.75	-0.249051329435749
16.755	-0.230709320501106
16.76	-0.211974849948478
16.765	-0.192547348817298
16.77	-0.172970008416905
16.775	-0.153341246015891
16.78	-0.133685045095905
16.785	-0.113410236199965
16.79	-0.0930771183273264
16.795	-0.0727398975107645
16.8	-0.052383324182415
16.805	-0.0313479154172722
16.81	-0.0102878286509559
16.815	0.0103944335740657
16.82	0.0300591224152769
16.825	0.0484321347164769
16.83	0.0639957130448113
16.835	0.0757188384768092
16.84	0.0829127457832839
16.845	0.085913850318647
16.85	0.0846697556365482
16.855	0.0799857254993556
16.86	0.0729864310575998
16.865	0.0652362559227041
16.87	0.0574444021598136
16.875	0.0504161114148442
16.88	0.0446083780716726
16.885	0.0402829326552804
16.89	0.0367480399941141
16.895	0.0333831565638564
16.9	0.0293086449914601
16.905	0.023563083148631
16.91	0.014597932083243
16.915	0.00148681978206105
16.92	-0.0163403951079052
16.925	-0.0389444819859344
16.93	-0.0662448357056172
16.935	-0.0971008126260592
16.94	-0.129912645245519
16.945	-0.162982330900654
16.95	-0.195131054116839
16.955	-0.225272908812005
16.96	-0.252910891826273
16.965	-0.278160006615013
16.97	-0.301651733398115
16.975	-0.32367014152228
16.98	-0.344088895637193
16.985	-0.362279296384875
16.99	-0.377421428199864
16.995	-0.388450716476206
17	-0.394601029442891
17.005	-0.395655137021651
17.01	-0.392192662776844
17.015	-0.385119065070466
17.02	-0.375328769199275
17.025	-0.363272221211003
17.03	-0.348810225063589
17.035	-0.331288558367556
17.04	-0.309837106014193
17.045	-0.283839755447059
17.05	-0.253220124747875
17.055	-0.21887244922559
17.06	-0.182446064912698
17.065	-0.145993784257023
17.07	-0.111314288507872
17.075	-0.0797563204223845
17.08	-0.0518729995342196
17.085	-0.0274273627951401
17.09	-0.00562924206341416
17.095	0.0143712310122589
17.1	0.0331711021327041
17.105	0.050961771106661
17.11	0.0674206324611102
17.115	0.0819316228083805
17.12	0.0938997352679623
17.125	0.103079220058821
17.13	0.109478921620513
17.135	0.113422802143658
17.14	0.115273332298266
17.145	0.115302206923194
17.15	0.113144979591277
17.155	0.108378339533774
17.16	0.100533955694503
17.165	0.08962860574682
17.17	0.0753987373978256
17.175	0.0585331807900043
17.18	0.0401955708196296
17.185	0.0222394105612817
17.19	0.00530972356280418
17.195	-0.00961546135067727
17.2	-0.021873915312848
17.205	-0.0305356795368393
17.21	-0.0363087045924637
17.215	-0.0393305279688481
17.22	-0.0397552907309904
17.225	-0.037224055428693
17.23	-0.0327790030473079
17.235	-0.0269472737217595
17.24	-0.020402979562167
17.245	-0.013533822868303
17.25	-0.00784571529587404
17.255	-0.0041963545236765
17.26	-0.00314199881437981
17.265	-0.00446797622738173
17.27	-0.0084642275866471
17.275	-0.0147526530759574
17.28	-0.0226944372962211
17.285	-0.0310627882127272
17.29	-0.0392936233451615
17.295	-0.0465916378267223
17.3	-0.0521231586754919
17.305	-0.0547205022177244
17.31	-0.054027494522827
17.315	-0.0501633354960845
17.32	-0.0439879834013174
17.325	-0.0368595577694074
17.33	-0.0310084154595666
17.335	-0.028889391577341
17.34	-0.0325907329249524
17.345	-0.0431911228261427
17.35	-0.0607019585356078
17.355	-0.0842098007074183
17.36	-0.112101314386933
17.365	-0.142464529620502
17.37	-0.173391809380815
17.375	-0.203427509047232
17.38	-0.231447237505112
17.385	-0.256534845010375
17.39	-0.277639360296522
17.395	-0.293724545250105
17.4	-0.303823280258007
17.405	-0.307364862951082
17.41	-0.304147930198714
17.415	-0.294690410966636
17.42	-0.280308320978413
17.425	-0.263225408739854
17.43	-0.245862304114216
17.435	-0.230748481795509
17.44	-0.220150050685256
17.445	-0.215993261683205
17.45	-0.218868218801448
17.455	-0.228315641547226
17.46	-0.242824475250175
17.465	-0.260358783477148
17.47	-0.278139342265992
17.475	-0.29357054885875
17.48	-0.304613783144428
17.485	-0.310223867847742
17.49	-0.31008985645999
17.495	-0.304664507842415
17.5	-0.294847570269158
17.505	-0.281674282552108
17.51	-0.266030066906025
17.515	-0.248408766096795
17.52	-0.228985671554992
17.525	-0.207738761386184
17.53	-0.184845331589016
17.535	-0.16066066390158
17.54	-0.135846420076498
17.545	-0.11119471684139
17.55	-0.0877012865170342
17.555	-0.066035116630432
17.56	-0.0463895111575312
17.565	-0.0282880548539502
17.57	-0.0111992809189957
17.575	0.00568791020631677
17.58	0.0229546028031442
17.585	0.0409321640179338
17.59	0.0590040193132794
17.595	0.0767599231847981
17.6	0.0939497670962167
17.605	0.110897523614065
17.61	0.127523102523916
17.615	0.144301371841171
17.62	0.161422690680176
17.625	0.178620478904031
17.63	0.194304670711353
17.635	0.206856764871301
17.64	0.214676568674218
17.645	0.216705382549223
17.65	0.212341091703388
17.655	0.202180686499002
17.66	0.187489273200747
17.665	0.16979042292691
17.67	0.150223806958878
17.675	0.129949318206284
17.68	0.109779837555927
17.685	0.0902324417601289
17.69	0.0712954056191646
17.695	0.0533016162783554
17.7	0.0365232346257526
17.705	0.0211294877793331
17.71	0.00663161004394226
17.715	-0.00713869424646591
17.72	-0.0202628904430545
17.725	-0.0325004409135408
17.73	-0.0437703414494798
17.735	-0.0533677565160102
17.74	-0.0604584612626842
17.745	-0.0643279484023876
17.75	-0.064963709092282
17.755	-0.0627670294078099
17.76	-0.0587373663707309
17.765	-0.0543565048596329
17.77	-0.0511267488168768
17.775	-0.0501579094124769
17.78	-0.0518729995342196
17.785	-0.0560021624354307
17.79	-0.0612404765709636
17.795	-0.0658529608958294
17.8	-0.0680332800604087
17.805	-0.0665718500238075
17.81	-0.0605344466704977
17.815	-0.0500244693972929
17.82	-0.0359028399553974
17.825	-0.0197949768883669
17.83	-0.00270096261405286
17.835	0.0143561315261576
17.84	0.030789587107792
17.845	0.0460253770833766
17.85	0.0605672483508829
17.855	0.0744194995824991
17.86	0.0872054766475161
17.865	0.0977518839068128
17.87	0.105236969882863
17.875	0.108418794511816
17.88	0.106347654137671
17.885	0.098644775920771
17.89	0.0859280648304833
17.895	0.0693915742343119
17.9	0.0507622929469707
17.905	0.0321459010452633
17.91	0.0153878773100914
17.915	0.00198299909098436
17.92	-0.00704448141822735
17.925	-0.010981092265129
17.93	-0.00983802010630982
17.935	-0.00394849302394944
17.94	0.00600381939053467
17.945	0.0191569385768865
17.95	0.034176431546497
17.955	0.0497220510627264
17.96	0.0644910266199933
17.965	0.0774181056207379
17.97	0.0878318170651963
17.975	0.095727290960086
17.98	0.101684687744356
17.985	0.106629692539683
17.99	0.111732098825395
17.995	0.118091280708349
18	0.12644043636466
18.005	0.136906261868215
18.01	0.149246083351687
18.015	0.162952845486121
18.02	0.177332812065092
18.025	0.191423414312538
18.03	0.204274662637481
18.035	0.214703491334528
18.04	0.221200719078599
18.045	0.22182978722595
18.05	0.21477752600601
18.055	0.198502386388676
18.06	0.172329629239647
18.065	0.136808148405191
18.07	0.0941381173431872
18.075	0.0476310309190913
18.08	0.00130082753461585
18.085	-0.0409211271759696
18.09	-0.0757431796670332
18.095	-0.101399761842366
18.1	-0.11767486005448
18.105	-0.125684326625004
18.11	-0.127128311238522
18.115	-0.123866128912988
18.12	-0.117304624525397
18.125	-0.108171921236344
18.13	-0.0964422875493371
18.135	-0.0817453390662521
18.14	-0.0638206001213836
18.145	-0.0429647407218552
18.15	-0.0200923926084834
18.155	0.00327627983395045
18.16	0.0253861496563108
18.165	0.0447046440307689
18.17	0.0603652750458679
18.175	0.0722470716677156
18.18	0.0810215426752654
18.185	0.0878936362554747
18.19	0.0941516296494062
18.195	0.100497084102975
18.2	0.106877991517168
18.205	0.112525840962112
18.21	0.116358365263312
18.215	0.117154670079058
18.22	0.114172632076668
18.225	0.107338018712386
18.23	0.0975881042624783
18.235	0.0859131662098134
18.24	0.0731665456393159
18.245	0.0595089751434396
18.25	0.0455282275844615
18.255	0.0313764135247518
18.26	0.0175011335234086
18.265	0.00451700757176295
18.27	-0.00572261841116427
18.275	-0.0116855832160322
18.28	-0.0124279061384068
18.285	-0.00832197327829727
18.29	-0.000312756748688075
18.295	0.00983169188539108
18.3	0.0201728331521965
18.305	0.0290239528588149
18.31	0.0355326729887053
18.315	0.0397141804565679
18.32	0.04199671663679
18.325	0.0426777922617858
18.33	0.0414818040220225
18.335	0.0377469433705695
18.34	0.0305694470634724
18.345	0.0192951670207219
18.35	0.0040404447362405
18.355	-0.0138447470594388
18.36	-0.0319703382545971
18.365	-0.0475510708966231
18.37	-0.0582598125032234
18.375	-0.0631841045758801
18.38	-0.0631801927197266
18.385	-0.060533285772319
18.39	-0.0578314299085896
18.395	-0.0567778159803239
18.4	-0.0569662396505232
18.405	-0.0555352597669468
18.41	-0.0481925681643374
18.415	-0.0310528943472894
18.42	-0.00239152139056298
18.425	0.0363937861422763
18.43	0.0806246235331307
18.435	0.12385200499401
18.44	0.160191907705116
18.445	0.186560971433001
18.45	0.203030684966625
18.455	0.212410237164684
18.46	0.21851901308416
18.465	0.224403020725952
18.47	0.23042212480311
18.475	0.234502270918696
18.48	0.23322837059097
18.485	0.223839901056881
18.49	0.205203029105722
18.495	0.17887758282947
18.5	0.14856451081878
18.505	0.118970790259281
18.51	0.0938424518168038
18.515	0.0751082588003287
18.52	0.0625497916837204
18.525	0.0544864804941496
18.53	0.0483668002883149
18.535	0.0420313317732955
18.54	0.0344218978390655
18.545	0.0259167690280652
18.55	0.0174016171534555
18.555	0.00980818548058137
18.56	0.00340216432130298
18.565	-0.00232659407693036
18.57	-0.00905689572460095
18.575	-0.018581820056895
18.58	-0.0321404464706623
18.585	-0.0496723980015834
18.59	-0.0701774682622969
18.595	-0.0916951121775641
18.6	-0.112191371677791
18.605	-0.130196738015438
18.61	-0.145450430695713
18.615	-0.158396743638192
18.62	-0.169697955073463
18.625	-0.179624497587338
18.63	-0.187691201804461
18.635	-0.192893833751495
18.64	-0.194313614574655
18.645	-0.191954303167751
18.65	-0.18641308022348
18.655	-0.179366054149275
18.66	-0.172629820209174
18.665	-0.167625125984266
18.67	-0.164080378455616
18.675	-0.161163445883292
18.68	-0.157740348120648
18.685	-0.153331114521251
18.69	-0.147713745033425
18.695	-0.141953350872292
18.7	-0.137567514968451
18.705	-0.135991255418722
18.71	-0.137444699637469
18.715	-0.141489866142168
18.72	-0.147053549605496
18.725	-0.152986811998483
18.73	-0.158031344156758
18.735	-0.161404436887965
18.74	-0.162643467289584
18.745	-0.161587717711656
18.75	-0.157888548878463
18.755	-0.151392862441168
18.76	-0.142220474996116
18.765	-0.131018083712317
18.77	-0.118588877015364
18.775	-0.105904942147405
18.78	-0.0937296270518971
18.785	-0.0824224184539605
18.79	-0.0716207180461199
18.795	-0.0604906484100437
18.8	-0.0481005996838336
18.805	-0.0338918807297759
18.81	-0.0178782336032649
18.815	-0.000536862985905305
18.82	0.0172309616508345
18.825	0.0342766448861511
18.83	0.0496391845624229
18.835	0.0629549675043997
18.84	0.074257239495263
18.845	0.0836081959010638
18.85	0.0911271391759994
18.855	0.0969862243319674
18.86	0.101124331267906
18.865	0.103070668564064
18.87	0.102453640957158
18.875	0.0993339248321462
18.88	0.0942099326031399
18.885	0.0878734411678686
18.89	0.0813727091972101
18.895	0.075936679697597
18.9	0.0725061255063571
18.905	0.0714668905710014
18.91	0.0724664803974657
18.915	0.0749099690382105
18.92	0.0780696648082525
18.925	0.08140098489929
18.93	0.0843809696601796
18.935	0.0869957846022993
18.94	0.0893868643594104
18.945	0.0917096976325305
18.95	0.093592786374829
18.955	0.094709214582672
18.96	0.0946902381543827
18.965	0.0934182701479027
18.97	0.0908121509385115
18.975	0.0874685448681725
18.98	0.0843936878996157
18.985	0.0829177914797107
18.99	0.0839033991145005
18.995	0.0880309188570702
19	0.0955207665034067
19.005	0.106348385580156
19.01	0.11968759313156
19.015	0.134622492648779
19.02	0.150205554785527
19.025	0.165782989145405
19.03	0.180511901871831
19.035	0.193649911749119
19.04	0.204460069344658
19.045	0.212229584692055
19.05	0.216284961690909
19.055	0.215941206384788
19.06	0.210704041510814
19.065	0.200323482608743
19.07	0.185264371398444
19.075	0.16628631605872
19.08	0.14452193909582
19.085	0.121211692128016
19.09	0.097943492051761
19.095	0.0759893290618816
19.1	0.0563158258832152
19.105	0.0394308702558153
19.11	0.0257332747132753
19.115	0.0152109677839014
19.12	0.00763485699162993
19.125	0.0025327585881896
19.13	-0.000495230106512734
19.135	-0.00214354587880433
19.14	-0.00328208793349229
19.145	-0.00499429613106392
19.15	-0.00811637563719295
19.155	-0.01348500376046
19.16	-0.0216537752685284
19.165	-0.0329022123399601
19.17	-0.0469085871154726
19.175	-0.0632624081248764
19.18	-0.0814217973013011
19.185	-0.100797586667466
19.19	-0.120438201047587
19.195	-0.139216636505272
19.2	-0.155598985871357
19.205	-0.167741369548707
19.21	-0.173482069617122
19.215	-0.171168555893728
19.22	-0.160031805854702
19.225	-0.1406629326533
19.23	-0.11456368721359
19.235	-0.0844418916958609
19.24	-0.053393967113155
19.245	-0.0244007807384512
19.25	0.000851365097740372
19.255	0.021335236273491
19.26	0.0368834637891847
19.265	0.0477546545169179
19.27	0.0548881832044867
19.275	0.0588519809365252
19.28	0.0600782193679503
19.285	0.0589353393494821
19.29	0.0560323210508812
19.295	0.0518827439429699
19.3	0.0470899567530936
19.305	0.042426796362463
19.31	0.0384689719919
19.315	0.0355980407278721
19.32	0.034001630481728
19.325	0.0339017439199258
19.33	0.0349795432773956
19.335	0.0367711258544991
19.34	0.0386545905093924
19.345	0.0401605890056474
19.35	0.0405054875448814
19.355	0.0391421121178908
19.36	0.0358327953958411
19.365	0.0309234914696387
19.37	0.024897762183074
19.375	0.0186373913700826
19.38	0.0131683771965727
19.385	0.0095763939233252
19.39	0.00839367683743018
19.395	0.00987573059071626
19.4	0.0138087845982297
19.405	0.0196616931708961
19.41	0.0264142802838927
19.415	0.033300909670232
19.42	0.0397452843653395
19.425	0.0453874932788619
19.43	0.0498468499962053
19.435	0.0529676870843959
19.44	0.0544446355064986
19.445	0.0536257384343513
19.45	0.0497697313910833
19.455	0.0422649079066578
19.46	0.0308696380329991
19.465	0.0157747285742977
19.47	-0.00211737021167668
19.475	-0.0216712530468798
19.48	-0.0417565638611687
19.485	-0.0615655279417032
19.49	-0.0806346298693138
19.495	-0.0989477785698774
19.5	-0.116584166198532
19.505	-0.133310957365019
19.51	-0.148615092682383
19.515	-0.161647923847098
19.52	-0.171389030868463
19.525	-0.176780834566077
19.53	-0.17741756584925
19.535	-0.173493739514043
19.54	-0.165765453372662
19.545	-0.155196343108332
19.55	-0.1429462374185
19.555	-0.129974940763907
19.56	-0.116864344436757
19.565	-0.103752659329848
19.57	-0.0904294511990975
19.575	-0.076581318419679
19.58	-0.0619494097446669
19.585	-0.0465451494275899
19.59	-0.0304102029998643
19.595	-0.0137996483449005
19.6	0.00292185877006021
19.605	0.0191606952764943
19.61	0.034634195065667
19.615	0.0489823687149879
19.62	0.0617893078942527
19.625	0.0723208055735531
19.63	0.0802151062949555
19.635	0.0850541468244563
19.64	0.0865850819771609
19.645	0.0845623683080089
19.65	0.0793440876234737
19.655	0.0712581816949222
19.66	0.0605885440161457
19.665	0.0473170900463824
19.67	0.0315690291800306
19.675	0.0133768838302662
19.68	-0.00704448141822735
19.685	-0.0292244453506648
19.69	-0.0521530501431648
19.695	-0.0744637067914101
19.7	-0.0947002445200336
19.705	-0.111652655340433
19.71	-0.124546832120332
19.715	-0.132904132447271
19.72	-0.136606903865966
19.725	-0.135740633422254
19.73	-0.130711385904135
19.735	-0.121660294711568
19.74	-0.10869915006563
19.745	-0.0918999715524304
19.75	-0.0719409471727233
19.755	-0.0494771905778902
19.76	-0.0253461241937072
19.765	-0.000286582451568155
19.77	0.0244922316679775
19.775	0.0481259293525434
19.78	0.0699845213623325
19.785	0.0899203146800285
19.79	0.107543552234951
19.795	0.122741768573644
19.8	0.135466178181764
19.805	0.145851031465174
19.81	0.15368910024538
19.815	0.158762859449768
19.82	0.160852327838075
19.825	0.159970499720339
19.83	0.156165994413655
19.835	0.149707462049237
19.84	0.141169806602772
19.845	0.131554810946316
19.85	0.121865022375463
19.855	0.112965914523533
19.86	0.105487106691694
19.865	0.0999257486383492
19.87	0.0961850525109149
19.875	0.0938338299823211
19.88	0.0922586913012162
19.885	0.0910652186887847
19.89	0.0894819596407546
19.895	0.0868517483870232
19.9	0.0825425102542009
19.905	0.0762446907323666
19.91	0.067221245603939
19.915	0.055130223392775
19.92	0.0399253989470556
19.925	0.0221533705676078
19.93	0.00216743765335543
19.935	-0.0191963956998053
19.94	-0.0410160928030027
19.945	-0.0622814140538797
19.95	-0.0825061961691908
19.955	-0.101156059912846
19.96	-0.117764917345338
19.965	-0.131836420389825
19.97	-0.14293733924319
19.975	-0.150620868018147
19.98	-0.154598349306268
19.985	-0.154959208477598
19.99	-0.152077054996208
19.995	-0.146890986145102
20	-0.140669488320227
20.005	-0.134833631625217
20.01	-0.130368500465724
20.015	-0.128050515171124
20.02	-0.128131512159661
20.025	-0.1304087840224
20.03	-0.134104396173805
20.035	-0.138634617682965
20.04	-0.14362136618724
20.045	-0.149004021133601
20.05	-0.154746460356933
20.055	-0.161063625569349
20.06	-0.16798686654716
20.065	-0.175206683181954
20.07	-0.181774584314409
20.075	-0.186658893830767
20.08	-0.188910177123174
20.085	-0.1880758800025
20.09	-0.183959700017391
20.095	-0.177066569838441
20.1	-0.168257038419734
20.105	-0.158605945846624
20.11	-0.148587136171498
20.115	-0.138452300131132
20.12	-0.128101493062708
20.125	-0.117377656198254
20.13	-0.105763493833083
20.135	-0.0929409876215462
20.14	-0.0788001295007676
20.145	-0.0636329443367985
20.15	-0.0478056785010355
20.155	-0.0319445363054515
20.16	-0.0169407770469587
20.165	-0.00400998331319727
20.17	0.0057800763317892
20.175	0.0118036836695856
20.18	0.0139788928142949
20.185	0.0126776986707026
20.19	0.00878289902898721
20.195	0.00354335350813085
20.2	-0.00195124130192377
20.205	-0.00721541694503535
20.21	-0.0121806404885677
20.215	-0.0169108773381544
20.22	-0.0214336352242088
20.225	-0.025675068771951
20.23	-0.0290428721756197
20.235	-0.0305532364160175
20.24	-0.0292586131632056
20.245	-0.0248096629083619
20.25	-0.0172509009583492
20.255	-0.00700689469966031
20.26	0.0051832974071616
20.265	0.0182588166715276
20.27	0.031518801895867
20.275	0.0446705125139299
20.28	0.0575766279552275
20.285	0.0697707715348324
20.29	0.0808462412432061
20.295	0.090447133662819
20.3	0.0982224852291473
20.305	0.103674077102867
20.31	0.106949841463696
20.315	0.10879163142433
20.32	0.110290162204122
20.325	0.112241935297408
20.33	0.115594689242594
20.335	0.120895410384673
20.34	0.128081480331406
20.345	0.136128407958694
20.35	0.144085463994844
20.355	0.150970270034168
20.36	0.1560792914226
20.365	0.158855372906427
20.37	0.159693150446678
20.375	0.15932604479692
20.38	0.15866093376053
20.385	0.158313439269487
20.39	0.158881504690149
20.395	0.160542694181253
20.4	0.163213830131685
20.405	0.166681537518359
20.41	0.170784424793065
20.415	0.175474739318764
20.42	0.180825033677253
20.425	0.187059075117072
20.43	0.194172417592607
20.435	0.202123936366079
20.44	0.210784092436022
20.445	0.220077815424921
20.45	0.229691278645626
20.455	0.239340697778611
20.46	0.248688205521597
20.465	0.257392334744081
20.47	0.265073430066181
20.475	0.271484369873427
20.48	0.276615972053234
20.485	0.280767137688406
20.49	0.284437357443126
20.495	0.288079521198687
20.5	0.291975743327352
20.505	0.296164448061303
20.51	0.30034794579465
20.515	0.30385571775312
20.52	0.305944629775996
20.525	0.306060894322214
20.53	0.303910245444944
20.535	0.299251003171269
20.54	0.291915705133447
20.545	0.281751560882714
20.55	0.268648946279951
20.555	0.25231783773769
20.56	0.232577956823662
20.565	0.2095349791373
20.57	0.183767895519995
20.575	0.155920035991303
20.58	0.12677064643114
20.585	0.0971247210693465
20.59	0.0678386912370662
20.595	0.0394108370720514
20.6	0.0122577979223416
20.605	-0.0131178100901764
20.61	-0.0358277388852778
20.615	-0.0549867096793217
20.62	-0.0696042794675986
20.625	-0.0787862321764416
20.63	-0.0818353440360951
20.635	-0.0789877602181847
20.64	-0.071315367993901
20.645	-0.0606407583031108
20.65	-0.0489984893586518
20.655	-0.03877715123032
20.66	-0.031980344620248
20.665	-0.0298533701968382
20.67	-0.032346980215569
20.675	-0.0388770090876013
20.68	-0.0482406888029461
20.685	-0.0589947386908079
20.69	-0.0692706143756418
20.695	-0.0778887254384842
20.7	-0.0841135096613908
20.705	-0.0877790981106618
20.71	-0.0885135242459498
20.715	-0.0867191221290601
20.72	-0.0831028667306508
20.725	-0.0787950382598899
20.73	-0.0742607700524133
20.735	-0.0703893156025778
20.74	-0.0678831845756454
20.745	-0.0673616666346129
20.75	-0.0682073404574972
20.755	-0.0698878199380107
20.76	-0.0716655907916822
20.765	-0.0730806645077713
20.77	-0.0731467549267351
20.775	-0.0716796718089106
20.78	-0.0689938911628943
20.785	-0.0660691062212507
20.79	-0.063417225559158
20.795	-0.0616781823614954
20.8	-0.0611789195895483
20.805	-0.0621029619924704
20.81	-0.0638283457940865
20.815	-0.0656637109766948
20.82	-0.0670326434953196
20.825	-0.0678807923066864
20.83	-0.0682765419791328
20.835	-0.0684562719788911
20.84	-0.0686336619994622
20.845	-0.068904982857265
20.85	-0.0690317206913384
20.855	-0.0684621910212868
20.86	-0.0665723506753786
20.865	-0.0628834305291388
20.87	-0.0572637266922807
20.875	-0.0498050014912358
20.88	-0.0407259081991269
20.885	-0.0301086821269426
20.89	-0.0181712063791126
20.895	-0.00496696060632272
20.9	0.00940598371183766
20.905	0.0248575072738327
20.91	0.0406519373359438
20.915	0.0560318012734828
20.92	0.0702346805036048
20.925	0.0829240825858028
20.93	0.0936539710286695
20.935	0.102547460070657
20.94	0.110060015794151
20.945	0.117074069777437
20.95	0.123950620237612
20.955	0.131053444208577
20.96	0.138558145167889
20.965	0.14677465896501
20.97	0.155388057468086
20.975	0.16420878758668
20.98	0.173010062103908
20.985	0.181773311468761
20.99	0.189755966740704
20.995	0.196157608411839
21	0.19998722389871
21.005	0.200481664080344
21.01	0.196517702534586
21.015	0.187518881104704
21.02	0.17349036765515
21.025	0.155358569607167
21.03	0.134050574598342
21.035	0.110923687262122
21.04	0.0872955339383742
21.045	0.0644717584055336
21.05	0.0427366303820997
21.055	0.0221013718146889
21.06	0.00232147683100674
21.065	-0.0165337587218204
21.07	-0.0347620399063589
21.075	-0.052184947131689
21.08	-0.0683634901268882
21.085	-0.0824607357768978
21.09	-0.0943538184433793
21.095	-0.104139054916192
21.1	-0.112311448065602
21.105	-0.119366690822106
21.11	-0.126274349069732
21.115	-0.133727333760949
21.12	-0.141990328586145
21.125	-0.150631568651514
21.13	-0.159084807835508
21.135	-0.16673153777179
21.14	-0.173140144857369
21.145	-0.178126908006002
21.15	-0.181902407311139
21.155	-0.185030262771031
21.16	-0.188059636042848
21.165	-0.191222611591259
21.17	-0.19424702609
21.175	-0.196704109851367
21.18	-0.198045988962437
21.185	-0.197894089437535
21.19	-0.195970799179991
21.195	-0.192729439844549
21.2	-0.189050266242286
21.205	-0.186112091811198
21.21	-0.184496828102255
21.215	-0.184691896922571
21.22	-0.186678757583025
21.225	-0.190136109874304
21.23	-0.194033408303853
21.235	-0.197695763121669
21.24	-0.200797739516432
21.245	-0.203531664890988
21.25	-0.206143713554093
21.255	-0.209078623640608
21.26	-0.212555219156229
21.265	-0.21637358962081
21.27	-0.219948371804106
21.275	-0.222527195268253
21.28	-0.223492176812653
21.285	-0.222504409871246
21.29	-0.219815214024662
21.295	-0.215763633545455
21.3	-0.210593971488655
21.305	-0.204127709187903
21.31	-0.19612430672094
21.315	-0.186033486237036
21.32	-0.173540399483405
21.325	-0.158836550591278
21.33	-0.143018829526452
21.335	-0.127400091591264
21.34	-0.113272059168087
21.345	-0.10144925262474
21.35	-0.0921254050645114
21.355	-0.0844504532066911
21.36	-0.0770690282431634
21.365	-0.0686989745456877
21.37	-0.0585329971880918
21.375	-0.0461383898808829
21.38	-0.0316801536507213
21.385	-0.0158692103889013
21.39	0.000265007786944465
21.395	0.0159323225172278
21.4	0.0304393643100108
21.405	0.0431198124869026
21.41	0.053152681933355
21.415	0.0600179825224036
21.42	0.0633302882044899
21.425	0.062949879669069
21.43	0.0587456192069071
21.435	0.0512138434953825
21.44	0.0411962073847187
21.445	0.0298194927259183
21.45	0.0178453762547976
21.455	0.00617423217736289
21.46	-0.00456290273680635
21.465	-0.0139335669792191
21.47	-0.0221699380890326
21.475	-0.0292168601453014
21.48	-0.0348621779277047
21.485	-0.0385436501695487
21.49	-0.0400356993541422
21.495	-0.0387947697096612
21.5	-0.0345019487642726
21.505	-0.0270968604341801
21.51	-0.0173355978719782
21.515	-0.00580153171872119
21.52	0.00705448778387824
21.525	0.0211789387724948
21.53	0.0364086632111223
21.535	0.0529121576598801
21.54	0.0706149223983387
21.545	0.0890105048086685
21.55	0.106706237930551
21.555	0.122140435317172
21.56	0.133835140580669
21.565	0.140898049701856
21.57	0.142929977666423
21.575	0.140356065718618
21.58	0.134035267893687
21.585	0.124980987717639
21.59	0.113853964399285
21.595	0.101149351118565
21.6	0.0872755212070724
21.605	0.0728239917664878
21.61	0.0584717517777584
21.615	0.0449936684381205
21.62	0.033081044841846
21.625	0.0231927833110888
21.63	0.0153186825438639
21.635	0.0089939770983196
21.64	0.00357227253736813
21.645	-0.00146508378838344
21.65	-0.00634723551169172
21.655	-0.0110511912959978
21.66	-0.0153797840054197
21.665	-0.0191444317194927
21.67	-0.0221875285290515
21.675	-0.0244551301911223
21.68	-0.0259465061327607
21.685	-0.0267269664763224
21.69	-0.0267440512298564
21.695	-0.0259585817204933
21.7	-0.0244955831133815
21.705	-0.0228242739240452
21.71	-0.0215526161058749
21.715	-0.0213194186020257
21.72	-0.0225743609084104
21.725	-0.0254546599421388
21.73	-0.0295177623330975
21.735	-0.0339843745199588
21.74	-0.03795414491383
21.745	-0.0408073202990795
21.75	-0.0421406473005582
21.755	-0.0422093290246943
21.76	-0.041726544764216
21.765	-0.0417512312285694
21.77	-0.0429465046365888
21.775	-0.0458798930424035
21.78	-0.0506622292904618
21.785	-0.0570241860110926
21.79	-0.0639893060469065
21.795	-0.0706220175824583
21.8	-0.0760383725811216
21.805	-0.0796111718279301
21.81	-0.0807750480777167
21.815	-0.0793506052930672
21.82	-0.0753379269855593
21.825	-0.0688221878796847
21.83	-0.0598660589107899
21.835	-0.0486212449165445
21.84	-0.0353424834789474
21.845	-0.0204124432546537
21.85	-0.00443897352811247
21.855	0.0118328007970433
21.86	0.0276075628308086
21.865	0.0421766622747569
21.87	0.0548904997139143
21.875	0.0652679200224175
21.88	0.0729464055949963
21.885	0.0776772825281509
21.89	0.0793269882744842
21.895	0.0780276242533787
21.9	0.0742172140326595
21.905	0.0685997449439895
21.91	0.0621683796690362
21.915	0.0559654532774064
21.92	0.0508123247752251
21.925	0.0470080981066708
21.93	0.0445480381777971
21.935	0.0431054895193731
21.94	0.0422468757780623
21.945	0.0415257102012601
21.95	0.0408191632134357
21.955	0.0401916800483864
21.96	0.0397252716340378
21.965	0.0392877698992692
21.97	0.0385833184265051
21.975	0.0372272600764308
21.98	0.0348821906590065
21.985	0.0313973359508631
21.99	0.0268567525853761
21.995	0.0216127485956833
22	0.0160602168696803
22.005	0.0104655171880118
22.01	0.00481764726177456
22.015	-0.000913742280901714
22.02	-0.00672427771739883
22.025	-0.0124389546278192
22.03	-0.0177347046450829
22.035	-0.022022984308465
22.04	-0.024725729523352
22.045	-0.0255293211050935
22.05	-0.0244135777244097
22.055	-0.021618089308396
22.06	-0.0175311526203612
22.065	-0.0126412723904252
22.07	-0.00699499768099032
22.075	-0.000474982389328108
22.08	0.00718457053733983
22.085	0.0160183270728294
22.09	0.0262839852230859
22.095	0.0377821764562775
22.1	0.049991802791852
22.105	0.0619196740341094
22.11	0.0729683664617177
22.115	0.0824514375062593
22.12	0.0898471571793514
22.125	0.0945930393687659
22.13	0.0967329004867376
22.135	0.0962990599897627
22.14	0.0933894106197668
22.145	0.0879780943141436
22.15	0.0804641325231897
22.155	0.0713256522955373
22.16	0.0612789832460572
22.165	0.0511825859631534
22.17	0.042098683188458
22.175	0.034877764290523
22.18	0.0300190969526734
22.185	0.0275778790827159
22.19	0.0270777987116335
22.195	0.0276708930273608
22.2	0.0284581039111344
22.205	0.0289173395518799
22.21	0.028823895866445
22.215	0.0284740892375383
22.22	0.0285581675676433
22.225	0.0300941105158188
22.23	0.0337054826078895
22.235	0.039726338698934
22.24	0.0480605742212301
22.245	0.0584064289658716
22.25	0.0699381114121287
22.255	0.0818519178100531
22.26	0.0934494488136722
22.265	0.104383318245888
22.27	0.114314254909476
22.275	0.123180562362961
22.28	0.131073383661023
22.285	0.138256557784572
22.29	0.144800308048856
22.295	0.150675501375902
22.3	0.155689043162215
22.305	0.15955021587852
22.31	0.161798197794708
22.315	0.161863022917487
22.32	0.159201277505678
22.325	0.153419790026682
22.33	0.144325557664823
22.335	0.131796007073776
22.34	0.115913739699923
22.345	0.0970650995969049
22.35	0.0759133315044381
22.355	0.0532520084455738
22.36	0.0300591224152769
22.365	0.00750602617069347
22.37	-0.0134282893082153
22.375	-0.0321086422933002
22.38	-0.0483207397281532
22.385	-0.0621148229351575
22.39	-0.0740567406086159
22.395	-0.0848002375230307
22.4	-0.0948303272734952
22.405	-0.104104782587677
22.41	-0.112369865196243
22.415	-0.119076486636311
22.42	-0.123618641251109
22.425	-0.125453101000807
22.43	-0.124582012662097
22.435	-0.12144245714794
22.44	-0.116794299877201
22.445	-0.111413381869154
22.45	-0.106032453111368
22.455	-0.101154421918891
22.46	-0.096961683157135
22.465	-0.0933634536710857
22.47	-0.0899701023345506
22.475	-0.0864957842466957
22.48	-0.0827526439328696
22.485	-0.0788298179215539
22.49	-0.0746179220937036
22.495	-0.0703704915408691
22.5	-0.0664622806532188
22.505	-0.0635299664942714
22.51	-0.0616293319555597
22.515	-0.0609826247383417
22.52	-0.0616892442377438
22.525	-0.0639912798401286
22.53	-0.0674029100058698
22.535	-0.0716987774632579
22.54	-0.0767087990797314
22.545	-0.0825929007727488
22.55	-0.0890346021673584
22.555	-0.0959398780253973
22.56	-0.103145617129386
22.565	-0.110485658825224
22.57	-0.117398511031547
22.575	-0.123299003783263
22.58	-0.127611181145814
22.585	-0.129906118969923
22.59	-0.130056921293687
22.595	-0.128179411165581
22.6	-0.124669309644452
22.605	-0.120024452734864
22.61	-0.115012803267675
22.615	-0.110093950035721
22.62	-0.105417062132138
22.625	-0.100627135590518
22.63	-0.0954190998721092
22.635	-0.089090261349685
22.64	-0.0809214790187565
22.645	-0.0702493764606422
22.65	-0.0570551161323484
22.655	-0.0414848892397162
22.66	-0.0239952648308369
22.665	-0.00520524667732307
22.67	0.0140106452088651
22.675	0.0329960665750069
22.68	0.0512626112295152
22.685	0.0684763071819477
22.69	0.0844509257694453
22.695	0.0992243822036866
22.7	0.112861798176401
22.705	0.125238289808152
22.71	0.136169539379455
22.715	0.145365476865171
22.72	0.152386942497421
22.725	0.15657087089641
22.73	0.157369492647725
22.735	0.154413443641167
22.74	0.147573880619342
22.745	0.136896142697503
22.75	0.122895591526816
22.755	0.106465461346216
22.76	0.088686418763848
22.765	0.0704588669222086
22.77	0.0526912876254749
22.775	0.0360886210571392
22.78	0.0209833487699187
22.785	0.0071209225950851
22.79	-0.00579490066626547
22.795	-0.0179699143435341
22.8	-0.0294487341105726
22.805	-0.0402588398322544
22.81	-0.0499379182195185
22.815	-0.0577171184805051
22.82	-0.0627999508249927
22.825	-0.0647946806159134
22.83	-0.0634623191180536
22.835	-0.0588303158797244
22.84	-0.0512025730356099
22.845	-0.0411798080562999
22.85	-0.0293232639510405
22.855	-0.0160517090625145
22.86	-0.00168106942934971
22.865	0.0134537873613442
22.87	0.0290278561394315
22.875	0.0446329789953695
22.88	0.0597480093014709
22.885	0.0737239620160898
22.89	0.0859871369143925
22.895	0.0959671869730551
22.9	0.1033057189798
22.905	0.107919188888745
22.91	0.11033871206601
22.915	0.111304833207778
22.92	0.111831142514359
22.925	0.11293138347907
22.93	0.115855230266162
22.935	0.121266501595006
22.94	0.129312263306466
22.945	0.1394589798374
22.95	0.151165408133192
22.955	0.163420025981044
22.96	0.175211462547104
22.965	0.185610475987511
22.97	0.194412580339425
22.975	0.201608815972339
22.98	0.20740194084602
22.985	0.211912665352673
22.99	0.215260003940353
22.995	0.217212949810025
23	0.217248204646497
23.005	0.214662363177507
23.01	0.208806967590001
23.015	0.199356367535338
23.02	0.186428598441752
23.025	0.170632027065639
23.03	0.152801255317007
23.035	0.133995774345215
23.04	0.115173268641757
23.045	0.0970437790171254
23.05	0.0798580432504661
23.055	0.0636990527188593
23.06	0.0485809052350764
23.065	0.0346537387883909
23.07	0.0221998063465727
23.075	0.0117045099095883
23.08	0.00373237438778239
23.085	-0.00117756563893558
23.09	-0.00285381798980907
23.095	-0.00156251330332444
23.1	0.00211134315233803
23.105	0.00759078643510357
23.11	0.0141984093696461
23.115	0.0213514661518734
23.12	0.0287482885150102
23.125	0.0365759786300003
23.13	0.0449302175038271
23.135	0.0537290240866056
23.14	0.0626498553402293
23.145	0.0712993052875891
23.15	0.0788821279006547
23.155	0.0843811267499678
23.16	0.0868852729466876
23.165	0.0859563004549473
23.17	0.081665598273481
23.175	0.0743838736758366
23.18	0.064881274880378
23.185	0.0542208491054723
23.19	0.0436188050402928
23.195	0.0337842373803106
23.2	0.0250559395898314
23.205	0.0174823299984496
23.21	0.0111064877140455
23.215	0.00562601517904856
23.22	0.000810515617722181
23.225	-0.00335679302709703
23.23	-0.00664970314383689
23.235	-0.00915687819598639
23.24	-0.0112171358946489
23.245	-0.0133821056481784
23.25	-0.0164405899636343
23.255	-0.021398965623687
23.26	-0.0291085176784423
23.265	-0.0399057172756548
23.27	-0.0536968040987909
23.275	-0.0699401431580945
23.28	-0.0877858458552678
23.285	-0.106170739382664
23.29	-0.124330055061107
23.295	-0.141685400288748
23.3	-0.157850418142807
23.305	-0.172397863208914
23.31	-0.185055741649178
23.315	-0.195427606723312
23.32	-0.203039165422232
23.325	-0.207344510175225
23.33	-0.208023529942673
23.335	-0.205024615177737
23.34	-0.198606345438887
23.345	-0.189279804109658
23.35	-0.177800696366938
23.355	-0.165148772761753
23.36	-0.152336910669166
23.365	-0.140261680178861
23.37	-0.129533882391695
23.375	-0.120615230957279
23.38	-0.113692326525425
23.385	-0.108697580764346
23.39	-0.105286509047115
23.395	-0.103122168080925
23.4	-0.101884815057373
23.405	-0.101316424673284
23.41	-0.10120425299824
23.415	-0.10142187389651
23.42	-0.101854795960421
23.425	-0.102337216891789
23.43	-0.102672220731019
23.435	-0.102623352154496
23.44	-0.101974872348231
23.445	-0.100557847916438
23.45	-0.0984945204970198
23.455	-0.0960933156485847
23.46	-0.0938296907084061
23.465	-0.0921142406733074
23.47	-0.0914278163343582
23.475	-0.0918847307383466
23.48	-0.0931992896723999
23.485	-0.0945436835922833
23.49	-0.0952533392007477
23.495	-0.0945534693933858
23.5	-0.0919785130629912
23.505	-0.0873489966543732
23.51	-0.0814525452510683
23.515	-0.0751395861604833
23.52	-0.0693140948637228
23.525	-0.0644775977619918
23.53	-0.0611803327125759
23.535	-0.059105807689916
23.54	-0.0574865706643695
23.545	-0.055208405208018
23.55	-0.0518339767888335
23.555	-0.0470152572500259
23.56	-0.0409060227808429
23.565	-0.03390142538718
23.57	-0.0271552543197368
23.575	-0.0214661931268443
23.58	-0.0172509743821363
23.585	-0.014206861549205
23.59	-0.0121895954518224
23.595	-0.0107286528541186
23.6	-0.00952606009964835
23.605	-0.00839035975058273
23.61	-0.0080457862868613
23.615	-0.00918009345682178
23.62	-0.0123278424818979
23.625	-0.0173473281499294
23.63	-0.0241147441647973
23.635	-0.0319352454220264
23.64	-0.0400354689692154
23.645	-0.0476863739967465
23.65	-0.0549401947693793
23.655	-0.061998462120812
23.66	-0.0691639993789594
23.665	-0.0764693925522739
23.67	-0.0837706130556545
23.675	-0.0903389254792689
23.68	-0.0951905564369273
23.685	-0.0974153871874555
23.69	-0.0965446160202731
23.695	-0.0925313986116794
23.7	-0.0859046491129003
23.705	-0.0777235858273461
23.71	-0.0693133360308823
23.715	-0.0618981264852302
23.72	-0.0565159531962331
23.725	-0.0539696660372516
23.73	-0.0547311380291857
23.735	-0.0588295991864272
23.74	-0.0659419496393725
23.745	-0.0754354487958373
23.75	-0.0865834127610478
23.755	-0.0984669664522475
23.76	-0.110170085816311
23.765	-0.120850167928423
23.77	-0.130109217057315
23.775	-0.137828078785085
23.78	-0.144221748126294
23.785	-0.149624664705986
23.79	-0.154537877977534
23.795	-0.159149756869598
23.8	-0.163183811034732
23.805	-0.165764132155486
23.81	-0.165894107698059
23.815	-0.162592181174627
23.82	-0.155308801267481
23.825	-0.144076421258519
23.83	-0.129702511020451
23.835	-0.113324230757869
23.84	-0.096041097517253
23.845	-0.0785099238942898
23.85	-0.0609822203906141
23.855	-0.0432580149715834
23.86	-0.025085958686784
23.865	-0.00645267085293089
23.87	0.0120312162039309
23.875	0.029490561450955
23.88	0.0449586008694538
23.885	0.0577655045474072
23.89	0.0673908740091494
23.895	0.073832908136169
23.9	0.0772591491905304
23.905	0.0778632964534254
23.91	0.0753514286265144
23.915	0.0694590373145677
23.92	0.0600682130022994
23.925	0.0475935964161561
23.93	0.0327388512972532
23.935	0.0167744353327575
23.94	0.00114072568420159
23.945	-0.0128250086190184
23.95	-0.0245483634789384
23.955	-0.0339691124490637
23.96	-0.0415464301824999
23.965	-0.047927487530769
23.97	-0.0538894228399174
23.975	-0.0597315649900598
23.98	-0.0653615804316208
23.985	-0.0703644025584046
23.99	-0.0743149643856445
23.995	-0.0765606732881745
24	-0.076558703594968
24.005	-0.0740156881548519
24.01	-0.0691200247853135
24.015	-0.0621547755440822
24.02	-0.0536841517170309
24.025	-0.0445108892286477
24.03	-0.035693577280759
24.035	-0.027988930977055
24.04	-0.0219039344098007
24.045	-0.01767741775129
24.05	-0.015369708327516
24.055	-0.0147422363142568
24.06	-0.0154998603932303
24.065	-0.0174594400115063
24.07	-0.0205039097108392
24.075	-0.0245564316153318
24.08	-0.0295187786701288
24.085	-0.0352810521776414
24.09	-0.0414889267728597
24.095	-0.0478082983474847
24.1	-0.0539042917613505
24.105	-0.0595801291179571
24.11	-0.0644241588848349
24.115	-0.0681558087640664
24.12	-0.0704448141822735
24.125	-0.0709875212014152
24.13	-0.0691437351568399
24.135	-0.0644120082527047
24.14	-0.0564759277336295
24.145	-0.0454650834986268
24.15	-0.0317529583009148
24.155	-0.016179786215294
24.16	8.0050925207129e-05
24.165	0.0156334544400371
24.17	0.0293423560275968
24.175	0.0405079146191513
24.18	0.0489711534954611
24.185	0.0549805423066152
24.19	0.0591370171907836
24.195	0.0621170956927943
24.2	0.0643409311352299
24.205	0.0657347209910609
24.21	0.0660105639481397
24.215	0.064920511678886
24.22	0.0624597343928624
24.225	0.0588637082282215
24.23	0.0548566195822331
24.235	0.0512769359362053
24.24	0.0487009816228871
24.245	0.0469987732061888
24.25	0.0457817068997496
24.255	0.0443855419174108
24.26	0.0422869012406659
24.265	0.0392428705135333
24.27	0.035888454810008
24.275	0.0332506181097544
24.28	0.0323805992462837
24.285	0.033731983986574
24.29	0.0373713347280357
24.295	0.0427440461283942
24.3	0.0489611471298103
24.305	0.0549842413836412
24.31	0.0603587970649484
24.315	0.0651098082511484
24.32	0.069574260370646
24.325	0.0739436987479035
24.33	0.0783117932558184
24.335	0.0824684816728078
24.34	0.085934668209853
24.345	0.0880765056636393
24.35	0.0885725520163717
24.355	0.0875862824022849
24.36	0.0857545536281369
24.365	0.0839541011579792
24.37	0.0831577578417505
24.375	0.0840482171327402
24.38	0.0868452474840841
24.385	0.0912229741224575
24.39	0.0966147408167067
24.395	0.102258570021406
24.4	0.107548418015778
24.405	0.112156616895288
24.41	0.116346781785449
24.415	0.120528024789208
24.42	0.125109589733092
24.425	0.130156447451502
24.43	0.135602729468415
24.435	0.140928026633726
24.44	0.145452531101353
24.445	0.148509861189069
24.45	0.14999082587299
24.455	0.150136775518724
24.46	0.149555141018219
24.465	0.148930936875624
24.47	0.149025363064806
24.475	0.150201444682709
24.48	0.152396948863072
24.485	0.155092285636891
24.49	0.157661427465093
24.495	0.159349552148741
24.5	0.159501468475204
24.505	0.157574923422024
24.51	0.15351137645258
24.515	0.147386802667105
24.52	0.139418692613866
24.525	0.129737123499092
24.53	0.118752444445203
24.535	0.106705063334973
24.54	0.0938196843427552
24.545	0.0802411893480836
24.55	0.0665252326733144
24.555	0.0532200442502918
24.56	0.0409960800717009
24.565	0.0304766915319148
24.57	0.0225065276180767
24.575	0.0176114398975791
24.58	0.0160301977727276
24.585	0.0175728709455687
24.59	0.0219139110671144
24.595	0.0282714880191242
24.6	0.0356526808141251
24.605	0.042938876055817
24.61	0.0493894217097203
24.615	0.0543625664957163
24.62	0.0575566152239257
24.625	0.0589260001053896
24.63	0.0589531524465722
24.635	0.0580157671865311
24.64	0.056425895905375
24.645	0.0542806614017319
24.65	0.051823559236752
24.655	0.0490210127390751
24.66	0.0459092056062885
24.665	0.0426635315466974
24.67	0.0399991957157931
24.675	0.0385727844027833
24.68	0.0390148196728245
24.685	0.0416648436445614
24.69	0.0467029744770825
24.695	0.0535636220720506
24.7	0.0612189450521519
24.705	0.0683367677295459
24.71	0.0739819279488882
24.715	0.0773265144004175
24.72	0.0780496520769508
24.725	0.0762700473337886
24.73	0.0728739325719515
24.735	0.0686975602367344
24.74	0.0644610075230406
24.745	0.0604748592106264
24.75	0.0569327778313646
24.755	0.0535351880548593
24.76	0.049811688210136
24.765	0.0453374647865428
24.77	0.0400806326486281
24.775	0.0343547042318045
24.78	0.0288383458058682
24.785	0.0244071801271033
24.79	0.0217375974581026
24.795	0.0210266604251873
24.8	0.0218438962158953
24.805	0.0232568916885007
24.81	0.0240689466444436
24.815	0.0232616247664962
24.82	0.0204329986591197
24.825	0.0159967371853235
24.83	0.0110253319674715
24.835	0.00670217525291735
24.84	0.00386245714124397
24.845	0.00263037265799551
24.85	0.00244818697018348
24.855	0.00223781487155703
24.86	0.00100063656508911
24.865	-0.00170353022925839
24.87	-0.00538425909078051
24.875	-0.00893855393068349
24.88	-0.011027014947282
24.885	-0.0106102146405227
24.89	-0.0072645546575198
24.895	-0.00136633904361854
24.9	0.00619394033790161
24.905	0.0144540665410201
24.91	0.0225829761309222
24.915	0.0299824127107492
24.92	0.0362830818501312
24.925	0.0413231469362595
24.93	0.0446642077126817
24.935	0.0456704582786633
24.94	0.0437378242600451
24.945	0.038786838702375
24.95	0.030892087627438
24.955	0.0205729143823277
24.96	0.00869553175062438
24.965	-0.00348414056468355
24.97	-0.0150592353937518
24.975	-0.0253351923744912
24.98	-0.0338715477282664
24.985	-0.0402532658146884
24.99	-0.0444797841771267
24.995	-0.0466882171653593
25	-0.047149994946999
25.005	-0.0460722445907857
25.01	-0.0439210854830695
25.015	-0.0411021483434621
25.02	-0.0378740939886229
25.025	-0.0341035365891657
25.03	-0.0297262405824567
25.035	-0.0245774055326469
25.04	-0.018561808282403
25.045	-0.0115961740094357
25.05	-0.00426889583108059
25.055	0.00250022842972661
25.06	0.00751478060381923
25.065	0.0097400413033171
25.07	0.00806444470148887
25.075	0.00193222743201051
25.08	-0.00855544263151191
25.085	-0.0225029440348283
25.09	-0.0388625205957385
25.095	-0.0564843619046964
25.1	-0.0745174050021862
25.105	-0.0925198595256639
25.11	-0.110527704564858
25.115	-0.128685397232169
25.12	-0.146893447755082
25.125	-0.164585158090528
25.13	-0.180532323899136
25.135	-0.193284266415627
25.14	-0.201548216940249
25.145	-0.204706480938345
25.15	-0.202755547890955
25.155	-0.196537939119545
25.16	-0.187369196812936
25.165	-0.176700732209139
25.17	-0.165667205791852
25.175	-0.155086151936055
25.18	-0.145502562929608
25.185	-0.137344050339673
25.19	-0.13108211865398
25.195	-0.127133384241081
25.2	-0.125780016231701
25.205	-0.127012663382135
25.21	-0.130494137291932
25.215	-0.135491122298328
25.22	-0.141119774774517
25.225	-0.14662956500571
25.23	-0.151456113849131
25.235	-0.155254839364722
25.24	-0.157850418142807
25.245	-0.159221278125701
25.25	-0.159098307761331
25.255	-0.157115534614233
25.26	-0.152887260779965
25.265	-0.146311447896499
25.27	-0.137219054049461
25.275	-0.125720474285963
25.28	-0.112101314386933
25.285	-0.0968858969182469
25.29	-0.0803896346696448
25.295	-0.0629285724473241
25.3	-0.0448185117503413
25.305	-0.0265358819274604
25.31	-0.00860631160080663
25.315	0.00838220536199269
25.32	0.0237250929582629
25.325	0.0366110896535974
25.33	0.0462358780899657
25.335	0.0522165415907194
25.34	0.0545146800660548
25.345	0.0534526511417332
25.35	0.0493985377880457
25.355	0.0432104865659261
25.36	0.035842801761492
25.365	0.0282528687648986
25.37	0.0209798904534525
25.375	0.0147379158580518
25.38	0.0101864802326072
25.385	0.00797014346932685
25.39	0.00829379555388834
25.395	0.011357860224327
25.4	0.0170808661660711
25.405	0.0251577249361761
25.41	0.0347464834250535
25.415	0.0451310662895223
25.42	0.0557254503098127
25.425	0.0663163592139469
25.43	0.0765762220891506
25.435	0.0865481764218705
25.44	0.0962412248302708
25.445	0.105586296138519
25.45	0.113798412856369
25.455	0.120138144336266
25.46	0.123888813123683
25.465	0.124771258727967
25.47	0.122588368877511
25.475	0.117999783049931
25.48	0.11218136531214
25.485	0.106638359347281
25.49	0.102379677559187
25.495	0.100061653304329
25.5	0.0996033636889702
25.505	0.100247598662864
25.51	0.100649240889596
25.515	0.0995103300963871
25.52	0.0959410338607441
25.525	0.0897016116677396
25.53	0.0812834439450583
25.535	0.0715702670223377
25.54	0.0614991232903768
25.545	0.0516856712181592
25.55	0.0424378709631708
25.555	0.033628757282571
25.56	0.0250259204928787
25.565	0.0165307117697334
25.57	0.00838629354924458
25.575	0.000945264823216453
25.58	-0.00551350747364101
25.585	-0.0110183923343784
25.59	-0.0158854589115185
25.595	-0.0206395767250912
25.6	-0.0257163597227902
25.605	-0.0312593711682305
25.61	-0.0368884748969905
25.615	-0.0420013279736059
25.62	-0.0460593010910518
25.625	-0.0489959949126842
25.63	-0.0509897185403254
25.635	-0.0526520101659821
25.64	-0.054594730991262
25.645	-0.0572386302256653
25.65	-0.0601126233892502
25.655	-0.0624781907597412
25.66	-0.0634703773236024
25.665	-0.0626635812802567
25.67	-0.0596339537316989
25.675	-0.0546835157108153
25.68	-0.0484408161159639
25.685	-0.0417592678192381
25.69	-0.0348525060106537
25.695	-0.0278588058674498
25.7	-0.0207431959942973
25.705	-0.0136191925471
25.71	-0.00648305046331531
25.715	0.00022774579171792
25.72	0.00588374300272398
25.725	0.0098145265325086
25.73	0.0117695154890753
25.735	0.0117412841386762
25.74	0.0101464547700036
25.745	0.00778480435463544
25.75	0.00556349056075029
25.755	0.00419003947678096
25.76	0.0040625844542618
25.765	0.00535710777904026
25.77	0.00777901714019503
25.775	0.0109130975632298
25.78	0.0144191729029341
25.785	0.0183412799371027
25.79	0.0226879912683369
25.795	0.0276262928883413
25.8	0.0332611594235621
25.805	0.0396690860134458
25.81	0.0464515733498434
25.815	0.0531954229546863
25.82	0.0595879074510566
25.825	0.0657124897652652
25.83	0.0717051126056431
25.835	0.077967674189503
25.84	0.084823961622604
25.845	0.0923824924824657
25.85	0.100056357732134
25.855	0.106978925261563
25.86	0.112141339849537
25.865	0.114806899116806
25.87	0.114361261855138
25.875	0.110767528345085
25.88	0.104366393738794
25.885	0.0958028250137524
25.89	0.0854750967753054
25.895	0.0737730386165462
25.9	0.0609787922765305
25.905	0.0474063066493642
25.91	0.0331658681634358
25.915	0.0183928932775012
25.92	0.00317201791133249
25.925	-0.0123960142454855
25.93	-0.0283246316458006
25.935	-0.0445098183932765
25.94	-0.0606185631130984
25.945	-0.0759703174883332
25.95	-0.0897895541383535
25.955	-0.101317762577883
25.96	-0.110060015794151
25.965	-0.115870227443453
25.97	-0.119116247533499
25.975	-0.120385052840713
25.98	-0.120226483295457
25.985	-0.118875463090464
25.99	-0.116317657389586
25.995	-0.112364261140896
26	-0.10689800424847
26.005	-0.100072016608002
26.01	-0.0924203807740499
26.015	-0.0847824756265451
26.02	-0.0780096266143472
26.025	-0.0726890219184761
26.03	-0.0689352246921743
26.035	-0.0665765709964131
26.04	-0.0652615167751119
26.045	-0.0646841066026574
26.05	-0.0645994004371007
26.055	-0.0650555806680286
26.06	-0.0661420769523903
26.065	-0.0678007155392364
26.07	-0.0696270363376061
26.075	-0.0711798389126095
26.08	-0.0719857944925107
26.085	-0.07167322465407
26.09	-0.0701015836812601
26.095	-0.0675865917862487
26.1	-0.0646711412017093
26.105	-0.0618620898809298
26.11	-0.059524566198365
26.115	-0.0578462896517821
26.12	-0.0567861250688071
26.125	-0.0560881850264136
26.13	-0.0555527204093902
26.135	-0.055041677074908
26.14	-0.0545346927973566
26.145	-0.0540318687061243
26.15	-0.0536707817594002
26.155	-0.0533928577898334
26.16	-0.0530037188527703
26.165	-0.0521739740116412
26.17	-0.0507352948714256
26.175	-0.048463505777936
26.18	-0.0453388427641877
26.185	-0.0415876207584284
26.19	-0.037753608127458
26.195	-0.0342269696447286
26.2	-0.0312398735620821
26.205	-0.0287915901732788
26.21	-0.0268087317859228
26.215	-0.024993822136379
26.22	-0.0231547301161621
26.225	-0.021360587711302
26.23	-0.0201429971819131
26.235	-0.0201293400133368
26.24	-0.0219139407754516
26.245	-0.0257573146214036
26.25	-0.0316573684588773
26.255	-0.0390441086876624
26.26	-0.0470099058278865
26.265	-0.0544583111710014
26.27	-0.0606727853348904
26.275	-0.0651436672030009
26.28	-0.0677230827252311
26.285	-0.0684559988706746
26.29	-0.0677938869885377
26.295	-0.0660710156787518
26.3	-0.0635204091518568
26.305	-0.0601816419500845
26.31	-0.0561533550993377
26.315	-0.0513852122473762
26.32	-0.0458491674123831
26.325	-0.0395877598010428
26.33	-0.0327573819129445
26.335	-0.0254508113449485
26.34	-0.0177312799333791
26.345	-0.00966389225258292
26.35	-0.00131904611953775
26.355	0.00723812674126556
26.36	0.015810057728408
26.365	0.0239840400005505
26.37	0.031190023682494
26.375	0.0368853673995852
26.38	0.0406358509082689
26.385	0.0422071231197726
26.39	0.0415845381545966
26.395	0.0390280984843427
26.4	0.0349122097559591
26.405	0.0296094474583701
26.41	0.0233412622123692
26.415	0.0162854454541665
26.42	0.00859546809411547
26.425	0.000497255865349326
26.43	-0.00777880463820982
26.435	-0.0159110548158837
26.44	-0.0235950102048013
26.445	-0.0306032061403866
26.45	-0.0368699248933729
26.455	-0.0423700968932346
26.46	-0.047059937656141
26.465	-0.0507736618661252
26.47	-0.0532314374889034
26.475	-0.0539440898050362
26.48	-0.0523933305480659
26.485	-0.0482110507680936
26.49	-0.0413621406905049
26.495	-0.0320811675592148
26.5	-0.020953329672966
26.505	-0.00884890134882846
26.51	0.00321718990794926
26.515	0.0144055011376725
26.52	0.0241253475842985
26.525	0.0320970726257966
26.53	0.0382269858577469
26.535	0.042652286098625
26.54	0.0455589828085073
26.545	0.0471272610142609
26.55	0.0473457727010732
26.555	0.0461985595264831
26.56	0.0437178115287433
26.565	0.0400887556578255
26.57	0.0355613825891067
26.575	0.0304153111632042
26.58	0.0248758250081153
26.585	0.0190440938740533
26.59	0.0130208420277874
26.595	0.00686468640143741
26.6	0.000770490155118616
26.605	-0.00492881344994003
26.61	-0.00956171627982715
26.615	-0.0125196105536466
26.62	-0.013418536337845
26.625	-0.0123660984788528
26.63	-0.0096897912751435
26.635	-0.00600688282602449
26.64	-0.00194123493627288
26.645	0.00198999624869862
26.65	0.00579563190235798
26.655	0.00977681284706132
26.66	0.0143091028807743
26.665	0.0194206319541616
26.67	0.0250011130564607
26.675	0.0306105886711065
26.68	0.0355826362545688
26.685	0.0390213799231244
26.69	0.0404266242598239
26.695	0.0395842137339779
26.7	0.0365332409914035
26.705	0.0312435552540252
26.71	0.0240830215082375
26.715	0.0154370753073209
26.72	0.0057536602492624
26.725	-0.00466115494443637
26.73	-0.015009191070246
26.735	-0.0244834915808192
26.74	-0.0322505164928221
26.745	-0.0377883723144553
26.75	-0.0403971364589705
26.755	-0.0397945637122425
26.76	-0.0360329227088589
26.765	-0.0296734104284696
26.77	-0.0210973680273029
26.775	-0.0108813545171646
26.78	0.000410260991686536
26.785	0.0120908438334536
26.79	0.0238475141783517
26.795	0.0353119619120837
26.8	0.0461093329193063
26.805	0.0557299068373957
26.81	0.0639960704008942
26.815	0.0709198470950961
26.82	0.076828875467542
26.825	0.0822346439466867
26.83	0.0879498521515049
26.835	0.0946810811820743
26.84	0.102785387965954
26.845	0.112044047834815
26.85	0.121867152815139
26.855	0.131412418826705
26.86	0.139929017262061
26.865	0.146987211253555
26.87	0.152693593894048
26.875	0.157461358152857
26.88	0.161762907112306
26.885	0.165791390808636
26.89	0.169441133007486
26.895	0.172183997198294
26.9	0.173360284901689
26.905	0.172458283277069
26.91	0.169489794138388
26.915	0.164902617857827
26.92	0.159511474840855
26.925	0.154222372140302
26.93	0.149828252707322
26.935	0.146743682594914
26.94	0.144952212818809
26.945	0.144088555658546
26.95	0.143537485354049
26.955	0.14272013823184
26.96	0.141199825699725
26.965	0.138771772378741
26.97	0.135410658806752
26.975	0.131328314256713
26.98	0.126830684625045
26.985	0.122200625850025
26.99	0.117618077057457
26.995	0.113117549412949
27	0.108599086409121
27.005	0.103856435787724
27.01	0.098675733368015
27.015	0.0927626416170767
27.02	0.0858646236502967
27.025	0.0778518554854595
27.03	0.0688798682970369
27.035	0.0592642053989423
27.04	0.0495915481658164
27.045	0.0406472324572353
27.05	0.0332926396292912
27.055	0.0279669401297071
27.06	0.0246256658668431
27.065	0.0227272866494712
27.07	0.0215841306851503
27.075	0.0203347134842299
27.08	0.0184817573571959
27.085	0.0160919113645113
27.09	0.0139448362181662
27.095	0.0127480110298047
27.1	0.0129182180553004
27.105	0.01424344804452
27.11	0.0161793750589191
27.115	0.0175849206761745
27.12	0.0174310889638523
27.125	0.0152327234025973
27.13	0.0115507278235509
27.135	0.0073661343651921
27.14	0.00388246987254576
27.145	0.00200590429936292
27.15	0.00221095433851613
27.155	0.00398721981730832
27.16	0.00623396580050517
27.165	0.00763093244434309
27.17	0.00744667598345978
27.175	0.00533943297834931
27.18	0.00160101850414258
27.185	-0.00314622425681869
27.19	-0.00782915193939313
27.195	-0.0118408085695195
27.2	-0.015069586670242
27.205	-0.0180458912798258
27.21	-0.0211507117688172
27.215	-0.0248868177181896
27.22	-0.0294187150136199
27.225	-0.0346458699549522
27.23	-0.0396889445490047
27.235	-0.0437654162128395
27.24	-0.0463694984262295
27.245	-0.0476965949782547
27.25	-0.0480133609226286
27.255	-0.0479337642213183
27.26	-0.0479505041990703
27.265	-0.0483580324328876
27.27	-0.0485802380940693
27.275	-0.0478173817730611
27.28	-0.0453488491298386
27.285	-0.0411483401219116
27.29	-0.0355365124028577
27.295	-0.0295238609336464
27.3	-0.0243855130912217
27.305	-0.0213830956831108
27.31	-0.0208793503099679
27.315	-0.0225376422984172
27.32	-0.0253761432906599
27.325	-0.0282598945319058
27.33	-0.029877958357392
27.335	-0.029367374579374
27.34	-0.026376779855749
27.345	-0.0211346763482377
27.35	-0.0139682568162453
27.355	-0.00533134199583892
27.36	0.00437278178943942
27.365	0.0147507888973133
27.37	0.0256345067006027
27.375	0.0368507055265553
27.38	0.0482006633403425
27.385	0.0593853472327487
27.39	0.0701470136199169
27.395	0.0802348688285528
27.4	0.0894869280159193
27.405	0.0978811473371721
27.41	0.10549712193776
27.415	0.112526906766073
27.42	0.119175814902113
27.425	0.125642380777758
27.43	0.13183642923458
27.435	0.137585590265054
27.44	0.142640742353453
27.445	0.146906576085107
27.45	0.150090078575164
27.455	0.152128249170094
27.46	0.153087388092983
27.465	0.15332251989711
27.47	0.152773270188185
27.475	0.151437201483759
27.48	0.149254950048692
27.485	0.146424468412922
27.49	0.142690583546243
27.495	0.138014987023319
27.5	0.132484281217798
27.505	0.126589631104059
27.51	0.120429198022306
27.515	0.114215712500997
27.52	0.108118780857879
27.525	0.102484991621365
27.53	0.0971597318402714
27.535	0.0920014296987671
27.54	0.0868152283871314
27.545	0.081618312684393
27.55	0.0761100272973895
27.555	0.0701538262104506
27.56	0.0637005237335729
27.565	0.0569494045948831
27.57	0.0498651196915113
27.575	0.042434398861061
27.58	0.0346020124207815
27.585	0.0264235594228984
27.59	0.0177760414510751
27.595	0.00854679839713909
27.6	-0.00129082116896495
27.605	-0.0115247417777713
27.61	-0.0219928843091167
27.615	-0.032655203363763
27.62	-0.0435777224096308
27.625	-0.0548178162441885
27.63	-0.0665349945046878
27.635	-0.0789918651946456
27.64	-0.0923087231294706
27.645	-0.106311806430146
27.65	-0.120500421907259
27.655	-0.134441727934805
27.66	-0.147743988835407
27.665	-0.160162315686456
27.67	-0.171342238814636
27.675	-0.181196882185633
27.68	-0.189580603621783
27.685	-0.196245084470136
27.69	-0.200531969197675
27.695	-0.202024447703514
27.7	-0.20054758037516
27.705	-0.196386315488326
27.71	-0.189957823129065
27.715	-0.182178625619543
27.72	-0.174040717765949
27.725	-0.166420367785193
27.73	-0.159578352312142
27.735	-0.153574501631392
27.74	-0.148234300752301
27.745	-0.143411723983826
27.75	-0.138824949103349
27.755	-0.13452563348913
27.76	-0.130743173594543
27.765	-0.127870539157982
27.77	-0.126002065336549
27.775	-0.125199480273908
27.78	-0.125369755240015
27.785	-0.126390973681234
27.79	-0.127893947031215
27.795	-0.12956842758232
27.8	-0.131103402757975
27.805	-0.132233588372632
27.81	-0.132450941543176
27.815	-0.131144947557462
27.82	-0.127641200242767
27.825	-0.12143010678065
27.83	-0.112183375985198
27.835	-0.0999863111704539
27.84	-0.085474375389912
27.845	-0.0698335714601125
27.85	-0.0545525399419595
27.855	-0.0409190438516949
27.86	-0.029778944177052
27.865	-0.0213073853824621
27.87	-0.0152413438239583
27.875	-0.0106650783413905
27.88	-0.00656417586698458
27.885	-0.00209704301531483
27.89	0.0026873998919925
27.895	0.00755481955616436
27.9	0.0120276515123711
27.905	0.0158341944257
27.91	0.0184866727230481
27.915	0.0202292786490552
27.92	0.0216637816341793
27.925	0.0236888530052364
27.93	0.0265603594707306
27.935	0.0304886301329931
27.94	0.0353124643819948
27.945	0.0407347284378534
27.95	0.0458594213538638
27.955	0.0501022936888737
27.96	0.053123795240581
27.965	0.0550522383692893
27.97	0.0559502278788653
27.975	0.0563360158665926
27.98	0.0568361568970616
27.985	0.0581174424195335
27.99	0.0603398724556484
27.995	0.0635801545485978
28	0.0676230190687222
28.005	0.0720729268702443
28.01	0.0761216583082636
28.015	0.0791527840211354
28.02	0.0806713198774842
28.025	0.0804008858861927
28.03	0.0780918582605178
28.035	0.0738843786664806
28.04	0.0680632991573614
28.045	0.0609161908415957
28.05	0.0526218068179427
28.055	0.0433731914563814
28.06	0.033271165789213
28.065	0.0222858300365013
28.07	0.0104649107287511
28.075	-0.00200793873234238
28.08	-0.0147693957007153
28.085	-0.0273308305429421
28.09	-0.0390677874507914
28.095	-0.0494025367519498
28.1	-0.0579368571186596
28.105	-0.0645462891771953
28.11	-0.0694100362839503
28.115	-0.0729385749240229
28.12	-0.0755980924924824
28.125	-0.0776833968699479
28.13	-0.0793016182719714
28.135	-0.0802938308912825
28.14	-0.0802810716170995
28.145	-0.0787478743612177
28.15	-0.075344845198643
28.155	-0.0700304047142578
28.16	-0.0631101481601703
28.165	-0.0551392188835936
28.17	-0.0468202677434901
28.175	-0.0388565159483903
28.18	-0.0317001663820231
28.185	-0.0254136076786199
28.19	-0.0196650955423485
28.195	-0.013984262492616
28.2	-0.00789502249855309
28.205	-0.00110854281299425
28.21	0.00651151169936844
28.215	0.0147417219754337
28.22	0.0231847492131147
28.225	0.031347442032356
28.23	0.038981212129202
28.235	0.0457920943387165
28.24	0.0515227767364384
28.245	0.0558588268998387
28.25	0.0585945388630532
28.255	0.0594011144881757
28.26	0.0580069016782158
28.265	0.0543004149563942
28.27	0.0484180585265152
28.275	0.0406457557778979
28.28	0.0313899690468455
28.285	0.0211459740073541
28.29	0.0102864817399659
28.295	-0.000822919797719619
28.3	-0.0118275241993533
28.305	-0.0222495187605557
28.31	-0.0317988412791248
28.315	-0.0400924281428433
28.32	-0.0468297912461705
28.325	-0.0517640744905747
28.33	-0.0550676434773162
28.335	-0.0569186521242029
28.34	-0.0575466088582748
28.345	-0.0570358832007893
28.35	-0.0557001178023615
28.355	-0.0536344053563336
28.36	-0.0508723629691305
28.365	-0.0472740692571974
28.37	-0.0430468632070173
28.375	-0.0382900262729179
28.38	-0.0330910512074969
28.385	-0.027344166438891
28.39	-0.0212077843501415
28.395	-0.0147515814885674
28.4	-0.00808514344592003
28.405	-0.00128075764499227
28.41	0.0052216511011719
28.415	0.0108719256618577
28.42	0.0150295612076385
28.425	0.0171744525294201
28.43	0.0169334572997519
28.435	0.0142912505274344
28.44	0.00965614285310993
28.445	0.00377680640902549
28.45	-0.00240058023613784
28.455	-0.00816630601127582
28.46	-0.0132184090248272
28.465	-0.0177971209006435
28.47	-0.0222895396903059
28.475	-0.0272158161038105
28.48	-0.032810872969272
28.485	-0.0389075353707802
28.49	-0.0446696755016199
28.495	-0.04912678295942
28.5	-0.0515227767364384
28.505	-0.051772965021248
28.51	-0.0503876683420799
28.515	-0.048485937425575
28.52	-0.0474301731852239
28.525	-0.0484755507429726
28.53	-0.0522050908805944
28.535	-0.0584464762997436
28.54	-0.0664322615562662
28.545	-0.0752282961886621
28.55	-0.0838329767097191
28.555	-0.0914864255975908
28.56	-0.0978022178718098
28.565	-0.102848036530985
28.57	-0.106668875469574
28.575	-0.109238733247114
28.58	-0.110400232226282
28.585	-0.110055245508342
28.59	-0.107877729803541
28.595	-0.10364174651063
28.6	-0.0973219123205671
28.605	-0.0892931027180311
28.61	-0.0799042286962806
28.615	-0.0696068213282308
28.62	-0.0587873981989853
28.625	-0.047797770591496
28.63	-0.0366145123010208
28.635	-0.0251480862517398
28.64	-0.0133084663156852
28.645	-0.00120337673377137
28.65	0.0109718247364918
28.655	0.0227999531242017
28.66	0.0337714840717575
28.665	0.0433962709276935
28.67	0.0513900284792132
28.675	0.0577181031092865
28.68	0.0625698044150222
28.685	0.0662791616166824
28.69	0.0692164539935943
28.695	0.0717982524747518
28.7	0.0744073349800264
28.705	0.0773853710162126
28.71	0.0808770728605568
28.715	0.0849706444319012
28.72	0.0895969980380791
28.725	0.0945882337868155
28.73	0.099540369200809
28.735	0.10416356785489
28.74	0.108328914536547
28.745	0.112222420880582
28.75	0.115937997858322
28.755	0.119696015860716
28.76	0.123558603057204
28.765	0.127464965378677
28.77	0.130722294422618
28.775	0.132682716292963
28.78	0.132794478552976
28.785	0.130987176490465
28.79	0.127096201838879
28.795	0.121464544824569
28.8	0.114592899434005
28.805	0.107161573552726
28.81	0.0992358813552425
28.815	0.0908965010964205
28.82	0.0821522619938161
28.825	0.0732555914700255
28.83	0.0642365034109029
28.835	0.0554176146278227
28.84	0.0472200395065552
28.845	0.0401817085415138
28.85	0.0344351304273598
28.855	0.0299386949079007
28.86	0.0264368180496543
28.865	0.0236497610762065
28.87	0.0211478751865523
28.875	0.0185545468260046
28.88	0.015619936781041
28.885	0.0123063466010154
28.89	0.00859740683658062
28.895	0.00441109966418838
28.9	-0.000380241894733863
28.905	-0.00586565032693625
28.91	-0.0120963721087547
28.915	-0.019093340906169
28.92	-0.0267069899222284
28.925	-0.0345863228272143
28.93	-0.0422308685785383
28.935	-0.0493367025901197
28.94	-0.0558355203319725
28.945	-0.061945997370858
28.95	-0.0679879997720393
28.955	-0.0744846626800181
28.96	-0.081792032830384
28.965	-0.0899385607183159
28.97	-0.0983504994156217
28.975	-0.106372676615926
28.98	-0.113342103727644
28.985	-0.118865467667408
28.99	-0.122645387869754
28.995	-0.124894157956178
29	-0.125980143544719
29.005	-0.126247380722154
29.01	-0.125653243591526
29.015	-0.124154672300572
29.02	-0.121677406314836
29.025	-0.11827976005319
29.03	-0.114068461819087
29.035	-0.109441900914053
29.04	-0.104856705655688
29.045	-0.100698648091605
29.05	-0.0970427703238727
29.055	-0.0938580715760541
29.06	-0.0910379146918074
29.065	-0.088553321326836
29.07	-0.0863020852077895
29.075	-0.0842412626205098
29.08	-0.082252325650325
29.085	-0.0801506379008785
29.09	-0.07752397329842
29.095	-0.0740336299789631
29.1	-0.0695542476393442
29.105	-0.0643468676320069
29.11	-0.0588934806079288
29.115	-0.0538199056387162
29.12	-0.0496215672627691
29.125	-0.0464570720643357
29.13	-0.044041776629257
29.135	-0.0417169137123106
29.14	-0.0387346414345995
29.145	-0.0345440814983264
29.15	-0.0291319187131621
29.155	-0.0228950112653951
29.16	-0.0165905542491775
29.165	-0.0110291110837725
29.17	-0.00705412896772702
29.175	-0.0050066174120105
29.18	-0.00477303641547507
29.185	-0.00575302233497717
29.19	-0.00746162902378293
29.195	-0.00922793097580448
29.2	-0.0105266966647375
29.205	-0.0109144017677597
29.21	-0.0105228482184741
29.215	-0.0093709630582779
29.22	-0.00745474240991389
29.225	-0.00457216990231492
29.23	-0.000791586213597211
29.235	0.00399902127524403
29.24	0.00978622560657152
29.245	0.0164184284409952
29.25	0.0232699768753376
29.255	0.029767628394326
29.26	0.0353925153072019
29.265	0.0398410996842227
29.27	0.0429305804651454
29.275	0.0448282856569551
29.28	0.0457891292184778
29.285	0.0459825721198081
29.29	0.0453443563664949
29.295	0.0438043605484618
29.3	0.0412962710412277
29.305	0.0378149400006764
29.31	0.0335327670407517
29.315	0.028822105395832
29.32	0.0240352902934405
29.325	0.0192529151604519
29.33	0.0144478435736292
29.335	0.00950685864599822
29.34	0.00433275632683586
29.345	-0.00117181435308767
29.35	-0.00685806146929373
29.355	-0.0125464700804072
29.36	-0.018201579118971
29.365	-0.0241594562004997
29.37	-0.0306661045689311
29.375	-0.0378579084824643
29.38	-0.045488938248951
29.385	-0.0529975087024318
29.39	-0.0592203540931752
29.395	-0.0630489327520759
29.4	-0.0638306064870345
29.405	-0.061842148309476
29.41	-0.0577861821718063
29.415	-0.0527435896634376
29.42	-0.0476303004982417
29.425	-0.0429622508992546
29.43	-0.0382905091248012
29.435	-0.032734252612117
29.44	-0.0254361814845652
29.445	-0.0162335202874328
29.45	-0.00550598633143147
29.455	0.00562584026217017
29.46	0.0157900449971062
29.465	0.0237964018384306
29.47	0.0294386150907268
29.475	0.0333269218335796
29.48	0.0367433746700722
29.485	0.0410717850505658
29.49	0.0474261340125053
29.495	0.0560008422375493
29.5	0.0660520196615323
29.505	0.0761614129225435
29.51	0.0848062240469272
29.515	0.0908373164749923
29.52	0.0939597734618676
29.525	0.0948566045991211
29.53	0.0948810907348032
29.535	0.0954869476614791
29.54	0.0976721351183483
29.545	0.101648962086524
29.55	0.106777821177388
29.555	0.111980993348349
29.56	0.116293981594657
29.565	0.119373979169316
29.57	0.121535936220045
29.575	0.123625216708256
29.58	0.126480461827264
29.585	0.130477457085369
29.59	0.135123654538698
29.595	0.139405243966744
29.6	0.142170443167861
29.605	0.142706706724834
29.61	0.140837358995204
29.615	0.13716337730864
29.62	0.13261436397126
29.625	0.128040026247824
29.63	0.123607789125682
29.635	0.119016153620257
29.64	0.113652301062821
29.645	0.107033991944844
29.65	0.0988288130310242
29.655	0.0891423669678986
29.66	0.0783198239495248
29.665	0.0667662561134421
29.67	0.0546894134268775
29.675	0.0421666411219392
29.68	0.029318651357111
29.685	0.0165126909715159
29.69	0.00443662961808401
29.695	-0.00609663122577387
29.7	-0.0143691410746797
29.705	-0.0200712834377845
29.71	-0.0232403372413386
29.715	-0.0244671490901102
29.72	-0.0245756340385886
29.725	-0.0244278286574335
29.73	-0.0243279702869936
29.735	-0.024376201393945
29.74	-0.0244055258225234
29.745	-0.0242524713420583
29.75	-0.0235694683586919
29.755	-0.0223675601911399
29.76	-0.020863272382108
29.765	-0.0194850317589745
29.77	-0.0183391069898718
29.775	-0.0176121776664835
29.78	-0.017371050769947
29.785	-0.0177089838514883
29.79	-0.0184239351475472
29.795	-0.0196268557575147
29.8	-0.0215737243433213
29.805	-0.0247043147818867
29.81	-0.0290033467837174
29.815	-0.0344322981670811
29.82	-0.0406058318113162
29.825	-0.0469253687068167
29.83	-0.0522100389396746
29.835	-0.0555614072995145
29.84	-0.0564359022710259
29.845	-0.0549494034931909
29.85	-0.0513945550846588
29.855	-0.0466067464737277
29.86	-0.0414763856229437
29.865	-0.0367309349124007
29.87	-0.0323264479791281
29.875	-0.0278538604280718
29.88	-0.022604380005363
29.885	-0.0159822444392388
29.89	-0.00754839987919691
29.895	0.00250413916971068
29.9	0.0133885172408923
29.905	0.0238571717662499
29.91	0.0326876095049348
29.915	0.0389832479323474
29.92	0.0424369967254293
29.925	0.0433540692790974
29.93	0.0425640475004969
29.935	0.0411008385080429
29.94	0.0398253352905467
29.945	0.0391327508077892
29.95	0.0389472989652996
29.955	0.0388797375896305
29.96	0.0384844822933273
29.965	0.0375121194777924
29.97	0.0360867260337383
29.975	0.0346944185709365
29.98	0.0339716113847754
29.985	0.0344378953946095
29.99	0.036306956679648
29.995	0.0394538172165038
30	0.0434776587531219
30.005	0.0478547050933314
30.01	0.0520906459810393
30.015	0.0558473981729035
30.02	0.0589174809524469
30.025	0.0611521018081095
30.03	0.0624660681027771
30.035	0.062895844459986
30.04	0.062589817146324
30.045	0.0617735564848199
30.05	0.0608184759760323
30.055	0.060182361706731
30.06	0.060198295755761
30.065	0.0608298585907051
30.07	0.061813723282936
30.075	0.0626589575588772
30.08	0.0627799380936909
30.085	0.0615974613202314
30.09	0.058931576376178
30.095	0.0549864966518795
30.1	0.0503120064926806
30.105	0.0455457637228179
30.11	0.0414417484838417
30.115	0.0384552128832014
30.12	0.0366533173792142
30.125	0.0356177893310654
30.13	0.0348773911786213
30.135	0.0338580606055156
30.14	0.0321904782989167
30.145	0.0297585147278097
30.15	0.0269230307696664
30.155	0.0241025739129824
30.16	0.0216237561715757
30.165	0.0195055489378529
30.17	0.0176628114620991
30.175	0.0158518922522138
30.18	0.013968886448644
30.185	0.0121763368825564
30.19	0.0110770489401626
30.195	0.0113504029204889
30.2	0.0135185999943539
30.205	0.0176606663113248
30.21	0.0234946681980803
30.215	0.0303430343533411
30.22	0.037493852093889
30.225	0.0444510298021676
30.23	0.0512032688006148
30.235	0.0579052207848824
30.24	0.064701160298662
30.245	0.0714333715328891
30.25	0.0776928951648957
30.255	0.0827061863550232
30.26	0.0857145281655333
30.265	0.0862702402868677
30.27	0.0845791978369
30.275	0.0812472519887681
30.28	0.0771290664370688
30.285	0.0729864006249853
30.29	0.069406596033391
30.295	0.0665007357383053
30.3	0.0640907719939576
30.305	0.0618590215456635
30.31	0.0597046703854908
30.315	0.0575751386993319
30.32	0.0554852975341913
30.325	0.0533833976500238
30.33	0.0512140245174379
30.335	0.0487870493273041
30.34	0.0459392247032411
30.345	0.0426692182293751
30.35	0.039174433179444
30.355	0.0357522866171404
30.36	0.0327108093127631
30.365	0.0303094834718076
30.37	0.0284739143666621
30.375	0.0269094717872926
30.38	0.0252260478058965
30.385	0.0232244554099778
30.39	0.0206966448009236
30.395	0.0176568793822769
30.4	0.0142890901494725
30.405	0.0110013887029421
30.41	0.00803147888772075
30.415	0.00558783612496311
30.42	0.00381242531298952
30.425	0.00288421641632254
30.43	0.00274875533621161
30.435	0.00319603681011887
30.44	0.00388246987254576
30.445	0.00449564901810341
30.45	0.00467471972705915
30.455	0.00417486991214033
30.46	0.00305194152352179
30.465	0.00180004128755454
30.47	0.00111094933887452
30.475	0.0015968711012492
30.48	0.00362230436562259
30.485	0.00724583063742554
30.49	0.0119256629443729
30.495	0.0166584062905965
30.5	0.0203029159056581
30.505	0.0220195373356212
30.51	0.0212529946749017
30.515	0.0178541784735086
30.52	0.0120476642436729
30.525	0.0043554351223053
30.53	-0.00471920588125673
30.535	-0.0148117395584289
30.54	-0.0256663278945357
30.545	-0.0370390979138152
30.55	-0.0486177090868464
30.555	-0.0600603944616752
30.56	-0.0709551388304689
30.565	-0.0808774442814766
30.57	-0.0893397156144688
30.575	-0.0959703660914911
30.58	-0.100513942963201
30.585	-0.10293715400103
30.59	-0.103310153110094
30.595	-0.102035898523946
30.6	-0.0998034910019881
30.605	-0.0975526043094444
30.61	-0.0960403328677433
30.615	-0.095750302592066
30.62	-0.0966614921876083
30.625	-0.0983102418041103
30.63	-0.0998066097095631
30.635	-0.100360828604762
30.64	-0.0996533955172247
30.645	-0.0981521363705112
30.65	-0.0967557393149
30.655	-0.0966176962260424
30.66	-0.098612733489532
30.665	-0.103041460684025
30.67	-0.109158666476068
30.675	-0.11559218982738
30.68	-0.120756820674954
30.685	-0.123489413526172
30.69	-0.123088725621145
30.695	-0.119616383195049
30.7	-0.113662307428472
30.705	-0.106115258208853
30.71	-0.0975272312723861
30.715	-0.0881972413481834
30.72	-0.0781497157334597
30.725	-0.0674061407273446
30.73	-0.0559462440558205
30.735	-0.0440242051040463
30.74	-0.0321104273737096
30.745	-0.0207929138504511
30.75	-0.0105011678645197
30.755	-0.00137291960709469
30.76	0.00675429681435151
30.765	0.0142501729063093
30.77	0.0213956522142087
30.775	0.0283929717943062
30.78	0.0351523625315805
30.785	0.0413626760414108
30.79	0.0463523723898052
30.795	0.0497201161576684
30.8	0.0514227130799295
30.805	0.0519692447685627
30.81	0.0520037901420704
30.815	0.0524983355281817
30.82	0.0542845336560843
30.825	0.0578797867068274
30.83	0.0629617272372702
30.835	0.0689220731023685
30.84	0.0749676914564763
30.845	0.0805512400393398
30.85	0.0850395541429955
30.855	0.0882884370645925
30.86	0.0903674881931977
30.865	0.0915868434538307
30.87	0.0917530530903949
30.875	0.0908023201984076
30.88	0.0887364505921025
30.885	0.0859792513200194
30.89	0.0826219778167912
30.895	0.0790807553092833
30.9	0.0756981561489913
30.905	0.0728303309559932
30.91	0.0700104060729059
30.915	0.0668216511064968
30.92	0.0629000144815016
30.925	0.0583255836837563
30.93	0.0530638560730257
30.935	0.0474310534912323
30.94	0.041726544764216
30.945	0.0361659381733162
30.95	0.0304319412503942
30.955	0.0241191817942787
30.96	0.0169007515843551
30.965	0.00882410518898824
30.97	0.000265420485660052
30.975	-0.0080921717165114
30.98	-0.015529879490183
30.985	-0.0215915281474166
30.99	-0.0261942458045598
30.995	-0.029735440990236
31	-0.0328709111631773
31.005	-0.0363052702339985
31.01	-0.0404256810773738
31.015	-0.0454381166190581
31.02	-0.0513426621547224
31.025	-0.0580853889538656
31.03	-0.0654713062811083
31.035	-0.0734078533254105
31.04	-0.0817820264647331
31.045	-0.0904506462978094
31.05	-0.0990432451889876
31.055	-0.107299346551326
31.06	-0.115053192253946
31.065	-0.122321597980446
31.07	-0.129076239722555
31.075	-0.135424075962686
31.08	-0.141319902087535
31.085	-0.146461871684757
31.09	-0.150173213945697
31.095	-0.151817867544151
31.1	-0.15091600674674
31.105	-0.147332612571631
31.11	-0.141287838834656
31.115	-0.133467240693755
31.12	-0.124709335107056
31.125	-0.11571509080679
31.13	-0.10680239419563
31.135	-0.0979817341540623
31.14	-0.088966597002073
31.145	-0.0793377410000513
31.15	-0.068772401638862
31.155	-0.0572861596723645
31.16	-0.0452387791076788
31.165	-0.0332243255862854
31.17	-0.021948349344326
31.175	-0.0120364261673647
31.18	-0.00387246350689486
31.185	0.00250943648126091
31.19	0.00724173508055768
31.195	0.0106256974932345
31.2	0.012958243517904
31.205	0.0145110802722161
31.21	0.0152530102679717
31.215	0.0151428785428143
31.22	0.0141690137616618
31.225	0.0125557593527807
31.23	0.0104028800583235
31.235	0.0079824449577605
31.24	0.00553352020494279
31.245	0.00331392322424463
31.25	0.00106031004775928
31.255	-0.00147163850074483
31.26	-0.00453288363985368
31.265	-0.00808390864540711
31.27	-0.0122442378729203
31.275	-0.0167067734998019
31.28	-0.0210233742325222
31.285	-0.0246100602664604
31.29	-0.0274203077014482
31.295	-0.0293773883309911
31.3	-0.0305794534291233
31.305	-0.031131991317207
31.31	-0.0314643806506544
31.315	-0.0316901581752126
31.32	-0.0318102364041829
31.325	-0.0317279394450606
31.33	-0.0315084885333125
31.335	-0.0310358008587362
31.34	-0.0302092179000403
31.345	-0.0289783856182738
31.35	-0.027527126519283
31.355	-0.0260315202223616
31.36	-0.0247757613516064
31.365	-0.0241208178382141
31.37	-0.0244995878216726
31.375	-0.0261765096551182
31.38	-0.0292185877006021
31.385	-0.0334886648554346
31.39	-0.0386774621059337
31.395	-0.0444166211992932
31.4	-0.0503920574178877
31.405	-0.0564409437157174
31.41	-0.0624438953044368
31.415	-0.0683353284209914
31.42	-0.0739770612570381
31.425	-0.0791364410471016
31.43	-0.0833657364860796
31.435	-0.0862218795416189
31.44	-0.0873855912292322
31.445	-0.0868601787376535
31.45	-0.0848127171742929
31.455	-0.0816623023314801
31.46	-0.0778995565921874
31.465	-0.0739840536067679
31.47	-0.0699228406569339
31.475	-0.0653706447690203
31.48	-0.0596979774732164
31.485	-0.0523100259695831
31.49	-0.0427393319556177
31.495	-0.0310194617110352
31.5	-0.0178213372242371
31.505	-0.00445322034113797
31.51	0.00757608151078868
31.515	0.0169222494167124
31.52	0.0227744882214282
31.525	0.0250142873403085
31.53	0.0242841631488604
31.535	0.0217076910978458
31.54	0.018471750991545
31.545	0.01541672516568
31.55	0.0129618635920396
31.555	0.0111421676645959
31.56	0.00979623197222241
31.565	0.008749694527493
31.57	0.00807272628592467
31.575	0.00802462835220416
31.58	0.00887564633234043
31.585	0.0106684958031647
31.59	0.0131889173127602
31.595	0.016031723699614
31.6	0.0187719419610717
31.605	0.0211765094837311
31.61	0.0233329700221199
31.615	0.0257268115285382
31.62	0.0289884412906316
31.625	0.0336242404315232
31.63	0.0396716120350177
31.635	0.0468257088937936
31.64	0.0544246227751968
31.645	0.0616838583581462
31.65	0.0677473134994542
31.655	0.0721682307709403
31.66	0.0748576214343165
31.665	0.0760754523646315
31.67	0.0760517883318287
31.675	0.0751556129910349
31.68	0.0736768702875113
31.685	0.0718533200292616
31.69	0.069605051353075
31.695	0.0669058437954845
31.7	0.0637705682931291
31.705	0.0603807520753352
31.71	0.0569127082713488
31.715	0.0536817024515358
31.72	0.0510324648195447
31.725	0.0492850108521197
31.73	0.0485422381736871
31.735	0.0486690068248531
31.74	0.0493313826588932
31.745	0.0501329677828379
31.75	0.0506334387803173
31.755	0.0504909323602157
31.76	0.0495415163375619
31.765	0.0478610443354404
31.77	0.045612963808043
31.775	0.0430267284021897
31.78	0.0403156472074403
31.785	0.037670964310413
31.79	0.0351081284750634
31.795	0.0325535994048741
31.8	0.0298890141992118
31.805	0.0270536632246845
31.81	0.0240111174741187
31.815	0.0207890271182692
31.82	0.0174711144264559
31.825	0.014158120407166
31.83	0.0109079237702243
31.835	0.00762414921475333
31.84	0.00408259718556358
31.845	-1.91013713323806e-05
31.85	-0.00488032535550339
31.855	-0.0106229075107133
31.86	-0.0171208916286747
31.865	-0.0240001340659931
31.87	-0.0305546789004456
31.875	-0.0361574652234775
31.88	-0.040345666304393
31.885	-0.0430056559979165
31.89	-0.0441872409158838
31.895	-0.0443221776207131
31.9	-0.0439579643043647
31.905	-0.0436314627818256
31.91	-0.0434891223032289
31.915	-0.0435373653723646
31.92	-0.0436077415065835
31.925	-0.043522230232914
31.93	-0.0430307309586941
31.935	-0.0421084313862978
31.94	-0.0408860100495411
31.945	-0.0396288134693477
31.95	-0.0385451714678563
31.955	-0.0379007718209277
31.96	-0.0378941067199247
31.965	-0.0386236512961531
31.97	-0.0399246693670004
31.975	-0.0415074615931534
31.98	-0.0428972895453702
31.985	-0.0435313109528642
31.99	-0.0427952500347191
31.995	-0.0403700578353191
32	-0.0363331136783857
32.005	-0.0312353244332131
32.01	-0.0258493268977286
32.015	-0.021076832892394
32.02	-0.0176112035455684
32.025	-0.0157508865942063
32.03	-0.0151963663242423
32.035	-0.015286160728772
32.04	-0.0152096757893545
32.045	-0.0143212536990377
32.05	-0.0122195668582284
32.055	-0.0088891960767827
32.06	-0.00460292819940992
32.065	0.000192545099050517
32.07	0.00513798899796632
32.075	0.00999737881982003
32.08	0.0146293065816028
32.085	0.0188485283103284
32.09	0.0224558566411197
32.095	0.0252043608195829
32.1	0.0267970472130864
32.105	0.0268932685814387
32.11	0.0253826891983844
32.115	0.0224320562041379
32.12	0.0184517382602432
32.125	0.0139215241491279
32.13	0.00944235190412925
32.135	0.0055561969685221
32.14	0.00261166143488258
32.145	0.00064461997940332
32.15	-0.000443542428406687
32.155	-0.000811322683216081
32.16	-0.000600381939053467
32.165	8.72944695837162e-05
32.17	0.00127062216178541
32.175	0.00306597787031983
32.18	0.00556353930189546
32.185	0.00871111837408575
32.19	0.0122732226317288
32.195	0.0159281505950306
32.2	0.019302279340569
32.205	0.0220757617779168
32.21	0.0240344870724072
32.215	0.0252251342693565
32.22	0.0258964743045062
32.225	0.0264410264603065
32.23	0.02718736142915
32.235	0.0283999728981312
32.24	0.0301992115343894
32.245	0.0326069887052855
32.25	0.0354724530074752
32.255	0.0386608983229333
32.26	0.0420867739276481
32.265	0.0457725992872388
32.27	0.0497384292232497
32.275	0.0540208279434096
32.28	0.0585972772516184
32.285	0.063374695961026
32.29	0.0681191383751136
32.295	0.072519538756662
32.3	0.0762685189910921
32.305	0.0791695463412134
32.31	0.0810720789227966
32.315	0.0818699080600105
32.32	0.0814918418608573
32.325	0.0799467426518197
32.33	0.0771873379473397
32.335	0.0732199229297681
32.34	0.0681733691795212
32.345	0.0624259706107577
32.35	0.0563778774173848
32.355	0.0505042475417352
32.36	0.0452087600107261
32.365	0.0407743562330983
32.37	0.0371194671148797
32.375	0.0339335710185793
32.38	0.0307495616451884
32.385	0.0271377051134903
32.39	0.0227113792857336
32.395	0.0173060840072215
32.4	0.0110070022159802
32.405	0.00413866971597998
32.41	-0.00282624971652568
32.415	-0.00939611666561982
32.42	-0.0151396312297983
32.425	-0.0197714716642159
32.43	-0.0230960313820343
32.435	-0.0251071259171125
32.44	-0.0259264934014589
32.445	-0.0258293377517676
32.45	-0.0250601644804173
32.455	-0.0240087369112191
32.46	-0.0231447237505112
32.465	-0.0230415954854384
32.47	-0.02399637409645
32.475	-0.0261644977670134
32.48	-0.0293987022823181
32.485	-0.033345601522556
32.49	-0.0373249440713781
32.495	-0.0408409766367751
32.5	-0.0436877924317906
32.505	-0.0460855244306205
32.51	-0.0483412290394069
32.515	-0.0509058020433217
32.52	-0.0539743363209067
32.525	-0.0573476028168632
32.53	-0.0602746830557658
32.535	-0.061996143512625
32.54	-0.0619794288416196
32.545	-0.0602335489402577
32.55	-0.057143154319892
32.555	-0.0535522951000151
32.56	-0.0503020001270297
32.565	-0.0479113119415695
32.57	-0.0461785940511643
32.575	-0.0444651601615696
32.58	-0.0419166657115829
32.585	-0.0379011021832921
32.59	-0.0321343452045345
32.595	-0.0249668971228268
32.6	-0.0171909361882309
32.605	-0.00977120914020216
32.61	-0.00333266374707502
32.615	0.00196497021618216
32.62	0.00649413130742834
32.625	0.0109338184176641
32.63	0.0160284367568462
32.635	0.0221944386557236
32.64	0.0292786258945074
32.645	0.0365138299272694
32.65	0.0428060872774244
32.655	0.0471245051685425
32.66	0.0488510771076505
32.665	0.0479631487516492
32.67	0.0450082619107103
32.675	0.0408562114530902
32.68	0.036303094581433
32.685	0.0317859116746998
32.69	0.0272551141043204
32.695	0.0224572903686777
32.7	0.0172309616508345
32.705	0.0118209992044344
32.71	0.00685819867856832
32.715	0.00331492680811928
32.72	0.00205130495843268
32.725	0.00344745201929184
32.73	0.00706015777640889
32.735	0.0119341753070957
32.74	0.0168907452187042
32.745	0.02102229151979
32.75	0.0237903025711007
32.755	0.0253479490654153
32.76	0.0262466971022874
32.765	0.0271756225066169
32.77	0.028402680688002
32.775	0.0299478622292386
32.78	0.0315900963598633
32.785	0.033141081905322
32.79	0.0343588205564529
32.795	0.0352540998073015
32.8	0.0359428654180009
32.805	0.036562201910956
32.81	0.0370545042517591
32.815	0.0373060966280521
32.82	0.0372036674900132
32.825	0.0367230956923575
32.83	0.0359573294720849
32.835	0.0350118981328382
32.84	0.0338815540939173
32.845	0.0323326698108716
32.85	0.0300649561023855
32.855	0.0267449972011239
32.86	0.0222741699388836
32.865	0.0168904759942453
32.87	0.0113280053035123
32.875	0.00639766192448606
32.88	0.00276175691964595
32.885	0.000633649570623934
32.89	-0.000132546640493353
32.895	-0.000117033752741142
32.9	-2.00127313017822e-05
32.905	-0.000431796722282406
32.91	-0.00155483802809847
32.915	-0.00334761717320453
32.92	-0.00565359659275348
32.925	-0.00842214148889426
32.93	-0.011711964974917
32.935	-0.0157165037459105
32.94	-0.0205931005095339
32.945	-0.026305899291795
32.95	-0.0324585154871479
32.955	-0.0384077194129587
32.96	-0.0433976078279148
32.965	-0.0467868244783203
32.97	-0.0481762061260382
32.975	-0.0475640099654374
32.98	-0.0452487854733297
32.985	-0.0416871643782197
32.99	-0.0372462088673723
32.995	-0.032194468762937
33	-0.0266369453626722
33.005	-0.0205957385997908
33.01	-0.014082571987691
33.015	-0.0073201513155321
33.02	-0.000730464692515052
33.025	0.00513722521786866
33.03	0.00982594400251402
33.035	0.0130528135940738
33.04	0.014889472088526
33.045	0.0157575942039546
33.05	0.0163579128028465
33.055	0.0173047967554294
33.06	0.0189220374458351
33.065	0.0211019085315431
33.07	0.0234165217582081
33.075	0.025261911505237
33.08	0.0261866589083821
33.085	0.0261307468397489
33.09	0.025447853846307
33.095	0.0247394730578926
33.1	0.0245456149416359
33.105	0.0250756116764653
33.11	0.0259881367164803
33.115	0.0265457194622808
33.12	0.0259064806701571
33.125	0.0235299188037966
33.13	0.0193440444094401
33.135	0.0138832100680136
33.14	0.00809514981157092
33.145	0.00307529820509323
33.15	-0.000457511528312359
33.155	-0.00221644968907688
33.16	-0.00242154048751565
33.165	-0.00159936327328826
33.17	-0.000552554564903257
33.175	7.86417683634732e-05
33.18	-0.000110070022159802
33.185	-0.00119774814593899
33.19	-0.00310593744680149
33.195	-0.00547393512907409
33.2	-0.00781497157334597
33.205	-0.00962321014873282
33.21	-0.0105298747890623
33.215	-0.0103349576374781
33.22	-0.00910579274231092
33.225	-0.00719804836671522
33.23	-0.00504826466385335
33.235	-0.00307035015722425
33.24	-0.00150095484763367
33.245	-0.000423762399697459
33.25	0.000354079498709912
33.255	0.000955887749547079
33.26	0.00130082753461585
33.265	0.000946648176451599
33.27	-0.00048628213213961
33.275	-0.00330211666942668
33.28	-0.00742472331296121
33.285	-0.0124124626034838
33.29	-0.0172632314308685
33.295	-0.0210347964732125
33.3	-0.0231847492131147
33.305	-0.0239285818852005
33.31	-0.0239483035175964
33.315	-0.0242905838665329
33.32	-0.0258164233792991
33.325	-0.0288316749727193
33.33	-0.0327645876670003
33.335	-0.0365227796115815
33.34	-0.0388947432850138
33.345	-0.039040314771879
33.35	-0.0368264927637416
33.355	-0.0328285198946444
33.36	-0.0280178238224951
33.365	-0.0232756320267639
33.37	-0.019147224554609
33.375	-0.0156222485875038
33.38	-0.0122778106536434
33.385	-0.00851134532811097
33.39	-0.00400124513507362
33.395	0.00124926275685191
33.4	0.00693441139606755
33.405	0.0126996646575501
33.41	0.0181624937302581
33.415	0.0231945538677903
33.42	0.0279077538003353
33.425	0.0326455898783917
33.43	0.0376382322377282
33.435	0.0430616741149519
33.44	0.0489511407641594
33.445	0.0552725813209761
33.45	0.0617058944188528
33.455	0.0678156862175125
33.46	0.073066481982807
33.465	0.0769891885830177
33.47	0.0790921832320593
33.475	0.0791432904593067
33.48	0.0772391364592286
33.485	0.073896321036831
33.49	0.0696035277969836
33.495	0.0648142765033865
33.5	0.0597079838388673
33.505	0.0542568000749565
33.51	0.0479315771803141
33.515	0.0402573345458499
33.52	0.0310297398834134
33.525	0.0206647493540175
33.53	0.00973615883411228
33.535	-0.000863742371757855
33.54	-0.0103065566204179
33.545	-0.0179322860536671
33.55	-0.023867700050194
33.555	-0.0285483991509109
33.56	-0.0325807265593015
33.565	-0.0362885284921403
33.57	-0.0399847864293864
33.575	-0.043543378130486
33.58	-0.0465996448362
33.585	-0.0486085255941665
33.59	-0.0495336208150429
33.595	-0.0496340005907875
33.6	-0.0494814781436566
33.605	-0.0496032442557196
33.61	-0.0506247949793984
33.615	-0.0527666393273125
33.62	-0.0557754821380671
33.625	-0.0588744095118916
33.63	-0.0613171870207694
33.635	-0.0625608801719524
33.64	-0.0625297789524186
33.645	-0.0616019559579176
33.65	-0.0606359014977541
33.655	-0.060615722654115
33.66	-0.0622395943485428
33.665	-0.0656125202616588
33.67	-0.0702506631283355
33.675	-0.0754256789582274
33.68	-0.0804411734675137
33.685	-0.0849162469084611
33.69	-0.0888528484175901
33.695	-0.0926740267672433
33.7	-0.0968215940380225
33.705	-0.101424404591065
33.71	-0.10610715289487
33.715	-0.110251894922165
33.72	-0.113232033705484
33.725	-0.114739479742715
33.73	-0.114899123624496
33.735	-0.114308218494933
33.74	-0.113732351988029
33.745	-0.113786629258605
33.75	-0.114680079834834
33.755	-0.116211645044143
33.76	-0.117965044658355
33.765	-0.119580537619819
33.77	-0.120911188936245
33.775	-0.121981548238557
33.78	-0.122888176558594
33.785	-0.123634463275333
33.79	-0.124053836477616
33.795	-0.123747557495732
33.8	-0.122307807350842
33.805	-0.119511357253628
33.81	-0.11550892175259
33.815	-0.110638820100511
33.82	-0.10532700484128
33.825	-0.0998853937727591
33.83	-0.0944711788564558
33.835	-0.0889371622829058
33.84	-0.0830428285367454
33.845	-0.0766510898359645
33.85	-0.0699049040339498
33.855	-0.0630945051132545
33.86	-0.0566360295840437
33.865	-0.0509463170139826
33.87	-0.0462864560169102
33.875	-0.0425802181684682
33.88	-0.039515137955369
33.885	-0.0366913587020111
33.89	-0.0337342732632604
33.895	-0.0302606547334332
33.9	-0.0260365634236187
33.905	-0.0210440183714958
33.91	-0.0154835044114406
33.915	-0.00954771770248732
33.92	-0.003492221612161
33.925	0.00238817652729143
33.93	0.00771743122759325
33.935	0.0123655617240918
33.94	0.0163303887422543
33.945	0.0197106073536689
33.95	0.022476028388995
33.955	0.0247117294729309
33.96	0.0264067989527017
33.965	0.0274322218778816
33.97	0.0274478736173596
33.975	0.0263200690093428
33.98	0.024075315756044
33.985	0.0209394084963512
33.99	0.0172434162544549
33.995	0.0136425904013
34	0.0108268876342642
34.005	0.00931392192179832
34.01	0.00928216744006898
34.015	0.0107731814613989
34.02	0.0135686318226084
34.025	0.0172151004978658
34.03	0.0211690686719185
34.035	0.0251212394134232
34.04	0.0289584221936789
34.045	0.0326820523131141
34.05	0.0363942792897299
34.055	0.0402794698048326
34.06	0.0443982443930039
34.065	0.0485484931578454
34.07	0.0524128076632126
34.075	0.0557014399527531
34.08	0.0582270417225354
34.085	0.0599060745092811
34.09	0.0608183299234325
34.095	0.0611007157484833
34.1	0.0607786649635127
34.105	0.0596411454317842
34.11	0.0573998216342751
34.115	0.0538438171196179
34.12	0.0490311916893665
34.125	0.0433802401406613
34.13	0.0377114041241343
34.135	0.0330058979460745
34.14	0.0301191606091823
34.145	0.0294877888589342
34.15	0.0310849895849104
34.155	0.0344029903607352
34.16	0.0387046223376469
34.165	0.0432708859402351
34.17	0.0477063853284652
34.175	0.0518800186335136
34.18	0.055875545794576
34.185	0.0597713627806289
34.19	0.0636429424918931
34.195	0.0673286746880044
34.2	0.0705148587418298
34.205	0.0728020221673306
34.21	0.0740846725533131
34.215	0.0744916890583137
34.22	0.0744073349800264
34.225	0.0742413648394776
34.23	0.0744696890821984
34.235	0.0752277807737376
34.24	0.0762485062597904
34.245	0.0768298816146879
34.25	0.0763365045979804
34.255	0.0742738429356903
34.26	0.0706149223983387
34.265	0.0658094182656045
34.27	0.0608443405381662
34.275	0.0566510643572675
34.28	0.0537842153735398
34.285	0.0521250255870315
34.29	0.0510616399655856
34.295	0.0495631049922474
34.3	0.0467197212240107
34.305	0.0421440621668661
34.31	0.0362120243408403
34.315	0.0297503577686041
34.32	0.0237451056895646
34.325	0.0189482708460282
34.33	0.0156531553437759
34.335	0.0135888376910528
34.34	0.012227778825389
34.345	0.0111572164978339
34.35	0.0103356838208984
34.355	0.0100922061368348
34.36	0.0109869894846785
34.365	0.0135131027897377
34.37	0.017893278006928
34.375	0.0238437166112597
34.38	0.030699529816934
34.385	0.0376165380895936
34.39	0.0439595414849357
34.395	0.0493070794770305
34.4	0.053584088060522
34.405	0.0569421647283121
34.41	0.0597420429697841
34.415	0.0621121181600462
34.42	0.0639306701435434
34.425	0.0648117081429676
34.43	0.0644136401289227
34.435	0.0623850721384633
34.44	0.0586473090798729
34.445	0.0534154122832676
34.45	0.0473527282441196
34.455	0.0410465753516772
34.46	0.0348721842933556
34.465	0.0287618124776892
34.47	0.0225706449380461
34.475	0.015932122325603
34.48	0.00865550628802082
34.485	0.000843698694545093
34.49	-0.00678250158891507
34.495	-0.0134149879652115
34.5	-0.0184017064319888
34.505	-0.0216146173391723
34.51	-0.0232476205629051
34.515	-0.0239200753008945
34.52	-0.0242554303377601
34.525	-0.0246032746695734
34.53	-0.0247628053032799
34.535	-0.0242551328847995
34.54	-0.0225943736397122
34.545	-0.0196118457697985
34.55	-0.0156184401197986
34.555	-0.0113327152376068
34.56	-0.00756481243207369
34.565	-0.00483018177458381
34.57	-0.0032429650738883
34.575	-0.00249117700882067
34.58	-0.00206131132408357
34.585	-0.00149803389888339
34.59	-0.00068459648801578
34.595	0.00013351799295937
34.6	0.000560356476449903
34.605	0.000335240706333707
34.61	-0.0003863561944357
34.615	-0.00111188702516002
34.62	-0.00108068749029624
34.625	0.000446179742997988
34.63	0.00405723961637455
34.635	0.00977750444299036
34.64	0.0171308979943256
34.645	0.0252552748929644
34.65	0.0332691373633119
34.655	0.0403212442650175
34.66	0.045859173778034
34.665	0.049707262535328
34.67	0.0520700667574593
34.675	0.0532862997176346
34.68	0.0536941580826818
34.685	0.0535188120271062
34.69	0.0527366746978287
34.695	0.0511436970181075
34.7	0.0484708352129166
34.705	0.0445723133602969
34.71	0.0393639648068583
34.715	0.0329724917942814
34.72	0.0256363087975831
34.725	0.0176628772794311
34.73	0.00923222730420641
34.735	0.000541687472999455
34.74	-0.00818520710242894
34.745	-0.0166195493923473
34.75	-0.0244027489527616
34.755	-0.0311015169453367
34.76	-0.0363431200440366
34.765	-0.0399213137371286
34.77	-0.0417706989011354
34.775	-0.0419321990941514
34.78	-0.0404757490578546
34.785	-0.0374857784002075
34.79	-0.033009911617527
34.795	-0.027214384340763
34.8	-0.020493036853025
34.805	-0.0135349596473182
34.81	-0.00717411285320659
34.815	-0.00221857490926189
34.82	0.000810515617722181
34.825	0.00185368830721463
34.83	0.0013060881971622
34.835	-0.000153135208211279
34.84	-0.00185117764541486
34.845	-0.00337568303365902
34.85	-0.00474887798011828
34.855	-0.00636450737066941
34.86	-0.00873555721322795
34.865	-0.0122014283272175
34.87	-0.0166551992472957
34.875	-0.0216229217798528
34.88	-0.0263467607587963
34.885	-0.0300564614354386
34.89	-0.0321485818801372
34.895	-0.0325207385392967
34.9	-0.0315000390690053
34.905	-0.0296818699050965
34.91	-0.0276029025561875
34.915	-0.0256432251341282
34.92	-0.0238251566147718
34.925	-0.0218095012986863
34.93	-0.0190385313201569
34.935	-0.0150259500763716
34.94	-0.00955607919660102
34.945	-0.00277683229217577
34.95	0.00468380962786163
34.955	0.0119556247199705
34.96	0.0181415409250656
34.965	0.0226436193063369
34.97	0.0251041122588885
34.975	0.0256752892338272
34.98	0.0248458059111627
34.985	0.0233210954744373
34.99	0.0214711828734233
34.995	0.0194472004285803
35	0.0170708598004203
35.005	0.0140553769953004
35.01	0.00991549888102449
35.015	0.00446228672811516
35.02	-0.00208132405538535
35.025	-0.00896874477998418
35.03	-0.0153039051425986
35.035	-0.0201468759860287
35.04	-0.0228245200496827
35.045	-0.0230719506998673
35.05	-0.0212568730913157
35.055	-0.0181524985962153
35.06	-0.0147193638724608
35.065	-0.0117846536142199
35.07	-0.00990860141695267
35.075	-0.00920667396086208
35.08	-0.00942599644313944
35.085	-0.0100801252244681
35.09	-0.0107730935397793
35.095	-0.0112386937291946
35.1	-0.0114572886702703
35.105	-0.0115752766778145
35.11	-0.0119834348364919
35.115	-0.0130027831292956
35.12	-0.0148294338946206
35.125	-0.0174180029197279
35.13	-0.0206896300055348
35.135	-0.0244061371848131
35.14	-0.0282980020607201
35.145	-0.0320939037828402
35.15	-0.0357391271431894
35.155	-0.0392965555651634
35.16	-0.0429473213736247
35.165	-0.0469030184540508
35.17	-0.0513061342130247
35.175	-0.0561588464754181
35.18	-0.0612489641491046
35.185	-0.0661925189051503
35.19	-0.0704164256653941
35.195	-0.0734187942462742
35.2	-0.0748676277999674
35.205	-0.0747314574515595
35.21	-0.0731082876292377
35.215	-0.070287388576962
35.22	-0.0665923634066804
35.225	-0.062316054468122
35.23	-0.0575471053524406
35.235	-0.0522694509808699
35.24	-0.0464395429857857
35.245	-0.0401264810883214
35.25	-0.0335602976393137
35.255	-0.0271492200308976
35.26	-0.0214536479555106
35.265	-0.0170952919489695
35.27	-0.0145644049929204
35.275	-0.0140801348123484
35.28	-0.015529879490183
35.285	-0.0185066836940269
35.29	-0.0224142131765643
35.295	-0.0266208280140451
35.3	-0.0306194788917268
35.305	-0.0341110355586517
35.31	-0.0370072417045375
35.315	-0.039306355333392
35.32	-0.04098607370605
35.325	-0.041911011172136
35.33	-0.0418568130322698
35.335	-0.0405348621246745
35.34	-0.0377340048695104
35.345	-0.0333937159847326
35.35	-0.0277701611221063
35.355	-0.0212391838459389
35.36	-0.0142190455899163
35.365	-0.00699389871396624
35.37	0.000171216538456072
35.375	0.00720855727049988
35.38	0.0140789564708038
35.385	0.0207162273930545
35.39	0.0267389511640295
35.395	0.03175652950712
35.4	0.0353925153072019
35.405	0.037495492742046
35.41	0.0379655992207177
35.415	0.0370884657912028
35.42	0.0353324771132966
35.425	0.0332800529007391
35.43	0.031200311986888
35.435	0.0293053999079541
35.44	0.0276475882934122
35.445	0.0262387249638522
35.45	0.0248436202428219
35.455	0.0232853325324245
35.46	0.0213936097616052
35.465	0.0190983464313459
35.47	0.0162921691862804
35.475	0.0130704694310264
35.48	0.00972618741266617
35.485	0.00677915494953549
35.49	0.00462972548207439
35.495	0.00353462474489822
35.5	0.00340216432130298
35.505	0.00384162796269183
35.51	0.00400227679407799
35.515	0.00309004580974344
35.52	0.000610388304704358
35.525	-0.00330171233382083
35.53	-0.0082232956000907
35.535	-0.0133129994633315
35.54	-0.0177112672020773
35.545	-0.020728386701448
35.55	-0.0223581154512089
35.555	-0.0229295895231767
35.56	-0.0229846219000969
35.565	-0.0229175374459782
35.57	-0.023089515194071
35.575	-0.0235517499074979
35.58	-0.0241853857782038
35.585	-0.0247666068300137
35.59	-0.02535423393172
35.595	-0.0261783143717407
35.6	-0.0275575310025542
35.605	-0.0296381323524466
35.61	-0.0324460543761394
35.615	-0.035743088887697
35.62	-0.0390548451354281
35.625	-0.0417159259459041
35.63	-0.0432891845212764
35.635	-0.0436452618290385
35.64	-0.04300735956753
35.645	-0.041781194453358
35.65	-0.0406109299627142
35.655	-0.0400760651535645
35.66	-0.0405157745204582
35.665	-0.0418832136919935
35.67	-0.0439406187242602
35.675	-0.0463530173653434
35.68	-0.0488610834733013
35.685	-0.0513616662033647
35.69	-0.0539935789691359
35.695	-0.0569929334220317
35.7	-0.0605184994565895
35.705	-0.0644915207356461
35.71	-0.0685534661406233
35.715	-0.0721636705541005
35.72	-0.0747975832404111
35.725	-0.0761848337020658
35.73	-0.0763604206947378
35.735	-0.075702331048592
35.74	-0.0747775705091094
35.745	-0.0741683365677808
35.75	-0.0742075279526527
35.755	-0.0749270126179512
35.76	-0.0761184235063288
35.765	-0.0775038987947623
35.77	-0.0788043454563821
35.775	-0.0798379399684571
35.78	-0.0805612498553244
35.785	-0.0810739473328877
35.79	-0.0815111105816255
35.795	-0.081995006767336
35.8	-0.0826325675450589
35.805	-0.0835322283525434
35.81	-0.0847104803564434
35.815	-0.0860363939417817
35.82	-0.0872254893788179
35.825	-0.0879004546122936
35.83	-0.0875813087897866
35.835	-0.0857995468626014
35.84	-0.0822823447472777
35.845	-0.0771202973699403
35.85	-0.070660475794497
35.855	-0.0634078776837144
35.86	-0.0559055648915287
35.865	-0.048640754318897
35.87	-0.041846622780281
35.875	-0.0354837535025642
35.88	-0.0293486704540637
35.885	-0.0232351712080458
35.89	-0.016997215469674
35.895	-0.0105489917061279
35.9	-0.00392249533514932
35.905	0.00273325509793523
35.91	0.00919455737894124
35.915	0.0153105003965478
35.92	0.0209433233073151
35.925	0.0259298188419224
35.93	0.0300750641122403
35.935	0.033304718429452
35.94	0.0355926426202197
35.945	0.03693572575027
35.95	0.0373567137396798
35.955	0.0370456657768149
35.96	0.0362530627531785
35.965	0.0352063010183878
35.97	0.0340946489653859
35.975	0.0331641911181665
35.98	0.0326107456562542
35.985	0.0325118761051691
35.99	0.032904606874873
35.995	0.0339185783198758
36	0.0356927062767286
36.005	0.0382706254563625
36.01	0.0416111823774329
36.015	0.0456233072683144
36.02	0.0500318282544556
36.025	0.0543399276751306
36.03	0.057922767106675
36.035	0.0603431791498572
36.04	0.0613990596338679
36.045	0.0611716196322624
36.05	0.0598907321404534
36.055	0.0579979092692609
36.06	0.0558655394289251
36.065	0.0536696167193366
36.07	0.0513089069060498
36.075	0.0487000453761592
36.08	0.0458891928749867
36.085	0.0431722500753486
36.09	0.0410051211312761
36.095	0.0399235012469528
36.1	0.040255609013535
36.105	0.0419240478329786
36.11	0.0444157116064687
36.115	0.0469648639356494
36.12	0.0488510771076505
36.125	0.0496785721427845
36.13	0.0495742106168241
36.135	0.0490540971513286
36.14	0.0488210580106978
36.145	0.049452562250771
36.15	0.0512779591091512
36.155	0.0541870950163717
36.16	0.0577867616338962
36.165	0.0615775110119303
36.17	0.0652344223839324
36.175	0.0685513892352524
36.18	0.0714554571130135
36.185	0.0738665497613454
36.19	0.075703714449207
36.195	0.0766906092910564
36.2	0.0764486335728082
36.205	0.0745769690534465
36.21	0.0709589783976742
36.215	0.0656912487747296
36.22	0.0591576337280683
36.225	0.0518843442578055
36.23	0.0446127200813937
36.235	0.0378758080190289
36.24	0.0319503255232954
36.245	0.0267543277646138
36.25	0.0221799783009107
36.255	0.0179575585859366
36.26	0.0139188546203896
36.265	0.0100324176919502
36.27	0.00664065992555467
36.275	0.00405377882991241
36.28	0.00246156595011922
36.285	0.00173902872443571
36.29	0.00166627981009046
36.295	0.00180697131191046
36.3	0.00178113308585862
36.305	0.00137061553434717
36.31	0.000795895097496217
36.315	0.000384530271242188
36.32	0.000440280088639209
36.325	0.00099067240774311
36.33	0.00194400105041487
36.335	0.00293561500063291
36.34	0.0036122979999717
36.345	0.00378979953598788
36.35	0.00371303911944545
36.355	0.00376475435633205
36.36	0.00434276269248675
36.365	0.00561203418736424
36.37	0.0075969967143772
36.375	0.0100010477878137
36.38	0.0124679316010103
36.385	0.0147077674798318
36.39	0.0168506200720545
36.395	0.0190793915491885
36.4	0.0215737243433213
36.405	0.0242534242813784
36.41	0.0270382675661248
36.415	0.0295460725481992
36.42	0.0313899690468455
36.425	0.0322776340783777
36.43	0.0324349754592775
36.435	0.0322232205298389
36.44	0.0320704019111061
36.445	0.0321993000577069
36.45	0.0327514382712415
36.455	0.0335617367786673
36.46	0.0343418469138583
36.465	0.0347888207423216
36.47	0.0348962355121497
36.475	0.0348258951871325
36.48	0.0348521715620538
36.485	0.0351729728034231
36.49	0.0358628250399461
36.495	0.036747711306587
36.5	0.0374638329969364
36.505	0.0375702762539602
36.51	0.0367205336238861
36.515	0.0347598645195313
36.52	0.0317802173072302
36.525	0.0280962162069682
36.53	0.0241606620847429
36.535	0.0204608152725164
36.54	0.0174210825982014
36.545	0.0153241033987274
36.55	0.0143200916767934
36.555	0.0144036391558961
36.56	0.0154598349306268
36.565	0.0173127317982584
36.57	0.0198051525363685
36.575	0.0228194187072551
36.58	0.0262967289305419
36.585	0.0301990916325142
36.59	0.0344849874051978
36.595	0.038993503642837
36.6	0.0434276269248675
36.605	0.0473735152514454
36.61	0.0504407841819692
36.615	0.052326750880234
36.62	0.0529636933901667
36.625	0.0525345161081792
36.63	0.0515006264631644
36.635	0.0503040115040043
36.64	0.0492213126367334
36.645	0.0481887283674801
36.65	0.0470056942109557
36.655	0.0452813463928192
36.66	0.0426871558667015
36.665	0.0390536371677457
36.67	0.0346104522779995
36.675	0.0296939819164586
36.68	0.0246456785981448
36.685	0.0196173514117877
36.69	0.0147552193897179
36.695	0.0100872781858323
36.7	0.00573364751796061
36.705	0.0019497583816455
36.71	-0.000724100450153274
36.715	-0.00183825955670261
36.72	-0.00121077024375783
36.725	0.000857919640821178
36.73	0.00372941808988477
36.735	0.00646362009225785
36.74	0.00819521346807983
36.745	0.00843462513424714
36.75	0.00728474097685072
36.755	0.00530749920622861
36.76	0.00329209429914318
36.765	0.0019194691243914
36.77	0.00149207117292811
36.775	0.00180554564843428
36.78	0.00229145773405407
36.785	0.00230982762196833
36.79	0.00150395367141994
36.795	-2.6059319376275e-05
36.8	-0.00165105033239704
36.805	-0.0024143495548678
36.81	-0.00129617267073416
36.815	0.0022498419018911
36.82	0.00808514344592003
36.825	0.0153360055183928
36.83	0.0227685507762639
36.835	0.0290376511292569
36.84	0.0332211339609585
36.845	0.0351122436955112
36.85	0.0352845832226933
36.855	0.034667942475785
36.86	0.0341717386977932
36.865	0.0343215143915198
36.87	0.0350736903960676
36.875	0.0358680432518092
36.88	0.0360129099775571
36.885	0.0351091310713881
36.89	0.0331802475756904
36.895	0.0306467793530703
36.9	0.0280878683820514
36.905	0.0259679302603188
36.91	0.0243030059057081
36.915	0.022721957400449
36.92	0.0206631450690902
36.925	0.0177131440545118
36.93	0.0137421013975142
36.935	0.00903393717489437
36.94	0.00414263537946892
36.945	-0.000312831996841738
36.95	-0.00395263551746279
36.955	-0.00668892164362129
36.96	-0.00866551265367171
36.965	-0.010083277494161
36.97	-0.0110556700985398
36.975	-0.0115308159042016
36.98	-0.0113372122824596
36.985	-0.0103218605706127
36.99	-0.00844638489944816
36.995	-0.00589368448622189
37	-0.00305194152352179
37.005	-0.000441854027487778
37.01	0.00141726650188045
37.015	0.00209921983453774
37.02	0.00134085299721941
37.025	-0.000929960452396171
37.03	-0.00457463356455372
37.035	-0.00928762949085869
37.04	-0.0146293065816028
37.045	-0.0201139909619647
37.05	-0.0252468091670501
37.055	-0.0297230782947502
37.06	-0.0334312676396272
37.065	-0.0364321193386943
37.07	-0.0388039789086633
37.075	-0.0406211780501875
37.08	-0.041816602055074
37.085	-0.0421884095305957
37.09	-0.0414462536736058
37.095	-0.0395049326661152
37.1	-0.0365932791853088
37.105	-0.0332976865228253
37.11	-0.0303547709687822
37.115	-0.0284783956467487
37.12	-0.0280178238224951
37.125	-0.028779270251704
37.13	-0.0299669731048281
37.135	-0.0305192573293115
37.14	-0.0294587404762235
37.145	-0.0262708377467738
37.15	-0.0210323643349219
37.155	-0.014415453001997
37.16	-0.00742472331296121
37.165	-0.00107095591512281
37.17	0.00394103497419148
37.175	0.00733526806171829
37.18	0.00920585639881983
37.185	0.009838611102283
37.19	0.00954924187262622
37.195	0.00858506952584295
37.2	0.0071045196121327
37.205	0.00522436370300618
37.21	0.00310811068532902
37.215	0.000982559241050528
37.22	-0.000900572908580201
37.225	-0.00235388060835133
37.23	-0.00329922666374223
37.235	-0.00381647572088605
37.24	-0.00410260991686536
37.245	-0.00437279161434226
37.25	-0.00481951424343461
37.255	-0.00547489605487491
37.26	-0.00621395306920339
37.265	-0.00675041414122412
37.27	-0.00689251327981601
37.275	-0.00646850510307848
37.28	-0.00545346927973566
37.285	-0.00389946798405214
37.29	-0.00214923248604513
37.295	-0.000459205855237128
37.3	0.00104066202769268
37.305	0.0024907323280979
37.31	0.00399425512719039
37.315	0.00575180596770505
37.32	0.00784499067029864
37.325	0.0102271517362003
37.33	0.012480446522548
37.335	0.0141861025075348
37.34	0.0150595803045911
37.345	0.0151955506071698
37.35	0.0147725693726803
37.355	0.0141793103274269
37.36	0.0137387400386735
37.365	0.0136044245452084
37.37	0.0135567573800184
37.375	0.0132655396093181
37.38	0.0124779379666612
37.385	0.0112246533269292
37.39	0.00979122047584272
37.395	0.00860229858715918
37.4	0.00798507978941112
37.405	0.00797315692741817
37.41	0.00823243234341677
37.415	0.00818473417735669
37.42	0.00726462146254695
37.425	0.00519186221343404
37.43	0.00200835312080193
37.435	-0.00194027789462434
37.44	-0.00622395943485428
37.445	-0.0105251486891641
37.45	-0.0148782437159451
37.455	-0.0195545682083401
37.46	-0.0248858313737662
37.465	-0.0309850307765915
37.47	-0.037624363808122
37.475	-0.0441565373299991
37.48	-0.0497016181879762
37.485	-0.0534465177862531
37.49	-0.0549967206367154
37.495	-0.0545596110909027
37.5	-0.0529536870245158
37.505	-0.0513717994801499
37.51	-0.0509892757833078
37.515	-0.0525274591790224
37.52	-0.0559555967197832
37.525	-0.0604382693479286
37.53	-0.0646354802740623
37.535	-0.0671504277169582
37.54	-0.0670126307640179
37.545	-0.063954293454155
37.55	-0.0585458535857577
37.555	-0.0518698437393838
37.56	-0.0450586645259627
37.565	-0.0388089458329441
37.57	-0.0333379824727636
37.575	-0.0284091106472197
37.58	-0.0236550483987066
37.585	-0.018883463824197
37.59	-0.0144009821122844
37.595	-0.0108980213387104
37.6	-0.00915582457056538
37.605	-0.00962667708764292
37.61	-0.0122507995077501
37.615	-0.0163714073675988
37.62	-0.0209433233073151
37.625	-0.0248542109131027
37.63	-0.0273056811076096
37.635	-0.0279710643767925
37.64	-0.0269771617948025
37.645	-0.0247252068398835
37.65	-0.0217128570256302
37.655	-0.0183479607031213
37.66	-0.0149094848198278
37.665	-0.0115661920928037
37.67	-0.00850256508482269
37.675	-0.00587015641981676
37.68	-0.00382243167864041
37.685	-0.00244831480187295
37.69	-0.00190850849605949
37.695	-0.00223306418281238
37.7	-0.00342217705260476
37.705	-0.00544196607820234
37.71	-0.00840390775695666
37.715	-0.0123311553026784
37.72	-0.0171909361882309
37.725	-0.0228377370148019
37.73	-0.029054573687605
37.735	-0.0354023141573002
37.74	-0.0413463028694821
37.745	-0.0463642857621112
37.75	-0.0500676134155024
37.755	-0.0521433708756603
37.76	-0.0524933942045748
37.765	-0.0513035035398586
37.77	-0.0489451521424654
37.775	-0.0458546826036402
37.78	-0.0424770221880328
37.785	-0.0392251038435134
37.79	-0.0363186634198765
37.795	-0.0337739615240329
37.8	-0.0314400008750999
37.805	-0.0291164170532446
37.81	-0.0265299782537818
37.815	-0.02348792604043
37.82	-0.019942686742226
37.825	-0.0160767691015263
37.83	-0.0121223152964514
37.835	-0.00836528827052535
37.84	-0.00509324011630358
37.845	-0.0026160215301057
37.85	-0.00112518109916183
37.855	-0.00072571263866578
37.86	-0.00145092301937921
37.865	-0.00330184623702383
37.87	-0.00607889186352112
37.875	-0.009392978838554
37.88	-0.0126580525483773
37.885	-0.0151949153585448
37.89	-0.0162607317109192
37.895	-0.0152823647543453
37.9	-0.0120076387810693
37.905	-0.0066253732784255
37.91	0.000336214347797568
37.915	0.008096411046821
37.92	0.0158300704597098
37.925	0.0228485595736081
37.93	0.0287936001663728
37.935	0.0336616669309879
37.94	0.0376939794069069
37.945	0.0411930497081702
37.95	0.0442851916995049
37.955	0.0469023067478983
37.96	0.0487310007198398
37.965	0.0493611251306341
37.97	0.04842915627813
37.975	0.046010442388312
37.98	0.0426671431353997
37.985	0.0393878480196341
37.99	0.0372216670245905
37.995	0.0370616988797467
38	0.0392549724484459
38.005	0.0434715104223351
38.01	0.04866896206627
38.015	0.0535652519158839
38.02	0.0570262778444285
38.025	0.0584844192459998
38.03	0.0579313209230691
38.035	0.0559618936945442
38.04	0.0534239862101077
38.045	0.0510943411263304
38.05	0.0492501486058487
38.055	0.047712009901453
38.06	0.0459792501658447
38.065	0.0435842002459255
38.07	0.0402320020232839
38.075	0.0360788704623046
38.08	0.0316901600163722
38.085	0.0279090548043995
38.09	0.0253648343443528
38.095	0.024364227142391
38.1	0.024725729523352
38.105	0.0259043081418729
38.11	0.0270147362745827
38.115	0.0272835981293178
38.12	0.0262767161992401
38.125	0.0240757219377759
38.13	0.0211040048046181
38.135	0.0179757354994713
38.14	0.0152396948863072
38.145	0.0131903216716754
38.15	0.0117890403568173
38.155	0.0106771487470639
38.16	0.00940598371183766
38.165	0.00763811031665501
38.17	0.00532117906481521
38.175	0.00253988718949365
38.18	-0.000540343745148121
38.185	-0.00382242021681133
38.19	-0.00727178555223014
38.195	-0.0110317890939997
38.2	-0.0152497012519581
38.205	-0.0199575569059417
38.21	-0.0248599095015383
38.215	-0.0295235676025392
38.22	-0.0334612867365799
38.225	-0.0363516879869935
38.23	-0.0380450171033353
38.235	-0.0388039874284933
38.24	-0.0391248896949843
38.245	-0.0395650333464421
38.25	-0.0404295343640829
38.255	-0.0418269504918993
38.26	-0.0435877287752817
38.265	-0.0453713790354855
38.27	-0.0467537612917757
38.275	-0.0475245289385533
38.28	-0.0477103514234489
38.285	-0.0475388673682473
38.29	-0.0473098113502237
38.295	-0.0472999496732225
38.3	-0.0475802686699873
38.305	-0.0479310353075902
38.31	-0.0478963574257563
38.315	-0.0469743578879445
38.32	-0.0447884926533887
38.325	-0.0412470525365496
38.33	-0.0366029846429797
38.335	-0.0314492044669583
38.34	-0.0265068626092106
38.345	-0.0223584879786397
38.35	-0.0193027936996237
38.355	-0.0172451442455249
38.36	-0.0157300068032008
38.365	-0.0140620711455638
38.37	-0.0116758542207955
38.375	-0.00829392929967816
38.38	-0.0040525780886109
38.385	0.0005818716852796
38.39	0.00483042803968783
38.395	0.0079461561743492
38.4	0.00943600280879033
38.405	0.00926699298427188
38.41	0.00771183224730488
38.415	0.00535461493579928
38.42	0.00284180784485308
38.425	0.000715394974433082
38.43	-0.000853606849891034
38.435	-0.00192372683596272
38.44	-0.00275175055399506
38.445	-0.00363861018801921
38.45	-0.00488618076755887
38.455	-0.00659257112459994
38.46	-0.00870553811627528
38.465	-0.0110825340769897
38.47	-0.0135608222522231
38.475	-0.015907167408339
38.48	-0.0178913817837933
38.485	-0.0193255531929511
38.49	-0.0200764275880201
38.495	-0.0200214619676498
38.5	-0.0191621902214565
38.505	-0.0177069690763604
38.51	-0.0160849809877478
38.515	-0.0148143998309833
38.52	-0.0144491919998868
38.525	-0.0154649070824435
38.53	-0.0180897678163661
38.535	-0.0221441313804073
38.54	-0.0270972381826132
38.545	-0.0322393852101637
38.55	-0.0367966425745705
38.555	-0.040163420054989
38.56	-0.0420867739276481
38.565	-0.0427650488153999
38.57	-0.0426142168841438
38.575	-0.0421088387419041
38.58	-0.0415564365481508
38.585	-0.0410198749776065
38.59	-0.0401756375629479
38.595	-0.0385720657311361
38.6	-0.0358528081271429
38.605	-0.0320149104801939
38.61	-0.0272907918903671
38.615	-0.022163908467791
38.62	-0.0171108852630238
38.625	-0.0124178723741608
38.63	-0.0079851285613012
38.635	-0.00346968788620075
38.64	0.00152096757893545
38.645	0.00716698205873059
38.65	0.0133372575947459
38.655	0.0195626166712117
38.66	0.0251960287089438
38.665	0.029620052677671
38.67	0.032516534402638
38.675	0.0339296632585357
38.68	0.0342117641603967
38.685	0.0338410160716277
38.69	0.0333089574675275
38.695	0.0329838982030088
38.7	0.0330510257448934
38.705	0.033495017259796
38.71	0.0342762482339854
38.715	0.0353571958167066
38.72	0.0367133555731195
38.725	0.0382567240308169
38.73	0.0399389371839696
38.735	0.0416689301174745
38.74	0.0433175569027077
38.745	0.0447061423057921
38.75	0.0457213584749179
38.755	0.0463492485250077
38.76	0.0466596830301053
38.765	0.0467579141637107
38.77	0.0467441440208287
38.775	0.0467250652486954
38.78	0.0467097148583598
38.785	0.0465782515031604
38.79	0.0460215360244696
38.795	0.044736095287556
38.8	0.0424770221880328
38.805	0.0391868218154979
38.81	0.0349677563404486
38.815	0.03022584105663
38.82	0.025546251506725
38.825	0.0215697743935287
38.83	0.0187673834158009
38.835	0.0173960107943007
38.84	0.0174210825982014
38.845	0.0185660779903979
38.85	0.0203604255438799
38.855	0.0223179625770617
38.86	0.024075315756044
38.865	0.0254881789613246
38.87	0.0266911374663744
38.875	0.0279730377632675
38.88	0.029688886886194
38.885	0.0320986872552859
38.89	0.0353013798886422
38.895	0.0390555348541779
38.9	0.0428572640827667
38.905	0.0460632131916506
38.91	0.048145398488668
38.915	0.0487677264317536
38.92	0.0479404978334194
38.925	0.0460170632315598
38.93	0.0435912272063414
38.935	0.041203756104781
38.94	0.0391849278888896
38.945	0.0375441828818448
38.95	0.0359822650068413
38.955	0.033928204241217
38.96	0.0308095998390938
38.965	0.0262862660646312
38.97	0.0204963757601222
38.975	0.0139459021934057
38.98	0.007444736044263
38.985	0.00183608916273698
38.99	-0.00214875478174559
38.995	-0.00430196442556365
39	-0.00495315099719111
39.005	-0.00490307446133159
39.01	-0.00497646051458857
39.015	-0.00588815351302253
39.02	-0.00790502886420399
39.025	-0.0107835610883728
39.03	-0.0137419522508023
39.035	-0.0158971724761099
39.04	-0.0165705415178757
39.045	-0.0155857482461821
39.05	-0.013221333439899
39.055	-0.010179277618327
39.06	-0.00726462146254695
39.065	-0.00512257914855169
39.07	-0.00391669854015775
39.075	-0.003465119502937
39.08	-0.00337214522435031
39.085	-0.00332856388264439
39.09	-0.00316839457608918
39.095	-0.00310779159169507
39.1	-0.0036022916343208
39.105	-0.00519018478912465
39.11	-0.00803971698291765
39.115	-0.0120077621570011
39.12	-0.0165505287865739
39.125	-0.0209283474456128
39.13	-0.0241851537044301
39.135	-0.0256572053862572
39.14	-0.0250659459554823
39.145	-0.0226254178379552
39.15	-0.0187369477020994
39.155	-0.0140287228323875
39.16	-0.00908578001100914
39.165	-0.0043448383256667
39.17	0.000110408414297765
39.175	0.00432458654673915
39.18	0.00839534078109765
39.185	0.0123334548789267
39.19	0.0160358682831652
39.195	0.0192638837779594
39.2	0.0217538389250373
39.205	0.0233587013461598
39.21	0.024064118670338
39.215	0.0240453208688884
39.22	0.0235850038391504
39.225	0.0230165967120171
39.23	0.0224957155222091
39.235	0.0220877980122145
39.24	0.02178385802199
39.245	0.0216303151141339
39.25	0.0215937208728866
39.255	0.0217153490830165
39.26	0.0220340171632623
39.265	0.0225875602471275
39.27	0.02328823841033
39.275	0.0240585892267489
39.28	0.0248758250081153
39.285	0.025855705146845
39.29	0.0271282655173255
39.295	0.0288412914099065
39.3	0.0310397462490643
39.305	0.0336166157800452
39.31	0.0362320651883224
39.315	0.0384477400151158
39.32	0.0398453480218484
39.325	0.0401783497847104
39.33	0.0393853443384652
39.335	0.0376535996660686
39.34	0.0353024580163439
39.345	0.032668538289347
39.35	0.0299245276455047
39.355	0.0271115107314746
39.36	0.0241153412186476
39.365	0.0207322382803426
39.37	0.0167770641426944
39.375	0.0121861841019595
39.38	0.00704448141822735
39.385	0.00152586955790354
39.39	-0.004104920796115
39.395	-0.00965831452486908
39.4	-0.0150595803045911
39.405	-0.0203778063029372
39.41	-0.0256077192302076
39.415	-0.0306800615163026
39.42	-0.0353324771132966
39.425	-0.0391434345834925
39.43	-0.0415455042753333
39.435	-0.0421454012262346
39.44	-0.0408860100495411
39.445	-0.0381688212903091
39.45	-0.0347096766226823
39.455	-0.0314172615186218
39.46	-0.0290584858501878
39.465	-0.0280093644765517
39.47	-0.0280741271908604
39.475	-0.0286502823032639
39.48	-0.0289384094623771
39.485	-0.028244151897548
39.49	-0.0262097817015935
39.495	-0.0229669785313571
39.5	-0.019022101102344
39.505	-0.015031991640504
39.51	-0.0115498260000739
39.515	-0.00890723456942034
39.52	-0.00711452597778359
39.525	-0.00590992200067052
39.53	-0.00487224583116657
39.535	-0.00366312899275129
39.54	-0.00208132405538535
39.545	-7.9867211775847e-05
39.55	0.00229724402450575
39.555	0.00490211692683391
39.56	0.00759483152902636
39.565	0.0102953706359426
39.57	0.012991061587139
39.575	0.0156466076193514
39.58	0.0181815663876692
39.585	0.0204562915452066
39.59	0.0222359070850812
39.595	0.0232474454883095
39.6	0.0232648001383219
39.605	0.0222380643440805
39.61	0.0202487448313436
39.615	0.0176195804686964
39.62	0.0148194275289698
39.625	0.01239277783536
39.63	0.0106209556758398
39.635	0.0095957269070581
39.64	0.00911579910796181
39.645	0.00879909302299709
39.65	0.00803726126624054
39.655	0.00638767720314287
39.66	0.00366232982822615
39.665	3.30600276345067e-05
39.67	-0.00414419597870969
39.675	-0.00831822606557491
39.68	-0.0119676133184658
39.685	-0.0147288248720643
39.69	-0.0165738279025437
39.695	-0.0176605060570347
39.7	-0.0182716236785272
39.705	-0.0186785153611643
39.71	-0.019055138927333
39.715	-0.0193860384077102
39.72	-0.0195324257505395
39.725	-0.0193350048656543
39.73	-0.0187158616844154
39.735	-0.0177212484681935
39.74	-0.0165205096896212
39.745	-0.0153448231172991
39.75	-0.0144076891528504
39.755	-0.013835270318242
39.76	-0.0136486827478155
39.765	-0.0138055772949618
39.77	-0.0141991724295178
39.775	-0.014762765575087
39.78	-0.0154898540275795
39.785	-0.0164589997452898
39.79	-0.0177316962455011
39.795	-0.0193882600305599
39.8	-0.0214436415898597
39.805	-0.0238160063944779
39.81	-0.0262585144948428
39.815	-0.028463423172255
39.82	-0.0300891415122296
39.825	-0.0308490986566471
39.83	-0.0305650414644021
39.835	-0.0292808593544079
39.84	-0.0272473336673765
39.845	-0.0248584421987936
39.85	-0.0225054888680204
39.855	-0.0204672530649953
39.86	-0.0187919546923735
39.865	-0.0172751486054886
39.87	-0.0155301316808749
39.875	-0.0131603183688419
39.88	-0.00993632109133488
39.885	-0.00592124400140785
39.89	-0.00152597002768105
39.895	0.00262557556486768
39.9	0.0058637302714222
39.905	0.0076915631507978
39.91	0.00790443185442695
39.915	0.00671229234316042
39.92	0.00465296002766437
39.925	0.00244561356524557
39.93	0.000753814192806925
39.935	8.52681177428712e-05
39.94	0.000660420132958814
39.945	0.00239298688582379
39.95	0.00489712850544038
39.955	0.00764134572444481
39.96	0.0100463911134947
39.965	0.0116128914600071
39.97	0.0119953634326297
39.975	0.0111206952217489
39.98	0.00918584366751805
39.985	0.00661542014999335
39.99	0.00391733950412172
39.995	0.00159617444780752
